Accession,Title,Sample Type,Taxonomy,Channels,Platform,Series,Supplementary Types,Supplementary Links,SRA Accession,Contact,Release Date
GSM7759762,"rna-seq_blood_male_reference_1_vial_80006883006","SRA","Rattus norvegicus",1,GPL25947,GSE242354;GSE242358,"SRA Run Selector","https://www.ncbi.nlm.nih.gov/Traces/study/?acc=SRX20997411",SRX20997411,"Euan Ashley","Sep 30, 2023"
GSM7759763,"rna-seq_blood_female_reference_1_vial_80007993006","SRA","Rattus norvegicus",1,GPL25947,GSE242354;GSE242358,"SRA Run Selector","https://www.ncbi.nlm.nih.gov/Traces/study/?acc=SRX20997412",SRX20997412,"Euan Ashley","Sep 30, 2023"
GSM7759764,"rna-seq_hippoc_male_reference_2_vial_80034885205","SRA","Rattus norvegicus",1,GPL25947,GSE242354;GSE242358,"SRA Run Selector","https://www.ncbi.nlm.nih.gov/Traces/study/?acc=SRX20997420",SRX20997420,"Euan Ashley","Sep 30, 2023"
GSM7759765,"rna-seq_hippoc_male_reference_2_vial_80034885206","SRA","Rattus norvegicus",1,GPL25947,GSE242354;GSE242358,"SRA Run Selector","https://www.ncbi.nlm.nih.gov/Traces/study/?acc=SRX20997309",SRX20997309,"Euan Ashley","Sep 30, 2023"
GSM7759766,"rna-seq_hippoc_male_reference_2_vial_80034885207","SRA","Rattus norvegicus",1,GPL25947,GSE242354;GSE242358,"SRA Run Selector","https://www.ncbi.nlm.nih.gov/Traces/study/?acc=SRX20997325",SRX20997325,"Euan Ashley","Sep 30, 2023"
GSM7759767,"rna-seq_hippoc_female_reference_2_vial_80035995205","SRA","Rattus norvegicus",1,GPL25947,GSE242354;GSE242358,"SRA Run Selector","https://www.ncbi.nlm.nih.gov/Traces/study/?acc=SRX20997006",SRX20997006,"Euan Ashley","Sep 30, 2023"
GSM7759768,"rna-seq_hippoc_female_reference_2_vial_80035995206","SRA","Rattus norvegicus",1,GPL25947,GSE242354;GSE242358,"SRA Run Selector","https://www.ncbi.nlm.nih.gov/Traces/study/?acc=SRX20997759",SRX20997759,"Euan Ashley","Sep 30, 2023"
GSM7759769,"rna-seq_hippoc_female_reference_2_vial_80035995207","SRA","Rattus norvegicus",1,GPL25947,GSE242354;GSE242358,"SRA Run Selector","https://www.ncbi.nlm.nih.gov/Traces/study/?acc=SRX20997796",SRX20997796,"Euan Ashley","Sep 30, 2023"
GSM7759770,"rna-seq_skm-gn_male_reference_3_vial_80000885510","SRA","Rattus norvegicus",1,GPL25947,GSE242354;GSE242358,"SRA Run Selector","https://www.ncbi.nlm.nih.gov/Traces/study/?acc=SRX20997653",SRX20997653,"Euan Ashley","Sep 30, 2023"
GSM7759771,"rna-seq_skm-gn_male_reference_3_vial_80000885532","SRA","Rattus norvegicus",1,GPL25947,GSE242354;GSE242358,"SRA Run Selector","https://www.ncbi.nlm.nih.gov/Traces/study/?acc=SRX20997282",SRX20997282,"Euan Ashley","Sep 30, 2023"
GSM7759772,"rna-seq_skm-gn_male_reference_3_vial_80000885533","SRA","Rattus norvegicus",1,GPL25947,GSE242354;GSE242358,"SRA Run Selector","https://www.ncbi.nlm.nih.gov/Traces/study/?acc=SRX20997413",SRX20997413,"Euan Ashley","Sep 30, 2023"
GSM7759773,"rna-seq_skm-gn_male_reference_3_vial_80000885537","SRA","Rattus norvegicus",1,GPL25947,GSE242354;GSE242358,"SRA Run Selector","https://www.ncbi.nlm.nih.gov/Traces/study/?acc=SRX20997495",SRX20997495,"Euan Ashley","Sep 30, 2023"
GSM7759774,"rna-seq_skm-gn_male_reference_3_vial_80000885540","SRA","Rattus norvegicus",1,GPL25947,GSE242354;GSE242358,"SRA Run Selector","https://www.ncbi.nlm.nih.gov/Traces/study/?acc=SRX20997506",SRX20997506,"Euan Ashley","Sep 30, 2023"
GSM7759775,"rna-seq_skm-gn_male_reference_3_vial_80000885541","SRA","Rattus norvegicus",1,GPL25947,GSE242354;GSE242358,"SRA Run Selector","https://www.ncbi.nlm.nih.gov/Traces/study/?acc=SRX20997102",SRX20997102,"Euan Ashley","Sep 30, 2023"
GSM7759776,"rna-seq_skm-gn_female_reference_3_vial_80001995510","SRA","Rattus norvegicus",1,GPL25947,GSE242354;GSE242358,"SRA Run Selector","https://www.ncbi.nlm.nih.gov/Traces/study/?acc=SRX20997111",SRX20997111,"Euan Ashley","Sep 30, 2023"
GSM7759777,"rna-seq_skm-gn_female_reference_3_vial_80001995528","SRA","Rattus norvegicus",1,GPL25947,GSE242354;GSE242358,"SRA Run Selector","https://www.ncbi.nlm.nih.gov/Traces/study/?acc=SRX20997117",SRX20997117,"Euan Ashley","Sep 30, 2023"
GSM7759778,"rna-seq_skm-gn_female_reference_3_vial_80001995532","SRA","Rattus norvegicus",1,GPL25947,GSE242354;GSE242358,"SRA Run Selector","https://www.ncbi.nlm.nih.gov/Traces/study/?acc=SRX20997696",SRX20997696,"Euan Ashley","Sep 30, 2023"
GSM7759779,"rna-seq_skm-gn_female_reference_3_vial_80001995533","SRA","Rattus norvegicus",1,GPL25947,GSE242354;GSE242358,"SRA Run Selector","https://www.ncbi.nlm.nih.gov/Traces/study/?acc=SRX20997405",SRX20997405,"Euan Ashley","Sep 30, 2023"
GSM7759780,"rna-seq_skm-gn_female_reference_3_vial_80001995540","SRA","Rattus norvegicus",1,GPL25947,GSE242354;GSE242358,"SRA Run Selector","https://www.ncbi.nlm.nih.gov/Traces/study/?acc=SRX20997148",SRX20997148,"Euan Ashley","Sep 30, 2023"
GSM7759781,"rna-seq_skm-gn_female_reference_3_vial_80001995542","SRA","Rattus norvegicus",1,GPL25947,GSE242354;GSE242358,"SRA Run Selector","https://www.ncbi.nlm.nih.gov/Traces/study/?acc=SRX20997707",SRX20997707,"Euan Ashley","Sep 30, 2023"
GSM7759782,"rna-seq_heart_male_reference_4_vial_80032885819","SRA","Rattus norvegicus",1,GPL25947,GSE242354;GSE242358,"SRA Run Selector","https://www.ncbi.nlm.nih.gov/Traces/study/?acc=SRX20997151",SRX20997151,"Euan Ashley","Sep 30, 2023"
GSM7759783,"rna-seq_heart_female_reference_4_vial_80033995819","SRA","Rattus norvegicus",1,GPL25947,GSE242354;GSE242358,"SRA Run Selector","https://www.ncbi.nlm.nih.gov/Traces/study/?acc=SRX20997162",SRX20997162,"Euan Ashley","Sep 30, 2023"
GSM7759784,"rna-seq_adrnl_male_reference_6_vial_80040886026","SRA","Rattus norvegicus",1,GPL25947,GSE242354;GSE242358,"SRA Run Selector","https://www.ncbi.nlm.nih.gov/Traces/study/?acc=SRX20997835",SRX20997835,"Euan Ashley","Sep 30, 2023"
GSM7759785,"rna-seq_adrnl_female_reference_6_vial_80041996024","SRA","Rattus norvegicus",1,GPL25947,GSE242354;GSE242358,"SRA Run Selector","https://www.ncbi.nlm.nih.gov/Traces/study/?acc=SRX20997182",SRX20997182,"Euan Ashley","Sep 30, 2023"
GSM7759786,"rna-seq_lung_male_reference_7_vial_80026886619","SRA","Rattus norvegicus",1,GPL25947,GSE242354;GSE242358,"SRA Run Selector","https://www.ncbi.nlm.nih.gov/Traces/study/?acc=SRX20997191",SRX20997191,"Euan Ashley","Sep 30, 2023"
GSM7759787,"rna-seq_lung_female_reference_7_vial_80027996619","SRA","Rattus norvegicus",1,GPL25947,GSE242354;GSE242358,"SRA Run Selector","https://www.ncbi.nlm.nih.gov/Traces/study/?acc=SRX20997846",SRX20997846,"Euan Ashley","Sep 30, 2023"
GSM7759788,"rna-seq_liver_male_reference_8_vial_80002886808","SRA","Rattus norvegicus",1,GPL25947,GSE242354;GSE242358,"SRA Run Selector","https://www.ncbi.nlm.nih.gov/Traces/study/?acc=SRX20997439",SRX20997439,"Euan Ashley","Sep 30, 2023"
GSM7759789,"rna-seq_liver_male_reference_8_vial_80002886809","SRA","Rattus norvegicus",1,GPL25947,GSE242354;GSE242358,"SRA Run Selector","https://www.ncbi.nlm.nih.gov/Traces/study/?acc=SRX20997196",SRX20997196,"Euan Ashley","Sep 30, 2023"
GSM7759790,"rna-seq_liver_female_reference_8_vial_80003996808","SRA","Rattus norvegicus",1,GPL25947,GSE242354;GSE242358,"SRA Run Selector","https://www.ncbi.nlm.nih.gov/Traces/study/?acc=SRX20997440",SRX20997440,"Euan Ashley","Sep 30, 2023"
GSM7759791,"rna-seq_liver_female_reference_8_vial_80003996809","SRA","Rattus norvegicus",1,GPL25947,GSE242354;GSE242358,"SRA Run Selector","https://www.ncbi.nlm.nih.gov/Traces/study/?acc=SRX20997451",SRX20997451,"Euan Ashley","Sep 30, 2023"
GSM7759792,"rna-seq_bat_male_reference_9_vial_80030886905","SRA","Rattus norvegicus",1,GPL25947,GSE242354;GSE242358,"SRA Run Selector","https://www.ncbi.nlm.nih.gov/Traces/study/?acc=SRX20997310",SRX20997310,"Euan Ashley","Sep 30, 2023"
GSM7759793,"rna-seq_bat_female_reference_9_vial_80031996905","SRA","Rattus norvegicus",1,GPL25947,GSE242354;GSE242358,"SRA Run Selector","https://www.ncbi.nlm.nih.gov/Traces/study/?acc=SRX20997321",SRX20997321,"Euan Ashley","Sep 30, 2023"
GSM7759794,"rna-seq_wat_male_reference_10_vial_80004887012","SRA","Rattus norvegicus",1,GPL25947,GSE242354;GSE242358,"SRA Run Selector","https://www.ncbi.nlm.nih.gov/Traces/study/?acc=SRX20997231",SRX20997231,"Euan Ashley","Sep 30, 2023"
GSM7759795,"rna-seq_wat_female_reference_10_vial_80005997012","SRA","Rattus norvegicus",1,GPL25947,GSE242354;GSE242358,"SRA Run Selector","https://www.ncbi.nlm.nih.gov/Traces/study/?acc=SRX20997223",SRX20997223,"Euan Ashley","Sep 30, 2023"
GSM7759796,"rna-seq_kidney_male_reference_5_vial_80028885909","SRA","Rattus norvegicus",1,GPL25947,GSE242354;GSE242358,"SRA Run Selector","https://www.ncbi.nlm.nih.gov/Traces/study/?acc=SRX20997424",SRX20997424,"Euan Ashley","Sep 30, 2023"
GSM7759797,"rna-seq_kidney_female_reference_5_vial_80029995909","SRA","Rattus norvegicus",1,GPL25947,GSE242354;GSE242358,"SRA Run Selector","https://www.ncbi.nlm.nih.gov/Traces/study/?acc=SRX20997435",SRX20997435,"Euan Ashley","Sep 30, 2023"
GSM7759798,"rna-seq_blood_control_male_8w_biological_rep1_vial_90217013001","SRA","Rattus norvegicus",1,GPL25947,GSE242354;GSE242358,"SRA Run Selector","https://www.ncbi.nlm.nih.gov/Traces/study/?acc=SRX20997823",SRX20997823,"Euan Ashley","Sep 30, 2023"
GSM7759799,"rna-seq_blood_training_male_8w_biological_rep1_vial_90218013001","SRA","Rattus norvegicus",1,GPL25947,GSE242354;GSE242358,"SRA Run Selector","https://www.ncbi.nlm.nih.gov/Traces/study/?acc=SRX20997812",SRX20997812,"Euan Ashley","Sep 30, 2023"
GSM7759800,"rna-seq_blood_training_male_8w_biological_rep2_vial_90222013002","SRA","Rattus norvegicus",1,GPL25947,GSE242354;GSE242358,"SRA Run Selector","https://www.ncbi.nlm.nih.gov/Traces/study/?acc=SRX20997826",SRX20997826,"Euan Ashley","Sep 30, 2023"
GSM7759801,"rna-seq_blood_training_male_8w_biological_rep3_vial_90223013002","SRA","Rattus norvegicus",1,GPL25947,GSE242354;GSE242358,"SRA Run Selector","https://www.ncbi.nlm.nih.gov/Traces/study/?acc=SRX20997468",SRX20997468,"Euan Ashley","Sep 30, 2023"
GSM7759802,"rna-seq_blood_training_male_8w_biological_rep4_vial_90225013001","SRA","Rattus norvegicus",1,GPL25947,GSE242354;GSE242358,"SRA Run Selector","https://www.ncbi.nlm.nih.gov/Traces/study/?acc=SRX20997479",SRX20997479,"Euan Ashley","Sep 30, 2023"
GSM7759803,"rna-seq_blood_training_male_8w_biological_rep5_vial_90227013002","SRA","Rattus norvegicus",1,GPL25947,GSE242354;GSE242358,"SRA Run Selector","https://www.ncbi.nlm.nih.gov/Traces/study/?acc=SRX20997385",SRX20997385,"Euan Ashley","Sep 30, 2023"
GSM7759804,"rna-seq_blood_control_male_8w_biological_rep2_vial_90229013002","SRA","Rattus norvegicus",1,GPL25947,GSE242354;GSE242358,"SRA Run Selector","https://www.ncbi.nlm.nih.gov/Traces/study/?acc=SRX20997397",SRX20997397,"Euan Ashley","Sep 30, 2023"
GSM7759805,"rna-seq_blood_control_male_8w_biological_rep3_vial_90232013002","SRA","Rattus norvegicus",1,GPL25947,GSE242354;GSE242358,"SRA Run Selector","https://www.ncbi.nlm.nih.gov/Traces/study/?acc=SRX20996978",SRX20996978,"Euan Ashley","Sep 30, 2023"
GSM7759806,"rna-seq_blood_control_male_8w_biological_rep4_vial_90237013002","SRA","Rattus norvegicus",1,GPL25947,GSE242354;GSE242358,"SRA Run Selector","https://www.ncbi.nlm.nih.gov/Traces/study/?acc=SRX20996988",SRX20996988,"Euan Ashley","Sep 30, 2023"
GSM7759807,"rna-seq_blood_control_male_8w_biological_rep5_vial_90239013002","SRA","Rattus norvegicus",1,GPL25947,GSE242354;GSE242358,"SRA Run Selector","https://www.ncbi.nlm.nih.gov/Traces/study/?acc=SRX20997510",SRX20997510,"Euan Ashley","Sep 30, 2023"
GSM7759808,"rna-seq_blood_control_female_8w_biological_rep1_vial_90245013002","SRA","Rattus norvegicus",1,GPL25947,GSE242354;GSE242358,"SRA Run Selector","https://www.ncbi.nlm.nih.gov/Traces/study/?acc=SRX20997521",SRX20997521,"Euan Ashley","Sep 30, 2023"
GSM7759809,"rna-seq_blood_control_female_8w_biological_rep2_vial_90248013001","SRA","Rattus norvegicus",1,GPL25947,GSE242354;GSE242358,"SRA Run Selector","https://www.ncbi.nlm.nih.gov/Traces/study/?acc=SRX20997532",SRX20997532,"Euan Ashley","Sep 30, 2023"
GSM7759810,"rna-seq_blood_training_female_8w_biological_rep1_vial_90251013001","SRA","Rattus norvegicus",1,GPL25947,GSE242354;GSE242358,"SRA Run Selector","https://www.ncbi.nlm.nih.gov/Traces/study/?acc=SRX20997861",SRX20997861,"Euan Ashley","Sep 30, 2023"
GSM7759811,"rna-seq_blood_control_female_8w_biological_rep3_vial_90252013001","SRA","Rattus norvegicus",1,GPL25947,GSE242354;GSE242358,"SRA Run Selector","https://www.ncbi.nlm.nih.gov/Traces/study/?acc=SRX20997872",SRX20997872,"Euan Ashley","Sep 30, 2023"
GSM7759812,"rna-seq_blood_training_female_8w_biological_rep2_vial_90254013002","SRA","Rattus norvegicus",1,GPL25947,GSE242354;GSE242358,"SRA Run Selector","https://www.ncbi.nlm.nih.gov/Traces/study/?acc=SRX20997007",SRX20997007,"Euan Ashley","Sep 30, 2023"
GSM7759813,"rna-seq_blood_training_female_8w_biological_rep3_vial_90258013001","SRA","Rattus norvegicus",1,GPL25947,GSE242354;GSE242358,"SRA Run Selector","https://www.ncbi.nlm.nih.gov/Traces/study/?acc=SRX20997018",SRX20997018,"Euan Ashley","Sep 30, 2023"
GSM7759814,"rna-seq_blood_training_female_8w_biological_rep4_vial_90259013002","SRA","Rattus norvegicus",1,GPL25947,GSE242354;GSE242358,"SRA Run Selector","https://www.ncbi.nlm.nih.gov/Traces/study/?acc=SRX20997886",SRX20997886,"Euan Ashley","Sep 30, 2023"
GSM7759815,"rna-seq_blood_control_female_8w_biological_rep4_vial_90265013001","SRA","Rattus norvegicus",1,GPL25947,GSE242354;GSE242358,"SRA Run Selector","https://www.ncbi.nlm.nih.gov/Traces/study/?acc=SRX20997897",SRX20997897,"Euan Ashley","Sep 30, 2023"
GSM7759816,"rna-seq_blood_control_female_8w_biological_rep5_vial_90266013002","SRA","Rattus norvegicus",1,GPL25947,GSE242354;GSE242358,"SRA Run Selector","https://www.ncbi.nlm.nih.gov/Traces/study/?acc=SRX20997739",SRX20997739,"Euan Ashley","Sep 30, 2023"
GSM7759817,"rna-seq_blood_training_female_8w_biological_rep5_vial_90267013002","SRA","Rattus norvegicus",1,GPL25947,GSE242354;GSE242358,"SRA Run Selector","https://www.ncbi.nlm.nih.gov/Traces/study/?acc=SRX20997750",SRX20997750,"Euan Ashley","Sep 30, 2023"
GSM7759818,"rna-seq_blood_training_male_4w_biological_rep1_vial_90280013001","SRA","Rattus norvegicus",1,GPL25947,GSE242354;GSE242358,"SRA Run Selector","https://www.ncbi.nlm.nih.gov/Traces/study/?acc=SRX20997905",SRX20997905,"Euan Ashley","Sep 30, 2023"
GSM7759819,"rna-seq_blood_training_male_4w_biological_rep2_vial_90281013001","SRA","Rattus norvegicus",1,GPL25947,GSE242354;GSE242358,"SRA Run Selector","https://www.ncbi.nlm.nih.gov/Traces/study/?acc=SRX20997637",SRX20997637,"Euan Ashley","Sep 30, 2023"
GSM7759820,"rna-seq_blood_training_male_4w_biological_rep3_vial_90283013001","SRA","Rattus norvegicus",1,GPL25947,GSE242354;GSE242358,"SRA Run Selector","https://www.ncbi.nlm.nih.gov/Traces/study/?acc=SRX20997046",SRX20997046,"Euan Ashley","Sep 30, 2023"
GSM7759821,"rna-seq_blood_training_male_4w_biological_rep4_vial_90289013001","SRA","Rattus norvegicus",1,GPL25947,GSE242354;GSE242358,"SRA Run Selector","https://www.ncbi.nlm.nih.gov/Traces/study/?acc=SRX20997056",SRX20997056,"Euan Ashley","Sep 30, 2023"
GSM7759822,"rna-seq_blood_training_male_4w_biological_rep5_vial_90292013001","SRA","Rattus norvegicus",1,GPL25947,GSE242354;GSE242358,"SRA Run Selector","https://www.ncbi.nlm.nih.gov/Traces/study/?acc=SRX20997760",SRX20997760,"Euan Ashley","Sep 30, 2023"
GSM7759823,"rna-seq_blood_training_female_4w_biological_rep1_vial_90406013001","SRA","Rattus norvegicus",1,GPL25947,GSE242354;GSE242358,"SRA Run Selector","https://www.ncbi.nlm.nih.gov/Traces/study/?acc=SRX20997771",SRX20997771,"Euan Ashley","Sep 30, 2023"
GSM7759824,"rna-seq_blood_training_female_4w_biological_rep2_vial_90410013001","SRA","Rattus norvegicus",1,GPL25947,GSE242354;GSE242358,"SRA Run Selector","https://www.ncbi.nlm.nih.gov/Traces/study/?acc=SRX20997781",SRX20997781,"Euan Ashley","Sep 30, 2023"
GSM7759825,"rna-seq_blood_training_female_4w_biological_rep3_vial_90412013001","SRA","Rattus norvegicus",1,GPL25947,GSE242354;GSE242358,"SRA Run Selector","https://www.ncbi.nlm.nih.gov/Traces/study/?acc=SRX20997567",SRX20997567,"Euan Ashley","Sep 30, 2023"
GSM7759826,"rna-seq_blood_training_female_4w_biological_rep4_vial_90416013001","SRA","Rattus norvegicus",1,GPL25947,GSE242354;GSE242358,"SRA Run Selector","https://www.ncbi.nlm.nih.gov/Traces/study/?acc=SRX20997577",SRX20997577,"Euan Ashley","Sep 30, 2023"
GSM7759827,"rna-seq_blood_training_female_4w_biological_rep5_vial_90420013001","SRA","Rattus norvegicus",1,GPL25947,GSE242354;GSE242358,"SRA Run Selector","https://www.ncbi.nlm.nih.gov/Traces/study/?acc=SRX20997717",SRX20997717,"Euan Ashley","Sep 30, 2023"
GSM7759828,"rna-seq_blood_training_male_1w_biological_rep1_vial_90421013002","SRA","Rattus norvegicus",1,GPL25947,GSE242354;GSE242358,"SRA Run Selector","https://www.ncbi.nlm.nih.gov/Traces/study/?acc=SRX20997728",SRX20997728,"Euan Ashley","Sep 30, 2023"
GSM7759829,"rna-seq_blood_training_male_1w_biological_rep2_vial_90422013002","SRA","Rattus norvegicus",1,GPL25947,GSE242354;GSE242358,"SRA Run Selector","https://www.ncbi.nlm.nih.gov/Traces/study/?acc=SRX20997538",SRX20997538,"Euan Ashley","Sep 30, 2023"
GSM7759830,"rna-seq_blood_training_male_1w_biological_rep3_vial_90423013002","SRA","Rattus norvegicus",1,GPL25947,GSE242354;GSE242358,"SRA Run Selector","https://www.ncbi.nlm.nih.gov/Traces/study/?acc=SRX20997549",SRX20997549,"Euan Ashley","Sep 30, 2023"
GSM7759831,"rna-seq_blood_training_male_1w_biological_rep4_vial_90426013001","SRA","Rattus norvegicus",1,GPL25947,GSE242354;GSE242358,"SRA Run Selector","https://www.ncbi.nlm.nih.gov/Traces/study/?acc=SRX20997785",SRX20997785,"Euan Ashley","Sep 30, 2023"
GSM7759832,"rna-seq_blood_training_male_1w_biological_rep5_vial_90430013001","SRA","Rattus norvegicus",1,GPL25947,GSE242354;GSE242358,"SRA Run Selector","https://www.ncbi.nlm.nih.gov/Traces/study/?acc=SRX20997797",SRX20997797,"Euan Ashley","Sep 30, 2023"
GSM7759833,"rna-seq_blood_training_male_2w_biological_rep1_vial_90439013001","SRA","Rattus norvegicus",1,GPL25947,GSE242354;GSE242358,"SRA Run Selector","https://www.ncbi.nlm.nih.gov/Traces/study/?acc=SRX20997024",SRX20997024,"Euan Ashley","Sep 30, 2023"
GSM7759834,"rna-seq_blood_training_male_2w_biological_rep2_vial_90441013002","SRA","Rattus norvegicus",1,GPL25947,GSE242354;GSE242358,"SRA Run Selector","https://www.ncbi.nlm.nih.gov/Traces/study/?acc=SRX20997033",SRX20997033,"Euan Ashley","Sep 30, 2023"
GSM7759835,"rna-seq_blood_training_male_2w_biological_rep3_vial_90444013001","SRA","Rattus norvegicus",1,GPL25947,GSE242354;GSE242358,"SRA Run Selector","https://www.ncbi.nlm.nih.gov/Traces/study/?acc=SRX20997581",SRX20997581,"Euan Ashley","Sep 30, 2023"
GSM7759836,"rna-seq_blood_training_male_2w_biological_rep4_vial_90449013001","SRA","Rattus norvegicus",1,GPL25947,GSE242354;GSE242358,"SRA Run Selector","https://www.ncbi.nlm.nih.gov/Traces/study/?acc=SRX20997594",SRX20997594,"Euan Ashley","Sep 30, 2023"
GSM7759837,"rna-seq_blood_training_male_2w_biological_rep5_vial_90450013001","SRA","Rattus norvegicus",1,GPL25947,GSE242354;GSE242358,"SRA Run Selector","https://www.ncbi.nlm.nih.gov/Traces/study/?acc=SRX20997605",SRX20997605,"Euan Ashley","Sep 30, 2023"
GSM7759838,"rna-seq_blood_training_female_1w_biological_rep1_vial_90559013001","SRA","Rattus norvegicus",1,GPL25947,GSE242354;GSE242358,"SRA Run Selector","https://www.ncbi.nlm.nih.gov/Traces/study/?acc=SRX20997616",SRX20997616,"Euan Ashley","Sep 30, 2023"
GSM7759839,"rna-seq_blood_training_female_1w_biological_rep2_vial_90560013001","SRA","Rattus norvegicus",1,GPL25947,GSE242354;GSE242358,"SRA Run Selector","https://www.ncbi.nlm.nih.gov/Traces/study/?acc=SRX20997627",SRX20997627,"Euan Ashley","Sep 30, 2023"
GSM7759840,"rna-seq_blood_training_female_1w_biological_rep3_vial_90564013001","SRA","Rattus norvegicus",1,GPL25947,GSE242354;GSE242358,"SRA Run Selector","https://www.ncbi.nlm.nih.gov/Traces/study/?acc=SRX20997293",SRX20997293,"Euan Ashley","Sep 30, 2023"
GSM7759841,"rna-seq_blood_training_female_1w_biological_rep4_vial_90567013001","SRA","Rattus norvegicus",1,GPL25947,GSE242354;GSE242358,"SRA Run Selector","https://www.ncbi.nlm.nih.gov/Traces/study/?acc=SRX20997304",SRX20997304,"Euan Ashley","Sep 30, 2023"
GSM7759842,"rna-seq_blood_training_female_1w_biological_rep5_vial_90571013001","SRA","Rattus norvegicus",1,GPL25947,GSE242354;GSE242358,"SRA Run Selector","https://www.ncbi.nlm.nih.gov/Traces/study/?acc=SRX20997654",SRX20997654,"Euan Ashley","Sep 30, 2023"
GSM7759843,"rna-seq_blood_training_female_2w_biological_rep1_vial_90576013001","SRA","Rattus norvegicus",1,GPL25947,GSE242354;GSE242358,"SRA Run Selector","https://www.ncbi.nlm.nih.gov/Traces/study/?acc=SRX20997075",SRX20997075,"Euan Ashley","Sep 30, 2023"
GSM7759844,"rna-seq_blood_training_female_2w_biological_rep2_vial_90578013001","SRA","Rattus norvegicus",1,GPL25947,GSE242354;GSE242358,"SRA Run Selector","https://www.ncbi.nlm.nih.gov/Traces/study/?acc=SRX20997069",SRX20997069,"Euan Ashley","Sep 30, 2023"
GSM7759845,"rna-seq_blood_training_female_2w_biological_rep3_vial_90581013001","SRA","Rattus norvegicus",1,GPL25947,GSE242354;GSE242358,"SRA Run Selector","https://www.ncbi.nlm.nih.gov/Traces/study/?acc=SRX20997080",SRX20997080,"Euan Ashley","Sep 30, 2023"
GSM7759846,"rna-seq_blood_training_female_2w_biological_rep4_vial_90585013001","SRA","Rattus norvegicus",1,GPL25947,GSE242354;GSE242358,"SRA Run Selector","https://www.ncbi.nlm.nih.gov/Traces/study/?acc=SRX20997091",SRX20997091,"Euan Ashley","Sep 30, 2023"
GSM7759847,"rna-seq_blood_training_female_2w_biological_rep5_vial_90587013001","SRA","Rattus norvegicus",1,GPL25947,GSE242354;GSE242358,"SRA Run Selector","https://www.ncbi.nlm.nih.gov/Traces/study/?acc=SRX20997347",SRX20997347,"Euan Ashley","Sep 30, 2023"
GSM7759848,"rna-seq_hippoc_control_male_8w_biological_rep1_vial_90217015202","SRA","Rattus norvegicus",1,GPL25947,GSE242354;GSE242358,"SRA Run Selector","https://www.ncbi.nlm.nih.gov/Traces/study/?acc=SRX20997238",SRX20997238,"Euan Ashley","Sep 30, 2023"
GSM7759849,"rna-seq_hippoc_training_male_8w_biological_rep1_vial_90218015202","SRA","Rattus norvegicus",1,GPL25947,GSE242354;GSE242358,"SRA Run Selector","https://www.ncbi.nlm.nih.gov/Traces/study/?acc=SRX20997249",SRX20997249,"Euan Ashley","Sep 30, 2023"
GSM7759850,"rna-seq_hippoc_training_male_8w_biological_rep2_vial_90222015202","SRA","Rattus norvegicus",1,GPL25947,GSE242354;GSE242358,"SRA Run Selector","https://www.ncbi.nlm.nih.gov/Traces/study/?acc=SRX20997260",SRX20997260,"Euan Ashley","Sep 30, 2023"
GSM7759851,"rna-seq_hippoc_training_male_8w_biological_rep3_vial_90223015202","SRA","Rattus norvegicus",1,GPL25947,GSE242354;GSE242358,"SRA Run Selector","https://www.ncbi.nlm.nih.gov/Traces/study/?acc=SRX20997271",SRX20997271,"Euan Ashley","Sep 30, 2023"
GSM7759852,"rna-seq_hippoc_training_male_8w_biological_rep4_vial_90225015202","SRA","Rattus norvegicus",1,GPL25947,GSE242354;GSE242358,"SRA Run Selector","https://www.ncbi.nlm.nih.gov/Traces/study/?acc=SRX20997283",SRX20997283,"Euan Ashley","Sep 30, 2023"
GSM7759853,"rna-seq_hippoc_training_male_8w_biological_rep5_vial_90227015202","SRA","Rattus norvegicus",1,GPL25947,GSE242354;GSE242358,"SRA Run Selector","https://www.ncbi.nlm.nih.gov/Traces/study/?acc=SRX20997367",SRX20997367,"Euan Ashley","Sep 30, 2023"
GSM7759854,"rna-seq_hippoc_control_male_8w_biological_rep2_vial_90229015202","SRA","Rattus norvegicus",1,GPL25947,GSE242354;GSE242358,"SRA Run Selector","https://www.ncbi.nlm.nih.gov/Traces/study/?acc=SRX20997378",SRX20997378,"Euan Ashley","Sep 30, 2023"
GSM7759855,"rna-seq_hippoc_control_male_8w_biological_rep3_vial_90232015202","SRA","Rattus norvegicus",1,GPL25947,GSE242354;GSE242358,"SRA Run Selector","https://www.ncbi.nlm.nih.gov/Traces/study/?acc=SRX20997678",SRX20997678,"Euan Ashley","Sep 30, 2023"
GSM7759856,"rna-seq_hippoc_control_male_8w_biological_rep4_vial_90237015202","SRA","Rattus norvegicus",1,GPL25947,GSE242354;GSE242358,"SRA Run Selector","https://www.ncbi.nlm.nih.gov/Traces/study/?acc=SRX20997684",SRX20997684,"Euan Ashley","Sep 30, 2023"
GSM7759857,"rna-seq_hippoc_control_male_8w_biological_rep5_vial_90239015202","SRA","Rattus norvegicus",1,GPL25947,GSE242354;GSE242358,"SRA Run Selector","https://www.ncbi.nlm.nih.gov/Traces/study/?acc=SRX20997685",SRX20997685,"Euan Ashley","Sep 30, 2023"
GSM7759858,"rna-seq_hippoc_control_female_8w_biological_rep1_vial_90245015202","SRA","Rattus norvegicus",1,GPL25947,GSE242354;GSE242358,"SRA Run Selector","https://www.ncbi.nlm.nih.gov/Traces/study/?acc=SRX20997686",SRX20997686,"Euan Ashley","Sep 30, 2023"
GSM7759859,"rna-seq_hippoc_control_female_8w_biological_rep2_vial_90248015202","SRA","Rattus norvegicus",1,GPL25947,GSE242354;GSE242358,"SRA Run Selector","https://www.ncbi.nlm.nih.gov/Traces/study/?acc=SRX20997687",SRX20997687,"Euan Ashley","Sep 30, 2023"
GSM7759860,"rna-seq_hippoc_training_female_8w_biological_rep1_vial_90251015202","SRA","Rattus norvegicus",1,GPL25947,GSE242354;GSE242358,"SRA Run Selector","https://www.ncbi.nlm.nih.gov/Traces/study/?acc=SRX20997688",SRX20997688,"Euan Ashley","Sep 30, 2023"
GSM7759861,"rna-seq_hippoc_control_female_8w_biological_rep3_vial_90252015202","SRA","Rattus norvegicus",1,GPL25947,GSE242354;GSE242358,"SRA Run Selector","https://www.ncbi.nlm.nih.gov/Traces/study/?acc=SRX20997689",SRX20997689,"Euan Ashley","Sep 30, 2023"
GSM7759862,"rna-seq_hippoc_training_female_8w_biological_rep2_vial_90254015202","SRA","Rattus norvegicus",1,GPL25947,GSE242354;GSE242358,"SRA Run Selector","https://www.ncbi.nlm.nih.gov/Traces/study/?acc=SRX20997485",SRX20997485,"Euan Ashley","Sep 30, 2023"
GSM7759863,"rna-seq_hippoc_training_female_8w_biological_rep3_vial_90258015202","SRA","Rattus norvegicus",1,GPL25947,GSE242354;GSE242358,"SRA Run Selector","https://www.ncbi.nlm.nih.gov/Traces/study/?acc=SRX20997486",SRX20997486,"Euan Ashley","Sep 30, 2023"
GSM7759864,"rna-seq_hippoc_training_female_8w_biological_rep4_vial_90259015202","SRA","Rattus norvegicus",1,GPL25947,GSE242354;GSE242358,"SRA Run Selector","https://www.ncbi.nlm.nih.gov/Traces/study/?acc=SRX20997487",SRX20997487,"Euan Ashley","Sep 30, 2023"
GSM7759865,"rna-seq_hippoc_control_female_8w_biological_rep4_vial_90265015202","SRA","Rattus norvegicus",1,GPL25947,GSE242354;GSE242358,"SRA Run Selector","https://www.ncbi.nlm.nih.gov/Traces/study/?acc=SRX20997488",SRX20997488,"Euan Ashley","Sep 30, 2023"
GSM7759866,"rna-seq_hippoc_control_female_8w_biological_rep5_vial_90266015202","SRA","Rattus norvegicus",1,GPL25947,GSE242354;GSE242358,"SRA Run Selector","https://www.ncbi.nlm.nih.gov/Traces/study/?acc=SRX20997489",SRX20997489,"Euan Ashley","Sep 30, 2023"
GSM7759867,"rna-seq_hippoc_training_female_8w_biological_rep5_vial_90267015202","SRA","Rattus norvegicus",1,GPL25947,GSE242354;GSE242358,"SRA Run Selector","https://www.ncbi.nlm.nih.gov/Traces/study/?acc=SRX20997490",SRX20997490,"Euan Ashley","Sep 30, 2023"
GSM7759868,"rna-seq_hippoc_training_male_4w_biological_rep1_vial_90280015202","SRA","Rattus norvegicus",1,GPL25947,GSE242354;GSE242358,"SRA Run Selector","https://www.ncbi.nlm.nih.gov/Traces/study/?acc=SRX20997491",SRX20997491,"Euan Ashley","Sep 30, 2023"
GSM7759869,"rna-seq_hippoc_training_male_4w_biological_rep2_vial_90281015202","SRA","Rattus norvegicus",1,GPL25947,GSE242354;GSE242358,"SRA Run Selector","https://www.ncbi.nlm.nih.gov/Traces/study/?acc=SRX20997492",SRX20997492,"Euan Ashley","Sep 30, 2023"
GSM7759870,"rna-seq_hippoc_training_male_4w_biological_rep3_vial_90283015202","SRA","Rattus norvegicus",1,GPL25947,GSE242354;GSE242358,"SRA Run Selector","https://www.ncbi.nlm.nih.gov/Traces/study/?acc=SRX20997493",SRX20997493,"Euan Ashley","Sep 30, 2023"
GSM7759871,"rna-seq_hippoc_training_male_4w_biological_rep4_vial_90289015202","SRA","Rattus norvegicus",1,GPL25947,GSE242354;GSE242358,"SRA Run Selector","https://www.ncbi.nlm.nih.gov/Traces/study/?acc=SRX20997494",SRX20997494,"Euan Ashley","Sep 30, 2023"
GSM7759872,"rna-seq_hippoc_training_male_4w_biological_rep5_vial_90292015202","SRA","Rattus norvegicus",1,GPL25947,GSE242354;GSE242358,"SRA Run Selector","https://www.ncbi.nlm.nih.gov/Traces/study/?acc=SRX20997496",SRX20997496,"Euan Ashley","Sep 30, 2023"
GSM7759873,"rna-seq_hippoc_training_female_4w_biological_rep1_vial_90406015202","SRA","Rattus norvegicus",1,GPL25947,GSE242354;GSE242358,"SRA Run Selector","https://www.ncbi.nlm.nih.gov/Traces/study/?acc=SRX20997497",SRX20997497,"Euan Ashley","Sep 30, 2023"
GSM7759874,"rna-seq_hippoc_training_female_4w_biological_rep2_vial_90410015202","SRA","Rattus norvegicus",1,GPL25947,GSE242354;GSE242358,"SRA Run Selector","https://www.ncbi.nlm.nih.gov/Traces/study/?acc=SRX20997498",SRX20997498,"Euan Ashley","Sep 30, 2023"
GSM7759875,"rna-seq_hippoc_training_female_4w_biological_rep3_vial_90412015202","SRA","Rattus norvegicus",1,GPL25947,GSE242354;GSE242358,"SRA Run Selector","https://www.ncbi.nlm.nih.gov/Traces/study/?acc=SRX20997499",SRX20997499,"Euan Ashley","Sep 30, 2023"
GSM7759876,"rna-seq_hippoc_training_female_4w_biological_rep4_vial_90416015202","SRA","Rattus norvegicus",1,GPL25947,GSE242354;GSE242358,"SRA Run Selector","https://www.ncbi.nlm.nih.gov/Traces/study/?acc=SRX20997500",SRX20997500,"Euan Ashley","Sep 30, 2023"
GSM7759877,"rna-seq_hippoc_training_female_4w_biological_rep5_vial_90420015202","SRA","Rattus norvegicus",1,GPL25947,GSE242354;GSE242358,"SRA Run Selector","https://www.ncbi.nlm.nih.gov/Traces/study/?acc=SRX20997501",SRX20997501,"Euan Ashley","Sep 30, 2023"
GSM7759878,"rna-seq_hippoc_training_male_1w_biological_rep1_vial_90421015202","SRA","Rattus norvegicus",1,GPL25947,GSE242354;GSE242358,"SRA Run Selector","https://www.ncbi.nlm.nih.gov/Traces/study/?acc=SRX20997502",SRX20997502,"Euan Ashley","Sep 30, 2023"
GSM7759879,"rna-seq_hippoc_training_male_1w_biological_rep2_vial_90422015202","SRA","Rattus norvegicus",1,GPL25947,GSE242354;GSE242358,"SRA Run Selector","https://www.ncbi.nlm.nih.gov/Traces/study/?acc=SRX20997503",SRX20997503,"Euan Ashley","Sep 30, 2023"
GSM7759880,"rna-seq_hippoc_training_male_1w_biological_rep3_vial_90423015202","SRA","Rattus norvegicus",1,GPL25947,GSE242354;GSE242358,"SRA Run Selector","https://www.ncbi.nlm.nih.gov/Traces/study/?acc=SRX20997508",SRX20997508,"Euan Ashley","Sep 30, 2023"
GSM7759881,"rna-seq_hippoc_training_male_1w_biological_rep4_vial_90426015202","SRA","Rattus norvegicus",1,GPL25947,GSE242354;GSE242358,"SRA Run Selector","https://www.ncbi.nlm.nih.gov/Traces/study/?acc=SRX20997507",SRX20997507,"Euan Ashley","Sep 30, 2023"
GSM7759882,"rna-seq_hippoc_training_male_1w_biological_rep5_vial_90430015202","SRA","Rattus norvegicus",1,GPL25947,GSE242354;GSE242358,"SRA Run Selector","https://www.ncbi.nlm.nih.gov/Traces/study/?acc=SRX20997505",SRX20997505,"Euan Ashley","Sep 30, 2023"
GSM7759883,"rna-seq_hippoc_training_male_2w_biological_rep1_vial_90439015202","SRA","Rattus norvegicus",1,GPL25947,GSE242354;GSE242358,"SRA Run Selector","https://www.ncbi.nlm.nih.gov/Traces/study/?acc=SRX20997504",SRX20997504,"Euan Ashley","Sep 30, 2023"
GSM7759884,"rna-seq_hippoc_training_male_2w_biological_rep2_vial_90441015202","SRA","Rattus norvegicus",1,GPL25947,GSE242354;GSE242358,"SRA Run Selector","https://www.ncbi.nlm.nih.gov/Traces/study/?acc=SRX20997110",SRX20997110,"Euan Ashley","Sep 30, 2023"
GSM7759885,"rna-seq_hippoc_training_male_2w_biological_rep3_vial_90444015202","SRA","Rattus norvegicus",1,GPL25947,GSE242354;GSE242358,"SRA Run Selector","https://www.ncbi.nlm.nih.gov/Traces/study/?acc=SRX20997109",SRX20997109,"Euan Ashley","Sep 30, 2023"
GSM7759886,"rna-seq_hippoc_training_male_2w_biological_rep4_vial_90449015202","SRA","Rattus norvegicus",1,GPL25947,GSE242354;GSE242358,"SRA Run Selector","https://www.ncbi.nlm.nih.gov/Traces/study/?acc=SRX20997108",SRX20997108,"Euan Ashley","Sep 30, 2023"
GSM7759887,"rna-seq_hippoc_training_male_2w_biological_rep5_vial_90450015202","SRA","Rattus norvegicus",1,GPL25947,GSE242354;GSE242358,"SRA Run Selector","https://www.ncbi.nlm.nih.gov/Traces/study/?acc=SRX20997107",SRX20997107,"Euan Ashley","Sep 30, 2023"
GSM7759888,"rna-seq_hippoc_training_female_1w_biological_rep1_vial_90559015202","SRA","Rattus norvegicus",1,GPL25947,GSE242354;GSE242358,"SRA Run Selector","https://www.ncbi.nlm.nih.gov/Traces/study/?acc=SRX20997106",SRX20997106,"Euan Ashley","Sep 30, 2023"
GSM7759889,"rna-seq_hippoc_training_female_1w_biological_rep2_vial_90560015202","SRA","Rattus norvegicus",1,GPL25947,GSE242354;GSE242358,"SRA Run Selector","https://www.ncbi.nlm.nih.gov/Traces/study/?acc=SRX20997105",SRX20997105,"Euan Ashley","Sep 30, 2023"
GSM7759890,"rna-seq_hippoc_training_female_1w_biological_rep3_vial_90564015202","SRA","Rattus norvegicus",1,GPL25947,GSE242354;GSE242358,"SRA Run Selector","https://www.ncbi.nlm.nih.gov/Traces/study/?acc=SRX20997104",SRX20997104,"Euan Ashley","Sep 30, 2023"
GSM7759891,"rna-seq_hippoc_training_female_1w_biological_rep4_vial_90567015202","SRA","Rattus norvegicus",1,GPL25947,GSE242354;GSE242358,"SRA Run Selector","https://www.ncbi.nlm.nih.gov/Traces/study/?acc=SRX20997103",SRX20997103,"Euan Ashley","Sep 30, 2023"
GSM7759892,"rna-seq_hippoc_training_female_1w_biological_rep5_vial_90571015202","SRA","Rattus norvegicus",1,GPL25947,GSE242354;GSE242358,"SRA Run Selector","https://www.ncbi.nlm.nih.gov/Traces/study/?acc=SRX20997101",SRX20997101,"Euan Ashley","Sep 30, 2023"
GSM7759893,"rna-seq_hippoc_training_female_2w_biological_rep1_vial_90576015202","SRA","Rattus norvegicus",1,GPL25947,GSE242354;GSE242358,"SRA Run Selector","https://www.ncbi.nlm.nih.gov/Traces/study/?acc=SRX20997100",SRX20997100,"Euan Ashley","Sep 30, 2023"
GSM7759894,"rna-seq_hippoc_training_female_2w_biological_rep2_vial_90578015202","SRA","Rattus norvegicus",1,GPL25947,GSE242354;GSE242358,"SRA Run Selector","https://www.ncbi.nlm.nih.gov/Traces/study/?acc=SRX20997099",SRX20997099,"Euan Ashley","Sep 30, 2023"
GSM7759895,"rna-seq_hippoc_training_female_2w_biological_rep3_vial_90581015202","SRA","Rattus norvegicus",1,GPL25947,GSE242354;GSE242358,"SRA Run Selector","https://www.ncbi.nlm.nih.gov/Traces/study/?acc=SRX20997098",SRX20997098,"Euan Ashley","Sep 30, 2023"
GSM7759896,"rna-seq_hippoc_training_female_2w_biological_rep4_vial_90585015202","SRA","Rattus norvegicus",1,GPL25947,GSE242354;GSE242358,"SRA Run Selector","https://www.ncbi.nlm.nih.gov/Traces/study/?acc=SRX20997097",SRX20997097,"Euan Ashley","Sep 30, 2023"
GSM7759897,"rna-seq_hippoc_training_female_2w_biological_rep5_vial_90587015202","SRA","Rattus norvegicus",1,GPL25947,GSE242354;GSE242358,"SRA Run Selector","https://www.ncbi.nlm.nih.gov/Traces/study/?acc=SRX20997096",SRX20997096,"Euan Ashley","Sep 30, 2023"
GSM7759898,"rna-seq_cortex_control_male_8w_biological_rep1_vial_90217015302","SRA","Rattus norvegicus",1,GPL25947,GSE242354;GSE242358,"SRA Run Selector","https://www.ncbi.nlm.nih.gov/Traces/study/?acc=SRX20997095",SRX20997095,"Euan Ashley","Sep 30, 2023"
GSM7759899,"rna-seq_cortex_training_male_8w_biological_rep1_vial_90218015302","SRA","Rattus norvegicus",1,GPL25947,GSE242354;GSE242358,"SRA Run Selector","https://www.ncbi.nlm.nih.gov/Traces/study/?acc=SRX20997094",SRX20997094,"Euan Ashley","Sep 30, 2023"
GSM7759900,"rna-seq_cortex_training_male_8w_biological_rep2_vial_90222015302","SRA","Rattus norvegicus",1,GPL25947,GSE242354;GSE242358,"SRA Run Selector","https://www.ncbi.nlm.nih.gov/Traces/study/?acc=SRX20997093",SRX20997093,"Euan Ashley","Sep 30, 2023"
GSM7759901,"rna-seq_cortex_training_male_8w_biological_rep3_vial_90223015302","SRA","Rattus norvegicus",1,GPL25947,GSE242354;GSE242358,"SRA Run Selector","https://www.ncbi.nlm.nih.gov/Traces/study/?acc=SRX20997092",SRX20997092,"Euan Ashley","Sep 30, 2023"
GSM7759902,"rna-seq_cortex_training_male_8w_biological_rep4_vial_90225015302","SRA","Rattus norvegicus",1,GPL25947,GSE242354;GSE242358,"SRA Run Selector","https://www.ncbi.nlm.nih.gov/Traces/study/?acc=SRX20997128",SRX20997128,"Euan Ashley","Sep 30, 2023"
GSM7759903,"rna-seq_cortex_training_male_8w_biological_rep5_vial_90227015302","SRA","Rattus norvegicus",1,GPL25947,GSE242354;GSE242358,"SRA Run Selector","https://www.ncbi.nlm.nih.gov/Traces/study/?acc=SRX20997129",SRX20997129,"Euan Ashley","Sep 30, 2023"
GSM7759904,"rna-seq_cortex_control_male_8w_biological_rep2_vial_90229015302","SRA","Rattus norvegicus",1,GPL25947,GSE242354;GSE242358,"SRA Run Selector","https://www.ncbi.nlm.nih.gov/Traces/study/?acc=SRX20997130",SRX20997130,"Euan Ashley","Sep 30, 2023"
GSM7759905,"rna-seq_cortex_control_male_8w_biological_rep3_vial_90232015302","SRA","Rattus norvegicus",1,GPL25947,GSE242354;GSE242358,"SRA Run Selector","https://www.ncbi.nlm.nih.gov/Traces/study/?acc=SRX20997131",SRX20997131,"Euan Ashley","Sep 30, 2023"
GSM7759906,"rna-seq_cortex_control_male_8w_biological_rep4_vial_90237015302","SRA","Rattus norvegicus",1,GPL25947,GSE242354;GSE242358,"SRA Run Selector","https://www.ncbi.nlm.nih.gov/Traces/study/?acc=SRX20997132",SRX20997132,"Euan Ashley","Sep 30, 2023"
GSM7759907,"rna-seq_cortex_control_male_8w_biological_rep5_vial_90239015302","SRA","Rattus norvegicus",1,GPL25947,GSE242354;GSE242358,"SRA Run Selector","https://www.ncbi.nlm.nih.gov/Traces/study/?acc=SRX20997112",SRX20997112,"Euan Ashley","Sep 30, 2023"
GSM7759908,"rna-seq_cortex_control_female_8w_biological_rep1_vial_90245015302","SRA","Rattus norvegicus",1,GPL25947,GSE242354;GSE242358,"SRA Run Selector","https://www.ncbi.nlm.nih.gov/Traces/study/?acc=SRX20997113",SRX20997113,"Euan Ashley","Sep 30, 2023"
GSM7759909,"rna-seq_cortex_control_female_8w_biological_rep2_vial_90248015302","SRA","Rattus norvegicus",1,GPL25947,GSE242354;GSE242358,"SRA Run Selector","https://www.ncbi.nlm.nih.gov/Traces/study/?acc=SRX20997114",SRX20997114,"Euan Ashley","Sep 30, 2023"
GSM7759910,"rna-seq_cortex_training_female_8w_biological_rep1_vial_90251015302","SRA","Rattus norvegicus",1,GPL25947,GSE242354;GSE242358,"SRA Run Selector","https://www.ncbi.nlm.nih.gov/Traces/study/?acc=SRX20997115",SRX20997115,"Euan Ashley","Sep 30, 2023"
GSM7759911,"rna-seq_cortex_control_female_8w_biological_rep3_vial_90252015302","SRA","Rattus norvegicus",1,GPL25947,GSE242354;GSE242358,"SRA Run Selector","https://www.ncbi.nlm.nih.gov/Traces/study/?acc=SRX20997116",SRX20997116,"Euan Ashley","Sep 30, 2023"
GSM7759912,"rna-seq_cortex_training_female_8w_biological_rep2_vial_90254015302","SRA","Rattus norvegicus",1,GPL25947,GSE242354;GSE242358,"SRA Run Selector","https://www.ncbi.nlm.nih.gov/Traces/study/?acc=SRX20997118",SRX20997118,"Euan Ashley","Sep 30, 2023"
GSM7759913,"rna-seq_cortex_training_female_8w_biological_rep3_vial_90258015302","SRA","Rattus norvegicus",1,GPL25947,GSE242354;GSE242358,"SRA Run Selector","https://www.ncbi.nlm.nih.gov/Traces/study/?acc=SRX20997119",SRX20997119,"Euan Ashley","Sep 30, 2023"
GSM7759914,"rna-seq_cortex_training_female_8w_biological_rep4_vial_90259015302","SRA","Rattus norvegicus",1,GPL25947,GSE242354;GSE242358,"SRA Run Selector","https://www.ncbi.nlm.nih.gov/Traces/study/?acc=SRX20997120",SRX20997120,"Euan Ashley","Sep 30, 2023"
GSM7759915,"rna-seq_cortex_control_female_8w_biological_rep4_vial_90265015302","SRA","Rattus norvegicus",1,GPL25947,GSE242354;GSE242358,"SRA Run Selector","https://www.ncbi.nlm.nih.gov/Traces/study/?acc=SRX20997121",SRX20997121,"Euan Ashley","Sep 30, 2023"
GSM7759916,"rna-seq_cortex_control_female_8w_biological_rep5_vial_90266015302","SRA","Rattus norvegicus",1,GPL25947,GSE242354;GSE242358,"SRA Run Selector","https://www.ncbi.nlm.nih.gov/Traces/study/?acc=SRX20997122",SRX20997122,"Euan Ashley","Sep 30, 2023"
GSM7759917,"rna-seq_cortex_training_female_8w_biological_rep5_vial_90267015302","SRA","Rattus norvegicus",1,GPL25947,GSE242354;GSE242358,"SRA Run Selector","https://www.ncbi.nlm.nih.gov/Traces/study/?acc=SRX20997123",SRX20997123,"Euan Ashley","Sep 30, 2023"
GSM7759918,"rna-seq_cortex_training_male_4w_biological_rep1_vial_90280015302","SRA","Rattus norvegicus",1,GPL25947,GSE242354;GSE242358,"SRA Run Selector","https://www.ncbi.nlm.nih.gov/Traces/study/?acc=SRX20997124",SRX20997124,"Euan Ashley","Sep 30, 2023"
GSM7759919,"rna-seq_cortex_training_male_4w_biological_rep2_vial_90281015302","SRA","Rattus norvegicus",1,GPL25947,GSE242354;GSE242358,"SRA Run Selector","https://www.ncbi.nlm.nih.gov/Traces/study/?acc=SRX20997125",SRX20997125,"Euan Ashley","Sep 30, 2023"
GSM7759920,"rna-seq_cortex_training_male_4w_biological_rep3_vial_90283015302","SRA","Rattus norvegicus",1,GPL25947,GSE242354;GSE242358,"SRA Run Selector","https://www.ncbi.nlm.nih.gov/Traces/study/?acc=SRX20997126",SRX20997126,"Euan Ashley","Sep 30, 2023"
GSM7759921,"rna-seq_cortex_training_male_4w_biological_rep4_vial_90289015302","SRA","Rattus norvegicus",1,GPL25947,GSE242354;GSE242358,"SRA Run Selector","https://www.ncbi.nlm.nih.gov/Traces/study/?acc=SRX20997127",SRX20997127,"Euan Ashley","Sep 30, 2023"
GSM7759922,"rna-seq_cortex_training_male_4w_biological_rep5_vial_90292015302","SRA","Rattus norvegicus",1,GPL25947,GSE242354;GSE242358,"SRA Run Selector","https://www.ncbi.nlm.nih.gov/Traces/study/?acc=SRX20997697",SRX20997697,"Euan Ashley","Sep 30, 2023"
GSM7759923,"rna-seq_cortex_training_female_4w_biological_rep1_vial_90406015302","SRA","Rattus norvegicus",1,GPL25947,GSE242354;GSE242358,"SRA Run Selector","https://www.ncbi.nlm.nih.gov/Traces/study/?acc=SRX20997698",SRX20997698,"Euan Ashley","Sep 30, 2023"
GSM7759924,"rna-seq_cortex_training_female_4w_biological_rep2_vial_90410015302","SRA","Rattus norvegicus",1,GPL25947,GSE242354;GSE242358,"SRA Run Selector","https://www.ncbi.nlm.nih.gov/Traces/study/?acc=SRX20997133",SRX20997133,"Euan Ashley","Sep 30, 2023"
GSM7759925,"rna-seq_cortex_training_female_4w_biological_rep3_vial_90412015302","SRA","Rattus norvegicus",1,GPL25947,GSE242354;GSE242358,"SRA Run Selector","https://www.ncbi.nlm.nih.gov/Traces/study/?acc=SRX20997134",SRX20997134,"Euan Ashley","Sep 30, 2023"
GSM7759926,"rna-seq_cortex_training_female_4w_biological_rep4_vial_90416015302","SRA","Rattus norvegicus",1,GPL25947,GSE242354;GSE242358,"SRA Run Selector","https://www.ncbi.nlm.nih.gov/Traces/study/?acc=SRX20997135",SRX20997135,"Euan Ashley","Sep 30, 2023"
GSM7759927,"rna-seq_cortex_training_female_4w_biological_rep5_vial_90420015302","SRA","Rattus norvegicus",1,GPL25947,GSE242354;GSE242358,"SRA Run Selector","https://www.ncbi.nlm.nih.gov/Traces/study/?acc=SRX20997136",SRX20997136,"Euan Ashley","Sep 30, 2023"
GSM7759928,"rna-seq_cortex_training_male_1w_biological_rep1_vial_90421015302","SRA","Rattus norvegicus",1,GPL25947,GSE242354;GSE242358,"SRA Run Selector","https://www.ncbi.nlm.nih.gov/Traces/study/?acc=SRX20997137",SRX20997137,"Euan Ashley","Sep 30, 2023"
GSM7759929,"rna-seq_cortex_training_male_1w_biological_rep2_vial_90422015302","SRA","Rattus norvegicus",1,GPL25947,GSE242354;GSE242358,"SRA Run Selector","https://www.ncbi.nlm.nih.gov/Traces/study/?acc=SRX20997138",SRX20997138,"Euan Ashley","Sep 30, 2023"
GSM7759930,"rna-seq_cortex_training_male_1w_biological_rep3_vial_90423015302","SRA","Rattus norvegicus",1,GPL25947,GSE242354;GSE242358,"SRA Run Selector","https://www.ncbi.nlm.nih.gov/Traces/study/?acc=SRX20997139",SRX20997139,"Euan Ashley","Sep 30, 2023"
GSM7759931,"rna-seq_cortex_training_male_1w_biological_rep4_vial_90426015302","SRA","Rattus norvegicus",1,GPL25947,GSE242354;GSE242358,"SRA Run Selector","https://www.ncbi.nlm.nih.gov/Traces/study/?acc=SRX20997404",SRX20997404,"Euan Ashley","Sep 30, 2023"
GSM7759932,"rna-seq_cortex_training_male_1w_biological_rep5_vial_90430015302","SRA","Rattus norvegicus",1,GPL25947,GSE242354;GSE242358,"SRA Run Selector","https://www.ncbi.nlm.nih.gov/Traces/study/?acc=SRX20997406",SRX20997406,"Euan Ashley","Sep 30, 2023"
GSM7759933,"rna-seq_cortex_training_male_2w_biological_rep1_vial_90439015302","SRA","Rattus norvegicus",1,GPL25947,GSE242354;GSE242358,"SRA Run Selector","https://www.ncbi.nlm.nih.gov/Traces/study/?acc=SRX20997407",SRX20997407,"Euan Ashley","Sep 30, 2023"
GSM7759934,"rna-seq_cortex_training_male_2w_biological_rep2_vial_90441015302","SRA","Rattus norvegicus",1,GPL25947,GSE242354;GSE242358,"SRA Run Selector","https://www.ncbi.nlm.nih.gov/Traces/study/?acc=SRX20997408",SRX20997408,"Euan Ashley","Sep 30, 2023"
GSM7759935,"rna-seq_cortex_training_male_2w_biological_rep3_vial_90444015302","SRA","Rattus norvegicus",1,GPL25947,GSE242354;GSE242358,"SRA Run Selector","https://www.ncbi.nlm.nih.gov/Traces/study/?acc=SRX20997409",SRX20997409,"Euan Ashley","Sep 30, 2023"
GSM7759936,"rna-seq_cortex_training_male_2w_biological_rep4_vial_90449015302","SRA","Rattus norvegicus",1,GPL25947,GSE242354;GSE242358,"SRA Run Selector","https://www.ncbi.nlm.nih.gov/Traces/study/?acc=SRX20997410",SRX20997410,"Euan Ashley","Sep 30, 2023"
GSM7759937,"rna-seq_cortex_training_male_2w_biological_rep5_vial_90450015302","SRA","Rattus norvegicus",1,GPL25947,GSE242354;GSE242358,"SRA Run Selector","https://www.ncbi.nlm.nih.gov/Traces/study/?acc=SRX20997693",SRX20997693,"Euan Ashley","Sep 30, 2023"
GSM7759938,"rna-seq_cortex_training_female_1w_biological_rep1_vial_90559015302","SRA","Rattus norvegicus",1,GPL25947,GSE242354;GSE242358,"SRA Run Selector","https://www.ncbi.nlm.nih.gov/Traces/study/?acc=SRX20997694",SRX20997694,"Euan Ashley","Sep 30, 2023"
GSM7759939,"rna-seq_cortex_training_female_1w_biological_rep2_vial_90560015302","SRA","Rattus norvegicus",1,GPL25947,GSE242354;GSE242358,"SRA Run Selector","https://www.ncbi.nlm.nih.gov/Traces/study/?acc=SRX20997695",SRX20997695,"Euan Ashley","Sep 30, 2023"
GSM7759940,"rna-seq_cortex_training_female_1w_biological_rep3_vial_90564015302","SRA","Rattus norvegicus",1,GPL25947,GSE242354;GSE242358,"SRA Run Selector","https://www.ncbi.nlm.nih.gov/Traces/study/?acc=SRX20997146",SRX20997146,"Euan Ashley","Sep 30, 2023"
GSM7759941,"rna-seq_cortex_training_female_1w_biological_rep4_vial_90567015302","SRA","Rattus norvegicus",1,GPL25947,GSE242354;GSE242358,"SRA Run Selector","https://www.ncbi.nlm.nih.gov/Traces/study/?acc=SRX20997147",SRX20997147,"Euan Ashley","Sep 30, 2023"
GSM7759942,"rna-seq_cortex_training_female_1w_biological_rep5_vial_90571015302","SRA","Rattus norvegicus",1,GPL25947,GSE242354;GSE242358,"SRA Run Selector","https://www.ncbi.nlm.nih.gov/Traces/study/?acc=SRX20997149",SRX20997149,"Euan Ashley","Sep 30, 2023"
GSM7759943,"rna-seq_cortex_training_female_2w_biological_rep1_vial_90576015302","SRA","Rattus norvegicus",1,GPL25947,GSE242354;GSE242358,"SRA Run Selector","https://www.ncbi.nlm.nih.gov/Traces/study/?acc=SRX20997150",SRX20997150,"Euan Ashley","Sep 30, 2023"
GSM7759944,"rna-seq_cortex_training_female_2w_biological_rep2_vial_90578015302","SRA","Rattus norvegicus",1,GPL25947,GSE242354;GSE242358,"SRA Run Selector","https://www.ncbi.nlm.nih.gov/Traces/study/?acc=SRX20997699",SRX20997699,"Euan Ashley","Sep 30, 2023"
GSM7759945,"rna-seq_cortex_training_female_2w_biological_rep3_vial_90581015302","SRA","Rattus norvegicus",1,GPL25947,GSE242354;GSE242358,"SRA Run Selector","https://www.ncbi.nlm.nih.gov/Traces/study/?acc=SRX20997700",SRX20997700,"Euan Ashley","Sep 30, 2023"
GSM7759946,"rna-seq_cortex_training_female_2w_biological_rep4_vial_90585015302","SRA","Rattus norvegicus",1,GPL25947,GSE242354;GSE242358,"SRA Run Selector","https://www.ncbi.nlm.nih.gov/Traces/study/?acc=SRX20997701",SRX20997701,"Euan Ashley","Sep 30, 2023"
GSM7759947,"rna-seq_cortex_training_female_2w_biological_rep5_vial_90587015302","SRA","Rattus norvegicus",1,GPL25947,GSE242354;GSE242358,"SRA Run Selector","https://www.ncbi.nlm.nih.gov/Traces/study/?acc=SRX20997702",SRX20997702,"Euan Ashley","Sep 30, 2023"
GSM7759948,"rna-seq_hypoth_control_male_8w_biological_rep1_vial_90217015402","SRA","Rattus norvegicus",1,GPL25947,GSE242354;GSE242358,"SRA Run Selector","https://www.ncbi.nlm.nih.gov/Traces/study/?acc=SRX20997703",SRX20997703,"Euan Ashley","Sep 30, 2023"
GSM7759949,"rna-seq_hypoth_training_male_8w_biological_rep1_vial_90218015402","SRA","Rattus norvegicus",1,GPL25947,GSE242354;GSE242358,"SRA Run Selector","https://www.ncbi.nlm.nih.gov/Traces/study/?acc=SRX20997704",SRX20997704,"Euan Ashley","Sep 30, 2023"
GSM7759950,"rna-seq_hypoth_training_male_8w_biological_rep2_vial_90222015402","SRA","Rattus norvegicus",1,GPL25947,GSE242354;GSE242358,"SRA Run Selector","https://www.ncbi.nlm.nih.gov/Traces/study/?acc=SRX20997705",SRX20997705,"Euan Ashley","Sep 30, 2023"
GSM7759951,"rna-seq_hypoth_training_male_8w_biological_rep3_vial_90223015402","SRA","Rattus norvegicus",1,GPL25947,GSE242354;GSE242358,"SRA Run Selector","https://www.ncbi.nlm.nih.gov/Traces/study/?acc=SRX20997706",SRX20997706,"Euan Ashley","Sep 30, 2023"
GSM7759952,"rna-seq_hypoth_training_male_8w_biological_rep4_vial_90225015402","SRA","Rattus norvegicus",1,GPL25947,GSE242354;GSE242358,"SRA Run Selector","https://www.ncbi.nlm.nih.gov/Traces/study/?acc=SRX20997708",SRX20997708,"Euan Ashley","Sep 30, 2023"
GSM7759953,"rna-seq_hypoth_training_male_8w_biological_rep5_vial_90227015402","SRA","Rattus norvegicus",1,GPL25947,GSE242354;GSE242358,"SRA Run Selector","https://www.ncbi.nlm.nih.gov/Traces/study/?acc=SRX20997709",SRX20997709,"Euan Ashley","Sep 30, 2023"
GSM7759954,"rna-seq_hypoth_control_male_8w_biological_rep2_vial_90229015402","SRA","Rattus norvegicus",1,GPL25947,GSE242354;GSE242358,"SRA Run Selector","https://www.ncbi.nlm.nih.gov/Traces/study/?acc=SRX20997140",SRX20997140,"Euan Ashley","Sep 30, 2023"
GSM7759955,"rna-seq_hypoth_control_male_8w_biological_rep3_vial_90232015402","SRA","Rattus norvegicus",1,GPL25947,GSE242354;GSE242358,"SRA Run Selector","https://www.ncbi.nlm.nih.gov/Traces/study/?acc=SRX20997141",SRX20997141,"Euan Ashley","Sep 30, 2023"
GSM7759956,"rna-seq_hypoth_control_male_8w_biological_rep4_vial_90237015402","SRA","Rattus norvegicus",1,GPL25947,GSE242354;GSE242358,"SRA Run Selector","https://www.ncbi.nlm.nih.gov/Traces/study/?acc=SRX20997142",SRX20997142,"Euan Ashley","Sep 30, 2023"
GSM7759957,"rna-seq_hypoth_control_male_8w_biological_rep5_vial_90239015402","SRA","Rattus norvegicus",1,GPL25947,GSE242354;GSE242358,"SRA Run Selector","https://www.ncbi.nlm.nih.gov/Traces/study/?acc=SRX20997143",SRX20997143,"Euan Ashley","Sep 30, 2023"
GSM7759958,"rna-seq_hypoth_control_female_8w_biological_rep1_vial_90245015402","SRA","Rattus norvegicus",1,GPL25947,GSE242354;GSE242358,"SRA Run Selector","https://www.ncbi.nlm.nih.gov/Traces/study/?acc=SRX20997144",SRX20997144,"Euan Ashley","Sep 30, 2023"
GSM7759959,"rna-seq_hypoth_control_female_8w_biological_rep2_vial_90248015402","SRA","Rattus norvegicus",1,GPL25947,GSE242354;GSE242358,"SRA Run Selector","https://www.ncbi.nlm.nih.gov/Traces/study/?acc=SRX20997145",SRX20997145,"Euan Ashley","Sep 30, 2023"
GSM7759960,"rna-seq_hypoth_training_female_8w_biological_rep1_vial_90251015402","SRA","Rattus norvegicus",1,GPL25947,GSE242354;GSE242358,"SRA Run Selector","https://www.ncbi.nlm.nih.gov/Traces/study/?acc=SRX20997418",SRX20997418,"Euan Ashley","Sep 30, 2023"
GSM7759961,"rna-seq_hypoth_control_female_8w_biological_rep3_vial_90252015402","SRA","Rattus norvegicus",1,GPL25947,GSE242354;GSE242358,"SRA Run Selector","https://www.ncbi.nlm.nih.gov/Traces/study/?acc=SRX20997419",SRX20997419,"Euan Ashley","Sep 30, 2023"
GSM7759962,"rna-seq_hypoth_training_female_8w_biological_rep2_vial_90254015402","SRA","Rattus norvegicus",1,GPL25947,GSE242354;GSE242358,"SRA Run Selector","https://www.ncbi.nlm.nih.gov/Traces/study/?acc=SRX20997152",SRX20997152,"Euan Ashley","Sep 30, 2023"
GSM7759963,"rna-seq_hypoth_training_female_8w_biological_rep3_vial_90258015402","SRA","Rattus norvegicus",1,GPL25947,GSE242354;GSE242358,"SRA Run Selector","https://www.ncbi.nlm.nih.gov/Traces/study/?acc=SRX20997153",SRX20997153,"Euan Ashley","Sep 30, 2023"
GSM7759964,"rna-seq_hypoth_training_female_8w_biological_rep4_vial_90259015402","SRA","Rattus norvegicus",1,GPL25947,GSE242354;GSE242358,"SRA Run Selector","https://www.ncbi.nlm.nih.gov/Traces/study/?acc=SRX20997154",SRX20997154,"Euan Ashley","Sep 30, 2023"
GSM7759965,"rna-seq_hypoth_control_female_8w_biological_rep4_vial_90265015402","SRA","Rattus norvegicus",1,GPL25947,GSE242354;GSE242358,"SRA Run Selector","https://www.ncbi.nlm.nih.gov/Traces/study/?acc=SRX20997155",SRX20997155,"Euan Ashley","Sep 30, 2023"
GSM7759966,"rna-seq_hypoth_control_female_8w_biological_rep5_vial_90266015402","SRA","Rattus norvegicus",1,GPL25947,GSE242354;GSE242358,"SRA Run Selector","https://www.ncbi.nlm.nih.gov/Traces/study/?acc=SRX20997156",SRX20997156,"Euan Ashley","Sep 30, 2023"
GSM7759967,"rna-seq_hypoth_training_female_8w_biological_rep5_vial_90267015402","SRA","Rattus norvegicus",1,GPL25947,GSE242354;GSE242358,"SRA Run Selector","https://www.ncbi.nlm.nih.gov/Traces/study/?acc=SRX20997157",SRX20997157,"Euan Ashley","Sep 30, 2023"
GSM7759968,"rna-seq_hypoth_training_male_4w_biological_rep1_vial_90280015402","SRA","Rattus norvegicus",1,GPL25947,GSE242354;GSE242358,"SRA Run Selector","https://www.ncbi.nlm.nih.gov/Traces/study/?acc=SRX20997158",SRX20997158,"Euan Ashley","Sep 30, 2023"
GSM7759969,"rna-seq_hypoth_training_male_4w_biological_rep2_vial_90281015402","SRA","Rattus norvegicus",1,GPL25947,GSE242354;GSE242358,"SRA Run Selector","https://www.ncbi.nlm.nih.gov/Traces/study/?acc=SRX20997159",SRX20997159,"Euan Ashley","Sep 30, 2023"
GSM7759970,"rna-seq_hypoth_training_male_4w_biological_rep3_vial_90283015402","SRA","Rattus norvegicus",1,GPL25947,GSE242354;GSE242358,"SRA Run Selector","https://www.ncbi.nlm.nih.gov/Traces/study/?acc=SRX20997160",SRX20997160,"Euan Ashley","Sep 30, 2023"
GSM7759971,"rna-seq_hypoth_training_male_4w_biological_rep4_vial_90289015402","SRA","Rattus norvegicus",1,GPL25947,GSE242354;GSE242358,"SRA Run Selector","https://www.ncbi.nlm.nih.gov/Traces/study/?acc=SRX20997161",SRX20997161,"Euan Ashley","Sep 30, 2023"
GSM7759972,"rna-seq_hypoth_training_male_4w_biological_rep5_vial_90292015402","SRA","Rattus norvegicus",1,GPL25947,GSE242354;GSE242358,"SRA Run Selector","https://www.ncbi.nlm.nih.gov/Traces/study/?acc=SRX20997163",SRX20997163,"Euan Ashley","Sep 30, 2023"
GSM7759973,"rna-seq_hypoth_training_female_4w_biological_rep1_vial_90406015402","SRA","Rattus norvegicus",1,GPL25947,GSE242354;GSE242358,"SRA Run Selector","https://www.ncbi.nlm.nih.gov/Traces/study/?acc=SRX20997414",SRX20997414,"Euan Ashley","Sep 30, 2023"
GSM7759974,"rna-seq_hypoth_training_female_4w_biological_rep2_vial_90410015402","SRA","Rattus norvegicus",1,GPL25947,GSE242354;GSE242358,"SRA Run Selector","https://www.ncbi.nlm.nih.gov/Traces/study/?acc=SRX20997415",SRX20997415,"Euan Ashley","Sep 30, 2023"
GSM7759975,"rna-seq_hypoth_training_female_4w_biological_rep3_vial_90412015402","SRA","Rattus norvegicus",1,GPL25947,GSE242354;GSE242358,"SRA Run Selector","https://www.ncbi.nlm.nih.gov/Traces/study/?acc=SRX20997416",SRX20997416,"Euan Ashley","Sep 30, 2023"
GSM7759976,"rna-seq_hypoth_training_female_4w_biological_rep4_vial_90416015402","SRA","Rattus norvegicus",1,GPL25947,GSE242354;GSE242358,"SRA Run Selector","https://www.ncbi.nlm.nih.gov/Traces/study/?acc=SRX20997417",SRX20997417,"Euan Ashley","Sep 30, 2023"
GSM7759977,"rna-seq_hypoth_training_female_4w_biological_rep5_vial_90420015402","SRA","Rattus norvegicus",1,GPL25947,GSE242354;GSE242358,"SRA Run Selector","https://www.ncbi.nlm.nih.gov/Traces/study/?acc=SRX20997421",SRX20997421,"Euan Ashley","Sep 30, 2023"
GSM7759978,"rna-seq_hypoth_training_male_1w_biological_rep1_vial_90421015402","SRA","Rattus norvegicus",1,GPL25947,GSE242354;GSE242358,"SRA Run Selector","https://www.ncbi.nlm.nih.gov/Traces/study/?acc=SRX20997422",SRX20997422,"Euan Ashley","Sep 30, 2023"
GSM7759979,"rna-seq_hypoth_training_male_1w_biological_rep2_vial_90422015402","SRA","Rattus norvegicus",1,GPL25947,GSE242354;GSE242358,"SRA Run Selector","https://www.ncbi.nlm.nih.gov/Traces/study/?acc=SRX20997423",SRX20997423,"Euan Ashley","Sep 30, 2023"
GSM7759980,"rna-seq_hypoth_training_male_1w_biological_rep3_vial_90423015402","SRA","Rattus norvegicus",1,GPL25947,GSE242354;GSE242358,"SRA Run Selector","https://www.ncbi.nlm.nih.gov/Traces/study/?acc=SRX20997170",SRX20997170,"Euan Ashley","Sep 30, 2023"
GSM7759981,"rna-seq_hypoth_training_male_1w_biological_rep4_vial_90426015402","SRA","Rattus norvegicus",1,GPL25947,GSE242354;GSE242358,"SRA Run Selector","https://www.ncbi.nlm.nih.gov/Traces/study/?acc=SRX20997171",SRX20997171,"Euan Ashley","Sep 30, 2023"
GSM7759982,"rna-seq_hypoth_training_male_1w_biological_rep5_vial_90430015402","SRA","Rattus norvegicus",1,GPL25947,GSE242354;GSE242358,"SRA Run Selector","https://www.ncbi.nlm.nih.gov/Traces/study/?acc=SRX20997425",SRX20997425,"Euan Ashley","Sep 30, 2023"
GSM7759983,"rna-seq_hypoth_training_male_2w_biological_rep1_vial_90439015402","SRA","Rattus norvegicus",1,GPL25947,GSE242354;GSE242358,"SRA Run Selector","https://www.ncbi.nlm.nih.gov/Traces/study/?acc=SRX20997426",SRX20997426,"Euan Ashley","Sep 30, 2023"
GSM7759984,"rna-seq_hypoth_training_male_2w_biological_rep2_vial_90441015402","SRA","Rattus norvegicus",1,GPL25947,GSE242354;GSE242358,"SRA Run Selector","https://www.ncbi.nlm.nih.gov/Traces/study/?acc=SRX20997427",SRX20997427,"Euan Ashley","Sep 30, 2023"
GSM7759985,"rna-seq_hypoth_training_male_2w_biological_rep3_vial_90444015402","SRA","Rattus norvegicus",1,GPL25947,GSE242354;GSE242358,"SRA Run Selector","https://www.ncbi.nlm.nih.gov/Traces/study/?acc=SRX20997428",SRX20997428,"Euan Ashley","Sep 30, 2023"
GSM7759986,"rna-seq_hypoth_training_male_2w_biological_rep4_vial_90449015402","SRA","Rattus norvegicus",1,GPL25947,GSE242354;GSE242358,"SRA Run Selector","https://www.ncbi.nlm.nih.gov/Traces/study/?acc=SRX20997429",SRX20997429,"Euan Ashley","Sep 30, 2023"
GSM7759987,"rna-seq_hypoth_training_male_2w_biological_rep5_vial_90450015402","SRA","Rattus norvegicus",1,GPL25947,GSE242354;GSE242358,"SRA Run Selector","https://www.ncbi.nlm.nih.gov/Traces/study/?acc=SRX20997430",SRX20997430,"Euan Ashley","Sep 30, 2023"
GSM7759988,"rna-seq_hypoth_training_female_1w_biological_rep1_vial_90559015402","SRA","Rattus norvegicus",1,GPL25947,GSE242354;GSE242358,"SRA Run Selector","https://www.ncbi.nlm.nih.gov/Traces/study/?acc=SRX20997431",SRX20997431,"Euan Ashley","Sep 30, 2023"
GSM7759989,"rna-seq_hypoth_training_female_1w_biological_rep2_vial_90560015402","SRA","Rattus norvegicus",1,GPL25947,GSE242354;GSE242358,"SRA Run Selector","https://www.ncbi.nlm.nih.gov/Traces/study/?acc=SRX20997432",SRX20997432,"Euan Ashley","Sep 30, 2023"
GSM7759990,"rna-seq_hypoth_training_female_1w_biological_rep3_vial_90564015402","SRA","Rattus norvegicus",1,GPL25947,GSE242354;GSE242358,"SRA Run Selector","https://www.ncbi.nlm.nih.gov/Traces/study/?acc=SRX20997433",SRX20997433,"Euan Ashley","Sep 30, 2023"
GSM7759991,"rna-seq_hypoth_training_female_1w_biological_rep4_vial_90567015402","SRA","Rattus norvegicus",1,GPL25947,GSE242354;GSE242358,"SRA Run Selector","https://www.ncbi.nlm.nih.gov/Traces/study/?acc=SRX20997434",SRX20997434,"Euan Ashley","Sep 30, 2023"
GSM7759992,"rna-seq_hypoth_training_female_1w_biological_rep5_vial_90571015402","SRA","Rattus norvegicus",1,GPL25947,GSE242354;GSE242358,"SRA Run Selector","https://www.ncbi.nlm.nih.gov/Traces/study/?acc=SRX20997436",SRX20997436,"Euan Ashley","Sep 30, 2023"
GSM7759993,"rna-seq_hypoth_training_female_2w_biological_rep1_vial_90576015402","SRA","Rattus norvegicus",1,GPL25947,GSE242354;GSE242358,"SRA Run Selector","https://www.ncbi.nlm.nih.gov/Traces/study/?acc=SRX20997437",SRX20997437,"Euan Ashley","Sep 30, 2023"
GSM7759994,"rna-seq_hypoth_training_female_2w_biological_rep2_vial_90578015402","SRA","Rattus norvegicus",1,GPL25947,GSE242354;GSE242358,"SRA Run Selector","https://www.ncbi.nlm.nih.gov/Traces/study/?acc=SRX20997164",SRX20997164,"Euan Ashley","Sep 30, 2023"
GSM7759995,"rna-seq_hypoth_training_female_2w_biological_rep3_vial_90581015402","SRA","Rattus norvegicus",1,GPL25947,GSE242354;GSE242358,"SRA Run Selector","https://www.ncbi.nlm.nih.gov/Traces/study/?acc=SRX20997165",SRX20997165,"Euan Ashley","Sep 30, 2023"
GSM7759996,"rna-seq_hypoth_training_female_2w_biological_rep4_vial_90585015402","SRA","Rattus norvegicus",1,GPL25947,GSE242354;GSE242358,"SRA Run Selector","https://www.ncbi.nlm.nih.gov/Traces/study/?acc=SRX20997166",SRX20997166,"Euan Ashley","Sep 30, 2023"
GSM7759997,"rna-seq_hypoth_training_female_2w_biological_rep5_vial_90587015402","SRA","Rattus norvegicus",1,GPL25947,GSE242354;GSE242358,"SRA Run Selector","https://www.ncbi.nlm.nih.gov/Traces/study/?acc=SRX20997167",SRX20997167,"Euan Ashley","Sep 30, 2023"
GSM7759998,"rna-seq_skm-gn_control_male_8w_biological_rep1_vial_90217015512","SRA","Rattus norvegicus",1,GPL25947,GSE242354;GSE242358,"SRA Run Selector","https://www.ncbi.nlm.nih.gov/Traces/study/?acc=SRX20997168",SRX20997168,"Euan Ashley","Sep 30, 2023"
GSM7759999,"rna-seq_skm-gn_training_male_8w_biological_rep1_vial_90218015512","SRA","Rattus norvegicus",1,GPL25947,GSE242354;GSE242358,"SRA Run Selector","https://www.ncbi.nlm.nih.gov/Traces/study/?acc=SRX20997169",SRX20997169,"Euan Ashley","Sep 30, 2023"
GSM7760000,"rna-seq_skm-gn_training_male_8w_biological_rep2_vial_90222015512","SRA","Rattus norvegicus",1,GPL25947,GSE242354;GSE242358,"SRA Run Selector","https://www.ncbi.nlm.nih.gov/Traces/study/?acc=SRX20997833",SRX20997833,"Euan Ashley","Sep 30, 2023"
GSM7760001,"rna-seq_skm-gn_training_male_8w_biological_rep3_vial_90223015512","SRA","Rattus norvegicus",1,GPL25947,GSE242354;GSE242358,"SRA Run Selector","https://www.ncbi.nlm.nih.gov/Traces/study/?acc=SRX20997834",SRX20997834,"Euan Ashley","Sep 30, 2023"
GSM7760002,"rna-seq_skm-gn_training_male_8w_biological_rep4_vial_90225015512","SRA","Rattus norvegicus",1,GPL25947,GSE242354;GSE242358,"SRA Run Selector","https://www.ncbi.nlm.nih.gov/Traces/study/?acc=SRX20997172",SRX20997172,"Euan Ashley","Sep 30, 2023"
GSM7760003,"rna-seq_skm-gn_training_male_8w_biological_rep5_vial_90227015512","SRA","Rattus norvegicus",1,GPL25947,GSE242354;GSE242358,"SRA Run Selector","https://www.ncbi.nlm.nih.gov/Traces/study/?acc=SRX20997173",SRX20997173,"Euan Ashley","Sep 30, 2023"
GSM7760004,"rna-seq_skm-gn_control_male_8w_biological_rep2_vial_90229015512","SRA","Rattus norvegicus",1,GPL25947,GSE242354;GSE242358,"SRA Run Selector","https://www.ncbi.nlm.nih.gov/Traces/study/?acc=SRX20997174",SRX20997174,"Euan Ashley","Sep 30, 2023"
GSM7760005,"rna-seq_skm-gn_control_male_8w_biological_rep3_vial_90232015512","SRA","Rattus norvegicus",1,GPL25947,GSE242354;GSE242358,"SRA Run Selector","https://www.ncbi.nlm.nih.gov/Traces/study/?acc=SRX20997175",SRX20997175,"Euan Ashley","Sep 30, 2023"
GSM7760006,"rna-seq_skm-gn_control_male_8w_biological_rep4_vial_90237015512","SRA","Rattus norvegicus",1,GPL25947,GSE242354;GSE242358,"SRA Run Selector","https://www.ncbi.nlm.nih.gov/Traces/study/?acc=SRX20997176",SRX20997176,"Euan Ashley","Sep 30, 2023"
GSM7760007,"rna-seq_skm-gn_control_male_8w_biological_rep5_vial_90239015512","SRA","Rattus norvegicus",1,GPL25947,GSE242354;GSE242358,"SRA Run Selector","https://www.ncbi.nlm.nih.gov/Traces/study/?acc=SRX20997177",SRX20997177,"Euan Ashley","Sep 30, 2023"
GSM7760008,"rna-seq_skm-gn_control_female_8w_biological_rep1_vial_90245015512","SRA","Rattus norvegicus",1,GPL25947,GSE242354;GSE242358,"SRA Run Selector","https://www.ncbi.nlm.nih.gov/Traces/study/?acc=SRX20997178",SRX20997178,"Euan Ashley","Sep 30, 2023"
GSM7760009,"rna-seq_skm-gn_control_female_8w_biological_rep2_vial_90248015512","SRA","Rattus norvegicus",1,GPL25947,GSE242354;GSE242358,"SRA Run Selector","https://www.ncbi.nlm.nih.gov/Traces/study/?acc=SRX20997179",SRX20997179,"Euan Ashley","Sep 30, 2023"
GSM7760010,"rna-seq_skm-gn_training_female_8w_biological_rep1_vial_90251015512","SRA","Rattus norvegicus",1,GPL25947,GSE242354;GSE242358,"SRA Run Selector","https://www.ncbi.nlm.nih.gov/Traces/study/?acc=SRX20997180",SRX20997180,"Euan Ashley","Sep 30, 2023"
GSM7760011,"rna-seq_skm-gn_control_female_8w_biological_rep3_vial_90252015512","SRA","Rattus norvegicus",1,GPL25947,GSE242354;GSE242358,"SRA Run Selector","https://www.ncbi.nlm.nih.gov/Traces/study/?acc=SRX20997181",SRX20997181,"Euan Ashley","Sep 30, 2023"
GSM7760012,"rna-seq_skm-gn_training_female_8w_biological_rep2_vial_90254015512","SRA","Rattus norvegicus",1,GPL25947,GSE242354;GSE242358,"SRA Run Selector","https://www.ncbi.nlm.nih.gov/Traces/study/?acc=SRX20997183",SRX20997183,"Euan Ashley","Sep 30, 2023"
GSM7760013,"rna-seq_skm-gn_training_female_8w_biological_rep3_vial_90258015512","SRA","Rattus norvegicus",1,GPL25947,GSE242354;GSE242358,"SRA Run Selector","https://www.ncbi.nlm.nih.gov/Traces/study/?acc=SRX20997184",SRX20997184,"Euan Ashley","Sep 30, 2023"
GSM7760014,"rna-seq_skm-gn_training_female_8w_biological_rep4_vial_90259015512","SRA","Rattus norvegicus",1,GPL25947,GSE242354;GSE242358,"SRA Run Selector","https://www.ncbi.nlm.nih.gov/Traces/study/?acc=SRX20997185",SRX20997185,"Euan Ashley","Sep 30, 2023"
GSM7760015,"rna-seq_skm-gn_control_female_8w_biological_rep4_vial_90265015512","SRA","Rattus norvegicus",1,GPL25947,GSE242354;GSE242358,"SRA Run Selector","https://www.ncbi.nlm.nih.gov/Traces/study/?acc=SRX20997186",SRX20997186,"Euan Ashley","Sep 30, 2023"
GSM7760016,"rna-seq_skm-gn_control_female_8w_biological_rep5_vial_90266015512","SRA","Rattus norvegicus",1,GPL25947,GSE242354;GSE242358,"SRA Run Selector","https://www.ncbi.nlm.nih.gov/Traces/study/?acc=SRX20997187",SRX20997187,"Euan Ashley","Sep 30, 2023"
GSM7760017,"rna-seq_skm-gn_training_female_8w_biological_rep5_vial_90267015512","SRA","Rattus norvegicus",1,GPL25947,GSE242354;GSE242358,"SRA Run Selector","https://www.ncbi.nlm.nih.gov/Traces/study/?acc=SRX20997830",SRX20997830,"Euan Ashley","Sep 30, 2023"
GSM7760018,"rna-seq_skm-gn_training_male_4w_biological_rep1_vial_90280015512","SRA","Rattus norvegicus",1,GPL25947,GSE242354;GSE242358,"SRA Run Selector","https://www.ncbi.nlm.nih.gov/Traces/study/?acc=SRX20997831",SRX20997831,"Euan Ashley","Sep 30, 2023"
GSM7760019,"rna-seq_skm-gn_training_male_4w_biological_rep2_vial_90281015512","SRA","Rattus norvegicus",1,GPL25947,GSE242354;GSE242358,"SRA Run Selector","https://www.ncbi.nlm.nih.gov/Traces/study/?acc=SRX20997832",SRX20997832,"Euan Ashley","Sep 30, 2023"
GSM7760020,"rna-seq_skm-gn_training_male_4w_biological_rep3_vial_90283015512","SRA","Rattus norvegicus",1,GPL25947,GSE242354;GSE242358,"SRA Run Selector","https://www.ncbi.nlm.nih.gov/Traces/study/?acc=SRX20997189",SRX20997189,"Euan Ashley","Sep 30, 2023"
GSM7760021,"rna-seq_skm-gn_training_male_4w_biological_rep4_vial_90289015512","SRA","Rattus norvegicus",1,GPL25947,GSE242354;GSE242358,"SRA Run Selector","https://www.ncbi.nlm.nih.gov/Traces/study/?acc=SRX20997190",SRX20997190,"Euan Ashley","Sep 30, 2023"
GSM7760022,"rna-seq_skm-gn_training_male_4w_biological_rep5_vial_90292015512","SRA","Rattus norvegicus",1,GPL25947,GSE242354;GSE242358,"SRA Run Selector","https://www.ncbi.nlm.nih.gov/Traces/study/?acc=SRX20997836",SRX20997836,"Euan Ashley","Sep 30, 2023"
GSM7760023,"rna-seq_skm-gn_training_female_4w_biological_rep1_vial_90406015512","SRA","Rattus norvegicus",1,GPL25947,GSE242354;GSE242358,"SRA Run Selector","https://www.ncbi.nlm.nih.gov/Traces/study/?acc=SRX20997837",SRX20997837,"Euan Ashley","Sep 30, 2023"
GSM7760024,"rna-seq_skm-gn_training_female_4w_biological_rep2_vial_90410015512","SRA","Rattus norvegicus",1,GPL25947,GSE242354;GSE242358,"SRA Run Selector","https://www.ncbi.nlm.nih.gov/Traces/study/?acc=SRX20997838",SRX20997838,"Euan Ashley","Sep 30, 2023"
GSM7760025,"rna-seq_skm-gn_training_female_4w_biological_rep3_vial_90412015512","SRA","Rattus norvegicus",1,GPL25947,GSE242354;GSE242358,"SRA Run Selector","https://www.ncbi.nlm.nih.gov/Traces/study/?acc=SRX20997839",SRX20997839,"Euan Ashley","Sep 30, 2023"
GSM7760026,"rna-seq_skm-gn_training_female_4w_biological_rep4_vial_90416015512","SRA","Rattus norvegicus",1,GPL25947,GSE242354;GSE242358,"SRA Run Selector","https://www.ncbi.nlm.nih.gov/Traces/study/?acc=SRX20997840",SRX20997840,"Euan Ashley","Sep 30, 2023"
GSM7760027,"rna-seq_skm-gn_training_female_4w_biological_rep5_vial_90420015512","SRA","Rattus norvegicus",1,GPL25947,GSE242354;GSE242358,"SRA Run Selector","https://www.ncbi.nlm.nih.gov/Traces/study/?acc=SRX20997841",SRX20997841,"Euan Ashley","Sep 30, 2023"
GSM7760028,"rna-seq_skm-gn_training_male_1w_biological_rep1_vial_90421015512","SRA","Rattus norvegicus",1,GPL25947,GSE242354;GSE242358,"SRA Run Selector","https://www.ncbi.nlm.nih.gov/Traces/study/?acc=SRX20997842",SRX20997842,"Euan Ashley","Sep 30, 2023"
GSM7760029,"rna-seq_skm-gn_training_male_1w_biological_rep2_vial_90422015512","SRA","Rattus norvegicus",1,GPL25947,GSE242354;GSE242358,"SRA Run Selector","https://www.ncbi.nlm.nih.gov/Traces/study/?acc=SRX20997843",SRX20997843,"Euan Ashley","Sep 30, 2023"
GSM7760030,"rna-seq_skm-gn_training_male_1w_biological_rep3_vial_90423015512","SRA","Rattus norvegicus",1,GPL25947,GSE242354;GSE242358,"SRA Run Selector","https://www.ncbi.nlm.nih.gov/Traces/study/?acc=SRX20997844",SRX20997844,"Euan Ashley","Sep 30, 2023"
GSM7760031,"rna-seq_skm-gn_training_male_1w_biological_rep4_vial_90426015512","SRA","Rattus norvegicus",1,GPL25947,GSE242354;GSE242358,"SRA Run Selector","https://www.ncbi.nlm.nih.gov/Traces/study/?acc=SRX20997845",SRX20997845,"Euan Ashley","Sep 30, 2023"
GSM7760032,"rna-seq_skm-gn_training_male_1w_biological_rep5_vial_90430015512","SRA","Rattus norvegicus",1,GPL25947,GSE242354;GSE242358,"SRA Run Selector","https://www.ncbi.nlm.nih.gov/Traces/study/?acc=SRX20997847",SRX20997847,"Euan Ashley","Sep 30, 2023"
GSM7760033,"rna-seq_skm-gn_training_male_2w_biological_rep1_vial_90439015512","SRA","Rattus norvegicus",1,GPL25947,GSE242354;GSE242358,"SRA Run Selector","https://www.ncbi.nlm.nih.gov/Traces/study/?acc=SRX20997848",SRX20997848,"Euan Ashley","Sep 30, 2023"
GSM7760034,"rna-seq_skm-gn_training_male_2w_biological_rep2_vial_90441015512","SRA","Rattus norvegicus",1,GPL25947,GSE242354;GSE242358,"SRA Run Selector","https://www.ncbi.nlm.nih.gov/Traces/study/?acc=SRX20997849",SRX20997849,"Euan Ashley","Sep 30, 2023"
GSM7760035,"rna-seq_skm-gn_training_male_2w_biological_rep3_vial_90444015512","SRA","Rattus norvegicus",1,GPL25947,GSE242354;GSE242358,"SRA Run Selector","https://www.ncbi.nlm.nih.gov/Traces/study/?acc=SRX20997850",SRX20997850,"Euan Ashley","Sep 30, 2023"
GSM7760036,"rna-seq_skm-gn_training_male_2w_biological_rep4_vial_90449015512","SRA","Rattus norvegicus",1,GPL25947,GSE242354;GSE242358,"SRA Run Selector","https://www.ncbi.nlm.nih.gov/Traces/study/?acc=SRX20997851",SRX20997851,"Euan Ashley","Sep 30, 2023"
GSM7760037,"rna-seq_skm-gn_training_male_2w_biological_rep5_vial_90450015512","SRA","Rattus norvegicus",1,GPL25947,GSE242354;GSE242358,"SRA Run Selector","https://www.ncbi.nlm.nih.gov/Traces/study/?acc=SRX20997852",SRX20997852,"Euan Ashley","Sep 30, 2023"
GSM7760038,"rna-seq_skm-gn_training_female_1w_biological_rep1_vial_90559015512","SRA","Rattus norvegicus",1,GPL25947,GSE242354;GSE242358,"SRA Run Selector","https://www.ncbi.nlm.nih.gov/Traces/study/?acc=SRX20997853",SRX20997853,"Euan Ashley","Sep 30, 2023"
GSM7760039,"rna-seq_skm-gn_training_female_1w_biological_rep2_vial_90560015512","SRA","Rattus norvegicus",1,GPL25947,GSE242354;GSE242358,"SRA Run Selector","https://www.ncbi.nlm.nih.gov/Traces/study/?acc=SRX20997188",SRX20997188,"Euan Ashley","Sep 30, 2023"
GSM7760040,"rna-seq_skm-gn_training_female_1w_biological_rep3_vial_90564015512","SRA","Rattus norvegicus",1,GPL25947,GSE242354;GSE242358,"SRA Run Selector","https://www.ncbi.nlm.nih.gov/Traces/study/?acc=SRX20997211",SRX20997211,"Euan Ashley","Sep 30, 2023"
GSM7760041,"rna-seq_skm-gn_training_female_1w_biological_rep4_vial_90567015512","SRA","Rattus norvegicus",1,GPL25947,GSE242354;GSE242358,"SRA Run Selector","https://www.ncbi.nlm.nih.gov/Traces/study/?acc=SRX20997438",SRX20997438,"Euan Ashley","Sep 30, 2023"
GSM7760042,"rna-seq_skm-gn_training_female_1w_biological_rep5_vial_90571015512","SRA","Rattus norvegicus",1,GPL25947,GSE242354;GSE242358,"SRA Run Selector","https://www.ncbi.nlm.nih.gov/Traces/study/?acc=SRX20997192",SRX20997192,"Euan Ashley","Sep 30, 2023"
GSM7760043,"rna-seq_skm-gn_training_female_2w_biological_rep1_vial_90576015512","SRA","Rattus norvegicus",1,GPL25947,GSE242354;GSE242358,"SRA Run Selector","https://www.ncbi.nlm.nih.gov/Traces/study/?acc=SRX20997193",SRX20997193,"Euan Ashley","Sep 30, 2023"
GSM7760044,"rna-seq_skm-gn_training_female_2w_biological_rep2_vial_90578015512","SRA","Rattus norvegicus",1,GPL25947,GSE242354;GSE242358,"SRA Run Selector","https://www.ncbi.nlm.nih.gov/Traces/study/?acc=SRX20997194",SRX20997194,"Euan Ashley","Sep 30, 2023"
GSM7760045,"rna-seq_skm-gn_training_female_2w_biological_rep3_vial_90581015512","SRA","Rattus norvegicus",1,GPL25947,GSE242354;GSE242358,"SRA Run Selector","https://www.ncbi.nlm.nih.gov/Traces/study/?acc=SRX20997195",SRX20997195,"Euan Ashley","Sep 30, 2023"
GSM7760046,"rna-seq_skm-gn_training_female_2w_biological_rep4_vial_90585015512","SRA","Rattus norvegicus",1,GPL25947,GSE242354;GSE242358,"SRA Run Selector","https://www.ncbi.nlm.nih.gov/Traces/study/?acc=SRX20997197",SRX20997197,"Euan Ashley","Sep 30, 2023"
GSM7760047,"rna-seq_skm-gn_training_female_2w_biological_rep5_vial_90587015512","SRA","Rattus norvegicus",1,GPL25947,GSE242354;GSE242358,"SRA Run Selector","https://www.ncbi.nlm.nih.gov/Traces/study/?acc=SRX20997198",SRX20997198,"Euan Ashley","Sep 30, 2023"
GSM7760048,"rna-seq_skm-vl_control_male_8w_biological_rep1_vial_90217015603","SRA","Rattus norvegicus",1,GPL25947,GSE242354;GSE242358,"SRA Run Selector","https://www.ncbi.nlm.nih.gov/Traces/study/?acc=SRX20997199",SRX20997199,"Euan Ashley","Sep 30, 2023"
GSM7760049,"rna-seq_skm-vl_training_male_8w_biological_rep1_vial_90218015603","SRA","Rattus norvegicus",1,GPL25947,GSE242354;GSE242358,"SRA Run Selector","https://www.ncbi.nlm.nih.gov/Traces/study/?acc=SRX20997200",SRX20997200,"Euan Ashley","Sep 30, 2023"
GSM7760050,"rna-seq_skm-vl_training_male_8w_biological_rep2_vial_90222015603","SRA","Rattus norvegicus",1,GPL25947,GSE242354;GSE242358,"SRA Run Selector","https://www.ncbi.nlm.nih.gov/Traces/study/?acc=SRX20997201",SRX20997201,"Euan Ashley","Sep 30, 2023"
GSM7760051,"rna-seq_skm-vl_training_male_8w_biological_rep3_vial_90223015603","SRA","Rattus norvegicus",1,GPL25947,GSE242354;GSE242358,"SRA Run Selector","https://www.ncbi.nlm.nih.gov/Traces/study/?acc=SRX20997202",SRX20997202,"Euan Ashley","Sep 30, 2023"
GSM7760052,"rna-seq_skm-vl_training_male_8w_biological_rep4_vial_90225015603","SRA","Rattus norvegicus",1,GPL25947,GSE242354;GSE242358,"SRA Run Selector","https://www.ncbi.nlm.nih.gov/Traces/study/?acc=SRX20997203",SRX20997203,"Euan Ashley","Sep 30, 2023"
GSM7760053,"rna-seq_skm-vl_training_male_8w_biological_rep5_vial_90227015603","SRA","Rattus norvegicus",1,GPL25947,GSE242354;GSE242358,"SRA Run Selector","https://www.ncbi.nlm.nih.gov/Traces/study/?acc=SRX20997204",SRX20997204,"Euan Ashley","Sep 30, 2023"
GSM7760054,"rna-seq_skm-vl_control_male_8w_biological_rep2_vial_90229015603","SRA","Rattus norvegicus",1,GPL25947,GSE242354;GSE242358,"SRA Run Selector","https://www.ncbi.nlm.nih.gov/Traces/study/?acc=SRX20997205",SRX20997205,"Euan Ashley","Sep 30, 2023"
GSM7760055,"rna-seq_skm-vl_control_male_8w_biological_rep3_vial_90232015603","SRA","Rattus norvegicus",1,GPL25947,GSE242354;GSE242358,"SRA Run Selector","https://www.ncbi.nlm.nih.gov/Traces/study/?acc=SRX20997206",SRX20997206,"Euan Ashley","Sep 30, 2023"
GSM7760056,"rna-seq_skm-vl_control_male_8w_biological_rep4_vial_90237015603","SRA","Rattus norvegicus",1,GPL25947,GSE242354;GSE242358,"SRA Run Selector","https://www.ncbi.nlm.nih.gov/Traces/study/?acc=SRX20997207",SRX20997207,"Euan Ashley","Sep 30, 2023"
GSM7760057,"rna-seq_skm-vl_control_male_8w_biological_rep5_vial_90239015603","SRA","Rattus norvegicus",1,GPL25947,GSE242354;GSE242358,"SRA Run Selector","https://www.ncbi.nlm.nih.gov/Traces/study/?acc=SRX20997208",SRX20997208,"Euan Ashley","Sep 30, 2023"
GSM7760058,"rna-seq_skm-vl_control_female_8w_biological_rep1_vial_90245015603","SRA","Rattus norvegicus",1,GPL25947,GSE242354;GSE242358,"SRA Run Selector","https://www.ncbi.nlm.nih.gov/Traces/study/?acc=SRX20997209",SRX20997209,"Euan Ashley","Sep 30, 2023"
GSM7760059,"rna-seq_skm-vl_control_female_8w_biological_rep2_vial_90248015603","SRA","Rattus norvegicus",1,GPL25947,GSE242354;GSE242358,"SRA Run Selector","https://www.ncbi.nlm.nih.gov/Traces/study/?acc=SRX20997210",SRX20997210,"Euan Ashley","Sep 30, 2023"
GSM7760060,"rna-seq_skm-vl_training_female_8w_biological_rep1_vial_90251015603","SRA","Rattus norvegicus",1,GPL25947,GSE242354;GSE242358,"SRA Run Selector","https://www.ncbi.nlm.nih.gov/Traces/study/?acc=SRX20997459",SRX20997459,"Euan Ashley","Sep 30, 2023"
GSM7760061,"rna-seq_skm-vl_control_female_8w_biological_rep3_vial_90252015603","SRA","Rattus norvegicus",1,GPL25947,GSE242354;GSE242358,"SRA Run Selector","https://www.ncbi.nlm.nih.gov/Traces/study/?acc=SRX20997893",SRX20997893,"Euan Ashley","Sep 30, 2023"
GSM7760062,"rna-seq_skm-vl_training_female_8w_biological_rep2_vial_90254015603","SRA","Rattus norvegicus",1,GPL25947,GSE242354;GSE242358,"SRA Run Selector","https://www.ncbi.nlm.nih.gov/Traces/study/?acc=SRX20997308",SRX20997308,"Euan Ashley","Sep 30, 2023"
GSM7760063,"rna-seq_skm-vl_training_female_8w_biological_rep3_vial_90258015603","SRA","Rattus norvegicus",1,GPL25947,GSE242354;GSE242358,"SRA Run Selector","https://www.ncbi.nlm.nih.gov/Traces/study/?acc=SRX20997441",SRX20997441,"Euan Ashley","Sep 30, 2023"
GSM7760064,"rna-seq_skm-vl_training_female_8w_biological_rep4_vial_90259015603","SRA","Rattus norvegicus",1,GPL25947,GSE242354;GSE242358,"SRA Run Selector","https://www.ncbi.nlm.nih.gov/Traces/study/?acc=SRX20997442",SRX20997442,"Euan Ashley","Sep 30, 2023"
GSM7760065,"rna-seq_skm-vl_control_female_8w_biological_rep4_vial_90265015603","SRA","Rattus norvegicus",1,GPL25947,GSE242354;GSE242358,"SRA Run Selector","https://www.ncbi.nlm.nih.gov/Traces/study/?acc=SRX20997443",SRX20997443,"Euan Ashley","Sep 30, 2023"
GSM7760066,"rna-seq_skm-vl_control_female_8w_biological_rep5_vial_90266015603","SRA","Rattus norvegicus",1,GPL25947,GSE242354;GSE242358,"SRA Run Selector","https://www.ncbi.nlm.nih.gov/Traces/study/?acc=SRX20997444",SRX20997444,"Euan Ashley","Sep 30, 2023"
GSM7760067,"rna-seq_skm-vl_training_female_8w_biological_rep5_vial_90267015603","SRA","Rattus norvegicus",1,GPL25947,GSE242354;GSE242358,"SRA Run Selector","https://www.ncbi.nlm.nih.gov/Traces/study/?acc=SRX20997445",SRX20997445,"Euan Ashley","Sep 30, 2023"
GSM7760068,"rna-seq_skm-vl_training_male_4w_biological_rep1_vial_90280015603","SRA","Rattus norvegicus",1,GPL25947,GSE242354;GSE242358,"SRA Run Selector","https://www.ncbi.nlm.nih.gov/Traces/study/?acc=SRX20997446",SRX20997446,"Euan Ashley","Sep 30, 2023"
GSM7760069,"rna-seq_skm-vl_training_male_4w_biological_rep2_vial_90281015603","SRA","Rattus norvegicus",1,GPL25947,GSE242354;GSE242358,"SRA Run Selector","https://www.ncbi.nlm.nih.gov/Traces/study/?acc=SRX20997447",SRX20997447,"Euan Ashley","Sep 30, 2023"
GSM7760070,"rna-seq_skm-vl_training_male_4w_biological_rep3_vial_90283015603","SRA","Rattus norvegicus",1,GPL25947,GSE242354;GSE242358,"SRA Run Selector","https://www.ncbi.nlm.nih.gov/Traces/study/?acc=SRX20997448",SRX20997448,"Euan Ashley","Sep 30, 2023"
GSM7760071,"rna-seq_skm-vl_training_male_4w_biological_rep4_vial_90289015603","SRA","Rattus norvegicus",1,GPL25947,GSE242354;GSE242358,"SRA Run Selector","https://www.ncbi.nlm.nih.gov/Traces/study/?acc=SRX20997449",SRX20997449,"Euan Ashley","Sep 30, 2023"
GSM7760072,"rna-seq_skm-vl_training_male_4w_biological_rep5_vial_90292015603","SRA","Rattus norvegicus",1,GPL25947,GSE242354;GSE242358,"SRA Run Selector","https://www.ncbi.nlm.nih.gov/Traces/study/?acc=SRX20997450",SRX20997450,"Euan Ashley","Sep 30, 2023"
GSM7760073,"rna-seq_skm-vl_training_female_4w_biological_rep1_vial_90406015603","SRA","Rattus norvegicus",1,GPL25947,GSE242354;GSE242358,"SRA Run Selector","https://www.ncbi.nlm.nih.gov/Traces/study/?acc=SRX20997452",SRX20997452,"Euan Ashley","Sep 30, 2023"
GSM7760074,"rna-seq_skm-vl_training_female_4w_biological_rep2_vial_90410015603","SRA","Rattus norvegicus",1,GPL25947,GSE242354;GSE242358,"SRA Run Selector","https://www.ncbi.nlm.nih.gov/Traces/study/?acc=SRX20997453",SRX20997453,"Euan Ashley","Sep 30, 2023"
GSM7760075,"rna-seq_skm-vl_training_female_4w_biological_rep3_vial_90412015603","SRA","Rattus norvegicus",1,GPL25947,GSE242354;GSE242358,"SRA Run Selector","https://www.ncbi.nlm.nih.gov/Traces/study/?acc=SRX20997454",SRX20997454,"Euan Ashley","Sep 30, 2023"
GSM7760076,"rna-seq_skm-vl_training_female_4w_biological_rep4_vial_90416015603","SRA","Rattus norvegicus",1,GPL25947,GSE242354;GSE242358,"SRA Run Selector","https://www.ncbi.nlm.nih.gov/Traces/study/?acc=SRX20997455",SRX20997455,"Euan Ashley","Sep 30, 2023"
GSM7760077,"rna-seq_skm-vl_training_female_4w_biological_rep5_vial_90420015603","SRA","Rattus norvegicus",1,GPL25947,GSE242354;GSE242358,"SRA Run Selector","https://www.ncbi.nlm.nih.gov/Traces/study/?acc=SRX20997456",SRX20997456,"Euan Ashley","Sep 30, 2023"
GSM7760078,"rna-seq_skm-vl_training_male_1w_biological_rep1_vial_90421015603","SRA","Rattus norvegicus",1,GPL25947,GSE242354;GSE242358,"SRA Run Selector","https://www.ncbi.nlm.nih.gov/Traces/study/?acc=SRX20997457",SRX20997457,"Euan Ashley","Sep 30, 2023"
GSM7760079,"rna-seq_skm-vl_training_male_1w_biological_rep2_vial_90422015603","SRA","Rattus norvegicus",1,GPL25947,GSE242354;GSE242358,"SRA Run Selector","https://www.ncbi.nlm.nih.gov/Traces/study/?acc=SRX20997458",SRX20997458,"Euan Ashley","Sep 30, 2023"
GSM7760080,"rna-seq_skm-vl_training_male_1w_biological_rep3_vial_90423015603","SRA","Rattus norvegicus",1,GPL25947,GSE242354;GSE242358,"SRA Run Selector","https://www.ncbi.nlm.nih.gov/Traces/study/?acc=SRX20997460",SRX20997460,"Euan Ashley","Sep 30, 2023"
GSM7760081,"rna-seq_skm-vl_training_male_1w_biological_rep4_vial_90426015603","SRA","Rattus norvegicus",1,GPL25947,GSE242354;GSE242358,"SRA Run Selector","https://www.ncbi.nlm.nih.gov/Traces/study/?acc=SRX20997331",SRX20997331,"Euan Ashley","Sep 30, 2023"
GSM7760082,"rna-seq_skm-vl_training_male_1w_biological_rep5_vial_90430015603","SRA","Rattus norvegicus",1,GPL25947,GSE242354;GSE242358,"SRA Run Selector","https://www.ncbi.nlm.nih.gov/Traces/study/?acc=SRX20997212",SRX20997212,"Euan Ashley","Sep 30, 2023"
GSM7760083,"rna-seq_skm-vl_training_male_2w_biological_rep1_vial_90439015603","SRA","Rattus norvegicus",1,GPL25947,GSE242354;GSE242358,"SRA Run Selector","https://www.ncbi.nlm.nih.gov/Traces/study/?acc=SRX20997311",SRX20997311,"Euan Ashley","Sep 30, 2023"
GSM7760084,"rna-seq_skm-vl_training_male_2w_biological_rep2_vial_90441015603","SRA","Rattus norvegicus",1,GPL25947,GSE242354;GSE242358,"SRA Run Selector","https://www.ncbi.nlm.nih.gov/Traces/study/?acc=SRX20997312",SRX20997312,"Euan Ashley","Sep 30, 2023"
GSM7760085,"rna-seq_skm-vl_training_male_2w_biological_rep3_vial_90444015603","SRA","Rattus norvegicus",1,GPL25947,GSE242354;GSE242358,"SRA Run Selector","https://www.ncbi.nlm.nih.gov/Traces/study/?acc=SRX20997313",SRX20997313,"Euan Ashley","Sep 30, 2023"
GSM7760086,"rna-seq_skm-vl_training_male_2w_biological_rep4_vial_90449015603","SRA","Rattus norvegicus",1,GPL25947,GSE242354;GSE242358,"SRA Run Selector","https://www.ncbi.nlm.nih.gov/Traces/study/?acc=SRX20997314",SRX20997314,"Euan Ashley","Sep 30, 2023"
GSM7760087,"rna-seq_skm-vl_training_male_2w_biological_rep5_vial_90450015603","SRA","Rattus norvegicus",1,GPL25947,GSE242354;GSE242358,"SRA Run Selector","https://www.ncbi.nlm.nih.gov/Traces/study/?acc=SRX20997315",SRX20997315,"Euan Ashley","Sep 30, 2023"
GSM7760088,"rna-seq_skm-vl_training_female_1w_biological_rep1_vial_90559015603","SRA","Rattus norvegicus",1,GPL25947,GSE242354;GSE242358,"SRA Run Selector","https://www.ncbi.nlm.nih.gov/Traces/study/?acc=SRX20997316",SRX20997316,"Euan Ashley","Sep 30, 2023"
GSM7760089,"rna-seq_skm-vl_training_female_1w_biological_rep2_vial_90560015603","SRA","Rattus norvegicus",1,GPL25947,GSE242354;GSE242358,"SRA Run Selector","https://www.ncbi.nlm.nih.gov/Traces/study/?acc=SRX20997317",SRX20997317,"Euan Ashley","Sep 30, 2023"
GSM7760090,"rna-seq_skm-vl_training_female_1w_biological_rep3_vial_90564015603","SRA","Rattus norvegicus",1,GPL25947,GSE242354;GSE242358,"SRA Run Selector","https://www.ncbi.nlm.nih.gov/Traces/study/?acc=SRX20997318",SRX20997318,"Euan Ashley","Sep 30, 2023"
GSM7760091,"rna-seq_skm-vl_training_female_1w_biological_rep4_vial_90567015603","SRA","Rattus norvegicus",1,GPL25947,GSE242354;GSE242358,"SRA Run Selector","https://www.ncbi.nlm.nih.gov/Traces/study/?acc=SRX20997319",SRX20997319,"Euan Ashley","Sep 30, 2023"
GSM7760092,"rna-seq_skm-vl_training_female_1w_biological_rep5_vial_90571015603","SRA","Rattus norvegicus",1,GPL25947,GSE242354;GSE242358,"SRA Run Selector","https://www.ncbi.nlm.nih.gov/Traces/study/?acc=SRX20997320",SRX20997320,"Euan Ashley","Sep 30, 2023"
GSM7760093,"rna-seq_skm-vl_training_female_2w_biological_rep1_vial_90576015603","SRA","Rattus norvegicus",1,GPL25947,GSE242354;GSE242358,"SRA Run Selector","https://www.ncbi.nlm.nih.gov/Traces/study/?acc=SRX20997322",SRX20997322,"Euan Ashley","Sep 30, 2023"
GSM7760094,"rna-seq_skm-vl_training_female_2w_biological_rep2_vial_90578015603","SRA","Rattus norvegicus",1,GPL25947,GSE242354;GSE242358,"SRA Run Selector","https://www.ncbi.nlm.nih.gov/Traces/study/?acc=SRX20997323",SRX20997323,"Euan Ashley","Sep 30, 2023"
GSM7760095,"rna-seq_skm-vl_training_female_2w_biological_rep3_vial_90581015603","SRA","Rattus norvegicus",1,GPL25947,GSE242354;GSE242358,"SRA Run Selector","https://www.ncbi.nlm.nih.gov/Traces/study/?acc=SRX20997324",SRX20997324,"Euan Ashley","Sep 30, 2023"
GSM7760096,"rna-seq_skm-vl_training_female_2w_biological_rep4_vial_90585015603","SRA","Rattus norvegicus",1,GPL25947,GSE242354;GSE242358,"SRA Run Selector","https://www.ncbi.nlm.nih.gov/Traces/study/?acc=SRX20997326",SRX20997326,"Euan Ashley","Sep 30, 2023"
GSM7760097,"rna-seq_skm-vl_training_female_2w_biological_rep5_vial_90587015603","SRA","Rattus norvegicus",1,GPL25947,GSE242354;GSE242358,"SRA Run Selector","https://www.ncbi.nlm.nih.gov/Traces/study/?acc=SRX20997327",SRX20997327,"Euan Ashley","Sep 30, 2023"
GSM7760098,"rna-seq_heart_control_male_8w_biological_rep1_vial_90217015803","SRA","Rattus norvegicus",1,GPL25947,GSE242354;GSE242358,"SRA Run Selector","https://www.ncbi.nlm.nih.gov/Traces/study/?acc=SRX20997328",SRX20997328,"Euan Ashley","Sep 30, 2023"
GSM7760099,"rna-seq_heart_training_male_8w_biological_rep1_vial_90218015803","SRA","Rattus norvegicus",1,GPL25947,GSE242354;GSE242358,"SRA Run Selector","https://www.ncbi.nlm.nih.gov/Traces/study/?acc=SRX20997329",SRX20997329,"Euan Ashley","Sep 30, 2023"
GSM7760100,"rna-seq_heart_training_male_8w_biological_rep2_vial_90222015803","SRA","Rattus norvegicus",1,GPL25947,GSE242354;GSE242358,"SRA Run Selector","https://www.ncbi.nlm.nih.gov/Traces/study/?acc=SRX20997330",SRX20997330,"Euan Ashley","Sep 30, 2023"
GSM7760101,"rna-seq_heart_training_male_8w_biological_rep3_vial_90223015803","SRA","Rattus norvegicus",1,GPL25947,GSE242354;GSE242358,"SRA Run Selector","https://www.ncbi.nlm.nih.gov/Traces/study/?acc=SRX20997229",SRX20997229,"Euan Ashley","Sep 30, 2023"
GSM7760102,"rna-seq_heart_training_male_8w_biological_rep4_vial_90225015803","SRA","Rattus norvegicus",1,GPL25947,GSE242354;GSE242358,"SRA Run Selector","https://www.ncbi.nlm.nih.gov/Traces/study/?acc=SRX20997230",SRX20997230,"Euan Ashley","Sep 30, 2023"
GSM7760103,"rna-seq_heart_training_male_8w_biological_rep5_vial_90227015803","SRA","Rattus norvegicus",1,GPL25947,GSE242354;GSE242358,"SRA Run Selector","https://www.ncbi.nlm.nih.gov/Traces/study/?acc=SRX20997213",SRX20997213,"Euan Ashley","Sep 30, 2023"
GSM7760104,"rna-seq_heart_control_male_8w_biological_rep2_vial_90229015803","SRA","Rattus norvegicus",1,GPL25947,GSE242354;GSE242358,"SRA Run Selector","https://www.ncbi.nlm.nih.gov/Traces/study/?acc=SRX20997214",SRX20997214,"Euan Ashley","Sep 30, 2023"
GSM7760105,"rna-seq_heart_control_male_8w_biological_rep3_vial_90232015803","SRA","Rattus norvegicus",1,GPL25947,GSE242354;GSE242358,"SRA Run Selector","https://www.ncbi.nlm.nih.gov/Traces/study/?acc=SRX20997215",SRX20997215,"Euan Ashley","Sep 30, 2023"
GSM7760106,"rna-seq_heart_control_male_8w_biological_rep4_vial_90237015803","SRA","Rattus norvegicus",1,GPL25947,GSE242354;GSE242358,"SRA Run Selector","https://www.ncbi.nlm.nih.gov/Traces/study/?acc=SRX20997216",SRX20997216,"Euan Ashley","Sep 30, 2023"
GSM7760107,"rna-seq_heart_control_male_8w_biological_rep5_vial_90239015803","SRA","Rattus norvegicus",1,GPL25947,GSE242354;GSE242358,"SRA Run Selector","https://www.ncbi.nlm.nih.gov/Traces/study/?acc=SRX20997217",SRX20997217,"Euan Ashley","Sep 30, 2023"
GSM7760108,"rna-seq_heart_control_female_8w_biological_rep1_vial_90245015803","SRA","Rattus norvegicus",1,GPL25947,GSE242354;GSE242358,"SRA Run Selector","https://www.ncbi.nlm.nih.gov/Traces/study/?acc=SRX20997218",SRX20997218,"Euan Ashley","Sep 30, 2023"
GSM7760109,"rna-seq_heart_control_female_8w_biological_rep2_vial_90248015803","SRA","Rattus norvegicus",1,GPL25947,GSE242354;GSE242358,"SRA Run Selector","https://www.ncbi.nlm.nih.gov/Traces/study/?acc=SRX20997219",SRX20997219,"Euan Ashley","Sep 30, 2023"
GSM7760110,"rna-seq_heart_training_female_8w_biological_rep1_vial_90251015803","SRA","Rattus norvegicus",1,GPL25947,GSE242354;GSE242358,"SRA Run Selector","https://www.ncbi.nlm.nih.gov/Traces/study/?acc=SRX20997220",SRX20997220,"Euan Ashley","Sep 30, 2023"
GSM7760111,"rna-seq_heart_control_female_8w_biological_rep3_vial_90252015803","SRA","Rattus norvegicus",1,GPL25947,GSE242354;GSE242358,"SRA Run Selector","https://www.ncbi.nlm.nih.gov/Traces/study/?acc=SRX20997221",SRX20997221,"Euan Ashley","Sep 30, 2023"
GSM7760112,"rna-seq_heart_training_female_8w_biological_rep2_vial_90254015803","SRA","Rattus norvegicus",1,GPL25947,GSE242354;GSE242358,"SRA Run Selector","https://www.ncbi.nlm.nih.gov/Traces/study/?acc=SRX20997222",SRX20997222,"Euan Ashley","Sep 30, 2023"
GSM7760113,"rna-seq_heart_training_female_8w_biological_rep3_vial_90258015803","SRA","Rattus norvegicus",1,GPL25947,GSE242354;GSE242358,"SRA Run Selector","https://www.ncbi.nlm.nih.gov/Traces/study/?acc=SRX20997224",SRX20997224,"Euan Ashley","Sep 30, 2023"
GSM7760114,"rna-seq_heart_training_female_8w_biological_rep4_vial_90259015803","SRA","Rattus norvegicus",1,GPL25947,GSE242354;GSE242358,"SRA Run Selector","https://www.ncbi.nlm.nih.gov/Traces/study/?acc=SRX20997225",SRX20997225,"Euan Ashley","Sep 30, 2023"
GSM7760115,"rna-seq_heart_control_female_8w_biological_rep4_vial_90265015803","SRA","Rattus norvegicus",1,GPL25947,GSE242354;GSE242358,"SRA Run Selector","https://www.ncbi.nlm.nih.gov/Traces/study/?acc=SRX20997226",SRX20997226,"Euan Ashley","Sep 30, 2023"
GSM7760116,"rna-seq_heart_control_female_8w_biological_rep5_vial_90266015803","SRA","Rattus norvegicus",1,GPL25947,GSE242354;GSE242358,"SRA Run Selector","https://www.ncbi.nlm.nih.gov/Traces/study/?acc=SRX20997227",SRX20997227,"Euan Ashley","Sep 30, 2023"
GSM7760117,"rna-seq_heart_training_female_8w_biological_rep5_vial_90267015803","SRA","Rattus norvegicus",1,GPL25947,GSE242354;GSE242358,"SRA Run Selector","https://www.ncbi.nlm.nih.gov/Traces/study/?acc=SRX20997228",SRX20997228,"Euan Ashley","Sep 30, 2023"
GSM7760118,"rna-seq_heart_training_male_4w_biological_rep1_vial_90280015803","SRA","Rattus norvegicus",1,GPL25947,GSE242354;GSE242358,"SRA Run Selector","https://www.ncbi.nlm.nih.gov/Traces/study/?acc=SRX20997818",SRX20997818,"Euan Ashley","Sep 30, 2023"
GSM7760119,"rna-seq_heart_training_male_4w_biological_rep2_vial_90281015803","SRA","Rattus norvegicus",1,GPL25947,GSE242354;GSE242358,"SRA Run Selector","https://www.ncbi.nlm.nih.gov/Traces/study/?acc=SRX20997819",SRX20997819,"Euan Ashley","Sep 30, 2023"
GSM7760120,"rna-seq_heart_training_male_4w_biological_rep3_vial_90283015803","SRA","Rattus norvegicus",1,GPL25947,GSE242354;GSE242358,"SRA Run Selector","https://www.ncbi.nlm.nih.gov/Traces/study/?acc=SRX20997820",SRX20997820,"Euan Ashley","Sep 30, 2023"
GSM7760121,"rna-seq_heart_training_male_4w_biological_rep4_vial_90289015803","SRA","Rattus norvegicus",1,GPL25947,GSE242354;GSE242358,"SRA Run Selector","https://www.ncbi.nlm.nih.gov/Traces/study/?acc=SRX20997821",SRX20997821,"Euan Ashley","Sep 30, 2023"
GSM7760122,"rna-seq_heart_training_male_4w_biological_rep5_vial_90292015803","SRA","Rattus norvegicus",1,GPL25947,GSE242354;GSE242358,"SRA Run Selector","https://www.ncbi.nlm.nih.gov/Traces/study/?acc=SRX20997822",SRX20997822,"Euan Ashley","Sep 30, 2023"
GSM7760123,"rna-seq_heart_training_female_4w_biological_rep1_vial_90406015803","SRA","Rattus norvegicus",1,GPL25947,GSE242354;GSE242358,"SRA Run Selector","https://www.ncbi.nlm.nih.gov/Traces/study/?acc=SRX20997232",SRX20997232,"Euan Ashley","Sep 30, 2023"
GSM7760124,"rna-seq_heart_training_female_4w_biological_rep2_vial_90410015803","SRA","Rattus norvegicus",1,GPL25947,GSE242354;GSE242358,"SRA Run Selector","https://www.ncbi.nlm.nih.gov/Traces/study/?acc=SRX20997233",SRX20997233,"Euan Ashley","Sep 30, 2023"
GSM7760125,"rna-seq_heart_training_female_4w_biological_rep3_vial_90412015803","SRA","Rattus norvegicus",1,GPL25947,GSE242354;GSE242358,"SRA Run Selector","https://www.ncbi.nlm.nih.gov/Traces/study/?acc=SRX20997234",SRX20997234,"Euan Ashley","Sep 30, 2023"
GSM7760126,"rna-seq_heart_training_female_4w_biological_rep4_vial_90416015803","SRA","Rattus norvegicus",1,GPL25947,GSE242354;GSE242358,"SRA Run Selector","https://www.ncbi.nlm.nih.gov/Traces/study/?acc=SRX20997235",SRX20997235,"Euan Ashley","Sep 30, 2023"
GSM7760127,"rna-seq_heart_training_female_4w_biological_rep5_vial_90420015803","SRA","Rattus norvegicus",1,GPL25947,GSE242354;GSE242358,"SRA Run Selector","https://www.ncbi.nlm.nih.gov/Traces/study/?acc=SRX20997806",SRX20997806,"Euan Ashley","Sep 30, 2023"
GSM7760128,"rna-seq_heart_training_male_1w_biological_rep1_vial_90421015803","SRA","Rattus norvegicus",1,GPL25947,GSE242354;GSE242358,"SRA Run Selector","https://www.ncbi.nlm.nih.gov/Traces/study/?acc=SRX20997807",SRX20997807,"Euan Ashley","Sep 30, 2023"
GSM7760129,"rna-seq_heart_training_male_1w_biological_rep2_vial_90422015803","SRA","Rattus norvegicus",1,GPL25947,GSE242354;GSE242358,"SRA Run Selector","https://www.ncbi.nlm.nih.gov/Traces/study/?acc=SRX20997808",SRX20997808,"Euan Ashley","Sep 30, 2023"
GSM7760130,"rna-seq_heart_training_male_1w_biological_rep3_vial_90423015803","SRA","Rattus norvegicus",1,GPL25947,GSE242354;GSE242358,"SRA Run Selector","https://www.ncbi.nlm.nih.gov/Traces/study/?acc=SRX20997809",SRX20997809,"Euan Ashley","Sep 30, 2023"
GSM7760131,"rna-seq_heart_training_male_1w_biological_rep4_vial_90426015803","SRA","Rattus norvegicus",1,GPL25947,GSE242354;GSE242358,"SRA Run Selector","https://www.ncbi.nlm.nih.gov/Traces/study/?acc=SRX20997810",SRX20997810,"Euan Ashley","Sep 30, 2023"
GSM7760132,"rna-seq_heart_training_male_1w_biological_rep5_vial_90430015803","SRA","Rattus norvegicus",1,GPL25947,GSE242354;GSE242358,"SRA Run Selector","https://www.ncbi.nlm.nih.gov/Traces/study/?acc=SRX20997811",SRX20997811,"Euan Ashley","Sep 30, 2023"
GSM7760133,"rna-seq_heart_training_male_2w_biological_rep1_vial_90439015803","SRA","Rattus norvegicus",1,GPL25947,GSE242354;GSE242358,"SRA Run Selector","https://www.ncbi.nlm.nih.gov/Traces/study/?acc=SRX20997813",SRX20997813,"Euan Ashley","Sep 30, 2023"
GSM7760134,"rna-seq_heart_training_male_2w_biological_rep2_vial_90441015803","SRA","Rattus norvegicus",1,GPL25947,GSE242354;GSE242358,"SRA Run Selector","https://www.ncbi.nlm.nih.gov/Traces/study/?acc=SRX20997814",SRX20997814,"Euan Ashley","Sep 30, 2023"
GSM7760135,"rna-seq_heart_training_male_2w_biological_rep3_vial_90444015803","SRA","Rattus norvegicus",1,GPL25947,GSE242354;GSE242358,"SRA Run Selector","https://www.ncbi.nlm.nih.gov/Traces/study/?acc=SRX20997815",SRX20997815,"Euan Ashley","Sep 30, 2023"
GSM7760136,"rna-seq_heart_training_male_2w_biological_rep4_vial_90449015803","SRA","Rattus norvegicus",1,GPL25947,GSE242354;GSE242358,"SRA Run Selector","https://www.ncbi.nlm.nih.gov/Traces/study/?acc=SRX20997816",SRX20997816,"Euan Ashley","Sep 30, 2023"
GSM7760137,"rna-seq_heart_training_male_2w_biological_rep5_vial_90450015803","SRA","Rattus norvegicus",1,GPL25947,GSE242354;GSE242358,"SRA Run Selector","https://www.ncbi.nlm.nih.gov/Traces/study/?acc=SRX20997817",SRX20997817,"Euan Ashley","Sep 30, 2023"
GSM7760138,"rna-seq_heart_training_female_1w_biological_rep1_vial_90559015803","SRA","Rattus norvegicus",1,GPL25947,GSE242354;GSE242358,"SRA Run Selector","https://www.ncbi.nlm.nih.gov/Traces/study/?acc=SRX20997474",SRX20997474,"Euan Ashley","Sep 30, 2023"
GSM7760139,"rna-seq_heart_training_female_1w_biological_rep2_vial_90560015803","SRA","Rattus norvegicus",1,GPL25947,GSE242354;GSE242358,"SRA Run Selector","https://www.ncbi.nlm.nih.gov/Traces/study/?acc=SRX20997475",SRX20997475,"Euan Ashley","Sep 30, 2023"
GSM7760140,"rna-seq_heart_training_female_1w_biological_rep3_vial_90564015803","SRA","Rattus norvegicus",1,GPL25947,GSE242354;GSE242358,"SRA Run Selector","https://www.ncbi.nlm.nih.gov/Traces/study/?acc=SRX20997476",SRX20997476,"Euan Ashley","Sep 30, 2023"
GSM7760141,"rna-seq_heart_training_female_1w_biological_rep4_vial_90567015803","SRA","Rattus norvegicus",1,GPL25947,GSE242354;GSE242358,"SRA Run Selector","https://www.ncbi.nlm.nih.gov/Traces/study/?acc=SRX20997824",SRX20997824,"Euan Ashley","Sep 30, 2023"
GSM7760142,"rna-seq_heart_training_female_1w_biological_rep5_vial_90571015803","SRA","Rattus norvegicus",1,GPL25947,GSE242354;GSE242358,"SRA Run Selector","https://www.ncbi.nlm.nih.gov/Traces/study/?acc=SRX20997825",SRX20997825,"Euan Ashley","Sep 30, 2023"
GSM7760143,"rna-seq_heart_training_female_2w_biological_rep1_vial_90576015803","SRA","Rattus norvegicus",1,GPL25947,GSE242354;GSE242358,"SRA Run Selector","https://www.ncbi.nlm.nih.gov/Traces/study/?acc=SRX20997827",SRX20997827,"Euan Ashley","Sep 30, 2023"
GSM7760144,"rna-seq_heart_training_female_2w_biological_rep2_vial_90578015803","SRA","Rattus norvegicus",1,GPL25947,GSE242354;GSE242358,"SRA Run Selector","https://www.ncbi.nlm.nih.gov/Traces/study/?acc=SRX20997828",SRX20997828,"Euan Ashley","Sep 30, 2023"
GSM7760145,"rna-seq_heart_training_female_2w_biological_rep3_vial_90581015803","SRA","Rattus norvegicus",1,GPL25947,GSE242354;GSE242358,"SRA Run Selector","https://www.ncbi.nlm.nih.gov/Traces/study/?acc=SRX20997829",SRX20997829,"Euan Ashley","Sep 30, 2023"
GSM7760146,"rna-seq_heart_training_female_2w_biological_rep4_vial_90585015803","SRA","Rattus norvegicus",1,GPL25947,GSE242354;GSE242358,"SRA Run Selector","https://www.ncbi.nlm.nih.gov/Traces/study/?acc=SRX20997461",SRX20997461,"Euan Ashley","Sep 30, 2023"
GSM7760147,"rna-seq_kidney_training_male_8w_biological_rep4_vial_90225015902","SRA","Rattus norvegicus",1,GPL25947,GSE242354;GSE242358,"SRA Run Selector","https://www.ncbi.nlm.nih.gov/Traces/study/?acc=SRX20997467",SRX20997467,"Euan Ashley","Sep 30, 2023"
GSM7760148,"rna-seq_kidney_training_male_8w_biological_rep5_vial_90227015902","SRA","Rattus norvegicus",1,GPL25947,GSE242354;GSE242358,"SRA Run Selector","https://www.ncbi.nlm.nih.gov/Traces/study/?acc=SRX20997469",SRX20997469,"Euan Ashley","Sep 30, 2023"
GSM7760149,"rna-seq_kidney_control_male_8w_biological_rep2_vial_90229015902","SRA","Rattus norvegicus",1,GPL25947,GSE242354;GSE242358,"SRA Run Selector","https://www.ncbi.nlm.nih.gov/Traces/study/?acc=SRX20997470",SRX20997470,"Euan Ashley","Sep 30, 2023"
GSM7760150,"rna-seq_kidney_control_male_8w_biological_rep3_vial_90232015902","SRA","Rattus norvegicus",1,GPL25947,GSE242354;GSE242358,"SRA Run Selector","https://www.ncbi.nlm.nih.gov/Traces/study/?acc=SRX20997471",SRX20997471,"Euan Ashley","Sep 30, 2023"
GSM7760151,"rna-seq_kidney_control_male_8w_biological_rep4_vial_90237015902","SRA","Rattus norvegicus",1,GPL25947,GSE242354;GSE242358,"SRA Run Selector","https://www.ncbi.nlm.nih.gov/Traces/study/?acc=SRX20997472",SRX20997472,"Euan Ashley","Sep 30, 2023"
GSM7760152,"rna-seq_kidney_control_male_8w_biological_rep5_vial_90239015902","SRA","Rattus norvegicus",1,GPL25947,GSE242354;GSE242358,"SRA Run Selector","https://www.ncbi.nlm.nih.gov/Traces/study/?acc=SRX20997473",SRX20997473,"Euan Ashley","Sep 30, 2023"
GSM7760153,"rna-seq_kidney_control_female_8w_biological_rep1_vial_90245015902","SRA","Rattus norvegicus",1,GPL25947,GSE242354;GSE242358,"SRA Run Selector","https://www.ncbi.nlm.nih.gov/Traces/study/?acc=SRX20997390",SRX20997390,"Euan Ashley","Sep 30, 2023"
GSM7760154,"rna-seq_kidney_control_female_8w_biological_rep2_vial_90248015902","SRA","Rattus norvegicus",1,GPL25947,GSE242354;GSE242358,"SRA Run Selector","https://www.ncbi.nlm.nih.gov/Traces/study/?acc=SRX20997392",SRX20997392,"Euan Ashley","Sep 30, 2023"
GSM7760155,"rna-seq_kidney_training_female_8w_biological_rep1_vial_90251015902","SRA","Rattus norvegicus",1,GPL25947,GSE242354;GSE242358,"SRA Run Selector","https://www.ncbi.nlm.nih.gov/Traces/study/?acc=SRX20997393",SRX20997393,"Euan Ashley","Sep 30, 2023"
GSM7760156,"rna-seq_kidney_control_female_8w_biological_rep3_vial_90252015902","SRA","Rattus norvegicus",1,GPL25947,GSE242354;GSE242358,"SRA Run Selector","https://www.ncbi.nlm.nih.gov/Traces/study/?acc=SRX20997477",SRX20997477,"Euan Ashley","Sep 30, 2023"
GSM7760157,"rna-seq_kidney_training_female_8w_biological_rep2_vial_90254015902","SRA","Rattus norvegicus",1,GPL25947,GSE242354;GSE242358,"SRA Run Selector","https://www.ncbi.nlm.nih.gov/Traces/study/?acc=SRX20997478",SRX20997478,"Euan Ashley","Sep 30, 2023"
GSM7760158,"rna-seq_kidney_training_female_8w_biological_rep3_vial_90258015902","SRA","Rattus norvegicus",1,GPL25947,GSE242354;GSE242358,"SRA Run Selector","https://www.ncbi.nlm.nih.gov/Traces/study/?acc=SRX20997480",SRX20997480,"Euan Ashley","Sep 30, 2023"
GSM7760159,"rna-seq_kidney_training_female_8w_biological_rep4_vial_90259015902","SRA","Rattus norvegicus",1,GPL25947,GSE242354;GSE242358,"SRA Run Selector","https://www.ncbi.nlm.nih.gov/Traces/study/?acc=SRX20997481",SRX20997481,"Euan Ashley","Sep 30, 2023"
GSM7760160,"rna-seq_kidney_control_female_8w_biological_rep4_vial_90265015902","SRA","Rattus norvegicus",1,GPL25947,GSE242354;GSE242358,"SRA Run Selector","https://www.ncbi.nlm.nih.gov/Traces/study/?acc=SRX20997482",SRX20997482,"Euan Ashley","Sep 30, 2023"
GSM7760161,"rna-seq_kidney_control_female_8w_biological_rep5_vial_90266015902","SRA","Rattus norvegicus",1,GPL25947,GSE242354;GSE242358,"SRA Run Selector","https://www.ncbi.nlm.nih.gov/Traces/study/?acc=SRX20997483",SRX20997483,"Euan Ashley","Sep 30, 2023"
GSM7760162,"rna-seq_kidney_training_female_8w_biological_rep5_vial_90267015902","SRA","Rattus norvegicus",1,GPL25947,GSE242354;GSE242358,"SRA Run Selector","https://www.ncbi.nlm.nih.gov/Traces/study/?acc=SRX20997484",SRX20997484,"Euan Ashley","Sep 30, 2023"
GSM7760163,"rna-seq_kidney_training_male_4w_biological_rep1_vial_90280015902","SRA","Rattus norvegicus",1,GPL25947,GSE242354;GSE242358,"SRA Run Selector","https://www.ncbi.nlm.nih.gov/Traces/study/?acc=SRX20997380",SRX20997380,"Euan Ashley","Sep 30, 2023"
GSM7760164,"rna-seq_kidney_training_male_4w_biological_rep2_vial_90281015902","SRA","Rattus norvegicus",1,GPL25947,GSE242354;GSE242358,"SRA Run Selector","https://www.ncbi.nlm.nih.gov/Traces/study/?acc=SRX20997381",SRX20997381,"Euan Ashley","Sep 30, 2023"
GSM7760165,"rna-seq_kidney_training_male_4w_biological_rep3_vial_90283015902","SRA","Rattus norvegicus",1,GPL25947,GSE242354;GSE242358,"SRA Run Selector","https://www.ncbi.nlm.nih.gov/Traces/study/?acc=SRX20997382",SRX20997382,"Euan Ashley","Sep 30, 2023"
GSM7760166,"rna-seq_kidney_training_male_4w_biological_rep4_vial_90289015902","SRA","Rattus norvegicus",1,GPL25947,GSE242354;GSE242358,"SRA Run Selector","https://www.ncbi.nlm.nih.gov/Traces/study/?acc=SRX20997383",SRX20997383,"Euan Ashley","Sep 30, 2023"
GSM7760167,"rna-seq_kidney_training_male_4w_biological_rep5_vial_90292015902","SRA","Rattus norvegicus",1,GPL25947,GSE242354;GSE242358,"SRA Run Selector","https://www.ncbi.nlm.nih.gov/Traces/study/?acc=SRX20997384",SRX20997384,"Euan Ashley","Sep 30, 2023"
GSM7760168,"rna-seq_kidney_training_female_4w_biological_rep1_vial_90406015902","SRA","Rattus norvegicus",1,GPL25947,GSE242354;GSE242358,"SRA Run Selector","https://www.ncbi.nlm.nih.gov/Traces/study/?acc=SRX20997386",SRX20997386,"Euan Ashley","Sep 30, 2023"
GSM7760169,"rna-seq_kidney_training_female_4w_biological_rep2_vial_90410015902","SRA","Rattus norvegicus",1,GPL25947,GSE242354;GSE242358,"SRA Run Selector","https://www.ncbi.nlm.nih.gov/Traces/study/?acc=SRX20997387",SRX20997387,"Euan Ashley","Sep 30, 2023"
GSM7760170,"rna-seq_kidney_training_female_4w_biological_rep3_vial_90412015902","SRA","Rattus norvegicus",1,GPL25947,GSE242354;GSE242358,"SRA Run Selector","https://www.ncbi.nlm.nih.gov/Traces/study/?acc=SRX20997388",SRX20997388,"Euan Ashley","Sep 30, 2023"
GSM7760171,"rna-seq_kidney_training_female_4w_biological_rep4_vial_90416015902","SRA","Rattus norvegicus",1,GPL25947,GSE242354;GSE242358,"SRA Run Selector","https://www.ncbi.nlm.nih.gov/Traces/study/?acc=SRX20997389",SRX20997389,"Euan Ashley","Sep 30, 2023"
GSM7760172,"rna-seq_kidney_training_female_4w_biological_rep5_vial_90420015902","SRA","Rattus norvegicus",1,GPL25947,GSE242354;GSE242358,"SRA Run Selector","https://www.ncbi.nlm.nih.gov/Traces/study/?acc=SRX20997391",SRX20997391,"Euan Ashley","Sep 30, 2023"
GSM7760173,"rna-seq_kidney_training_male_1w_biological_rep1_vial_90421015902","SRA","Rattus norvegicus",1,GPL25947,GSE242354;GSE242358,"SRA Run Selector","https://www.ncbi.nlm.nih.gov/Traces/study/?acc=SRX20996984",SRX20996984,"Euan Ashley","Sep 30, 2023"
GSM7760174,"rna-seq_kidney_training_male_1w_biological_rep2_vial_90422015902","SRA","Rattus norvegicus",1,GPL25947,GSE242354;GSE242358,"SRA Run Selector","https://www.ncbi.nlm.nih.gov/Traces/study/?acc=SRX20996985",SRX20996985,"Euan Ashley","Sep 30, 2023"
GSM7760175,"rna-seq_kidney_training_male_1w_biological_rep3_vial_90423015902","SRA","Rattus norvegicus",1,GPL25947,GSE242354;GSE242358,"SRA Run Selector","https://www.ncbi.nlm.nih.gov/Traces/study/?acc=SRX20997394",SRX20997394,"Euan Ashley","Sep 30, 2023"
GSM7760176,"rna-seq_kidney_training_male_1w_biological_rep4_vial_90426015902","SRA","Rattus norvegicus",1,GPL25947,GSE242354;GSE242358,"SRA Run Selector","https://www.ncbi.nlm.nih.gov/Traces/study/?acc=SRX20997395",SRX20997395,"Euan Ashley","Sep 30, 2023"
GSM7760177,"rna-seq_kidney_training_male_1w_biological_rep5_vial_90430015902","SRA","Rattus norvegicus",1,GPL25947,GSE242354;GSE242358,"SRA Run Selector","https://www.ncbi.nlm.nih.gov/Traces/study/?acc=SRX20997396",SRX20997396,"Euan Ashley","Sep 30, 2023"
GSM7760178,"rna-seq_kidney_training_male_2w_biological_rep1_vial_90439015902","SRA","Rattus norvegicus",1,GPL25947,GSE242354;GSE242358,"SRA Run Selector","https://www.ncbi.nlm.nih.gov/Traces/study/?acc=SRX20997398",SRX20997398,"Euan Ashley","Sep 30, 2023"
GSM7760179,"rna-seq_kidney_training_male_2w_biological_rep2_vial_90441015902","SRA","Rattus norvegicus",1,GPL25947,GSE242354;GSE242358,"SRA Run Selector","https://www.ncbi.nlm.nih.gov/Traces/study/?acc=SRX20997399",SRX20997399,"Euan Ashley","Sep 30, 2023"
GSM7760180,"rna-seq_kidney_training_male_2w_biological_rep3_vial_90444015902","SRA","Rattus norvegicus",1,GPL25947,GSE242354;GSE242358,"SRA Run Selector","https://www.ncbi.nlm.nih.gov/Traces/study/?acc=SRX20997400",SRX20997400,"Euan Ashley","Sep 30, 2023"
GSM7760181,"rna-seq_kidney_training_male_2w_biological_rep4_vial_90449015902","SRA","Rattus norvegicus",1,GPL25947,GSE242354;GSE242358,"SRA Run Selector","https://www.ncbi.nlm.nih.gov/Traces/study/?acc=SRX20997401",SRX20997401,"Euan Ashley","Sep 30, 2023"
GSM7760182,"rna-seq_kidney_training_male_2w_biological_rep5_vial_90450015902","SRA","Rattus norvegicus",1,GPL25947,GSE242354;GSE242358,"SRA Run Selector","https://www.ncbi.nlm.nih.gov/Traces/study/?acc=SRX20997402",SRX20997402,"Euan Ashley","Sep 30, 2023"
GSM7760183,"rna-seq_kidney_training_female_1w_biological_rep1_vial_90559015902","SRA","Rattus norvegicus",1,GPL25947,GSE242354;GSE242358,"SRA Run Selector","https://www.ncbi.nlm.nih.gov/Traces/study/?acc=SRX20997403",SRX20997403,"Euan Ashley","Sep 30, 2023"
GSM7760184,"rna-seq_kidney_training_female_1w_biological_rep2_vial_90560015902","SRA","Rattus norvegicus",1,GPL25947,GSE242354;GSE242358,"SRA Run Selector","https://www.ncbi.nlm.nih.gov/Traces/study/?acc=SRX20997629",SRX20997629,"Euan Ashley","Sep 30, 2023"
GSM7760185,"rna-seq_kidney_training_female_1w_biological_rep3_vial_90564015902","SRA","Rattus norvegicus",1,GPL25947,GSE242354;GSE242358,"SRA Run Selector","https://www.ncbi.nlm.nih.gov/Traces/study/?acc=SRX20996975",SRX20996975,"Euan Ashley","Sep 30, 2023"
GSM7760186,"rna-seq_kidney_training_female_1w_biological_rep4_vial_90567015902","SRA","Rattus norvegicus",1,GPL25947,GSE242354;GSE242358,"SRA Run Selector","https://www.ncbi.nlm.nih.gov/Traces/study/?acc=SRX20996976",SRX20996976,"Euan Ashley","Sep 30, 2023"
GSM7760187,"rna-seq_kidney_training_female_1w_biological_rep5_vial_90571015902","SRA","Rattus norvegicus",1,GPL25947,GSE242354;GSE242358,"SRA Run Selector","https://www.ncbi.nlm.nih.gov/Traces/study/?acc=SRX20996977",SRX20996977,"Euan Ashley","Sep 30, 2023"
GSM7760188,"rna-seq_kidney_training_female_2w_biological_rep1_vial_90576015902","SRA","Rattus norvegicus",1,GPL25947,GSE242354;GSE242358,"SRA Run Selector","https://www.ncbi.nlm.nih.gov/Traces/study/?acc=SRX20996979",SRX20996979,"Euan Ashley","Sep 30, 2023"
GSM7760189,"rna-seq_kidney_training_female_2w_biological_rep2_vial_90578015902","SRA","Rattus norvegicus",1,GPL25947,GSE242354;GSE242358,"SRA Run Selector","https://www.ncbi.nlm.nih.gov/Traces/study/?acc=SRX20996980",SRX20996980,"Euan Ashley","Sep 30, 2023"
GSM7760190,"rna-seq_kidney_training_female_2w_biological_rep3_vial_90581015902","SRA","Rattus norvegicus",1,GPL25947,GSE242354;GSE242358,"SRA Run Selector","https://www.ncbi.nlm.nih.gov/Traces/study/?acc=SRX20996981",SRX20996981,"Euan Ashley","Sep 30, 2023"
GSM7760191,"rna-seq_kidney_training_female_2w_biological_rep4_vial_90585015902","SRA","Rattus norvegicus",1,GPL25947,GSE242354;GSE242358,"SRA Run Selector","https://www.ncbi.nlm.nih.gov/Traces/study/?acc=SRX20996982",SRX20996982,"Euan Ashley","Sep 30, 2023"
GSM7760192,"rna-seq_kidney_training_female_2w_biological_rep5_vial_90587015902","SRA","Rattus norvegicus",1,GPL25947,GSE242354;GSE242358,"SRA Run Selector","https://www.ncbi.nlm.nih.gov/Traces/study/?acc=SRX20996983",SRX20996983,"Euan Ashley","Sep 30, 2023"
GSM7760193,"rna-seq_adrnl_control_male_8w_biological_rep1_vial_90217016002","SRA","Rattus norvegicus",1,GPL25947,GSE242354;GSE242358,"SRA Run Selector","https://www.ncbi.nlm.nih.gov/Traces/study/?acc=SRX20997516",SRX20997516,"Euan Ashley","Sep 30, 2023"
GSM7760194,"rna-seq_adrnl_training_male_8w_biological_rep1_vial_90218016002","SRA","Rattus norvegicus",1,GPL25947,GSE242354;GSE242358,"SRA Run Selector","https://www.ncbi.nlm.nih.gov/Traces/study/?acc=SRX20997517",SRX20997517,"Euan Ashley","Sep 30, 2023"
GSM7760195,"rna-seq_adrnl_training_male_8w_biological_rep2_vial_90222016002","SRA","Rattus norvegicus",1,GPL25947,GSE242354;GSE242358,"SRA Run Selector","https://www.ncbi.nlm.nih.gov/Traces/study/?acc=SRX20997518",SRX20997518,"Euan Ashley","Sep 30, 2023"
GSM7760196,"rna-seq_adrnl_training_male_8w_biological_rep3_vial_90223016002","SRA","Rattus norvegicus",1,GPL25947,GSE242354;GSE242358,"SRA Run Selector","https://www.ncbi.nlm.nih.gov/Traces/study/?acc=SRX20996986",SRX20996986,"Euan Ashley","Sep 30, 2023"
GSM7760197,"rna-seq_adrnl_training_male_8w_biological_rep4_vial_90225016002","SRA","Rattus norvegicus",1,GPL25947,GSE242354;GSE242358,"SRA Run Selector","https://www.ncbi.nlm.nih.gov/Traces/study/?acc=SRX20996987",SRX20996987,"Euan Ashley","Sep 30, 2023"
GSM7760198,"rna-seq_adrnl_training_male_8w_biological_rep5_vial_90227016002","SRA","Rattus norvegicus",1,GPL25947,GSE242354;GSE242358,"SRA Run Selector","https://www.ncbi.nlm.nih.gov/Traces/study/?acc=SRX20996989",SRX20996989,"Euan Ashley","Sep 30, 2023"
GSM7760199,"rna-seq_adrnl_control_male_8w_biological_rep2_vial_90229016002","SRA","Rattus norvegicus",1,GPL25947,GSE242354;GSE242358,"SRA Run Selector","https://www.ncbi.nlm.nih.gov/Traces/study/?acc=SRX20996990",SRX20996990,"Euan Ashley","Sep 30, 2023"
GSM7760200,"rna-seq_adrnl_control_male_8w_biological_rep3_vial_90232016002","SRA","Rattus norvegicus",1,GPL25947,GSE242354;GSE242358,"SRA Run Selector","https://www.ncbi.nlm.nih.gov/Traces/study/?acc=SRX20996991",SRX20996991,"Euan Ashley","Sep 30, 2023"
GSM7760201,"rna-seq_adrnl_control_male_8w_biological_rep4_vial_90237016002","SRA","Rattus norvegicus",1,GPL25947,GSE242354;GSE242358,"SRA Run Selector","https://www.ncbi.nlm.nih.gov/Traces/study/?acc=SRX20996992",SRX20996992,"Euan Ashley","Sep 30, 2023"
GSM7760202,"rna-seq_adrnl_control_male_8w_biological_rep5_vial_90239016002","SRA","Rattus norvegicus",1,GPL25947,GSE242354;GSE242358,"SRA Run Selector","https://www.ncbi.nlm.nih.gov/Traces/study/?acc=SRX20996993",SRX20996993,"Euan Ashley","Sep 30, 2023"
GSM7760203,"rna-seq_adrnl_control_female_8w_biological_rep1_vial_90245016002","SRA","Rattus norvegicus",1,GPL25947,GSE242354;GSE242358,"SRA Run Selector","https://www.ncbi.nlm.nih.gov/Traces/study/?acc=SRX20996994",SRX20996994,"Euan Ashley","Sep 30, 2023"
GSM7760204,"rna-seq_adrnl_control_female_8w_biological_rep2_vial_90248016002","SRA","Rattus norvegicus",1,GPL25947,GSE242354;GSE242358,"SRA Run Selector","https://www.ncbi.nlm.nih.gov/Traces/study/?acc=SRX20996995",SRX20996995,"Euan Ashley","Sep 30, 2023"
GSM7760205,"rna-seq_adrnl_training_female_8w_biological_rep1_vial_90251016002","SRA","Rattus norvegicus",1,GPL25947,GSE242354;GSE242358,"SRA Run Selector","https://www.ncbi.nlm.nih.gov/Traces/study/?acc=SRX20996996",SRX20996996,"Euan Ashley","Sep 30, 2023"
GSM7760206,"rna-seq_adrnl_control_female_8w_biological_rep3_vial_90252016002","SRA","Rattus norvegicus",1,GPL25947,GSE242354;GSE242358,"SRA Run Selector","https://www.ncbi.nlm.nih.gov/Traces/study/?acc=SRX20996997",SRX20996997,"Euan Ashley","Sep 30, 2023"
GSM7760207,"rna-seq_adrnl_training_female_8w_biological_rep2_vial_90254016002","SRA","Rattus norvegicus",1,GPL25947,GSE242354;GSE242358,"SRA Run Selector","https://www.ncbi.nlm.nih.gov/Traces/study/?acc=SRX20997509",SRX20997509,"Euan Ashley","Sep 30, 2023"
GSM7760208,"rna-seq_adrnl_training_female_8w_biological_rep3_vial_90258016002","SRA","Rattus norvegicus",1,GPL25947,GSE242354;GSE242358,"SRA Run Selector","https://www.ncbi.nlm.nih.gov/Traces/study/?acc=SRX20997511",SRX20997511,"Euan Ashley","Sep 30, 2023"
GSM7760209,"rna-seq_adrnl_training_female_8w_biological_rep4_vial_90259016002","SRA","Rattus norvegicus",1,GPL25947,GSE242354;GSE242358,"SRA Run Selector","https://www.ncbi.nlm.nih.gov/Traces/study/?acc=SRX20997512",SRX20997512,"Euan Ashley","Sep 30, 2023"
GSM7760210,"rna-seq_adrnl_control_female_8w_biological_rep4_vial_90265016002","SRA","Rattus norvegicus",1,GPL25947,GSE242354;GSE242358,"SRA Run Selector","https://www.ncbi.nlm.nih.gov/Traces/study/?acc=SRX20997513",SRX20997513,"Euan Ashley","Sep 30, 2023"
GSM7760211,"rna-seq_adrnl_control_female_8w_biological_rep5_vial_90266016002","SRA","Rattus norvegicus",1,GPL25947,GSE242354;GSE242358,"SRA Run Selector","https://www.ncbi.nlm.nih.gov/Traces/study/?acc=SRX20997514",SRX20997514,"Euan Ashley","Sep 30, 2023"
GSM7760212,"rna-seq_adrnl_training_female_8w_biological_rep5_vial_90267016002","SRA","Rattus norvegicus",1,GPL25947,GSE242354;GSE242358,"SRA Run Selector","https://www.ncbi.nlm.nih.gov/Traces/study/?acc=SRX20997515",SRX20997515,"Euan Ashley","Sep 30, 2023"
GSM7760213,"rna-seq_adrnl_training_male_4w_biological_rep1_vial_90280016002","SRA","Rattus norvegicus",1,GPL25947,GSE242354;GSE242358,"SRA Run Selector","https://www.ncbi.nlm.nih.gov/Traces/study/?acc=SRX20997856",SRX20997856,"Euan Ashley","Sep 30, 2023"
GSM7760214,"rna-seq_adrnl_training_male_4w_biological_rep2_vial_90281016002","SRA","Rattus norvegicus",1,GPL25947,GSE242354;GSE242358,"SRA Run Selector","https://www.ncbi.nlm.nih.gov/Traces/study/?acc=SRX20997857",SRX20997857,"Euan Ashley","Sep 30, 2023"
GSM7760215,"rna-seq_adrnl_training_male_4w_biological_rep3_vial_90283016002","SRA","Rattus norvegicus",1,GPL25947,GSE242354;GSE242358,"SRA Run Selector","https://www.ncbi.nlm.nih.gov/Traces/study/?acc=SRX20997858",SRX20997858,"Euan Ashley","Sep 30, 2023"
GSM7760216,"rna-seq_adrnl_training_male_4w_biological_rep4_vial_90289016002","SRA","Rattus norvegicus",1,GPL25947,GSE242354;GSE242358,"SRA Run Selector","https://www.ncbi.nlm.nih.gov/Traces/study/?acc=SRX20997519",SRX20997519,"Euan Ashley","Sep 30, 2023"
GSM7760217,"rna-seq_adrnl_training_male_4w_biological_rep5_vial_90292016002","SRA","Rattus norvegicus",1,GPL25947,GSE242354;GSE242358,"SRA Run Selector","https://www.ncbi.nlm.nih.gov/Traces/study/?acc=SRX20997520",SRX20997520,"Euan Ashley","Sep 30, 2023"
GSM7760218,"rna-seq_adrnl_training_female_4w_biological_rep1_vial_90406016002","SRA","Rattus norvegicus",1,GPL25947,GSE242354;GSE242358,"SRA Run Selector","https://www.ncbi.nlm.nih.gov/Traces/study/?acc=SRX20997522",SRX20997522,"Euan Ashley","Sep 30, 2023"
GSM7760219,"rna-seq_adrnl_training_female_4w_biological_rep2_vial_90410016002","SRA","Rattus norvegicus",1,GPL25947,GSE242354;GSE242358,"SRA Run Selector","https://www.ncbi.nlm.nih.gov/Traces/study/?acc=SRX20997523",SRX20997523,"Euan Ashley","Sep 30, 2023"
GSM7760220,"rna-seq_adrnl_training_female_4w_biological_rep3_vial_90412016002","SRA","Rattus norvegicus",1,GPL25947,GSE242354;GSE242358,"SRA Run Selector","https://www.ncbi.nlm.nih.gov/Traces/study/?acc=SRX20997524",SRX20997524,"Euan Ashley","Sep 30, 2023"
GSM7760221,"rna-seq_adrnl_training_female_4w_biological_rep4_vial_90416016002","SRA","Rattus norvegicus",1,GPL25947,GSE242354;GSE242358,"SRA Run Selector","https://www.ncbi.nlm.nih.gov/Traces/study/?acc=SRX20997525",SRX20997525,"Euan Ashley","Sep 30, 2023"
GSM7760222,"rna-seq_adrnl_training_female_4w_biological_rep5_vial_90420016002","SRA","Rattus norvegicus",1,GPL25947,GSE242354;GSE242358,"SRA Run Selector","https://www.ncbi.nlm.nih.gov/Traces/study/?acc=SRX20997526",SRX20997526,"Euan Ashley","Sep 30, 2023"
GSM7760223,"rna-seq_adrnl_training_male_1w_biological_rep1_vial_90421016002","SRA","Rattus norvegicus",1,GPL25947,GSE242354;GSE242358,"SRA Run Selector","https://www.ncbi.nlm.nih.gov/Traces/study/?acc=SRX20997527",SRX20997527,"Euan Ashley","Sep 30, 2023"
GSM7760224,"rna-seq_adrnl_training_male_1w_biological_rep2_vial_90422016002","SRA","Rattus norvegicus",1,GPL25947,GSE242354;GSE242358,"SRA Run Selector","https://www.ncbi.nlm.nih.gov/Traces/study/?acc=SRX20997528",SRX20997528,"Euan Ashley","Sep 30, 2023"
GSM7760225,"rna-seq_adrnl_training_male_1w_biological_rep3_vial_90423016002","SRA","Rattus norvegicus",1,GPL25947,GSE242354;GSE242358,"SRA Run Selector","https://www.ncbi.nlm.nih.gov/Traces/study/?acc=SRX20997529",SRX20997529,"Euan Ashley","Sep 30, 2023"
GSM7760226,"rna-seq_adrnl_training_male_1w_biological_rep4_vial_90426016002","SRA","Rattus norvegicus",1,GPL25947,GSE242354;GSE242358,"SRA Run Selector","https://www.ncbi.nlm.nih.gov/Traces/study/?acc=SRX20997530",SRX20997530,"Euan Ashley","Sep 30, 2023"
GSM7760227,"rna-seq_adrnl_training_male_1w_biological_rep5_vial_90430016002","SRA","Rattus norvegicus",1,GPL25947,GSE242354;GSE242358,"SRA Run Selector","https://www.ncbi.nlm.nih.gov/Traces/study/?acc=SRX20997531",SRX20997531,"Euan Ashley","Sep 30, 2023"
GSM7760228,"rna-seq_adrnl_training_male_2w_biological_rep1_vial_90439016002","SRA","Rattus norvegicus",1,GPL25947,GSE242354;GSE242358,"SRA Run Selector","https://www.ncbi.nlm.nih.gov/Traces/study/?acc=SRX20997854",SRX20997854,"Euan Ashley","Sep 30, 2023"
GSM7760229,"rna-seq_adrnl_training_male_2w_biological_rep2_vial_90441016002","SRA","Rattus norvegicus",1,GPL25947,GSE242354;GSE242358,"SRA Run Selector","https://www.ncbi.nlm.nih.gov/Traces/study/?acc=SRX20997855",SRX20997855,"Euan Ashley","Sep 30, 2023"
GSM7760230,"rna-seq_adrnl_training_male_2w_biological_rep3_vial_90444016002","SRA","Rattus norvegicus",1,GPL25947,GSE242354;GSE242358,"SRA Run Selector","https://www.ncbi.nlm.nih.gov/Traces/study/?acc=SRX20997875",SRX20997875,"Euan Ashley","Sep 30, 2023"
GSM7760231,"rna-seq_adrnl_training_male_2w_biological_rep4_vial_90449016002","SRA","Rattus norvegicus",1,GPL25947,GSE242354;GSE242358,"SRA Run Selector","https://www.ncbi.nlm.nih.gov/Traces/study/?acc=SRX20997876",SRX20997876,"Euan Ashley","Sep 30, 2023"
GSM7760232,"rna-seq_adrnl_training_male_2w_biological_rep5_vial_90450016002","SRA","Rattus norvegicus",1,GPL25947,GSE242354;GSE242358,"SRA Run Selector","https://www.ncbi.nlm.nih.gov/Traces/study/?acc=SRX20997877",SRX20997877,"Euan Ashley","Sep 30, 2023"
GSM7760233,"rna-seq_adrnl_training_female_1w_biological_rep1_vial_90559016002","SRA","Rattus norvegicus",1,GPL25947,GSE242354;GSE242358,"SRA Run Selector","https://www.ncbi.nlm.nih.gov/Traces/study/?acc=SRX20996998",SRX20996998,"Euan Ashley","Sep 30, 2023"
GSM7760234,"rna-seq_adrnl_training_female_1w_biological_rep2_vial_90560016002","SRA","Rattus norvegicus",1,GPL25947,GSE242354;GSE242358,"SRA Run Selector","https://www.ncbi.nlm.nih.gov/Traces/study/?acc=SRX20996999",SRX20996999,"Euan Ashley","Sep 30, 2023"
GSM7760235,"rna-seq_adrnl_training_female_1w_biological_rep3_vial_90564016002","SRA","Rattus norvegicus",1,GPL25947,GSE242354;GSE242358,"SRA Run Selector","https://www.ncbi.nlm.nih.gov/Traces/study/?acc=SRX20997000",SRX20997000,"Euan Ashley","Sep 30, 2023"
GSM7760236,"rna-seq_adrnl_training_female_1w_biological_rep4_vial_90567016002","SRA","Rattus norvegicus",1,GPL25947,GSE242354;GSE242358,"SRA Run Selector","https://www.ncbi.nlm.nih.gov/Traces/study/?acc=SRX20997859",SRX20997859,"Euan Ashley","Sep 30, 2023"
GSM7760237,"rna-seq_adrnl_training_female_1w_biological_rep5_vial_90571016002","SRA","Rattus norvegicus",1,GPL25947,GSE242354;GSE242358,"SRA Run Selector","https://www.ncbi.nlm.nih.gov/Traces/study/?acc=SRX20997860",SRX20997860,"Euan Ashley","Sep 30, 2023"
GSM7760238,"rna-seq_adrnl_training_female_2w_biological_rep1_vial_90576016002","SRA","Rattus norvegicus",1,GPL25947,GSE242354;GSE242358,"SRA Run Selector","https://www.ncbi.nlm.nih.gov/Traces/study/?acc=SRX20997862",SRX20997862,"Euan Ashley","Sep 30, 2023"
GSM7760239,"rna-seq_adrnl_training_female_2w_biological_rep2_vial_90578016002","SRA","Rattus norvegicus",1,GPL25947,GSE242354;GSE242358,"SRA Run Selector","https://www.ncbi.nlm.nih.gov/Traces/study/?acc=SRX20997863",SRX20997863,"Euan Ashley","Sep 30, 2023"
GSM7760240,"rna-seq_adrnl_training_female_2w_biological_rep3_vial_90581016002","SRA","Rattus norvegicus",1,GPL25947,GSE242354;GSE242358,"SRA Run Selector","https://www.ncbi.nlm.nih.gov/Traces/study/?acc=SRX20997864",SRX20997864,"Euan Ashley","Sep 30, 2023"
GSM7760241,"rna-seq_adrnl_training_female_2w_biological_rep4_vial_90585016002","SRA","Rattus norvegicus",1,GPL25947,GSE242354;GSE242358,"SRA Run Selector","https://www.ncbi.nlm.nih.gov/Traces/study/?acc=SRX20997865",SRX20997865,"Euan Ashley","Sep 30, 2023"
GSM7760242,"rna-seq_adrnl_training_female_2w_biological_rep5_vial_90587016002","SRA","Rattus norvegicus",1,GPL25947,GSE242354;GSE242358,"SRA Run Selector","https://www.ncbi.nlm.nih.gov/Traces/study/?acc=SRX20997866",SRX20997866,"Euan Ashley","Sep 30, 2023"
GSM7760243,"rna-seq_colon_control_male_8w_biological_rep1_vial_90217016102","SRA","Rattus norvegicus",1,GPL25947,GSE242354;GSE242358,"SRA Run Selector","https://www.ncbi.nlm.nih.gov/Traces/study/?acc=SRX20997867",SRX20997867,"Euan Ashley","Sep 30, 2023"
GSM7760244,"rna-seq_colon_training_male_8w_biological_rep1_vial_90218016102","SRA","Rattus norvegicus",1,GPL25947,GSE242354;GSE242358,"SRA Run Selector","https://www.ncbi.nlm.nih.gov/Traces/study/?acc=SRX20997868",SRX20997868,"Euan Ashley","Sep 30, 2023"
GSM7760245,"rna-seq_colon_training_male_8w_biological_rep2_vial_90222016102","SRA","Rattus norvegicus",1,GPL25947,GSE242354;GSE242358,"SRA Run Selector","https://www.ncbi.nlm.nih.gov/Traces/study/?acc=SRX20997869",SRX20997869,"Euan Ashley","Sep 30, 2023"
GSM7760246,"rna-seq_colon_training_male_8w_biological_rep3_vial_90223016102","SRA","Rattus norvegicus",1,GPL25947,GSE242354;GSE242358,"SRA Run Selector","https://www.ncbi.nlm.nih.gov/Traces/study/?acc=SRX20997870",SRX20997870,"Euan Ashley","Sep 30, 2023"
GSM7760247,"rna-seq_colon_training_male_8w_biological_rep4_vial_90225016102","SRA","Rattus norvegicus",1,GPL25947,GSE242354;GSE242358,"SRA Run Selector","https://www.ncbi.nlm.nih.gov/Traces/study/?acc=SRX20997871",SRX20997871,"Euan Ashley","Sep 30, 2023"
GSM7760248,"rna-seq_colon_training_male_8w_biological_rep5_vial_90227016102","SRA","Rattus norvegicus",1,GPL25947,GSE242354;GSE242358,"SRA Run Selector","https://www.ncbi.nlm.nih.gov/Traces/study/?acc=SRX20997873",SRX20997873,"Euan Ashley","Sep 30, 2023"
GSM7760249,"rna-seq_colon_control_male_8w_biological_rep2_vial_90229016102","SRA","Rattus norvegicus",1,GPL25947,GSE242354;GSE242358,"SRA Run Selector","https://www.ncbi.nlm.nih.gov/Traces/study/?acc=SRX20997874",SRX20997874,"Euan Ashley","Sep 30, 2023"
GSM7760250,"rna-seq_colon_control_male_8w_biological_rep3_vial_90232016102","SRA","Rattus norvegicus",1,GPL25947,GSE242354;GSE242358,"SRA Run Selector","https://www.ncbi.nlm.nih.gov/Traces/study/?acc=SRX20997020",SRX20997020,"Euan Ashley","Sep 30, 2023"
GSM7760251,"rna-seq_colon_control_male_8w_biological_rep4_vial_90237016102","SRA","Rattus norvegicus",1,GPL25947,GSE242354;GSE242358,"SRA Run Selector","https://www.ncbi.nlm.nih.gov/Traces/study/?acc=SRX20997878",SRX20997878,"Euan Ashley","Sep 30, 2023"
GSM7760252,"rna-seq_colon_control_male_8w_biological_rep5_vial_90239016102","SRA","Rattus norvegicus",1,GPL25947,GSE242354;GSE242358,"SRA Run Selector","https://www.ncbi.nlm.nih.gov/Traces/study/?acc=SRX20997879",SRX20997879,"Euan Ashley","Sep 30, 2023"
GSM7760253,"rna-seq_colon_control_female_8w_biological_rep1_vial_90245016102","SRA","Rattus norvegicus",1,GPL25947,GSE242354;GSE242358,"SRA Run Selector","https://www.ncbi.nlm.nih.gov/Traces/study/?acc=SRX20997001",SRX20997001,"Euan Ashley","Sep 30, 2023"
GSM7760254,"rna-seq_colon_control_female_8w_biological_rep2_vial_90248016102","SRA","Rattus norvegicus",1,GPL25947,GSE242354;GSE242358,"SRA Run Selector","https://www.ncbi.nlm.nih.gov/Traces/study/?acc=SRX20997002",SRX20997002,"Euan Ashley","Sep 30, 2023"
GSM7760255,"rna-seq_colon_training_female_8w_biological_rep1_vial_90251016102","SRA","Rattus norvegicus",1,GPL25947,GSE242354;GSE242358,"SRA Run Selector","https://www.ncbi.nlm.nih.gov/Traces/study/?acc=SRX20997003",SRX20997003,"Euan Ashley","Sep 30, 2023"
GSM7760256,"rna-seq_colon_control_female_8w_biological_rep3_vial_90252016102","SRA","Rattus norvegicus",1,GPL25947,GSE242354;GSE242358,"SRA Run Selector","https://www.ncbi.nlm.nih.gov/Traces/study/?acc=SRX20997004",SRX20997004,"Euan Ashley","Sep 30, 2023"
GSM7760257,"rna-seq_colon_training_female_8w_biological_rep2_vial_90254016102","SRA","Rattus norvegicus",1,GPL25947,GSE242354;GSE242358,"SRA Run Selector","https://www.ncbi.nlm.nih.gov/Traces/study/?acc=SRX20997005",SRX20997005,"Euan Ashley","Sep 30, 2023"
GSM7760258,"rna-seq_colon_training_female_8w_biological_rep3_vial_90258016102","SRA","Rattus norvegicus",1,GPL25947,GSE242354;GSE242358,"SRA Run Selector","https://www.ncbi.nlm.nih.gov/Traces/study/?acc=SRX20997008",SRX20997008,"Euan Ashley","Sep 30, 2023"
GSM7760259,"rna-seq_colon_training_female_8w_biological_rep4_vial_90259016102","SRA","Rattus norvegicus",1,GPL25947,GSE242354;GSE242358,"SRA Run Selector","https://www.ncbi.nlm.nih.gov/Traces/study/?acc=SRX20997009",SRX20997009,"Euan Ashley","Sep 30, 2023"
GSM7760260,"rna-seq_colon_control_female_8w_biological_rep4_vial_90265016102","SRA","Rattus norvegicus",1,GPL25947,GSE242354;GSE242358,"SRA Run Selector","https://www.ncbi.nlm.nih.gov/Traces/study/?acc=SRX20997010",SRX20997010,"Euan Ashley","Sep 30, 2023"
GSM7760261,"rna-seq_colon_control_female_8w_biological_rep5_vial_90266016102","SRA","Rattus norvegicus",1,GPL25947,GSE242354;GSE242358,"SRA Run Selector","https://www.ncbi.nlm.nih.gov/Traces/study/?acc=SRX20997011",SRX20997011,"Euan Ashley","Sep 30, 2023"
GSM7760262,"rna-seq_colon_training_female_8w_biological_rep5_vial_90267016102","SRA","Rattus norvegicus",1,GPL25947,GSE242354;GSE242358,"SRA Run Selector","https://www.ncbi.nlm.nih.gov/Traces/study/?acc=SRX20997012",SRX20997012,"Euan Ashley","Sep 30, 2023"
GSM7760263,"rna-seq_colon_training_male_4w_biological_rep1_vial_90280016102","SRA","Rattus norvegicus",1,GPL25947,GSE242354;GSE242358,"SRA Run Selector","https://www.ncbi.nlm.nih.gov/Traces/study/?acc=SRX20997013",SRX20997013,"Euan Ashley","Sep 30, 2023"
GSM7760264,"rna-seq_colon_training_male_4w_biological_rep2_vial_90281016102","SRA","Rattus norvegicus",1,GPL25947,GSE242354;GSE242358,"SRA Run Selector","https://www.ncbi.nlm.nih.gov/Traces/study/?acc=SRX20997014",SRX20997014,"Euan Ashley","Sep 30, 2023"
GSM7760265,"rna-seq_colon_training_male_4w_biological_rep3_vial_90283016102","SRA","Rattus norvegicus",1,GPL25947,GSE242354;GSE242358,"SRA Run Selector","https://www.ncbi.nlm.nih.gov/Traces/study/?acc=SRX20997015",SRX20997015,"Euan Ashley","Sep 30, 2023"
GSM7760266,"rna-seq_colon_training_male_4w_biological_rep4_vial_90289016102","SRA","Rattus norvegicus",1,GPL25947,GSE242354;GSE242358,"SRA Run Selector","https://www.ncbi.nlm.nih.gov/Traces/study/?acc=SRX20997016",SRX20997016,"Euan Ashley","Sep 30, 2023"
GSM7760267,"rna-seq_colon_training_male_4w_biological_rep5_vial_90292016102","SRA","Rattus norvegicus",1,GPL25947,GSE242354;GSE242358,"SRA Run Selector","https://www.ncbi.nlm.nih.gov/Traces/study/?acc=SRX20997017",SRX20997017,"Euan Ashley","Sep 30, 2023"
GSM7760268,"rna-seq_colon_training_female_4w_biological_rep1_vial_90406016102","SRA","Rattus norvegicus",1,GPL25947,GSE242354;GSE242358,"SRA Run Selector","https://www.ncbi.nlm.nih.gov/Traces/study/?acc=SRX20997019",SRX20997019,"Euan Ashley","Sep 30, 2023"
GSM7760269,"rna-seq_colon_training_female_4w_biological_rep2_vial_90410016102","SRA","Rattus norvegicus",1,GPL25947,GSE242354;GSE242358,"SRA Run Selector","https://www.ncbi.nlm.nih.gov/Traces/study/?acc=SRX20997021",SRX20997021,"Euan Ashley","Sep 30, 2023"
GSM7760270,"rna-seq_colon_training_female_4w_biological_rep3_vial_90412016102","SRA","Rattus norvegicus",1,GPL25947,GSE242354;GSE242358,"SRA Run Selector","https://www.ncbi.nlm.nih.gov/Traces/study/?acc=SRX20997900",SRX20997900,"Euan Ashley","Sep 30, 2023"
GSM7760271,"rna-seq_colon_training_female_4w_biological_rep4_vial_90416016102","SRA","Rattus norvegicus",1,GPL25947,GSE242354;GSE242358,"SRA Run Selector","https://www.ncbi.nlm.nih.gov/Traces/study/?acc=SRX20997901",SRX20997901,"Euan Ashley","Sep 30, 2023"
GSM7760272,"rna-seq_colon_training_female_4w_biological_rep5_vial_90420016102","SRA","Rattus norvegicus",1,GPL25947,GSE242354;GSE242358,"SRA Run Selector","https://www.ncbi.nlm.nih.gov/Traces/study/?acc=SRX20997880",SRX20997880,"Euan Ashley","Sep 30, 2023"
GSM7760273,"rna-seq_colon_training_male_1w_biological_rep1_vial_90421016102","SRA","Rattus norvegicus",1,GPL25947,GSE242354;GSE242358,"SRA Run Selector","https://www.ncbi.nlm.nih.gov/Traces/study/?acc=SRX20997881",SRX20997881,"Euan Ashley","Sep 30, 2023"
GSM7760274,"rna-seq_colon_training_male_1w_biological_rep2_vial_90422016102","SRA","Rattus norvegicus",1,GPL25947,GSE242354;GSE242358,"SRA Run Selector","https://www.ncbi.nlm.nih.gov/Traces/study/?acc=SRX20997882",SRX20997882,"Euan Ashley","Sep 30, 2023"
GSM7760275,"rna-seq_colon_training_male_1w_biological_rep3_vial_90423016102","SRA","Rattus norvegicus",1,GPL25947,GSE242354;GSE242358,"SRA Run Selector","https://www.ncbi.nlm.nih.gov/Traces/study/?acc=SRX20997883",SRX20997883,"Euan Ashley","Sep 30, 2023"
GSM7760276,"rna-seq_colon_training_male_1w_biological_rep4_vial_90426016102","SRA","Rattus norvegicus",1,GPL25947,GSE242354;GSE242358,"SRA Run Selector","https://www.ncbi.nlm.nih.gov/Traces/study/?acc=SRX20997884",SRX20997884,"Euan Ashley","Sep 30, 2023"
GSM7760277,"rna-seq_colon_training_male_1w_biological_rep5_vial_90430016102","SRA","Rattus norvegicus",1,GPL25947,GSE242354;GSE242358,"SRA Run Selector","https://www.ncbi.nlm.nih.gov/Traces/study/?acc=SRX20997885",SRX20997885,"Euan Ashley","Sep 30, 2023"
GSM7760278,"rna-seq_colon_training_male_2w_biological_rep1_vial_90439016102","SRA","Rattus norvegicus",1,GPL25947,GSE242354;GSE242358,"SRA Run Selector","https://www.ncbi.nlm.nih.gov/Traces/study/?acc=SRX20997887",SRX20997887,"Euan Ashley","Sep 30, 2023"
GSM7760279,"rna-seq_colon_training_male_2w_biological_rep2_vial_90441016102","SRA","Rattus norvegicus",1,GPL25947,GSE242354;GSE242358,"SRA Run Selector","https://www.ncbi.nlm.nih.gov/Traces/study/?acc=SRX20997888",SRX20997888,"Euan Ashley","Sep 30, 2023"
GSM7760280,"rna-seq_colon_training_male_2w_biological_rep3_vial_90444016102","SRA","Rattus norvegicus",1,GPL25947,GSE242354;GSE242358,"SRA Run Selector","https://www.ncbi.nlm.nih.gov/Traces/study/?acc=SRX20997889",SRX20997889,"Euan Ashley","Sep 30, 2023"
GSM7760281,"rna-seq_colon_training_male_2w_biological_rep4_vial_90449016102","SRA","Rattus norvegicus",1,GPL25947,GSE242354;GSE242358,"SRA Run Selector","https://www.ncbi.nlm.nih.gov/Traces/study/?acc=SRX20997890",SRX20997890,"Euan Ashley","Sep 30, 2023"
GSM7760282,"rna-seq_colon_training_male_2w_biological_rep5_vial_90450016102","SRA","Rattus norvegicus",1,GPL25947,GSE242354;GSE242358,"SRA Run Selector","https://www.ncbi.nlm.nih.gov/Traces/study/?acc=SRX20997891",SRX20997891,"Euan Ashley","Sep 30, 2023"
GSM7760283,"rna-seq_colon_training_female_1w_biological_rep1_vial_90559016102","SRA","Rattus norvegicus",1,GPL25947,GSE242354;GSE242358,"SRA Run Selector","https://www.ncbi.nlm.nih.gov/Traces/study/?acc=SRX20997892",SRX20997892,"Euan Ashley","Sep 30, 2023"
GSM7760284,"rna-seq_colon_training_female_1w_biological_rep2_vial_90560016102","SRA","Rattus norvegicus",1,GPL25947,GSE242354;GSE242358,"SRA Run Selector","https://www.ncbi.nlm.nih.gov/Traces/study/?acc=SRX20997681",SRX20997681,"Euan Ashley","Sep 30, 2023"
GSM7760285,"rna-seq_colon_training_female_1w_biological_rep3_vial_90564016102","SRA","Rattus norvegicus",1,GPL25947,GSE242354;GSE242358,"SRA Run Selector","https://www.ncbi.nlm.nih.gov/Traces/study/?acc=SRX20997682",SRX20997682,"Euan Ashley","Sep 30, 2023"
GSM7760286,"rna-seq_colon_training_female_1w_biological_rep4_vial_90567016102","SRA","Rattus norvegicus",1,GPL25947,GSE242354;GSE242358,"SRA Run Selector","https://www.ncbi.nlm.nih.gov/Traces/study/?acc=SRX20997683",SRX20997683,"Euan Ashley","Sep 30, 2023"
GSM7760287,"rna-seq_colon_training_female_1w_biological_rep5_vial_90571016102","SRA","Rattus norvegicus",1,GPL25947,GSE242354;GSE242358,"SRA Run Selector","https://www.ncbi.nlm.nih.gov/Traces/study/?acc=SRX20997894",SRX20997894,"Euan Ashley","Sep 30, 2023"
GSM7760288,"rna-seq_colon_training_female_2w_biological_rep1_vial_90576016102","SRA","Rattus norvegicus",1,GPL25947,GSE242354;GSE242358,"SRA Run Selector","https://www.ncbi.nlm.nih.gov/Traces/study/?acc=SRX20997895",SRX20997895,"Euan Ashley","Sep 30, 2023"
GSM7760289,"rna-seq_colon_training_female_2w_biological_rep2_vial_90578016102","SRA","Rattus norvegicus",1,GPL25947,GSE242354;GSE242358,"SRA Run Selector","https://www.ncbi.nlm.nih.gov/Traces/study/?acc=SRX20997896",SRX20997896,"Euan Ashley","Sep 30, 2023"
GSM7760290,"rna-seq_colon_training_female_2w_biological_rep3_vial_90581016102","SRA","Rattus norvegicus",1,GPL25947,GSE242354;GSE242358,"SRA Run Selector","https://www.ncbi.nlm.nih.gov/Traces/study/?acc=SRX20997898",SRX20997898,"Euan Ashley","Sep 30, 2023"
GSM7760291,"rna-seq_colon_training_female_2w_biological_rep4_vial_90585016102","SRA","Rattus norvegicus",1,GPL25947,GSE242354;GSE242358,"SRA Run Selector","https://www.ncbi.nlm.nih.gov/Traces/study/?acc=SRX20997899",SRX20997899,"Euan Ashley","Sep 30, 2023"
GSM7760292,"rna-seq_colon_training_female_2w_biological_rep5_vial_90587016102","SRA","Rattus norvegicus",1,GPL25947,GSE242354;GSE242358,"SRA Run Selector","https://www.ncbi.nlm.nih.gov/Traces/study/?acc=SRX20997753",SRX20997753,"Euan Ashley","Sep 30, 2023"
GSM7760293,"rna-seq_spleen_control_male_8w_biological_rep1_vial_90217016202","SRA","Rattus norvegicus",1,GPL25947,GSE242354;GSE242358,"SRA Run Selector","https://www.ncbi.nlm.nih.gov/Traces/study/?acc=SRX20997754",SRX20997754,"Euan Ashley","Sep 30, 2023"
GSM7760294,"rna-seq_spleen_training_male_8w_biological_rep1_vial_90218016202","SRA","Rattus norvegicus",1,GPL25947,GSE242354;GSE242358,"SRA Run Selector","https://www.ncbi.nlm.nih.gov/Traces/study/?acc=SRX20997755",SRX20997755,"Euan Ashley","Sep 30, 2023"
GSM7760295,"rna-seq_spleen_training_male_8w_biological_rep2_vial_90222016202","SRA","Rattus norvegicus",1,GPL25947,GSE242354;GSE242358,"SRA Run Selector","https://www.ncbi.nlm.nih.gov/Traces/study/?acc=SRX20997734",SRX20997734,"Euan Ashley","Sep 30, 2023"
GSM7760296,"rna-seq_spleen_training_male_8w_biological_rep3_vial_90223016202","SRA","Rattus norvegicus",1,GPL25947,GSE242354;GSE242358,"SRA Run Selector","https://www.ncbi.nlm.nih.gov/Traces/study/?acc=SRX20997735",SRX20997735,"Euan Ashley","Sep 30, 2023"
GSM7760297,"rna-seq_spleen_training_male_8w_biological_rep4_vial_90225016202","SRA","Rattus norvegicus",1,GPL25947,GSE242354;GSE242358,"SRA Run Selector","https://www.ncbi.nlm.nih.gov/Traces/study/?acc=SRX20997736",SRX20997736,"Euan Ashley","Sep 30, 2023"
GSM7760298,"rna-seq_spleen_training_male_8w_biological_rep5_vial_90227016202","SRA","Rattus norvegicus",1,GPL25947,GSE242354;GSE242358,"SRA Run Selector","https://www.ncbi.nlm.nih.gov/Traces/study/?acc=SRX20997737",SRX20997737,"Euan Ashley","Sep 30, 2023"
GSM7760299,"rna-seq_spleen_control_male_8w_biological_rep2_vial_90229016202","SRA","Rattus norvegicus",1,GPL25947,GSE242354;GSE242358,"SRA Run Selector","https://www.ncbi.nlm.nih.gov/Traces/study/?acc=SRX20997738",SRX20997738,"Euan Ashley","Sep 30, 2023"
GSM7760300,"rna-seq_spleen_control_male_8w_biological_rep3_vial_90232016202","SRA","Rattus norvegicus",1,GPL25947,GSE242354;GSE242358,"SRA Run Selector","https://www.ncbi.nlm.nih.gov/Traces/study/?acc=SRX20997740",SRX20997740,"Euan Ashley","Sep 30, 2023"
GSM7760301,"rna-seq_spleen_control_male_8w_biological_rep4_vial_90237016202","SRA","Rattus norvegicus",1,GPL25947,GSE242354;GSE242358,"SRA Run Selector","https://www.ncbi.nlm.nih.gov/Traces/study/?acc=SRX20997741",SRX20997741,"Euan Ashley","Sep 30, 2023"
GSM7760302,"rna-seq_spleen_control_male_8w_biological_rep5_vial_90239016202","SRA","Rattus norvegicus",1,GPL25947,GSE242354;GSE242358,"SRA Run Selector","https://www.ncbi.nlm.nih.gov/Traces/study/?acc=SRX20997742",SRX20997742,"Euan Ashley","Sep 30, 2023"
GSM7760303,"rna-seq_spleen_control_female_8w_biological_rep1_vial_90245016202","SRA","Rattus norvegicus",1,GPL25947,GSE242354;GSE242358,"SRA Run Selector","https://www.ncbi.nlm.nih.gov/Traces/study/?acc=SRX20997743",SRX20997743,"Euan Ashley","Sep 30, 2023"
GSM7760304,"rna-seq_spleen_control_female_8w_biological_rep2_vial_90248016202","SRA","Rattus norvegicus",1,GPL25947,GSE242354;GSE242358,"SRA Run Selector","https://www.ncbi.nlm.nih.gov/Traces/study/?acc=SRX20997744",SRX20997744,"Euan Ashley","Sep 30, 2023"
GSM7760305,"rna-seq_spleen_training_female_8w_biological_rep1_vial_90251016202","SRA","Rattus norvegicus",1,GPL25947,GSE242354;GSE242358,"SRA Run Selector","https://www.ncbi.nlm.nih.gov/Traces/study/?acc=SRX20997745",SRX20997745,"Euan Ashley","Sep 30, 2023"
GSM7760306,"rna-seq_spleen_control_female_8w_biological_rep3_vial_90252016202","SRA","Rattus norvegicus",1,GPL25947,GSE242354;GSE242358,"SRA Run Selector","https://www.ncbi.nlm.nih.gov/Traces/study/?acc=SRX20997746",SRX20997746,"Euan Ashley","Sep 30, 2023"
GSM7760307,"rna-seq_spleen_training_female_8w_biological_rep2_vial_90254016202","SRA","Rattus norvegicus",1,GPL25947,GSE242354;GSE242358,"SRA Run Selector","https://www.ncbi.nlm.nih.gov/Traces/study/?acc=SRX20997747",SRX20997747,"Euan Ashley","Sep 30, 2023"
GSM7760308,"rna-seq_spleen_training_female_8w_biological_rep3_vial_90258016202","SRA","Rattus norvegicus",1,GPL25947,GSE242354;GSE242358,"SRA Run Selector","https://www.ncbi.nlm.nih.gov/Traces/study/?acc=SRX20997748",SRX20997748,"Euan Ashley","Sep 30, 2023"
GSM7760309,"rna-seq_spleen_training_female_8w_biological_rep4_vial_90259016202","SRA","Rattus norvegicus",1,GPL25947,GSE242354;GSE242358,"SRA Run Selector","https://www.ncbi.nlm.nih.gov/Traces/study/?acc=SRX20997749",SRX20997749,"Euan Ashley","Sep 30, 2023"
GSM7760310,"rna-seq_spleen_control_female_8w_biological_rep4_vial_90265016202","SRA","Rattus norvegicus",1,GPL25947,GSE242354;GSE242358,"SRA Run Selector","https://www.ncbi.nlm.nih.gov/Traces/study/?acc=SRX20997751",SRX20997751,"Euan Ashley","Sep 30, 2023"
GSM7760311,"rna-seq_spleen_control_female_8w_biological_rep5_vial_90266016202","SRA","Rattus norvegicus",1,GPL25947,GSE242354;GSE242358,"SRA Run Selector","https://www.ncbi.nlm.nih.gov/Traces/study/?acc=SRX20997752",SRX20997752,"Euan Ashley","Sep 30, 2023"
GSM7760312,"rna-seq_spleen_training_female_8w_biological_rep5_vial_90267016202","SRA","Rattus norvegicus",1,GPL25947,GSE242354;GSE242358,"SRA Run Selector","https://www.ncbi.nlm.nih.gov/Traces/study/?acc=SRX20997640",SRX20997640,"Euan Ashley","Sep 30, 2023"
GSM7760313,"rna-seq_spleen_training_male_4w_biological_rep1_vial_90280016202","SRA","Rattus norvegicus",1,GPL25947,GSE242354;GSE242358,"SRA Run Selector","https://www.ncbi.nlm.nih.gov/Traces/study/?acc=SRX20997641",SRX20997641,"Euan Ashley","Sep 30, 2023"
GSM7760314,"rna-seq_spleen_training_male_4w_biological_rep2_vial_90281016202","SRA","Rattus norvegicus",1,GPL25947,GSE242354;GSE242358,"SRA Run Selector","https://www.ncbi.nlm.nih.gov/Traces/study/?acc=SRX20997642",SRX20997642,"Euan Ashley","Sep 30, 2023"
GSM7760315,"rna-seq_spleen_training_male_4w_biological_rep3_vial_90283016202","SRA","Rattus norvegicus",1,GPL25947,GSE242354;GSE242358,"SRA Run Selector","https://www.ncbi.nlm.nih.gov/Traces/study/?acc=SRX20997756",SRX20997756,"Euan Ashley","Sep 30, 2023"
GSM7760316,"rna-seq_spleen_training_male_4w_biological_rep4_vial_90289016202","SRA","Rattus norvegicus",1,GPL25947,GSE242354;GSE242358,"SRA Run Selector","https://www.ncbi.nlm.nih.gov/Traces/study/?acc=SRX20997757",SRX20997757,"Euan Ashley","Sep 30, 2023"
GSM7760317,"rna-seq_spleen_training_male_4w_biological_rep5_vial_90292016202","SRA","Rattus norvegicus",1,GPL25947,GSE242354;GSE242358,"SRA Run Selector","https://www.ncbi.nlm.nih.gov/Traces/study/?acc=SRX20997902",SRX20997902,"Euan Ashley","Sep 30, 2023"
GSM7760318,"rna-seq_spleen_training_female_4w_biological_rep1_vial_90406016202","SRA","Rattus norvegicus",1,GPL25947,GSE242354;GSE242358,"SRA Run Selector","https://www.ncbi.nlm.nih.gov/Traces/study/?acc=SRX20997903",SRX20997903,"Euan Ashley","Sep 30, 2023"
GSM7760319,"rna-seq_spleen_training_female_4w_biological_rep2_vial_90410016202","SRA","Rattus norvegicus",1,GPL25947,GSE242354;GSE242358,"SRA Run Selector","https://www.ncbi.nlm.nih.gov/Traces/study/?acc=SRX20997904",SRX20997904,"Euan Ashley","Sep 30, 2023"
GSM7760320,"rna-seq_spleen_training_female_4w_biological_rep3_vial_90412016202","SRA","Rattus norvegicus",1,GPL25947,GSE242354;GSE242358,"SRA Run Selector","https://www.ncbi.nlm.nih.gov/Traces/study/?acc=SRX20997906",SRX20997906,"Euan Ashley","Sep 30, 2023"
GSM7760321,"rna-seq_spleen_training_female_4w_biological_rep4_vial_90416016202","SRA","Rattus norvegicus",1,GPL25947,GSE242354;GSE242358,"SRA Run Selector","https://www.ncbi.nlm.nih.gov/Traces/study/?acc=SRX20997907",SRX20997907,"Euan Ashley","Sep 30, 2023"
GSM7760322,"rna-seq_spleen_training_female_4w_biological_rep5_vial_90420016202","SRA","Rattus norvegicus",1,GPL25947,GSE242354;GSE242358,"SRA Run Selector","https://www.ncbi.nlm.nih.gov/Traces/study/?acc=SRX20997908",SRX20997908,"Euan Ashley","Sep 30, 2023"
GSM7760323,"rna-seq_spleen_training_male_1w_biological_rep1_vial_90421016202","SRA","Rattus norvegicus",1,GPL25947,GSE242354;GSE242358,"SRA Run Selector","https://www.ncbi.nlm.nih.gov/Traces/study/?acc=SRX20997909",SRX20997909,"Euan Ashley","Sep 30, 2023"
GSM7760324,"rna-seq_spleen_training_male_1w_biological_rep2_vial_90422016202","SRA","Rattus norvegicus",1,GPL25947,GSE242354;GSE242358,"SRA Run Selector","https://www.ncbi.nlm.nih.gov/Traces/study/?acc=SRX20997630",SRX20997630,"Euan Ashley","Sep 30, 2023"
GSM7760325,"rna-seq_spleen_training_male_1w_biological_rep3_vial_90423016202","SRA","Rattus norvegicus",1,GPL25947,GSE242354;GSE242358,"SRA Run Selector","https://www.ncbi.nlm.nih.gov/Traces/study/?acc=SRX20997631",SRX20997631,"Euan Ashley","Sep 30, 2023"
GSM7760326,"rna-seq_spleen_training_male_1w_biological_rep4_vial_90426016202","SRA","Rattus norvegicus",1,GPL25947,GSE242354;GSE242358,"SRA Run Selector","https://www.ncbi.nlm.nih.gov/Traces/study/?acc=SRX20997632",SRX20997632,"Euan Ashley","Sep 30, 2023"
GSM7760327,"rna-seq_spleen_training_male_1w_biological_rep5_vial_90430016202","SRA","Rattus norvegicus",1,GPL25947,GSE242354;GSE242358,"SRA Run Selector","https://www.ncbi.nlm.nih.gov/Traces/study/?acc=SRX20997633",SRX20997633,"Euan Ashley","Sep 30, 2023"
GSM7760328,"rna-seq_spleen_training_male_2w_biological_rep1_vial_90439016202","SRA","Rattus norvegicus",1,GPL25947,GSE242354;GSE242358,"SRA Run Selector","https://www.ncbi.nlm.nih.gov/Traces/study/?acc=SRX20997635",SRX20997635,"Euan Ashley","Sep 30, 2023"
GSM7760329,"rna-seq_spleen_training_male_2w_biological_rep2_vial_90441016202","SRA","Rattus norvegicus",1,GPL25947,GSE242354;GSE242358,"SRA Run Selector","https://www.ncbi.nlm.nih.gov/Traces/study/?acc=SRX20997636",SRX20997636,"Euan Ashley","Sep 30, 2023"
GSM7760330,"rna-seq_spleen_training_male_2w_biological_rep3_vial_90444016202","SRA","Rattus norvegicus",1,GPL25947,GSE242354;GSE242358,"SRA Run Selector","https://www.ncbi.nlm.nih.gov/Traces/study/?acc=SRX20997638",SRX20997638,"Euan Ashley","Sep 30, 2023"
GSM7760331,"rna-seq_spleen_training_male_2w_biological_rep4_vial_90449016202","SRA","Rattus norvegicus",1,GPL25947,GSE242354;GSE242358,"SRA Run Selector","https://www.ncbi.nlm.nih.gov/Traces/study/?acc=SRX20997639",SRX20997639,"Euan Ashley","Sep 30, 2023"
GSM7760332,"rna-seq_spleen_training_male_2w_biological_rep5_vial_90450016202","SRA","Rattus norvegicus",1,GPL25947,GSE242354;GSE242358,"SRA Run Selector","https://www.ncbi.nlm.nih.gov/Traces/study/?acc=SRX20997061",SRX20997061,"Euan Ashley","Sep 30, 2023"
GSM7760333,"rna-seq_spleen_training_female_1w_biological_rep1_vial_90559016202","SRA","Rattus norvegicus",1,GPL25947,GSE242354;GSE242358,"SRA Run Selector","https://www.ncbi.nlm.nih.gov/Traces/study/?acc=SRX20997063",SRX20997063,"Euan Ashley","Sep 30, 2023"
GSM7760334,"rna-seq_spleen_training_female_1w_biological_rep2_vial_90560016202","SRA","Rattus norvegicus",1,GPL25947,GSE242354;GSE242358,"SRA Run Selector","https://www.ncbi.nlm.nih.gov/Traces/study/?acc=SRX20997064",SRX20997064,"Euan Ashley","Sep 30, 2023"
GSM7760335,"rna-seq_spleen_training_female_1w_biological_rep3_vial_90564016202","SRA","Rattus norvegicus",1,GPL25947,GSE242354;GSE242358,"SRA Run Selector","https://www.ncbi.nlm.nih.gov/Traces/study/?acc=SRX20997643",SRX20997643,"Euan Ashley","Sep 30, 2023"
GSM7760336,"rna-seq_spleen_training_female_1w_biological_rep4_vial_90567016202","SRA","Rattus norvegicus",1,GPL25947,GSE242354;GSE242358,"SRA Run Selector","https://www.ncbi.nlm.nih.gov/Traces/study/?acc=SRX20997644",SRX20997644,"Euan Ashley","Sep 30, 2023"
GSM7760337,"rna-seq_spleen_training_female_1w_biological_rep5_vial_90571016202","SRA","Rattus norvegicus",1,GPL25947,GSE242354;GSE242358,"SRA Run Selector","https://www.ncbi.nlm.nih.gov/Traces/study/?acc=SRX20997645",SRX20997645,"Euan Ashley","Sep 30, 2023"
GSM7760338,"rna-seq_spleen_training_female_2w_biological_rep1_vial_90576016202","SRA","Rattus norvegicus",1,GPL25947,GSE242354;GSE242358,"SRA Run Selector","https://www.ncbi.nlm.nih.gov/Traces/study/?acc=SRX20997044",SRX20997044,"Euan Ashley","Sep 30, 2023"
GSM7760339,"rna-seq_spleen_training_female_2w_biological_rep2_vial_90578016202","SRA","Rattus norvegicus",1,GPL25947,GSE242354;GSE242358,"SRA Run Selector","https://www.ncbi.nlm.nih.gov/Traces/study/?acc=SRX20997045",SRX20997045,"Euan Ashley","Sep 30, 2023"
GSM7760340,"rna-seq_spleen_training_female_2w_biological_rep3_vial_90581016202","SRA","Rattus norvegicus",1,GPL25947,GSE242354;GSE242358,"SRA Run Selector","https://www.ncbi.nlm.nih.gov/Traces/study/?acc=SRX20997047",SRX20997047,"Euan Ashley","Sep 30, 2023"
GSM7760341,"rna-seq_spleen_training_female_2w_biological_rep4_vial_90585016202","SRA","Rattus norvegicus",1,GPL25947,GSE242354;GSE242358,"SRA Run Selector","https://www.ncbi.nlm.nih.gov/Traces/study/?acc=SRX20997048",SRX20997048,"Euan Ashley","Sep 30, 2023"
GSM7760342,"rna-seq_spleen_training_female_2w_biological_rep5_vial_90587016202","SRA","Rattus norvegicus",1,GPL25947,GSE242354;GSE242358,"SRA Run Selector","https://www.ncbi.nlm.nih.gov/Traces/study/?acc=SRX20997049",SRX20997049,"Euan Ashley","Sep 30, 2023"
GSM7760343,"rna-seq_testes_control_male_8w_biological_rep1_vial_90217016302","SRA","Rattus norvegicus",1,GPL25947,GSE242354;GSE242358,"SRA Run Selector","https://www.ncbi.nlm.nih.gov/Traces/study/?acc=SRX20997050",SRX20997050,"Euan Ashley","Sep 30, 2023"
GSM7760344,"rna-seq_testes_training_male_8w_biological_rep1_vial_90218016302","SRA","Rattus norvegicus",1,GPL25947,GSE242354;GSE242358,"SRA Run Selector","https://www.ncbi.nlm.nih.gov/Traces/study/?acc=SRX20997051",SRX20997051,"Euan Ashley","Sep 30, 2023"
GSM7760345,"rna-seq_testes_training_male_8w_biological_rep2_vial_90222016302","SRA","Rattus norvegicus",1,GPL25947,GSE242354;GSE242358,"SRA Run Selector","https://www.ncbi.nlm.nih.gov/Traces/study/?acc=SRX20997052",SRX20997052,"Euan Ashley","Sep 30, 2023"
GSM7760346,"rna-seq_testes_training_male_8w_biological_rep3_vial_90223016302","SRA","Rattus norvegicus",1,GPL25947,GSE242354;GSE242358,"SRA Run Selector","https://www.ncbi.nlm.nih.gov/Traces/study/?acc=SRX20997053",SRX20997053,"Euan Ashley","Sep 30, 2023"
GSM7760347,"rna-seq_testes_training_male_8w_biological_rep4_vial_90225016302","SRA","Rattus norvegicus",1,GPL25947,GSE242354;GSE242358,"SRA Run Selector","https://www.ncbi.nlm.nih.gov/Traces/study/?acc=SRX20997634",SRX20997634,"Euan Ashley","Sep 30, 2023"
GSM7760348,"rna-seq_testes_training_male_8w_biological_rep5_vial_90227016302","SRA","Rattus norvegicus",1,GPL25947,GSE242354;GSE242358,"SRA Run Selector","https://www.ncbi.nlm.nih.gov/Traces/study/?acc=SRX20997054",SRX20997054,"Euan Ashley","Sep 30, 2023"
GSM7760349,"rna-seq_testes_control_male_8w_biological_rep2_vial_90229016302","SRA","Rattus norvegicus",1,GPL25947,GSE242354;GSE242358,"SRA Run Selector","https://www.ncbi.nlm.nih.gov/Traces/study/?acc=SRX20997055",SRX20997055,"Euan Ashley","Sep 30, 2023"
GSM7760350,"rna-seq_testes_control_male_8w_biological_rep3_vial_90232016302","SRA","Rattus norvegicus",1,GPL25947,GSE242354;GSE242358,"SRA Run Selector","https://www.ncbi.nlm.nih.gov/Traces/study/?acc=SRX20997057",SRX20997057,"Euan Ashley","Sep 30, 2023"
GSM7760351,"rna-seq_testes_control_male_8w_biological_rep4_vial_90237016302","SRA","Rattus norvegicus",1,GPL25947,GSE242354;GSE242358,"SRA Run Selector","https://www.ncbi.nlm.nih.gov/Traces/study/?acc=SRX20997058",SRX20997058,"Euan Ashley","Sep 30, 2023"
GSM7760352,"rna-seq_testes_control_male_8w_biological_rep5_vial_90239016302","SRA","Rattus norvegicus",1,GPL25947,GSE242354;GSE242358,"SRA Run Selector","https://www.ncbi.nlm.nih.gov/Traces/study/?acc=SRX20997059",SRX20997059,"Euan Ashley","Sep 30, 2023"
GSM7760353,"rna-seq_testes_training_male_4w_biological_rep1_vial_90280016302","SRA","Rattus norvegicus",1,GPL25947,GSE242354;GSE242358,"SRA Run Selector","https://www.ncbi.nlm.nih.gov/Traces/study/?acc=SRX20997060",SRX20997060,"Euan Ashley","Sep 30, 2023"
GSM7760354,"rna-seq_testes_training_male_4w_biological_rep2_vial_90281016302","SRA","Rattus norvegicus",1,GPL25947,GSE242354;GSE242358,"SRA Run Selector","https://www.ncbi.nlm.nih.gov/Traces/study/?acc=SRX20997062",SRX20997062,"Euan Ashley","Sep 30, 2023"
GSM7760355,"rna-seq_testes_training_male_4w_biological_rep3_vial_90283016302","SRA","Rattus norvegicus",1,GPL25947,GSE242354;GSE242358,"SRA Run Selector","https://www.ncbi.nlm.nih.gov/Traces/study/?acc=SRX20997777",SRX20997777,"Euan Ashley","Sep 30, 2023"
GSM7760356,"rna-seq_testes_training_male_4w_biological_rep4_vial_90289016302","SRA","Rattus norvegicus",1,GPL25947,GSE242354;GSE242358,"SRA Run Selector","https://www.ncbi.nlm.nih.gov/Traces/study/?acc=SRX20997065",SRX20997065,"Euan Ashley","Sep 30, 2023"
GSM7760357,"rna-seq_testes_training_male_4w_biological_rep5_vial_90292016302","SRA","Rattus norvegicus",1,GPL25947,GSE242354;GSE242358,"SRA Run Selector","https://www.ncbi.nlm.nih.gov/Traces/study/?acc=SRX20997066",SRX20997066,"Euan Ashley","Sep 30, 2023"
GSM7760358,"rna-seq_testes_training_male_1w_biological_rep1_vial_90421016302","SRA","Rattus norvegicus",1,GPL25947,GSE242354;GSE242358,"SRA Run Selector","https://www.ncbi.nlm.nih.gov/Traces/study/?acc=SRX20997067",SRX20997067,"Euan Ashley","Sep 30, 2023"
GSM7760359,"rna-seq_testes_training_male_1w_biological_rep2_vial_90422016302","SRA","Rattus norvegicus",1,GPL25947,GSE242354;GSE242358,"SRA Run Selector","https://www.ncbi.nlm.nih.gov/Traces/study/?acc=SRX20997758",SRX20997758,"Euan Ashley","Sep 30, 2023"
GSM7760360,"rna-seq_testes_training_male_1w_biological_rep3_vial_90423016302","SRA","Rattus norvegicus",1,GPL25947,GSE242354;GSE242358,"SRA Run Selector","https://www.ncbi.nlm.nih.gov/Traces/study/?acc=SRX20997761",SRX20997761,"Euan Ashley","Sep 30, 2023"
GSM7760361,"rna-seq_testes_training_male_1w_biological_rep4_vial_90426016302","SRA","Rattus norvegicus",1,GPL25947,GSE242354;GSE242358,"SRA Run Selector","https://www.ncbi.nlm.nih.gov/Traces/study/?acc=SRX20997762",SRX20997762,"Euan Ashley","Sep 30, 2023"
GSM7760362,"rna-seq_testes_training_male_1w_biological_rep5_vial_90430016302","SRA","Rattus norvegicus",1,GPL25947,GSE242354;GSE242358,"SRA Run Selector","https://www.ncbi.nlm.nih.gov/Traces/study/?acc=SRX20997763",SRX20997763,"Euan Ashley","Sep 30, 2023"
GSM7760363,"rna-seq_testes_training_male_2w_biological_rep1_vial_90439016302","SRA","Rattus norvegicus",1,GPL25947,GSE242354;GSE242358,"SRA Run Selector","https://www.ncbi.nlm.nih.gov/Traces/study/?acc=SRX20997764",SRX20997764,"Euan Ashley","Sep 30, 2023"
GSM7760364,"rna-seq_testes_training_male_2w_biological_rep2_vial_90441016302","SRA","Rattus norvegicus",1,GPL25947,GSE242354;GSE242358,"SRA Run Selector","https://www.ncbi.nlm.nih.gov/Traces/study/?acc=SRX20997765",SRX20997765,"Euan Ashley","Sep 30, 2023"
GSM7760365,"rna-seq_testes_training_male_2w_biological_rep3_vial_90444016302","SRA","Rattus norvegicus",1,GPL25947,GSE242354;GSE242358,"SRA Run Selector","https://www.ncbi.nlm.nih.gov/Traces/study/?acc=SRX20997766",SRX20997766,"Euan Ashley","Sep 30, 2023"
GSM7760366,"rna-seq_testes_training_male_2w_biological_rep4_vial_90449016302","SRA","Rattus norvegicus",1,GPL25947,GSE242354;GSE242358,"SRA Run Selector","https://www.ncbi.nlm.nih.gov/Traces/study/?acc=SRX20997767",SRX20997767,"Euan Ashley","Sep 30, 2023"
GSM7760367,"rna-seq_testes_training_male_2w_biological_rep5_vial_90450016302","SRA","Rattus norvegicus",1,GPL25947,GSE242354;GSE242358,"SRA Run Selector","https://www.ncbi.nlm.nih.gov/Traces/study/?acc=SRX20997768",SRX20997768,"Euan Ashley","Sep 30, 2023"
GSM7760368,"rna-seq_ovary_control_female_8w_biological_rep1_vial_90245016402","SRA","Rattus norvegicus",1,GPL25947,GSE242354;GSE242358,"SRA Run Selector","https://www.ncbi.nlm.nih.gov/Traces/study/?acc=SRX20997769",SRX20997769,"Euan Ashley","Sep 30, 2023"
GSM7760369,"rna-seq_ovary_control_female_8w_biological_rep2_vial_90248016402","SRA","Rattus norvegicus",1,GPL25947,GSE242354;GSE242358,"SRA Run Selector","https://www.ncbi.nlm.nih.gov/Traces/study/?acc=SRX20997770",SRX20997770,"Euan Ashley","Sep 30, 2023"
GSM7760370,"rna-seq_ovary_training_female_8w_biological_rep1_vial_90251016402","SRA","Rattus norvegicus",1,GPL25947,GSE242354;GSE242358,"SRA Run Selector","https://www.ncbi.nlm.nih.gov/Traces/study/?acc=SRX20997772",SRX20997772,"Euan Ashley","Sep 30, 2023"
GSM7760371,"rna-seq_ovary_control_female_8w_biological_rep3_vial_90252016402","SRA","Rattus norvegicus",1,GPL25947,GSE242354;GSE242358,"SRA Run Selector","https://www.ncbi.nlm.nih.gov/Traces/study/?acc=SRX20997773",SRX20997773,"Euan Ashley","Sep 30, 2023"
GSM7760372,"rna-seq_ovary_training_female_8w_biological_rep2_vial_90254016402","SRA","Rattus norvegicus",1,GPL25947,GSE242354;GSE242358,"SRA Run Selector","https://www.ncbi.nlm.nih.gov/Traces/study/?acc=SRX20997774",SRX20997774,"Euan Ashley","Sep 30, 2023"
GSM7760373,"rna-seq_ovary_training_female_8w_biological_rep3_vial_90258016402","SRA","Rattus norvegicus",1,GPL25947,GSE242354;GSE242358,"SRA Run Selector","https://www.ncbi.nlm.nih.gov/Traces/study/?acc=SRX20997775",SRX20997775,"Euan Ashley","Sep 30, 2023"
GSM7760374,"rna-seq_ovary_training_female_8w_biological_rep4_vial_90259016402","SRA","Rattus norvegicus",1,GPL25947,GSE242354;GSE242358,"SRA Run Selector","https://www.ncbi.nlm.nih.gov/Traces/study/?acc=SRX20997776",SRX20997776,"Euan Ashley","Sep 30, 2023"
GSM7760375,"rna-seq_ovary_control_female_8w_biological_rep4_vial_90265016402","SRA","Rattus norvegicus",1,GPL25947,GSE242354;GSE242358,"SRA Run Selector","https://www.ncbi.nlm.nih.gov/Traces/study/?acc=SRX20997573",SRX20997573,"Euan Ashley","Sep 30, 2023"
GSM7760376,"rna-seq_ovary_control_female_8w_biological_rep5_vial_90266016402","SRA","Rattus norvegicus",1,GPL25947,GSE242354;GSE242358,"SRA Run Selector","https://www.ncbi.nlm.nih.gov/Traces/study/?acc=SRX20997574",SRX20997574,"Euan Ashley","Sep 30, 2023"
GSM7760377,"rna-seq_ovary_training_female_8w_biological_rep5_vial_90267016402","SRA","Rattus norvegicus",1,GPL25947,GSE242354;GSE242358,"SRA Run Selector","https://www.ncbi.nlm.nih.gov/Traces/study/?acc=SRX20997778",SRX20997778,"Euan Ashley","Sep 30, 2023"
GSM7760378,"rna-seq_ovary_training_female_4w_biological_rep1_vial_90406016402","SRA","Rattus norvegicus",1,GPL25947,GSE242354;GSE242358,"SRA Run Selector","https://www.ncbi.nlm.nih.gov/Traces/study/?acc=SRX20997779",SRX20997779,"Euan Ashley","Sep 30, 2023"
GSM7760379,"rna-seq_ovary_training_female_4w_biological_rep3_vial_90412016402","SRA","Rattus norvegicus",1,GPL25947,GSE242354;GSE242358,"SRA Run Selector","https://www.ncbi.nlm.nih.gov/Traces/study/?acc=SRX20997780",SRX20997780,"Euan Ashley","Sep 30, 2023"
GSM7760380,"rna-seq_ovary_training_female_4w_biological_rep4_vial_90416016402","SRA","Rattus norvegicus",1,GPL25947,GSE242354;GSE242358,"SRA Run Selector","https://www.ncbi.nlm.nih.gov/Traces/study/?acc=SRX20997557",SRX20997557,"Euan Ashley","Sep 30, 2023"
GSM7760381,"rna-seq_ovary_training_female_4w_biological_rep5_vial_90420016402","SRA","Rattus norvegicus",1,GPL25947,GSE242354;GSE242358,"SRA Run Selector","https://www.ncbi.nlm.nih.gov/Traces/study/?acc=SRX20997558",SRX20997558,"Euan Ashley","Sep 30, 2023"
GSM7760382,"rna-seq_ovary_training_female_1w_biological_rep1_vial_90559016402","SRA","Rattus norvegicus",1,GPL25947,GSE242354;GSE242358,"SRA Run Selector","https://www.ncbi.nlm.nih.gov/Traces/study/?acc=SRX20997559",SRX20997559,"Euan Ashley","Sep 30, 2023"
GSM7760383,"rna-seq_ovary_training_female_1w_biological_rep2_vial_90560016402","SRA","Rattus norvegicus",1,GPL25947,GSE242354;GSE242358,"SRA Run Selector","https://www.ncbi.nlm.nih.gov/Traces/study/?acc=SRX20997560",SRX20997560,"Euan Ashley","Sep 30, 2023"
GSM7760384,"rna-seq_ovary_training_female_1w_biological_rep3_vial_90564016402","SRA","Rattus norvegicus",1,GPL25947,GSE242354;GSE242358,"SRA Run Selector","https://www.ncbi.nlm.nih.gov/Traces/study/?acc=SRX20997561",SRX20997561,"Euan Ashley","Sep 30, 2023"
GSM7760385,"rna-seq_ovary_training_female_1w_biological_rep4_vial_90567016402","SRA","Rattus norvegicus",1,GPL25947,GSE242354;GSE242358,"SRA Run Selector","https://www.ncbi.nlm.nih.gov/Traces/study/?acc=SRX20997562",SRX20997562,"Euan Ashley","Sep 30, 2023"
GSM7760386,"rna-seq_ovary_training_female_1w_biological_rep5_vial_90571016402","SRA","Rattus norvegicus",1,GPL25947,GSE242354;GSE242358,"SRA Run Selector","https://www.ncbi.nlm.nih.gov/Traces/study/?acc=SRX20997563",SRX20997563,"Euan Ashley","Sep 30, 2023"
GSM7760387,"rna-seq_ovary_training_female_2w_biological_rep1_vial_90576016402","SRA","Rattus norvegicus",1,GPL25947,GSE242354;GSE242358,"SRA Run Selector","https://www.ncbi.nlm.nih.gov/Traces/study/?acc=SRX20997564",SRX20997564,"Euan Ashley","Sep 30, 2023"
GSM7760388,"rna-seq_ovary_training_female_2w_biological_rep2_vial_90578016402","SRA","Rattus norvegicus",1,GPL25947,GSE242354;GSE242358,"SRA Run Selector","https://www.ncbi.nlm.nih.gov/Traces/study/?acc=SRX20997565",SRX20997565,"Euan Ashley","Sep 30, 2023"
GSM7760389,"rna-seq_ovary_training_female_2w_biological_rep3_vial_90581016402","SRA","Rattus norvegicus",1,GPL25947,GSE242354;GSE242358,"SRA Run Selector","https://www.ncbi.nlm.nih.gov/Traces/study/?acc=SRX20997566",SRX20997566,"Euan Ashley","Sep 30, 2023"
GSM7760390,"rna-seq_ovary_training_female_2w_biological_rep4_vial_90585016402","SRA","Rattus norvegicus",1,GPL25947,GSE242354;GSE242358,"SRA Run Selector","https://www.ncbi.nlm.nih.gov/Traces/study/?acc=SRX20997568",SRX20997568,"Euan Ashley","Sep 30, 2023"
GSM7760391,"rna-seq_ovary_training_female_2w_biological_rep5_vial_90587016402","SRA","Rattus norvegicus",1,GPL25947,GSE242354;GSE242358,"SRA Run Selector","https://www.ncbi.nlm.nih.gov/Traces/study/?acc=SRX20997569",SRX20997569,"Euan Ashley","Sep 30, 2023"
GSM7760392,"rna-seq_lung_control_male_8w_biological_rep1_vial_90217016603","SRA","Rattus norvegicus",1,GPL25947,GSE242354;GSE242358,"SRA Run Selector","https://www.ncbi.nlm.nih.gov/Traces/study/?acc=SRX20997570",SRX20997570,"Euan Ashley","Sep 30, 2023"
GSM7760393,"rna-seq_lung_training_male_8w_biological_rep1_vial_90218016603","SRA","Rattus norvegicus",1,GPL25947,GSE242354;GSE242358,"SRA Run Selector","https://www.ncbi.nlm.nih.gov/Traces/study/?acc=SRX20997571",SRX20997571,"Euan Ashley","Sep 30, 2023"
GSM7760394,"rna-seq_lung_training_male_8w_biological_rep2_vial_90222016603","SRA","Rattus norvegicus",1,GPL25947,GSE242354;GSE242358,"SRA Run Selector","https://www.ncbi.nlm.nih.gov/Traces/study/?acc=SRX20997572",SRX20997572,"Euan Ashley","Sep 30, 2023"
GSM7760395,"rna-seq_lung_training_male_8w_biological_rep3_vial_90223016603","SRA","Rattus norvegicus",1,GPL25947,GSE242354;GSE242358,"SRA Run Selector","https://www.ncbi.nlm.nih.gov/Traces/study/?acc=SRX20997723",SRX20997723,"Euan Ashley","Sep 30, 2023"
GSM7760396,"rna-seq_lung_training_male_8w_biological_rep4_vial_90225016603","SRA","Rattus norvegicus",1,GPL25947,GSE242354;GSE242358,"SRA Run Selector","https://www.ncbi.nlm.nih.gov/Traces/study/?acc=SRX20997724",SRX20997724,"Euan Ashley","Sep 30, 2023"
GSM7760397,"rna-seq_lung_training_male_8w_biological_rep5_vial_90227016603","SRA","Rattus norvegicus",1,GPL25947,GSE242354;GSE242358,"SRA Run Selector","https://www.ncbi.nlm.nih.gov/Traces/study/?acc=SRX20997725",SRX20997725,"Euan Ashley","Sep 30, 2023"
GSM7760398,"rna-seq_lung_control_male_8w_biological_rep2_vial_90229016603","SRA","Rattus norvegicus",1,GPL25947,GSE242354;GSE242358,"SRA Run Selector","https://www.ncbi.nlm.nih.gov/Traces/study/?acc=SRX20997575",SRX20997575,"Euan Ashley","Sep 30, 2023"
GSM7760399,"rna-seq_lung_control_male_8w_biological_rep3_vial_90232016603","SRA","Rattus norvegicus",1,GPL25947,GSE242354;GSE242358,"SRA Run Selector","https://www.ncbi.nlm.nih.gov/Traces/study/?acc=SRX20997576",SRX20997576,"Euan Ashley","Sep 30, 2023"
GSM7760400,"rna-seq_lung_control_male_8w_biological_rep4_vial_90237016603","SRA","Rattus norvegicus",1,GPL25947,GSE242354;GSE242358,"SRA Run Selector","https://www.ncbi.nlm.nih.gov/Traces/study/?acc=SRX20997578",SRX20997578,"Euan Ashley","Sep 30, 2023"
GSM7760401,"rna-seq_lung_control_male_8w_biological_rep5_vial_90239016603","SRA","Rattus norvegicus",1,GPL25947,GSE242354;GSE242358,"SRA Run Selector","https://www.ncbi.nlm.nih.gov/Traces/study/?acc=SRX20997579",SRX20997579,"Euan Ashley","Sep 30, 2023"
GSM7760402,"rna-seq_lung_control_female_8w_biological_rep1_vial_90245016603","SRA","Rattus norvegicus",1,GPL25947,GSE242354;GSE242358,"SRA Run Selector","https://www.ncbi.nlm.nih.gov/Traces/study/?acc=SRX20997580",SRX20997580,"Euan Ashley","Sep 30, 2023"
GSM7760403,"rna-seq_lung_control_female_8w_biological_rep2_vial_90248016603","SRA","Rattus norvegicus",1,GPL25947,GSE242354;GSE242358,"SRA Run Selector","https://www.ncbi.nlm.nih.gov/Traces/study/?acc=SRX20997710",SRX20997710,"Euan Ashley","Sep 30, 2023"
GSM7760404,"rna-seq_lung_training_female_8w_biological_rep1_vial_90251016603","SRA","Rattus norvegicus",1,GPL25947,GSE242354;GSE242358,"SRA Run Selector","https://www.ncbi.nlm.nih.gov/Traces/study/?acc=SRX20997711",SRX20997711,"Euan Ashley","Sep 30, 2023"
GSM7760405,"rna-seq_lung_control_female_8w_biological_rep3_vial_90252016603","SRA","Rattus norvegicus",1,GPL25947,GSE242354;GSE242358,"SRA Run Selector","https://www.ncbi.nlm.nih.gov/Traces/study/?acc=SRX20997712",SRX20997712,"Euan Ashley","Sep 30, 2023"
GSM7760406,"rna-seq_lung_training_female_8w_biological_rep2_vial_90254016603","SRA","Rattus norvegicus",1,GPL25947,GSE242354;GSE242358,"SRA Run Selector","https://www.ncbi.nlm.nih.gov/Traces/study/?acc=SRX20997713",SRX20997713,"Euan Ashley","Sep 30, 2023"
GSM7760407,"rna-seq_lung_training_female_8w_biological_rep3_vial_90258016603","SRA","Rattus norvegicus",1,GPL25947,GSE242354;GSE242358,"SRA Run Selector","https://www.ncbi.nlm.nih.gov/Traces/study/?acc=SRX20997714",SRX20997714,"Euan Ashley","Sep 30, 2023"
GSM7760408,"rna-seq_lung_training_female_8w_biological_rep4_vial_90259016603","SRA","Rattus norvegicus",1,GPL25947,GSE242354;GSE242358,"SRA Run Selector","https://www.ncbi.nlm.nih.gov/Traces/study/?acc=SRX20997715",SRX20997715,"Euan Ashley","Sep 30, 2023"
GSM7760409,"rna-seq_lung_control_female_8w_biological_rep4_vial_90265016603","SRA","Rattus norvegicus",1,GPL25947,GSE242354;GSE242358,"SRA Run Selector","https://www.ncbi.nlm.nih.gov/Traces/study/?acc=SRX20997716",SRX20997716,"Euan Ashley","Sep 30, 2023"
GSM7760410,"rna-seq_lung_control_female_8w_biological_rep5_vial_90266016603","SRA","Rattus norvegicus",1,GPL25947,GSE242354;GSE242358,"SRA Run Selector","https://www.ncbi.nlm.nih.gov/Traces/study/?acc=SRX20997718",SRX20997718,"Euan Ashley","Sep 30, 2023"
GSM7760411,"rna-seq_lung_training_female_8w_biological_rep5_vial_90267016603","SRA","Rattus norvegicus",1,GPL25947,GSE242354;GSE242358,"SRA Run Selector","https://www.ncbi.nlm.nih.gov/Traces/study/?acc=SRX20997719",SRX20997719,"Euan Ashley","Sep 30, 2023"
GSM7760412,"rna-seq_lung_training_male_4w_biological_rep1_vial_90280016603","SRA","Rattus norvegicus",1,GPL25947,GSE242354;GSE242358,"SRA Run Selector","https://www.ncbi.nlm.nih.gov/Traces/study/?acc=SRX20997720",SRX20997720,"Euan Ashley","Sep 30, 2023"
GSM7760413,"rna-seq_lung_training_male_4w_biological_rep2_vial_90281016603","SRA","Rattus norvegicus",1,GPL25947,GSE242354;GSE242358,"SRA Run Selector","https://www.ncbi.nlm.nih.gov/Traces/study/?acc=SRX20997721",SRX20997721,"Euan Ashley","Sep 30, 2023"
GSM7760414,"rna-seq_lung_training_male_4w_biological_rep3_vial_90283016603","SRA","Rattus norvegicus",1,GPL25947,GSE242354;GSE242358,"SRA Run Selector","https://www.ncbi.nlm.nih.gov/Traces/study/?acc=SRX20997722",SRX20997722,"Euan Ashley","Sep 30, 2023"
GSM7760415,"rna-seq_lung_training_male_4w_biological_rep4_vial_90289016603","SRA","Rattus norvegicus",1,GPL25947,GSE242354;GSE242358,"SRA Run Selector","https://www.ncbi.nlm.nih.gov/Traces/study/?acc=SRX20997544",SRX20997544,"Euan Ashley","Sep 30, 2023"
GSM7760416,"rna-seq_lung_training_male_4w_biological_rep5_vial_90292016603","SRA","Rattus norvegicus",1,GPL25947,GSE242354;GSE242358,"SRA Run Selector","https://www.ncbi.nlm.nih.gov/Traces/study/?acc=SRX20997545",SRX20997545,"Euan Ashley","Sep 30, 2023"
GSM7760417,"rna-seq_lung_training_female_4w_biological_rep1_vial_90406016603","SRA","Rattus norvegicus",1,GPL25947,GSE242354;GSE242358,"SRA Run Selector","https://www.ncbi.nlm.nih.gov/Traces/study/?acc=SRX20997546",SRX20997546,"Euan Ashley","Sep 30, 2023"
GSM7760418,"rna-seq_lung_training_female_4w_biological_rep2_vial_90410016603","SRA","Rattus norvegicus",1,GPL25947,GSE242354;GSE242358,"SRA Run Selector","https://www.ncbi.nlm.nih.gov/Traces/study/?acc=SRX20997726",SRX20997726,"Euan Ashley","Sep 30, 2023"
GSM7760419,"rna-seq_lung_training_female_4w_biological_rep3_vial_90412016603","SRA","Rattus norvegicus",1,GPL25947,GSE242354;GSE242358,"SRA Run Selector","https://www.ncbi.nlm.nih.gov/Traces/study/?acc=SRX20997727",SRX20997727,"Euan Ashley","Sep 30, 2023"
GSM7760420,"rna-seq_lung_training_female_4w_biological_rep4_vial_90416016603","SRA","Rattus norvegicus",1,GPL25947,GSE242354;GSE242358,"SRA Run Selector","https://www.ncbi.nlm.nih.gov/Traces/study/?acc=SRX20997729",SRX20997729,"Euan Ashley","Sep 30, 2023"
GSM7760421,"rna-seq_lung_training_female_4w_biological_rep5_vial_90420016603","SRA","Rattus norvegicus",1,GPL25947,GSE242354;GSE242358,"SRA Run Selector","https://www.ncbi.nlm.nih.gov/Traces/study/?acc=SRX20997730",SRX20997730,"Euan Ashley","Sep 30, 2023"
GSM7760422,"rna-seq_lung_training_male_1w_biological_rep1_vial_90421016603","SRA","Rattus norvegicus",1,GPL25947,GSE242354;GSE242358,"SRA Run Selector","https://www.ncbi.nlm.nih.gov/Traces/study/?acc=SRX20997731",SRX20997731,"Euan Ashley","Sep 30, 2023"
GSM7760423,"rna-seq_lung_training_male_1w_biological_rep2_vial_90422016603","SRA","Rattus norvegicus",1,GPL25947,GSE242354;GSE242358,"SRA Run Selector","https://www.ncbi.nlm.nih.gov/Traces/study/?acc=SRX20997732",SRX20997732,"Euan Ashley","Sep 30, 2023"
GSM7760424,"rna-seq_lung_training_male_1w_biological_rep3_vial_90423016603","SRA","Rattus norvegicus",1,GPL25947,GSE242354;GSE242358,"SRA Run Selector","https://www.ncbi.nlm.nih.gov/Traces/study/?acc=SRX20997733",SRX20997733,"Euan Ashley","Sep 30, 2023"
GSM7760425,"rna-seq_lung_training_male_1w_biological_rep4_vial_90426016603","SRA","Rattus norvegicus",1,GPL25947,GSE242354;GSE242358,"SRA Run Selector","https://www.ncbi.nlm.nih.gov/Traces/study/?acc=SRX20997533",SRX20997533,"Euan Ashley","Sep 30, 2023"
GSM7760426,"rna-seq_lung_training_male_1w_biological_rep5_vial_90430016603","SRA","Rattus norvegicus",1,GPL25947,GSE242354;GSE242358,"SRA Run Selector","https://www.ncbi.nlm.nih.gov/Traces/study/?acc=SRX20997534",SRX20997534,"Euan Ashley","Sep 30, 2023"
GSM7760427,"rna-seq_lung_training_male_2w_biological_rep1_vial_90439016603","SRA","Rattus norvegicus",1,GPL25947,GSE242354;GSE242358,"SRA Run Selector","https://www.ncbi.nlm.nih.gov/Traces/study/?acc=SRX20997535",SRX20997535,"Euan Ashley","Sep 30, 2023"
GSM7760428,"rna-seq_lung_training_male_2w_biological_rep2_vial_90441016603","SRA","Rattus norvegicus",1,GPL25947,GSE242354;GSE242358,"SRA Run Selector","https://www.ncbi.nlm.nih.gov/Traces/study/?acc=SRX20997536",SRX20997536,"Euan Ashley","Sep 30, 2023"
GSM7760429,"rna-seq_lung_training_male_2w_biological_rep3_vial_90444016603","SRA","Rattus norvegicus",1,GPL25947,GSE242354;GSE242358,"SRA Run Selector","https://www.ncbi.nlm.nih.gov/Traces/study/?acc=SRX20997537",SRX20997537,"Euan Ashley","Sep 30, 2023"
GSM7760430,"rna-seq_lung_training_male_2w_biological_rep4_vial_90449016603","SRA","Rattus norvegicus",1,GPL25947,GSE242354;GSE242358,"SRA Run Selector","https://www.ncbi.nlm.nih.gov/Traces/study/?acc=SRX20997539",SRX20997539,"Euan Ashley","Sep 30, 2023"
GSM7760431,"rna-seq_lung_training_male_2w_biological_rep5_vial_90450016603","SRA","Rattus norvegicus",1,GPL25947,GSE242354;GSE242358,"SRA Run Selector","https://www.ncbi.nlm.nih.gov/Traces/study/?acc=SRX20997540",SRX20997540,"Euan Ashley","Sep 30, 2023"
GSM7760432,"rna-seq_lung_training_female_1w_biological_rep1_vial_90559016603","SRA","Rattus norvegicus",1,GPL25947,GSE242354;GSE242358,"SRA Run Selector","https://www.ncbi.nlm.nih.gov/Traces/study/?acc=SRX20997541",SRX20997541,"Euan Ashley","Sep 30, 2023"
GSM7760433,"rna-seq_lung_training_female_1w_biological_rep2_vial_90560016603","SRA","Rattus norvegicus",1,GPL25947,GSE242354;GSE242358,"SRA Run Selector","https://www.ncbi.nlm.nih.gov/Traces/study/?acc=SRX20997542",SRX20997542,"Euan Ashley","Sep 30, 2023"
GSM7760434,"rna-seq_lung_training_female_1w_biological_rep3_vial_90564016603","SRA","Rattus norvegicus",1,GPL25947,GSE242354;GSE242358,"SRA Run Selector","https://www.ncbi.nlm.nih.gov/Traces/study/?acc=SRX20997543",SRX20997543,"Euan Ashley","Sep 30, 2023"
GSM7760435,"rna-seq_lung_training_female_1w_biological_rep4_vial_90567016603","SRA","Rattus norvegicus",1,GPL25947,GSE242354;GSE242358,"SRA Run Selector","https://www.ncbi.nlm.nih.gov/Traces/study/?acc=SRX20997791",SRX20997791,"Euan Ashley","Sep 30, 2023"
GSM7760436,"rna-seq_lung_training_female_1w_biological_rep5_vial_90571016603","SRA","Rattus norvegicus",1,GPL25947,GSE242354;GSE242358,"SRA Run Selector","https://www.ncbi.nlm.nih.gov/Traces/study/?acc=SRX20997792",SRX20997792,"Euan Ashley","Sep 30, 2023"
GSM7760437,"rna-seq_lung_training_female_2w_biological_rep1_vial_90576016603","SRA","Rattus norvegicus",1,GPL25947,GSE242354;GSE242358,"SRA Run Selector","https://www.ncbi.nlm.nih.gov/Traces/study/?acc=SRX20997793",SRX20997793,"Euan Ashley","Sep 30, 2023"
GSM7760438,"rna-seq_lung_training_female_2w_biological_rep2_vial_90578016603","SRA","Rattus norvegicus",1,GPL25947,GSE242354;GSE242358,"SRA Run Selector","https://www.ncbi.nlm.nih.gov/Traces/study/?acc=SRX20997547",SRX20997547,"Euan Ashley","Sep 30, 2023"
GSM7760439,"rna-seq_lung_training_female_2w_biological_rep3_vial_90581016603","SRA","Rattus norvegicus",1,GPL25947,GSE242354;GSE242358,"SRA Run Selector","https://www.ncbi.nlm.nih.gov/Traces/study/?acc=SRX20997548",SRX20997548,"Euan Ashley","Sep 30, 2023"
GSM7760440,"rna-seq_lung_training_female_2w_biological_rep4_vial_90585016603","SRA","Rattus norvegicus",1,GPL25947,GSE242354;GSE242358,"SRA Run Selector","https://www.ncbi.nlm.nih.gov/Traces/study/?acc=SRX20997550",SRX20997550,"Euan Ashley","Sep 30, 2023"
GSM7760441,"rna-seq_lung_training_female_2w_biological_rep5_vial_90587016603","SRA","Rattus norvegicus",1,GPL25947,GSE242354;GSE242358,"SRA Run Selector","https://www.ncbi.nlm.nih.gov/Traces/study/?acc=SRX20997551",SRX20997551,"Euan Ashley","Sep 30, 2023"
GSM7760442,"rna-seq_smlint_control_male_8w_biological_rep1_vial_90217016702","SRA","Rattus norvegicus",1,GPL25947,GSE242354;GSE242358,"SRA Run Selector","https://www.ncbi.nlm.nih.gov/Traces/study/?acc=SRX20997552",SRX20997552,"Euan Ashley","Sep 30, 2023"
GSM7760443,"rna-seq_smlint_training_male_8w_biological_rep1_vial_90218016702","SRA","Rattus norvegicus",1,GPL25947,GSE242354;GSE242358,"SRA Run Selector","https://www.ncbi.nlm.nih.gov/Traces/study/?acc=SRX20997553",SRX20997553,"Euan Ashley","Sep 30, 2023"
GSM7760444,"rna-seq_smlint_training_male_8w_biological_rep2_vial_90222016702","SRA","Rattus norvegicus",1,GPL25947,GSE242354;GSE242358,"SRA Run Selector","https://www.ncbi.nlm.nih.gov/Traces/study/?acc=SRX20997554",SRX20997554,"Euan Ashley","Sep 30, 2023"
GSM7760445,"rna-seq_smlint_training_male_8w_biological_rep3_vial_90223016702","SRA","Rattus norvegicus",1,GPL25947,GSE242354;GSE242358,"SRA Run Selector","https://www.ncbi.nlm.nih.gov/Traces/study/?acc=SRX20997555",SRX20997555,"Euan Ashley","Sep 30, 2023"
GSM7760446,"rna-seq_smlint_training_male_8w_biological_rep4_vial_90225016702","SRA","Rattus norvegicus",1,GPL25947,GSE242354;GSE242358,"SRA Run Selector","https://www.ncbi.nlm.nih.gov/Traces/study/?acc=SRX20997556",SRX20997556,"Euan Ashley","Sep 30, 2023"
GSM7760447,"rna-seq_smlint_training_male_8w_biological_rep5_vial_90227016702","SRA","Rattus norvegicus",1,GPL25947,GSE242354;GSE242358,"SRA Run Selector","https://www.ncbi.nlm.nih.gov/Traces/study/?acc=SRX20997782",SRX20997782,"Euan Ashley","Sep 30, 2023"
GSM7760448,"rna-seq_smlint_control_male_8w_biological_rep2_vial_90229016702","SRA","Rattus norvegicus",1,GPL25947,GSE242354;GSE242358,"SRA Run Selector","https://www.ncbi.nlm.nih.gov/Traces/study/?acc=SRX20997783",SRX20997783,"Euan Ashley","Sep 30, 2023"
GSM7760449,"rna-seq_smlint_control_male_8w_biological_rep3_vial_90232016702","SRA","Rattus norvegicus",1,GPL25947,GSE242354;GSE242358,"SRA Run Selector","https://www.ncbi.nlm.nih.gov/Traces/study/?acc=SRX20997784",SRX20997784,"Euan Ashley","Sep 30, 2023"
GSM7760450,"rna-seq_smlint_control_male_8w_biological_rep4_vial_90237016702","SRA","Rattus norvegicus",1,GPL25947,GSE242354;GSE242358,"SRA Run Selector","https://www.ncbi.nlm.nih.gov/Traces/study/?acc=SRX20997786",SRX20997786,"Euan Ashley","Sep 30, 2023"
GSM7760451,"rna-seq_smlint_control_male_8w_biological_rep5_vial_90239016702","SRA","Rattus norvegicus",1,GPL25947,GSE242354;GSE242358,"SRA Run Selector","https://www.ncbi.nlm.nih.gov/Traces/study/?acc=SRX20997787",SRX20997787,"Euan Ashley","Sep 30, 2023"
GSM7760452,"rna-seq_smlint_control_female_8w_biological_rep1_vial_90245016702","SRA","Rattus norvegicus",1,GPL25947,GSE242354;GSE242358,"SRA Run Selector","https://www.ncbi.nlm.nih.gov/Traces/study/?acc=SRX20997788",SRX20997788,"Euan Ashley","Sep 30, 2023"
GSM7760453,"rna-seq_smlint_control_female_8w_biological_rep2_vial_90248016702","SRA","Rattus norvegicus",1,GPL25947,GSE242354;GSE242358,"SRA Run Selector","https://www.ncbi.nlm.nih.gov/Traces/study/?acc=SRX20997789",SRX20997789,"Euan Ashley","Sep 30, 2023"
GSM7760454,"rna-seq_smlint_training_female_8w_biological_rep1_vial_90251016702","SRA","Rattus norvegicus",1,GPL25947,GSE242354;GSE242358,"SRA Run Selector","https://www.ncbi.nlm.nih.gov/Traces/study/?acc=SRX20997790",SRX20997790,"Euan Ashley","Sep 30, 2023"
GSM7760455,"rna-seq_smlint_control_female_8w_biological_rep3_vial_90252016702","SRA","Rattus norvegicus",1,GPL25947,GSE242354;GSE242358,"SRA Run Selector","https://www.ncbi.nlm.nih.gov/Traces/study/?acc=SRX20997027",SRX20997027,"Euan Ashley","Sep 30, 2023"
GSM7760456,"rna-seq_smlint_training_female_8w_biological_rep2_vial_90254016702","SRA","Rattus norvegicus",1,GPL25947,GSE242354;GSE242358,"SRA Run Selector","https://www.ncbi.nlm.nih.gov/Traces/study/?acc=SRX20997028",SRX20997028,"Euan Ashley","Sep 30, 2023"
GSM7760457,"rna-seq_smlint_training_female_8w_biological_rep3_vial_90258016702","SRA","Rattus norvegicus",1,GPL25947,GSE242354;GSE242358,"SRA Run Selector","https://www.ncbi.nlm.nih.gov/Traces/study/?acc=SRX20997029",SRX20997029,"Euan Ashley","Sep 30, 2023"
GSM7760458,"rna-seq_smlint_training_female_8w_biological_rep4_vial_90259016702","SRA","Rattus norvegicus",1,GPL25947,GSE242354;GSE242358,"SRA Run Selector","https://www.ncbi.nlm.nih.gov/Traces/study/?acc=SRX20997794",SRX20997794,"Euan Ashley","Sep 30, 2023"
GSM7760459,"rna-seq_smlint_control_female_8w_biological_rep4_vial_90265016702","SRA","Rattus norvegicus",1,GPL25947,GSE242354;GSE242358,"SRA Run Selector","https://www.ncbi.nlm.nih.gov/Traces/study/?acc=SRX20997795",SRX20997795,"Euan Ashley","Sep 30, 2023"
GSM7760460,"rna-seq_smlint_control_female_8w_biological_rep5_vial_90266016702","SRA","Rattus norvegicus",1,GPL25947,GSE242354;GSE242358,"SRA Run Selector","https://www.ncbi.nlm.nih.gov/Traces/study/?acc=SRX20997798",SRX20997798,"Euan Ashley","Sep 30, 2023"
GSM7760461,"rna-seq_smlint_training_female_8w_biological_rep5_vial_90267016702","SRA","Rattus norvegicus",1,GPL25947,GSE242354;GSE242358,"SRA Run Selector","https://www.ncbi.nlm.nih.gov/Traces/study/?acc=SRX20997799",SRX20997799,"Euan Ashley","Sep 30, 2023"
GSM7760462,"rna-seq_smlint_training_male_4w_biological_rep1_vial_90280016702","SRA","Rattus norvegicus",1,GPL25947,GSE242354;GSE242358,"SRA Run Selector","https://www.ncbi.nlm.nih.gov/Traces/study/?acc=SRX20997800",SRX20997800,"Euan Ashley","Sep 30, 2023"
GSM7760463,"rna-seq_smlint_training_male_4w_biological_rep2_vial_90281016702","SRA","Rattus norvegicus",1,GPL25947,GSE242354;GSE242358,"SRA Run Selector","https://www.ncbi.nlm.nih.gov/Traces/study/?acc=SRX20997801",SRX20997801,"Euan Ashley","Sep 30, 2023"
GSM7760464,"rna-seq_smlint_training_male_4w_biological_rep3_vial_90283016702","SRA","Rattus norvegicus",1,GPL25947,GSE242354;GSE242358,"SRA Run Selector","https://www.ncbi.nlm.nih.gov/Traces/study/?acc=SRX20997802",SRX20997802,"Euan Ashley","Sep 30, 2023"
GSM7760465,"rna-seq_smlint_training_male_4w_biological_rep4_vial_90289016702","SRA","Rattus norvegicus",1,GPL25947,GSE242354;GSE242358,"SRA Run Selector","https://www.ncbi.nlm.nih.gov/Traces/study/?acc=SRX20997803",SRX20997803,"Euan Ashley","Sep 30, 2023"
GSM7760466,"rna-seq_smlint_training_male_4w_biological_rep5_vial_90292016702","SRA","Rattus norvegicus",1,GPL25947,GSE242354;GSE242358,"SRA Run Selector","https://www.ncbi.nlm.nih.gov/Traces/study/?acc=SRX20997804",SRX20997804,"Euan Ashley","Sep 30, 2023"
GSM7760467,"rna-seq_smlint_training_female_4w_biological_rep1_vial_90406016702","SRA","Rattus norvegicus",1,GPL25947,GSE242354;GSE242358,"SRA Run Selector","https://www.ncbi.nlm.nih.gov/Traces/study/?acc=SRX20997805",SRX20997805,"Euan Ashley","Sep 30, 2023"
GSM7760468,"rna-seq_smlint_training_female_4w_biological_rep2_vial_90410016702","SRA","Rattus norvegicus",1,GPL25947,GSE242354;GSE242358,"SRA Run Selector","https://www.ncbi.nlm.nih.gov/Traces/study/?acc=SRX20997022",SRX20997022,"Euan Ashley","Sep 30, 2023"
GSM7760469,"rna-seq_smlint_training_female_4w_biological_rep3_vial_90412016702","SRA","Rattus norvegicus",1,GPL25947,GSE242354;GSE242358,"SRA Run Selector","https://www.ncbi.nlm.nih.gov/Traces/study/?acc=SRX20997023",SRX20997023,"Euan Ashley","Sep 30, 2023"
GSM7760470,"rna-seq_smlint_training_female_4w_biological_rep4_vial_90416016702","SRA","Rattus norvegicus",1,GPL25947,GSE242354;GSE242358,"SRA Run Selector","https://www.ncbi.nlm.nih.gov/Traces/study/?acc=SRX20997025",SRX20997025,"Euan Ashley","Sep 30, 2023"
GSM7760471,"rna-seq_smlint_training_female_4w_biological_rep5_vial_90420016702","SRA","Rattus norvegicus",1,GPL25947,GSE242354;GSE242358,"SRA Run Selector","https://www.ncbi.nlm.nih.gov/Traces/study/?acc=SRX20997026",SRX20997026,"Euan Ashley","Sep 30, 2023"
GSM7760472,"rna-seq_smlint_training_male_1w_biological_rep1_vial_90421016702","SRA","Rattus norvegicus",1,GPL25947,GSE242354;GSE242358,"SRA Run Selector","https://www.ncbi.nlm.nih.gov/Traces/study/?acc=SRX20997584",SRX20997584,"Euan Ashley","Sep 30, 2023"
GSM7760473,"rna-seq_smlint_training_male_1w_biological_rep2_vial_90422016702","SRA","Rattus norvegicus",1,GPL25947,GSE242354;GSE242358,"SRA Run Selector","https://www.ncbi.nlm.nih.gov/Traces/study/?acc=SRX20997585",SRX20997585,"Euan Ashley","Sep 30, 2023"
GSM7760474,"rna-seq_smlint_training_male_1w_biological_rep3_vial_90423016702","SRA","Rattus norvegicus",1,GPL25947,GSE242354;GSE242358,"SRA Run Selector","https://www.ncbi.nlm.nih.gov/Traces/study/?acc=SRX20997586",SRX20997586,"Euan Ashley","Sep 30, 2023"
GSM7760475,"rna-seq_smlint_training_male_1w_biological_rep4_vial_90426016702","SRA","Rattus norvegicus",1,GPL25947,GSE242354;GSE242358,"SRA Run Selector","https://www.ncbi.nlm.nih.gov/Traces/study/?acc=SRX20997587",SRX20997587,"Euan Ashley","Sep 30, 2023"
GSM7760476,"rna-seq_smlint_training_male_1w_biological_rep5_vial_90430016702","SRA","Rattus norvegicus",1,GPL25947,GSE242354;GSE242358,"SRA Run Selector","https://www.ncbi.nlm.nih.gov/Traces/study/?acc=SRX20997588",SRX20997588,"Euan Ashley","Sep 30, 2023"
GSM7760477,"rna-seq_smlint_training_male_2w_biological_rep1_vial_90439016702","SRA","Rattus norvegicus",1,GPL25947,GSE242354;GSE242358,"SRA Run Selector","https://www.ncbi.nlm.nih.gov/Traces/study/?acc=SRX20997030",SRX20997030,"Euan Ashley","Sep 30, 2023"
GSM7760478,"rna-seq_smlint_training_male_2w_biological_rep2_vial_90441016702","SRA","Rattus norvegicus",1,GPL25947,GSE242354;GSE242358,"SRA Run Selector","https://www.ncbi.nlm.nih.gov/Traces/study/?acc=SRX20997031",SRX20997031,"Euan Ashley","Sep 30, 2023"
GSM7760479,"rna-seq_smlint_training_male_2w_biological_rep3_vial_90444016702","SRA","Rattus norvegicus",1,GPL25947,GSE242354;GSE242358,"SRA Run Selector","https://www.ncbi.nlm.nih.gov/Traces/study/?acc=SRX20997032",SRX20997032,"Euan Ashley","Sep 30, 2023"
GSM7760480,"rna-seq_smlint_training_male_2w_biological_rep4_vial_90449016702","SRA","Rattus norvegicus",1,GPL25947,GSE242354;GSE242358,"SRA Run Selector","https://www.ncbi.nlm.nih.gov/Traces/study/?acc=SRX20997034",SRX20997034,"Euan Ashley","Sep 30, 2023"
GSM7760481,"rna-seq_smlint_training_male_2w_biological_rep5_vial_90450016702","SRA","Rattus norvegicus",1,GPL25947,GSE242354;GSE242358,"SRA Run Selector","https://www.ncbi.nlm.nih.gov/Traces/study/?acc=SRX20997035",SRX20997035,"Euan Ashley","Sep 30, 2023"
GSM7760482,"rna-seq_smlint_training_female_1w_biological_rep1_vial_90559016702","SRA","Rattus norvegicus",1,GPL25947,GSE242354;GSE242358,"SRA Run Selector","https://www.ncbi.nlm.nih.gov/Traces/study/?acc=SRX20997036",SRX20997036,"Euan Ashley","Sep 30, 2023"
GSM7760483,"rna-seq_smlint_training_female_1w_biological_rep2_vial_90560016702","SRA","Rattus norvegicus",1,GPL25947,GSE242354;GSE242358,"SRA Run Selector","https://www.ncbi.nlm.nih.gov/Traces/study/?acc=SRX20997037",SRX20997037,"Euan Ashley","Sep 30, 2023"
GSM7760484,"rna-seq_smlint_training_female_1w_biological_rep3_vial_90564016702","SRA","Rattus norvegicus",1,GPL25947,GSE242354;GSE242358,"SRA Run Selector","https://www.ncbi.nlm.nih.gov/Traces/study/?acc=SRX20997038",SRX20997038,"Euan Ashley","Sep 30, 2023"
GSM7760485,"rna-seq_smlint_training_female_1w_biological_rep4_vial_90567016702","SRA","Rattus norvegicus",1,GPL25947,GSE242354;GSE242358,"SRA Run Selector","https://www.ncbi.nlm.nih.gov/Traces/study/?acc=SRX20997039",SRX20997039,"Euan Ashley","Sep 30, 2023"
GSM7760486,"rna-seq_smlint_training_female_1w_biological_rep5_vial_90571016702","SRA","Rattus norvegicus",1,GPL25947,GSE242354;GSE242358,"SRA Run Selector","https://www.ncbi.nlm.nih.gov/Traces/study/?acc=SRX20997040",SRX20997040,"Euan Ashley","Sep 30, 2023"
GSM7760487,"rna-seq_smlint_training_female_2w_biological_rep1_vial_90576016702","SRA","Rattus norvegicus",1,GPL25947,GSE242354;GSE242358,"SRA Run Selector","https://www.ncbi.nlm.nih.gov/Traces/study/?acc=SRX20997041",SRX20997041,"Euan Ashley","Sep 30, 2023"
GSM7760488,"rna-seq_smlint_training_female_2w_biological_rep2_vial_90578016702","SRA","Rattus norvegicus",1,GPL25947,GSE242354;GSE242358,"SRA Run Selector","https://www.ncbi.nlm.nih.gov/Traces/study/?acc=SRX20997042",SRX20997042,"Euan Ashley","Sep 30, 2023"
GSM7760489,"rna-seq_smlint_training_female_2w_biological_rep3_vial_90581016702","SRA","Rattus norvegicus",1,GPL25947,GSE242354;GSE242358,"SRA Run Selector","https://www.ncbi.nlm.nih.gov/Traces/study/?acc=SRX20997043",SRX20997043,"Euan Ashley","Sep 30, 2023"
GSM7760490,"rna-seq_smlint_training_female_2w_biological_rep4_vial_90585016702","SRA","Rattus norvegicus",1,GPL25947,GSE242354;GSE242358,"SRA Run Selector","https://www.ncbi.nlm.nih.gov/Traces/study/?acc=SRX20997582",SRX20997582,"Euan Ashley","Sep 30, 2023"
GSM7760491,"rna-seq_smlint_training_female_2w_biological_rep5_vial_90587016702","SRA","Rattus norvegicus",1,GPL25947,GSE242354;GSE242358,"SRA Run Selector","https://www.ncbi.nlm.nih.gov/Traces/study/?acc=SRX20997583",SRX20997583,"Euan Ashley","Sep 30, 2023"
GSM7760492,"rna-seq_liver_control_male_8w_biological_rep1_vial_90217016803","SRA","Rattus norvegicus",1,GPL25947,GSE242354;GSE242358,"SRA Run Selector","https://www.ncbi.nlm.nih.gov/Traces/study/?acc=SRX20997608",SRX20997608,"Euan Ashley","Sep 30, 2023"
GSM7760493,"rna-seq_liver_training_male_8w_biological_rep1_vial_90218016803","SRA","Rattus norvegicus",1,GPL25947,GSE242354;GSE242358,"SRA Run Selector","https://www.ncbi.nlm.nih.gov/Traces/study/?acc=SRX20997609",SRX20997609,"Euan Ashley","Sep 30, 2023"
GSM7760494,"rna-seq_liver_training_male_8w_biological_rep2_vial_90222016803","SRA","Rattus norvegicus",1,GPL25947,GSE242354;GSE242358,"SRA Run Selector","https://www.ncbi.nlm.nih.gov/Traces/study/?acc=SRX20997610",SRX20997610,"Euan Ashley","Sep 30, 2023"
GSM7760495,"rna-seq_liver_training_male_8w_biological_rep3_vial_90223016803","SRA","Rattus norvegicus",1,GPL25947,GSE242354;GSE242358,"SRA Run Selector","https://www.ncbi.nlm.nih.gov/Traces/study/?acc=SRX20997589",SRX20997589,"Euan Ashley","Sep 30, 2023"
GSM7760496,"rna-seq_liver_training_male_8w_biological_rep4_vial_90225016803","SRA","Rattus norvegicus",1,GPL25947,GSE242354;GSE242358,"SRA Run Selector","https://www.ncbi.nlm.nih.gov/Traces/study/?acc=SRX20997590",SRX20997590,"Euan Ashley","Sep 30, 2023"
GSM7760497,"rna-seq_liver_training_male_8w_biological_rep5_vial_90227016803","SRA","Rattus norvegicus",1,GPL25947,GSE242354;GSE242358,"SRA Run Selector","https://www.ncbi.nlm.nih.gov/Traces/study/?acc=SRX20997591",SRX20997591,"Euan Ashley","Sep 30, 2023"
GSM7760498,"rna-seq_liver_control_male_8w_biological_rep2_vial_90229016803","SRA","Rattus norvegicus",1,GPL25947,GSE242354;GSE242358,"SRA Run Selector","https://www.ncbi.nlm.nih.gov/Traces/study/?acc=SRX20997592",SRX20997592,"Euan Ashley","Sep 30, 2023"
GSM7760499,"rna-seq_liver_control_male_8w_biological_rep3_vial_90232016803","SRA","Rattus norvegicus",1,GPL25947,GSE242354;GSE242358,"SRA Run Selector","https://www.ncbi.nlm.nih.gov/Traces/study/?acc=SRX20997593",SRX20997593,"Euan Ashley","Sep 30, 2023"
GSM7760500,"rna-seq_liver_control_male_8w_biological_rep4_vial_90237016803","SRA","Rattus norvegicus",1,GPL25947,GSE242354;GSE242358,"SRA Run Selector","https://www.ncbi.nlm.nih.gov/Traces/study/?acc=SRX20997595",SRX20997595,"Euan Ashley","Sep 30, 2023"
GSM7760501,"rna-seq_liver_control_male_8w_biological_rep5_vial_90239016803","SRA","Rattus norvegicus",1,GPL25947,GSE242354;GSE242358,"SRA Run Selector","https://www.ncbi.nlm.nih.gov/Traces/study/?acc=SRX20997596",SRX20997596,"Euan Ashley","Sep 30, 2023"
GSM7760502,"rna-seq_liver_control_female_8w_biological_rep1_vial_90245016803","SRA","Rattus norvegicus",1,GPL25947,GSE242354;GSE242358,"SRA Run Selector","https://www.ncbi.nlm.nih.gov/Traces/study/?acc=SRX20997597",SRX20997597,"Euan Ashley","Sep 30, 2023"
GSM7760503,"rna-seq_liver_control_female_8w_biological_rep2_vial_90248016803","SRA","Rattus norvegicus",1,GPL25947,GSE242354;GSE242358,"SRA Run Selector","https://www.ncbi.nlm.nih.gov/Traces/study/?acc=SRX20997598",SRX20997598,"Euan Ashley","Sep 30, 2023"
GSM7760504,"rna-seq_liver_training_female_8w_biological_rep1_vial_90251016803","SRA","Rattus norvegicus",1,GPL25947,GSE242354;GSE242358,"SRA Run Selector","https://www.ncbi.nlm.nih.gov/Traces/study/?acc=SRX20997599",SRX20997599,"Euan Ashley","Sep 30, 2023"
GSM7760505,"rna-seq_liver_control_female_8w_biological_rep3_vial_90252016803","SRA","Rattus norvegicus",1,GPL25947,GSE242354;GSE242358,"SRA Run Selector","https://www.ncbi.nlm.nih.gov/Traces/study/?acc=SRX20997600",SRX20997600,"Euan Ashley","Sep 30, 2023"
GSM7760506,"rna-seq_liver_training_female_8w_biological_rep2_vial_90254016803","SRA","Rattus norvegicus",1,GPL25947,GSE242354;GSE242358,"SRA Run Selector","https://www.ncbi.nlm.nih.gov/Traces/study/?acc=SRX20997601",SRX20997601,"Euan Ashley","Sep 30, 2023"
GSM7760507,"rna-seq_liver_training_female_8w_biological_rep3_vial_90258016803","SRA","Rattus norvegicus",1,GPL25947,GSE242354;GSE242358,"SRA Run Selector","https://www.ncbi.nlm.nih.gov/Traces/study/?acc=SRX20997602",SRX20997602,"Euan Ashley","Sep 30, 2023"
GSM7760508,"rna-seq_liver_training_female_8w_biological_rep4_vial_90259016803","SRA","Rattus norvegicus",1,GPL25947,GSE242354;GSE242358,"SRA Run Selector","https://www.ncbi.nlm.nih.gov/Traces/study/?acc=SRX20997603",SRX20997603,"Euan Ashley","Sep 30, 2023"
GSM7760509,"rna-seq_liver_control_female_8w_biological_rep4_vial_90265016803","SRA","Rattus norvegicus",1,GPL25947,GSE242354;GSE242358,"SRA Run Selector","https://www.ncbi.nlm.nih.gov/Traces/study/?acc=SRX20997604",SRX20997604,"Euan Ashley","Sep 30, 2023"
GSM7760510,"rna-seq_liver_control_female_8w_biological_rep5_vial_90266016803","SRA","Rattus norvegicus",1,GPL25947,GSE242354;GSE242358,"SRA Run Selector","https://www.ncbi.nlm.nih.gov/Traces/study/?acc=SRX20997606",SRX20997606,"Euan Ashley","Sep 30, 2023"
GSM7760511,"rna-seq_liver_training_female_8w_biological_rep5_vial_90267016803","SRA","Rattus norvegicus",1,GPL25947,GSE242354;GSE242358,"SRA Run Selector","https://www.ncbi.nlm.nih.gov/Traces/study/?acc=SRX20997607",SRX20997607,"Euan Ashley","Sep 30, 2023"
GSM7760512,"rna-seq_liver_training_male_4w_biological_rep1_vial_90280016803","SRA","Rattus norvegicus",1,GPL25947,GSE242354;GSE242358,"SRA Run Selector","https://www.ncbi.nlm.nih.gov/Traces/study/?acc=SRX20997285",SRX20997285,"Euan Ashley","Sep 30, 2023"
GSM7760513,"rna-seq_liver_training_female_4w_biological_rep2_vial_90410016803","SRA","Rattus norvegicus",1,GPL25947,GSE242354;GSE242358,"SRA Run Selector","https://www.ncbi.nlm.nih.gov/Traces/study/?acc=SRX20997614",SRX20997614,"Euan Ashley","Sep 30, 2023"
GSM7760514,"rna-seq_liver_training_female_4w_biological_rep3_vial_90412016803","SRA","Rattus norvegicus",1,GPL25947,GSE242354;GSE242358,"SRA Run Selector","https://www.ncbi.nlm.nih.gov/Traces/study/?acc=SRX20997615",SRX20997615,"Euan Ashley","Sep 30, 2023"
GSM7760515,"rna-seq_liver_training_female_4w_biological_rep4_vial_90416016803","SRA","Rattus norvegicus",1,GPL25947,GSE242354;GSE242358,"SRA Run Selector","https://www.ncbi.nlm.nih.gov/Traces/study/?acc=SRX20997617",SRX20997617,"Euan Ashley","Sep 30, 2023"
GSM7760516,"rna-seq_liver_training_female_4w_biological_rep5_vial_90420016803","SRA","Rattus norvegicus",1,GPL25947,GSE242354;GSE242358,"SRA Run Selector","https://www.ncbi.nlm.nih.gov/Traces/study/?acc=SRX20997618",SRX20997618,"Euan Ashley","Sep 30, 2023"
GSM7760517,"rna-seq_liver_training_male_1w_biological_rep1_vial_90421016803","SRA","Rattus norvegicus",1,GPL25947,GSE242354;GSE242358,"SRA Run Selector","https://www.ncbi.nlm.nih.gov/Traces/study/?acc=SRX20997619",SRX20997619,"Euan Ashley","Sep 30, 2023"
GSM7760518,"rna-seq_liver_training_male_1w_biological_rep2_vial_90422016803","SRA","Rattus norvegicus",1,GPL25947,GSE242354;GSE242358,"SRA Run Selector","https://www.ncbi.nlm.nih.gov/Traces/study/?acc=SRX20997620",SRX20997620,"Euan Ashley","Sep 30, 2023"
GSM7760519,"rna-seq_liver_training_male_1w_biological_rep3_vial_90423016803","SRA","Rattus norvegicus",1,GPL25947,GSE242354;GSE242358,"SRA Run Selector","https://www.ncbi.nlm.nih.gov/Traces/study/?acc=SRX20997621",SRX20997621,"Euan Ashley","Sep 30, 2023"
GSM7760520,"rna-seq_liver_training_male_1w_biological_rep4_vial_90426016803","SRA","Rattus norvegicus",1,GPL25947,GSE242354;GSE242358,"SRA Run Selector","https://www.ncbi.nlm.nih.gov/Traces/study/?acc=SRX20997622",SRX20997622,"Euan Ashley","Sep 30, 2023"
GSM7760521,"rna-seq_liver_training_male_1w_biological_rep5_vial_90430016803","SRA","Rattus norvegicus",1,GPL25947,GSE242354;GSE242358,"SRA Run Selector","https://www.ncbi.nlm.nih.gov/Traces/study/?acc=SRX20997623",SRX20997623,"Euan Ashley","Sep 30, 2023"
GSM7760522,"rna-seq_liver_training_male_2w_biological_rep1_vial_90439016803","SRA","Rattus norvegicus",1,GPL25947,GSE242354;GSE242358,"SRA Run Selector","https://www.ncbi.nlm.nih.gov/Traces/study/?acc=SRX20997624",SRX20997624,"Euan Ashley","Sep 30, 2023"
GSM7760523,"rna-seq_liver_training_male_2w_biological_rep2_vial_90441016803","SRA","Rattus norvegicus",1,GPL25947,GSE242354;GSE242358,"SRA Run Selector","https://www.ncbi.nlm.nih.gov/Traces/study/?acc=SRX20997625",SRX20997625,"Euan Ashley","Sep 30, 2023"
GSM7760524,"rna-seq_liver_training_male_2w_biological_rep3_vial_90444016803","SRA","Rattus norvegicus",1,GPL25947,GSE242354;GSE242358,"SRA Run Selector","https://www.ncbi.nlm.nih.gov/Traces/study/?acc=SRX20997626",SRX20997626,"Euan Ashley","Sep 30, 2023"
GSM7760525,"rna-seq_liver_training_male_2w_biological_rep4_vial_90449016803","SRA","Rattus norvegicus",1,GPL25947,GSE242354;GSE242358,"SRA Run Selector","https://www.ncbi.nlm.nih.gov/Traces/study/?acc=SRX20997628",SRX20997628,"Euan Ashley","Sep 30, 2023"
GSM7760526,"rna-seq_liver_training_male_2w_biological_rep5_vial_90450016803","SRA","Rattus norvegicus",1,GPL25947,GSE242354;GSE242358,"SRA Run Selector","https://www.ncbi.nlm.nih.gov/Traces/study/?acc=SRX20997284",SRX20997284,"Euan Ashley","Sep 30, 2023"
GSM7760527,"rna-seq_liver_training_female_1w_biological_rep1_vial_90559016803","SRA","Rattus norvegicus",1,GPL25947,GSE242354;GSE242358,"SRA Run Selector","https://www.ncbi.nlm.nih.gov/Traces/study/?acc=SRX20997307",SRX20997307,"Euan Ashley","Sep 30, 2023"
GSM7760528,"rna-seq_liver_training_female_1w_biological_rep2_vial_90560016803","SRA","Rattus norvegicus",1,GPL25947,GSE242354;GSE242358,"SRA Run Selector","https://www.ncbi.nlm.nih.gov/Traces/study/?acc=SRX20997646",SRX20997646,"Euan Ashley","Sep 30, 2023"
GSM7760529,"rna-seq_liver_training_female_1w_biological_rep3_vial_90564016803","SRA","Rattus norvegicus",1,GPL25947,GSE242354;GSE242358,"SRA Run Selector","https://www.ncbi.nlm.nih.gov/Traces/study/?acc=SRX20997647",SRX20997647,"Euan Ashley","Sep 30, 2023"
GSM7760530,"rna-seq_liver_training_female_1w_biological_rep4_vial_90567016803","SRA","Rattus norvegicus",1,GPL25947,GSE242354;GSE242358,"SRA Run Selector","https://www.ncbi.nlm.nih.gov/Traces/study/?acc=SRX20997288",SRX20997288,"Euan Ashley","Sep 30, 2023"
GSM7760531,"rna-seq_liver_training_female_1w_biological_rep5_vial_90571016803","SRA","Rattus norvegicus",1,GPL25947,GSE242354;GSE242358,"SRA Run Selector","https://www.ncbi.nlm.nih.gov/Traces/study/?acc=SRX20997289",SRX20997289,"Euan Ashley","Sep 30, 2023"
GSM7760532,"rna-seq_liver_training_female_2w_biological_rep1_vial_90576016803","SRA","Rattus norvegicus",1,GPL25947,GSE242354;GSE242358,"SRA Run Selector","https://www.ncbi.nlm.nih.gov/Traces/study/?acc=SRX20997290",SRX20997290,"Euan Ashley","Sep 30, 2023"
GSM7760533,"rna-seq_liver_training_female_2w_biological_rep2_vial_90578016803","SRA","Rattus norvegicus",1,GPL25947,GSE242354;GSE242358,"SRA Run Selector","https://www.ncbi.nlm.nih.gov/Traces/study/?acc=SRX20997291",SRX20997291,"Euan Ashley","Sep 30, 2023"
GSM7760534,"rna-seq_liver_training_female_2w_biological_rep3_vial_90581016803","SRA","Rattus norvegicus",1,GPL25947,GSE242354;GSE242358,"SRA Run Selector","https://www.ncbi.nlm.nih.gov/Traces/study/?acc=SRX20997292",SRX20997292,"Euan Ashley","Sep 30, 2023"
GSM7760535,"rna-seq_liver_training_female_2w_biological_rep4_vial_90585016803","SRA","Rattus norvegicus",1,GPL25947,GSE242354;GSE242358,"SRA Run Selector","https://www.ncbi.nlm.nih.gov/Traces/study/?acc=SRX20997294",SRX20997294,"Euan Ashley","Sep 30, 2023"
GSM7760536,"rna-seq_liver_training_female_2w_biological_rep5_vial_90587016803","SRA","Rattus norvegicus",1,GPL25947,GSE242354;GSE242358,"SRA Run Selector","https://www.ncbi.nlm.nih.gov/Traces/study/?acc=SRX20997295",SRX20997295,"Euan Ashley","Sep 30, 2023"
GSM7760537,"rna-seq_bat_control_male_8w_biological_rep1_vial_90217016902","SRA","Rattus norvegicus",1,GPL25947,GSE242354;GSE242358,"SRA Run Selector","https://www.ncbi.nlm.nih.gov/Traces/study/?acc=SRX20997296",SRX20997296,"Euan Ashley","Sep 30, 2023"
GSM7760538,"rna-seq_bat_training_male_8w_biological_rep1_vial_90218016902","SRA","Rattus norvegicus",1,GPL25947,GSE242354;GSE242358,"SRA Run Selector","https://www.ncbi.nlm.nih.gov/Traces/study/?acc=SRX20997297",SRX20997297,"Euan Ashley","Sep 30, 2023"
GSM7760539,"rna-seq_bat_training_male_8w_biological_rep2_vial_90222016902","SRA","Rattus norvegicus",1,GPL25947,GSE242354;GSE242358,"SRA Run Selector","https://www.ncbi.nlm.nih.gov/Traces/study/?acc=SRX20997298",SRX20997298,"Euan Ashley","Sep 30, 2023"
GSM7760540,"rna-seq_bat_training_male_8w_biological_rep3_vial_90223016902","SRA","Rattus norvegicus",1,GPL25947,GSE242354;GSE242358,"SRA Run Selector","https://www.ncbi.nlm.nih.gov/Traces/study/?acc=SRX20997299",SRX20997299,"Euan Ashley","Sep 30, 2023"
GSM7760541,"rna-seq_bat_training_male_8w_biological_rep4_vial_90225016902","SRA","Rattus norvegicus",1,GPL25947,GSE242354;GSE242358,"SRA Run Selector","https://www.ncbi.nlm.nih.gov/Traces/study/?acc=SRX20997300",SRX20997300,"Euan Ashley","Sep 30, 2023"
GSM7760542,"rna-seq_bat_training_male_8w_biological_rep5_vial_90227016902","SRA","Rattus norvegicus",1,GPL25947,GSE242354;GSE242358,"SRA Run Selector","https://www.ncbi.nlm.nih.gov/Traces/study/?acc=SRX20997301",SRX20997301,"Euan Ashley","Sep 30, 2023"
GSM7760543,"rna-seq_bat_control_male_8w_biological_rep2_vial_90229016902","SRA","Rattus norvegicus",1,GPL25947,GSE242354;GSE242358,"SRA Run Selector","https://www.ncbi.nlm.nih.gov/Traces/study/?acc=SRX20997302",SRX20997302,"Euan Ashley","Sep 30, 2023"
GSM7760544,"rna-seq_bat_control_male_8w_biological_rep3_vial_90232016902","SRA","Rattus norvegicus",1,GPL25947,GSE242354;GSE242358,"SRA Run Selector","https://www.ncbi.nlm.nih.gov/Traces/study/?acc=SRX20997303",SRX20997303,"Euan Ashley","Sep 30, 2023"
GSM7760545,"rna-seq_bat_control_male_8w_biological_rep4_vial_90237016902","SRA","Rattus norvegicus",1,GPL25947,GSE242354;GSE242358,"SRA Run Selector","https://www.ncbi.nlm.nih.gov/Traces/study/?acc=SRX20997305",SRX20997305,"Euan Ashley","Sep 30, 2023"
GSM7760546,"rna-seq_bat_control_male_8w_biological_rep5_vial_90239016902","SRA","Rattus norvegicus",1,GPL25947,GSE242354;GSE242358,"SRA Run Selector","https://www.ncbi.nlm.nih.gov/Traces/study/?acc=SRX20997306",SRX20997306,"Euan Ashley","Sep 30, 2023"
GSM7760547,"rna-seq_bat_control_female_8w_biological_rep1_vial_90245016902","SRA","Rattus norvegicus",1,GPL25947,GSE242354;GSE242358,"SRA Run Selector","https://www.ncbi.nlm.nih.gov/Traces/study/?acc=SRX20997662",SRX20997662,"Euan Ashley","Sep 30, 2023"
GSM7760548,"rna-seq_bat_control_female_8w_biological_rep2_vial_90248016902","SRA","Rattus norvegicus",1,GPL25947,GSE242354;GSE242358,"SRA Run Selector","https://www.ncbi.nlm.nih.gov/Traces/study/?acc=SRX20997663",SRX20997663,"Euan Ashley","Sep 30, 2023"
GSM7760549,"rna-seq_bat_training_female_8w_biological_rep1_vial_90251016902","SRA","Rattus norvegicus",1,GPL25947,GSE242354;GSE242358,"SRA Run Selector","https://www.ncbi.nlm.nih.gov/Traces/study/?acc=SRX20997664",SRX20997664,"Euan Ashley","Sep 30, 2023"
GSM7760550,"rna-seq_bat_control_female_8w_biological_rep3_vial_90252016902","SRA","Rattus norvegicus",1,GPL25947,GSE242354;GSE242358,"SRA Run Selector","https://www.ncbi.nlm.nih.gov/Traces/study/?acc=SRX20997648",SRX20997648,"Euan Ashley","Sep 30, 2023"
GSM7760551,"rna-seq_bat_training_female_8w_biological_rep2_vial_90254016902","SRA","Rattus norvegicus",1,GPL25947,GSE242354;GSE242358,"SRA Run Selector","https://www.ncbi.nlm.nih.gov/Traces/study/?acc=SRX20997649",SRX20997649,"Euan Ashley","Sep 30, 2023"
GSM7760552,"rna-seq_bat_training_female_8w_biological_rep3_vial_90258016902","SRA","Rattus norvegicus",1,GPL25947,GSE242354;GSE242358,"SRA Run Selector","https://www.ncbi.nlm.nih.gov/Traces/study/?acc=SRX20997650",SRX20997650,"Euan Ashley","Sep 30, 2023"
GSM7760553,"rna-seq_bat_training_female_8w_biological_rep4_vial_90259016902","SRA","Rattus norvegicus",1,GPL25947,GSE242354;GSE242358,"SRA Run Selector","https://www.ncbi.nlm.nih.gov/Traces/study/?acc=SRX20997651",SRX20997651,"Euan Ashley","Sep 30, 2023"
GSM7760554,"rna-seq_bat_control_female_8w_biological_rep4_vial_90265016902","SRA","Rattus norvegicus",1,GPL25947,GSE242354;GSE242358,"SRA Run Selector","https://www.ncbi.nlm.nih.gov/Traces/study/?acc=SRX20997652",SRX20997652,"Euan Ashley","Sep 30, 2023"
GSM7760555,"rna-seq_bat_control_female_8w_biological_rep5_vial_90266016902","SRA","Rattus norvegicus",1,GPL25947,GSE242354;GSE242358,"SRA Run Selector","https://www.ncbi.nlm.nih.gov/Traces/study/?acc=SRX20997655",SRX20997655,"Euan Ashley","Sep 30, 2023"
GSM7760556,"rna-seq_bat_training_female_8w_biological_rep5_vial_90267016902","SRA","Rattus norvegicus",1,GPL25947,GSE242354;GSE242358,"SRA Run Selector","https://www.ncbi.nlm.nih.gov/Traces/study/?acc=SRX20997656",SRX20997656,"Euan Ashley","Sep 30, 2023"
GSM7760557,"rna-seq_bat_training_male_4w_biological_rep1_vial_90280016902","SRA","Rattus norvegicus",1,GPL25947,GSE242354;GSE242358,"SRA Run Selector","https://www.ncbi.nlm.nih.gov/Traces/study/?acc=SRX20997072",SRX20997072,"Euan Ashley","Sep 30, 2023"
GSM7760558,"rna-seq_bat_training_male_4w_biological_rep2_vial_90281016902","SRA","Rattus norvegicus",1,GPL25947,GSE242354;GSE242358,"SRA Run Selector","https://www.ncbi.nlm.nih.gov/Traces/study/?acc=SRX20997073",SRX20997073,"Euan Ashley","Sep 30, 2023"
GSM7760559,"rna-seq_bat_training_male_4w_biological_rep3_vial_90283016902","SRA","Rattus norvegicus",1,GPL25947,GSE242354;GSE242358,"SRA Run Selector","https://www.ncbi.nlm.nih.gov/Traces/study/?acc=SRX20997074",SRX20997074,"Euan Ashley","Sep 30, 2023"
GSM7760560,"rna-seq_bat_training_male_4w_biological_rep4_vial_90289016902","SRA","Rattus norvegicus",1,GPL25947,GSE242354;GSE242358,"SRA Run Selector","https://www.ncbi.nlm.nih.gov/Traces/study/?acc=SRX20997657",SRX20997657,"Euan Ashley","Sep 30, 2023"
GSM7760561,"rna-seq_bat_training_male_4w_biological_rep5_vial_90292016902","SRA","Rattus norvegicus",1,GPL25947,GSE242354;GSE242358,"SRA Run Selector","https://www.ncbi.nlm.nih.gov/Traces/study/?acc=SRX20997658",SRX20997658,"Euan Ashley","Sep 30, 2023"
GSM7760562,"rna-seq_bat_training_female_4w_biological_rep1_vial_90406016902","SRA","Rattus norvegicus",1,GPL25947,GSE242354;GSE242358,"SRA Run Selector","https://www.ncbi.nlm.nih.gov/Traces/study/?acc=SRX20997659",SRX20997659,"Euan Ashley","Sep 30, 2023"
GSM7760563,"rna-seq_bat_training_female_4w_biological_rep2_vial_90410016902","SRA","Rattus norvegicus",1,GPL25947,GSE242354;GSE242358,"SRA Run Selector","https://www.ncbi.nlm.nih.gov/Traces/study/?acc=SRX20997660",SRX20997660,"Euan Ashley","Sep 30, 2023"
GSM7760564,"rna-seq_bat_training_female_4w_biological_rep3_vial_90412016902","SRA","Rattus norvegicus",1,GPL25947,GSE242354;GSE242358,"SRA Run Selector","https://www.ncbi.nlm.nih.gov/Traces/study/?acc=SRX20997661",SRX20997661,"Euan Ashley","Sep 30, 2023"
GSM7760565,"rna-seq_bat_training_female_4w_biological_rep4_vial_90416016902","SRA","Rattus norvegicus",1,GPL25947,GSE242354;GSE242358,"SRA Run Selector","https://www.ncbi.nlm.nih.gov/Traces/study/?acc=SRX20997076",SRX20997076,"Euan Ashley","Sep 30, 2023"
GSM7760566,"rna-seq_bat_training_female_4w_biological_rep5_vial_90420016902","SRA","Rattus norvegicus",1,GPL25947,GSE242354;GSE242358,"SRA Run Selector","https://www.ncbi.nlm.nih.gov/Traces/study/?acc=SRX20997077",SRX20997077,"Euan Ashley","Sep 30, 2023"
GSM7760567,"rna-seq_bat_training_male_1w_biological_rep1_vial_90421016902","SRA","Rattus norvegicus",1,GPL25947,GSE242354;GSE242358,"SRA Run Selector","https://www.ncbi.nlm.nih.gov/Traces/study/?acc=SRX20997078",SRX20997078,"Euan Ashley","Sep 30, 2023"
GSM7760568,"rna-seq_bat_training_male_1w_biological_rep2_vial_90422016902","SRA","Rattus norvegicus",1,GPL25947,GSE242354;GSE242358,"SRA Run Selector","https://www.ncbi.nlm.nih.gov/Traces/study/?acc=SRX20997079",SRX20997079,"Euan Ashley","Sep 30, 2023"
GSM7760569,"rna-seq_bat_training_male_1w_biological_rep3_vial_90423016902","SRA","Rattus norvegicus",1,GPL25947,GSE242354;GSE242358,"SRA Run Selector","https://www.ncbi.nlm.nih.gov/Traces/study/?acc=SRX20997665",SRX20997665,"Euan Ashley","Sep 30, 2023"
GSM7760570,"rna-seq_bat_training_male_1w_biological_rep4_vial_90426016902","SRA","Rattus norvegicus",1,GPL25947,GSE242354;GSE242358,"SRA Run Selector","https://www.ncbi.nlm.nih.gov/Traces/study/?acc=SRX20997666",SRX20997666,"Euan Ashley","Sep 30, 2023"
GSM7760571,"rna-seq_bat_training_male_1w_biological_rep5_vial_90430016902","SRA","Rattus norvegicus",1,GPL25947,GSE242354;GSE242358,"SRA Run Selector","https://www.ncbi.nlm.nih.gov/Traces/study/?acc=SRX20997667",SRX20997667,"Euan Ashley","Sep 30, 2023"
GSM7760572,"rna-seq_bat_training_male_2w_biological_rep1_vial_90439016902","SRA","Rattus norvegicus",1,GPL25947,GSE242354;GSE242358,"SRA Run Selector","https://www.ncbi.nlm.nih.gov/Traces/study/?acc=SRX20997668",SRX20997668,"Euan Ashley","Sep 30, 2023"
GSM7760573,"rna-seq_bat_training_male_2w_biological_rep2_vial_90441016902","SRA","Rattus norvegicus",1,GPL25947,GSE242354;GSE242358,"SRA Run Selector","https://www.ncbi.nlm.nih.gov/Traces/study/?acc=SRX20997669",SRX20997669,"Euan Ashley","Sep 30, 2023"
GSM7760574,"rna-seq_bat_training_male_2w_biological_rep3_vial_90444016902","SRA","Rattus norvegicus",1,GPL25947,GSE242354;GSE242358,"SRA Run Selector","https://www.ncbi.nlm.nih.gov/Traces/study/?acc=SRX20997068",SRX20997068,"Euan Ashley","Sep 30, 2023"
GSM7760575,"rna-seq_bat_training_male_2w_biological_rep4_vial_90449016902","SRA","Rattus norvegicus",1,GPL25947,GSE242354;GSE242358,"SRA Run Selector","https://www.ncbi.nlm.nih.gov/Traces/study/?acc=SRX20997070",SRX20997070,"Euan Ashley","Sep 30, 2023"
GSM7760576,"rna-seq_bat_training_male_2w_biological_rep5_vial_90450016902","SRA","Rattus norvegicus",1,GPL25947,GSE242354;GSE242358,"SRA Run Selector","https://www.ncbi.nlm.nih.gov/Traces/study/?acc=SRX20997071",SRX20997071,"Euan Ashley","Sep 30, 2023"
GSM7760577,"rna-seq_bat_training_female_1w_biological_rep1_vial_90559016902","SRA","Rattus norvegicus",1,GPL25947,GSE242354;GSE242358,"SRA Run Selector","https://www.ncbi.nlm.nih.gov/Traces/study/?acc=SRX20997332",SRX20997332,"Euan Ashley","Sep 30, 2023"
GSM7760578,"rna-seq_bat_training_female_1w_biological_rep2_vial_90560016902","SRA","Rattus norvegicus",1,GPL25947,GSE242354;GSE242358,"SRA Run Selector","https://www.ncbi.nlm.nih.gov/Traces/study/?acc=SRX20997333",SRX20997333,"Euan Ashley","Sep 30, 2023"
GSM7760579,"rna-seq_bat_training_female_1w_biological_rep3_vial_90564016902","SRA","Rattus norvegicus",1,GPL25947,GSE242354;GSE242358,"SRA Run Selector","https://www.ncbi.nlm.nih.gov/Traces/study/?acc=SRX20997334",SRX20997334,"Euan Ashley","Sep 30, 2023"
GSM7760580,"rna-seq_bat_training_female_1w_biological_rep4_vial_90567016902","SRA","Rattus norvegicus",1,GPL25947,GSE242354;GSE242358,"SRA Run Selector","https://www.ncbi.nlm.nih.gov/Traces/study/?acc=SRX20997335",SRX20997335,"Euan Ashley","Sep 30, 2023"
GSM7760581,"rna-seq_bat_training_female_1w_biological_rep5_vial_90571016902","SRA","Rattus norvegicus",1,GPL25947,GSE242354;GSE242358,"SRA Run Selector","https://www.ncbi.nlm.nih.gov/Traces/study/?acc=SRX20997336",SRX20997336,"Euan Ashley","Sep 30, 2023"
GSM7760582,"rna-seq_bat_training_female_2w_biological_rep1_vial_90576016902","SRA","Rattus norvegicus",1,GPL25947,GSE242354;GSE242358,"SRA Run Selector","https://www.ncbi.nlm.nih.gov/Traces/study/?acc=SRX20997339",SRX20997339,"Euan Ashley","Sep 30, 2023"
GSM7760583,"rna-seq_bat_training_female_2w_biological_rep2_vial_90578016902","SRA","Rattus norvegicus",1,GPL25947,GSE242354;GSE242358,"SRA Run Selector","https://www.ncbi.nlm.nih.gov/Traces/study/?acc=SRX20997340",SRX20997340,"Euan Ashley","Sep 30, 2023"
GSM7760584,"rna-seq_bat_training_female_2w_biological_rep3_vial_90581016902","SRA","Rattus norvegicus",1,GPL25947,GSE242354;GSE242358,"SRA Run Selector","https://www.ncbi.nlm.nih.gov/Traces/study/?acc=SRX20997341",SRX20997341,"Euan Ashley","Sep 30, 2023"
GSM7760585,"rna-seq_bat_training_female_2w_biological_rep4_vial_90585016902","SRA","Rattus norvegicus",1,GPL25947,GSE242354;GSE242358,"SRA Run Selector","https://www.ncbi.nlm.nih.gov/Traces/study/?acc=SRX20997081",SRX20997081,"Euan Ashley","Sep 30, 2023"
GSM7760586,"rna-seq_bat_training_female_2w_biological_rep5_vial_90587016902","SRA","Rattus norvegicus",1,GPL25947,GSE242354;GSE242358,"SRA Run Selector","https://www.ncbi.nlm.nih.gov/Traces/study/?acc=SRX20997082",SRX20997082,"Euan Ashley","Sep 30, 2023"
GSM7760587,"rna-seq_wat_control_male_8w_biological_rep1_vial_90217017005","SRA","Rattus norvegicus",1,GPL25947,GSE242354;GSE242358,"SRA Run Selector","https://www.ncbi.nlm.nih.gov/Traces/study/?acc=SRX20997083",SRX20997083,"Euan Ashley","Sep 30, 2023"
GSM7760588,"rna-seq_wat_training_male_8w_biological_rep1_vial_90218017005","SRA","Rattus norvegicus",1,GPL25947,GSE242354;GSE242358,"SRA Run Selector","https://www.ncbi.nlm.nih.gov/Traces/study/?acc=SRX20997084",SRX20997084,"Euan Ashley","Sep 30, 2023"
GSM7760589,"rna-seq_wat_training_male_8w_biological_rep2_vial_90222017005","SRA","Rattus norvegicus",1,GPL25947,GSE242354;GSE242358,"SRA Run Selector","https://www.ncbi.nlm.nih.gov/Traces/study/?acc=SRX20997085",SRX20997085,"Euan Ashley","Sep 30, 2023"
GSM7760590,"rna-seq_wat_training_male_8w_biological_rep3_vial_90223017005","SRA","Rattus norvegicus",1,GPL25947,GSE242354;GSE242358,"SRA Run Selector","https://www.ncbi.nlm.nih.gov/Traces/study/?acc=SRX20997086",SRX20997086,"Euan Ashley","Sep 30, 2023"
GSM7760591,"rna-seq_wat_training_male_8w_biological_rep4_vial_90225017005","SRA","Rattus norvegicus",1,GPL25947,GSE242354;GSE242358,"SRA Run Selector","https://www.ncbi.nlm.nih.gov/Traces/study/?acc=SRX20997087",SRX20997087,"Euan Ashley","Sep 30, 2023"
GSM7760592,"rna-seq_wat_training_male_8w_biological_rep5_vial_90227017005","SRA","Rattus norvegicus",1,GPL25947,GSE242354;GSE242358,"SRA Run Selector","https://www.ncbi.nlm.nih.gov/Traces/study/?acc=SRX20997088",SRX20997088,"Euan Ashley","Sep 30, 2023"
GSM7760593,"rna-seq_wat_control_male_8w_biological_rep2_vial_90229017005","SRA","Rattus norvegicus",1,GPL25947,GSE242354;GSE242358,"SRA Run Selector","https://www.ncbi.nlm.nih.gov/Traces/study/?acc=SRX20997089",SRX20997089,"Euan Ashley","Sep 30, 2023"
GSM7760594,"rna-seq_wat_control_male_8w_biological_rep3_vial_90232017005","SRA","Rattus norvegicus",1,GPL25947,GSE242354;GSE242358,"SRA Run Selector","https://www.ncbi.nlm.nih.gov/Traces/study/?acc=SRX20997090",SRX20997090,"Euan Ashley","Sep 30, 2023"
GSM7760595,"rna-seq_wat_control_male_8w_biological_rep4_vial_90237017005","SRA","Rattus norvegicus",1,GPL25947,GSE242354;GSE242358,"SRA Run Selector","https://www.ncbi.nlm.nih.gov/Traces/study/?acc=SRX20997337",SRX20997337,"Euan Ashley","Sep 30, 2023"
GSM7760596,"rna-seq_wat_control_male_8w_biological_rep5_vial_90239017005","SRA","Rattus norvegicus",1,GPL25947,GSE242354;GSE242358,"SRA Run Selector","https://www.ncbi.nlm.nih.gov/Traces/study/?acc=SRX20997338",SRX20997338,"Euan Ashley","Sep 30, 2023"
GSM7760597,"rna-seq_wat_control_female_8w_biological_rep1_vial_90245017005","SRA","Rattus norvegicus",1,GPL25947,GSE242354;GSE242358,"SRA Run Selector","https://www.ncbi.nlm.nih.gov/Traces/study/?acc=SRX20997241",SRX20997241,"Euan Ashley","Sep 30, 2023"
GSM7760598,"rna-seq_wat_control_female_8w_biological_rep2_vial_90248017005","SRA","Rattus norvegicus",1,GPL25947,GSE242354;GSE242358,"SRA Run Selector","https://www.ncbi.nlm.nih.gov/Traces/study/?acc=SRX20997242",SRX20997242,"Euan Ashley","Sep 30, 2023"
GSM7760599,"rna-seq_wat_training_female_8w_biological_rep1_vial_90251017005","SRA","Rattus norvegicus",1,GPL25947,GSE242354;GSE242358,"SRA Run Selector","https://www.ncbi.nlm.nih.gov/Traces/study/?acc=SRX20997243",SRX20997243,"Euan Ashley","Sep 30, 2023"
GSM7760600,"rna-seq_wat_control_female_8w_biological_rep3_vial_90252017005","SRA","Rattus norvegicus",1,GPL25947,GSE242354;GSE242358,"SRA Run Selector","https://www.ncbi.nlm.nih.gov/Traces/study/?acc=SRX20997342",SRX20997342,"Euan Ashley","Sep 30, 2023"
GSM7760601,"rna-seq_wat_training_female_8w_biological_rep2_vial_90254017005","SRA","Rattus norvegicus",1,GPL25947,GSE242354;GSE242358,"SRA Run Selector","https://www.ncbi.nlm.nih.gov/Traces/study/?acc=SRX20997343",SRX20997343,"Euan Ashley","Sep 30, 2023"
GSM7760602,"rna-seq_wat_training_female_8w_biological_rep3_vial_90258017005","SRA","Rattus norvegicus",1,GPL25947,GSE242354;GSE242358,"SRA Run Selector","https://www.ncbi.nlm.nih.gov/Traces/study/?acc=SRX20997344",SRX20997344,"Euan Ashley","Sep 30, 2023"
GSM7760603,"rna-seq_wat_training_female_8w_biological_rep4_vial_90259017005","SRA","Rattus norvegicus",1,GPL25947,GSE242354;GSE242358,"SRA Run Selector","https://www.ncbi.nlm.nih.gov/Traces/study/?acc=SRX20997345",SRX20997345,"Euan Ashley","Sep 30, 2023"
GSM7760604,"rna-seq_wat_control_female_8w_biological_rep4_vial_90265017005","SRA","Rattus norvegicus",1,GPL25947,GSE242354;GSE242358,"SRA Run Selector","https://www.ncbi.nlm.nih.gov/Traces/study/?acc=SRX20997346",SRX20997346,"Euan Ashley","Sep 30, 2023"
GSM7760605,"rna-seq_wat_control_female_8w_biological_rep5_vial_90266017005","SRA","Rattus norvegicus",1,GPL25947,GSE242354;GSE242358,"SRA Run Selector","https://www.ncbi.nlm.nih.gov/Traces/study/?acc=SRX20997348",SRX20997348,"Euan Ashley","Sep 30, 2023"
GSM7760606,"rna-seq_wat_training_female_8w_biological_rep5_vial_90267017005","SRA","Rattus norvegicus",1,GPL25947,GSE242354;GSE242358,"SRA Run Selector","https://www.ncbi.nlm.nih.gov/Traces/study/?acc=SRX20997349",SRX20997349,"Euan Ashley","Sep 30, 2023"
GSM7760607,"rna-seq_wat_training_male_4w_biological_rep1_vial_90280017005","SRA","Rattus norvegicus",1,GPL25947,GSE242354;GSE242358,"SRA Run Selector","https://www.ncbi.nlm.nih.gov/Traces/study/?acc=SRX20997350",SRX20997350,"Euan Ashley","Sep 30, 2023"
GSM7760608,"rna-seq_wat_training_male_4w_biological_rep2_vial_90281017005","SRA","Rattus norvegicus",1,GPL25947,GSE242354;GSE242358,"SRA Run Selector","https://www.ncbi.nlm.nih.gov/Traces/study/?acc=SRX20997351",SRX20997351,"Euan Ashley","Sep 30, 2023"
GSM7760609,"rna-seq_wat_training_male_4w_biological_rep3_vial_90283017005","SRA","Rattus norvegicus",1,GPL25947,GSE242354;GSE242358,"SRA Run Selector","https://www.ncbi.nlm.nih.gov/Traces/study/?acc=SRX20997352",SRX20997352,"Euan Ashley","Sep 30, 2023"
GSM7760610,"rna-seq_wat_training_male_4w_biological_rep4_vial_90289017005","SRA","Rattus norvegicus",1,GPL25947,GSE242354;GSE242358,"SRA Run Selector","https://www.ncbi.nlm.nih.gov/Traces/study/?acc=SRX20997353",SRX20997353,"Euan Ashley","Sep 30, 2023"
GSM7760611,"rna-seq_wat_training_male_4w_biological_rep5_vial_90292017005","SRA","Rattus norvegicus",1,GPL25947,GSE242354;GSE242358,"SRA Run Selector","https://www.ncbi.nlm.nih.gov/Traces/study/?acc=SRX20997354",SRX20997354,"Euan Ashley","Sep 30, 2023"
GSM7760612,"rna-seq_wat_training_female_4w_biological_rep1_vial_90406017005","SRA","Rattus norvegicus",1,GPL25947,GSE242354;GSE242358,"SRA Run Selector","https://www.ncbi.nlm.nih.gov/Traces/study/?acc=SRX20997355",SRX20997355,"Euan Ashley","Sep 30, 2023"
GSM7760613,"rna-seq_wat_training_female_4w_biological_rep2_vial_90410017005","SRA","Rattus norvegicus",1,GPL25947,GSE242354;GSE242358,"SRA Run Selector","https://www.ncbi.nlm.nih.gov/Traces/study/?acc=SRX20997236",SRX20997236,"Euan Ashley","Sep 30, 2023"
GSM7760614,"rna-seq_wat_training_female_4w_biological_rep3_vial_90412017005","SRA","Rattus norvegicus",1,GPL25947,GSE242354;GSE242358,"SRA Run Selector","https://www.ncbi.nlm.nih.gov/Traces/study/?acc=SRX20997237",SRX20997237,"Euan Ashley","Sep 30, 2023"
GSM7760615,"rna-seq_wat_training_female_4w_biological_rep4_vial_90416017005","SRA","Rattus norvegicus",1,GPL25947,GSE242354;GSE242358,"SRA Run Selector","https://www.ncbi.nlm.nih.gov/Traces/study/?acc=SRX20997239",SRX20997239,"Euan Ashley","Sep 30, 2023"
GSM7760616,"rna-seq_wat_training_female_4w_biological_rep5_vial_90420017005","SRA","Rattus norvegicus",1,GPL25947,GSE242354;GSE242358,"SRA Run Selector","https://www.ncbi.nlm.nih.gov/Traces/study/?acc=SRX20997240",SRX20997240,"Euan Ashley","Sep 30, 2023"
GSM7760617,"rna-seq_wat_training_male_1w_biological_rep1_vial_90421017005","SRA","Rattus norvegicus",1,GPL25947,GSE242354;GSE242358,"SRA Run Selector","https://www.ncbi.nlm.nih.gov/Traces/study/?acc=SRX20997263",SRX20997263,"Euan Ashley","Sep 30, 2023"
GSM7760618,"rna-seq_wat_training_male_1w_biological_rep2_vial_90422017005","SRA","Rattus norvegicus",1,GPL25947,GSE242354;GSE242358,"SRA Run Selector","https://www.ncbi.nlm.nih.gov/Traces/study/?acc=SRX20997264",SRX20997264,"Euan Ashley","Sep 30, 2023"
GSM7760619,"rna-seq_wat_training_male_1w_biological_rep3_vial_90423017005","SRA","Rattus norvegicus",1,GPL25947,GSE242354;GSE242358,"SRA Run Selector","https://www.ncbi.nlm.nih.gov/Traces/study/?acc=SRX20997265",SRX20997265,"Euan Ashley","Sep 30, 2023"
GSM7760620,"rna-seq_wat_training_male_1w_biological_rep4_vial_90426017005","SRA","Rattus norvegicus",1,GPL25947,GSE242354;GSE242358,"SRA Run Selector","https://www.ncbi.nlm.nih.gov/Traces/study/?acc=SRX20997244",SRX20997244,"Euan Ashley","Sep 30, 2023"
GSM7760621,"rna-seq_wat_training_male_1w_biological_rep5_vial_90430017005","SRA","Rattus norvegicus",1,GPL25947,GSE242354;GSE242358,"SRA Run Selector","https://www.ncbi.nlm.nih.gov/Traces/study/?acc=SRX20997245",SRX20997245,"Euan Ashley","Sep 30, 2023"
GSM7760622,"rna-seq_wat_training_male_2w_biological_rep1_vial_90439017005","SRA","Rattus norvegicus",1,GPL25947,GSE242354;GSE242358,"SRA Run Selector","https://www.ncbi.nlm.nih.gov/Traces/study/?acc=SRX20997246",SRX20997246,"Euan Ashley","Sep 30, 2023"
GSM7760623,"rna-seq_wat_training_male_2w_biological_rep2_vial_90441017005","SRA","Rattus norvegicus",1,GPL25947,GSE242354;GSE242358,"SRA Run Selector","https://www.ncbi.nlm.nih.gov/Traces/study/?acc=SRX20997247",SRX20997247,"Euan Ashley","Sep 30, 2023"
GSM7760624,"rna-seq_wat_training_male_2w_biological_rep3_vial_90444017005","SRA","Rattus norvegicus",1,GPL25947,GSE242354;GSE242358,"SRA Run Selector","https://www.ncbi.nlm.nih.gov/Traces/study/?acc=SRX20997248",SRX20997248,"Euan Ashley","Sep 30, 2023"
GSM7760625,"rna-seq_wat_training_male_2w_biological_rep4_vial_90449017005","SRA","Rattus norvegicus",1,GPL25947,GSE242354;GSE242358,"SRA Run Selector","https://www.ncbi.nlm.nih.gov/Traces/study/?acc=SRX20997250",SRX20997250,"Euan Ashley","Sep 30, 2023"
GSM7760626,"rna-seq_wat_training_male_2w_biological_rep5_vial_90450017005","SRA","Rattus norvegicus",1,GPL25947,GSE242354;GSE242358,"SRA Run Selector","https://www.ncbi.nlm.nih.gov/Traces/study/?acc=SRX20997251",SRX20997251,"Euan Ashley","Sep 30, 2023"
GSM7760627,"rna-seq_wat_training_female_1w_biological_rep1_vial_90559017005","SRA","Rattus norvegicus",1,GPL25947,GSE242354;GSE242358,"SRA Run Selector","https://www.ncbi.nlm.nih.gov/Traces/study/?acc=SRX20997252",SRX20997252,"Euan Ashley","Sep 30, 2023"
GSM7760628,"rna-seq_wat_training_female_1w_biological_rep2_vial_90560017005","SRA","Rattus norvegicus",1,GPL25947,GSE242354;GSE242358,"SRA Run Selector","https://www.ncbi.nlm.nih.gov/Traces/study/?acc=SRX20997253",SRX20997253,"Euan Ashley","Sep 30, 2023"
GSM7760629,"rna-seq_wat_training_female_1w_biological_rep3_vial_90564017005","SRA","Rattus norvegicus",1,GPL25947,GSE242354;GSE242358,"SRA Run Selector","https://www.ncbi.nlm.nih.gov/Traces/study/?acc=SRX20997254",SRX20997254,"Euan Ashley","Sep 30, 2023"
GSM7760630,"rna-seq_wat_training_female_1w_biological_rep4_vial_90567017005","SRA","Rattus norvegicus",1,GPL25947,GSE242354;GSE242358,"SRA Run Selector","https://www.ncbi.nlm.nih.gov/Traces/study/?acc=SRX20997255",SRX20997255,"Euan Ashley","Sep 30, 2023"
GSM7760631,"rna-seq_wat_training_female_1w_biological_rep5_vial_90571017005","SRA","Rattus norvegicus",1,GPL25947,GSE242354;GSE242358,"SRA Run Selector","https://www.ncbi.nlm.nih.gov/Traces/study/?acc=SRX20997256",SRX20997256,"Euan Ashley","Sep 30, 2023"
GSM7760632,"rna-seq_wat_training_female_2w_biological_rep1_vial_90576017005","SRA","Rattus norvegicus",1,GPL25947,GSE242354;GSE242358,"SRA Run Selector","https://www.ncbi.nlm.nih.gov/Traces/study/?acc=SRX20997257",SRX20997257,"Euan Ashley","Sep 30, 2023"
GSM7760633,"rna-seq_wat_training_female_2w_biological_rep2_vial_90578017005","SRA","Rattus norvegicus",1,GPL25947,GSE242354;GSE242358,"SRA Run Selector","https://www.ncbi.nlm.nih.gov/Traces/study/?acc=SRX20997258",SRX20997258,"Euan Ashley","Sep 30, 2023"
GSM7760634,"rna-seq_wat_training_female_2w_biological_rep3_vial_90581017005","SRA","Rattus norvegicus",1,GPL25947,GSE242354;GSE242358,"SRA Run Selector","https://www.ncbi.nlm.nih.gov/Traces/study/?acc=SRX20997259",SRX20997259,"Euan Ashley","Sep 30, 2023"
GSM7760635,"rna-seq_wat_training_female_2w_biological_rep4_vial_90585017005","SRA","Rattus norvegicus",1,GPL25947,GSE242354;GSE242358,"SRA Run Selector","https://www.ncbi.nlm.nih.gov/Traces/study/?acc=SRX20997261",SRX20997261,"Euan Ashley","Sep 30, 2023"
GSM7760636,"rna-seq_wat_training_female_2w_biological_rep5_vial_90587017005","SRA","Rattus norvegicus",1,GPL25947,GSE242354;GSE242358,"SRA Run Selector","https://www.ncbi.nlm.nih.gov/Traces/study/?acc=SRX20997262",SRX20997262,"Euan Ashley","Sep 30, 2023"
GSM7760637,"rna-seq_venacv_control_male_8w_biological_rep1_vial_90217016502","SRA","Rattus norvegicus",1,GPL25947,GSE242354;GSE242358,"SRA Run Selector","https://www.ncbi.nlm.nih.gov/Traces/study/?acc=SRX20997357",SRX20997357,"Euan Ashley","Sep 30, 2023"
GSM7760638,"rna-seq_venacv_training_male_8w_biological_rep1_vial_90218016502","SRA","Rattus norvegicus",1,GPL25947,GSE242354;GSE242358,"SRA Run Selector","https://www.ncbi.nlm.nih.gov/Traces/study/?acc=SRX20997359",SRX20997359,"Euan Ashley","Sep 30, 2023"
GSM7760639,"rna-seq_venacv_training_male_8w_biological_rep2_vial_90222016502","SRA","Rattus norvegicus",1,GPL25947,GSE242354;GSE242358,"SRA Run Selector","https://www.ncbi.nlm.nih.gov/Traces/study/?acc=SRX20997360",SRX20997360,"Euan Ashley","Sep 30, 2023"
GSM7760640,"rna-seq_venacv_training_male_8w_biological_rep3_vial_90223016502","SRA","Rattus norvegicus",1,GPL25947,GSE242354;GSE242358,"SRA Run Selector","https://www.ncbi.nlm.nih.gov/Traces/study/?acc=SRX20997266",SRX20997266,"Euan Ashley","Sep 30, 2023"
GSM7760641,"rna-seq_venacv_training_male_8w_biological_rep4_vial_90225016502","SRA","Rattus norvegicus",1,GPL25947,GSE242354;GSE242358,"SRA Run Selector","https://www.ncbi.nlm.nih.gov/Traces/study/?acc=SRX20997267",SRX20997267,"Euan Ashley","Sep 30, 2023"
GSM7760642,"rna-seq_venacv_training_male_8w_biological_rep5_vial_90227016502","SRA","Rattus norvegicus",1,GPL25947,GSE242354;GSE242358,"SRA Run Selector","https://www.ncbi.nlm.nih.gov/Traces/study/?acc=SRX20997268",SRX20997268,"Euan Ashley","Sep 30, 2023"
GSM7760643,"rna-seq_venacv_control_male_8w_biological_rep2_vial_90229016502","SRA","Rattus norvegicus",1,GPL25947,GSE242354;GSE242358,"SRA Run Selector","https://www.ncbi.nlm.nih.gov/Traces/study/?acc=SRX20997269",SRX20997269,"Euan Ashley","Sep 30, 2023"
GSM7760644,"rna-seq_venacv_control_male_8w_biological_rep3_vial_90232016502","SRA","Rattus norvegicus",1,GPL25947,GSE242354;GSE242358,"SRA Run Selector","https://www.ncbi.nlm.nih.gov/Traces/study/?acc=SRX20997270",SRX20997270,"Euan Ashley","Sep 30, 2023"
GSM7760645,"rna-seq_venacv_control_male_8w_biological_rep4_vial_90237016502","SRA","Rattus norvegicus",1,GPL25947,GSE242354;GSE242358,"SRA Run Selector","https://www.ncbi.nlm.nih.gov/Traces/study/?acc=SRX20997272",SRX20997272,"Euan Ashley","Sep 30, 2023"
GSM7760646,"rna-seq_venacv_control_male_8w_biological_rep5_vial_90239016502","SRA","Rattus norvegicus",1,GPL25947,GSE242354;GSE242358,"SRA Run Selector","https://www.ncbi.nlm.nih.gov/Traces/study/?acc=SRX20997273",SRX20997273,"Euan Ashley","Sep 30, 2023"
GSM7760647,"rna-seq_venacv_control_female_8w_biological_rep1_vial_90245016502","SRA","Rattus norvegicus",1,GPL25947,GSE242354;GSE242358,"SRA Run Selector","https://www.ncbi.nlm.nih.gov/Traces/study/?acc=SRX20997274",SRX20997274,"Euan Ashley","Sep 30, 2023"
GSM7760648,"rna-seq_venacv_control_female_8w_biological_rep2_vial_90248016502","SRA","Rattus norvegicus",1,GPL25947,GSE242354;GSE242358,"SRA Run Selector","https://www.ncbi.nlm.nih.gov/Traces/study/?acc=SRX20997275",SRX20997275,"Euan Ashley","Sep 30, 2023"
GSM7760649,"rna-seq_venacv_training_female_8w_biological_rep1_vial_90251016502","SRA","Rattus norvegicus",1,GPL25947,GSE242354;GSE242358,"SRA Run Selector","https://www.ncbi.nlm.nih.gov/Traces/study/?acc=SRX20997276",SRX20997276,"Euan Ashley","Sep 30, 2023"
GSM7760650,"rna-seq_venacv_control_female_8w_biological_rep3_vial_90252016502","SRA","Rattus norvegicus",1,GPL25947,GSE242354;GSE242358,"SRA Run Selector","https://www.ncbi.nlm.nih.gov/Traces/study/?acc=SRX20997277",SRX20997277,"Euan Ashley","Sep 30, 2023"
GSM7760651,"rna-seq_venacv_training_female_8w_biological_rep2_vial_90254016502","SRA","Rattus norvegicus",1,GPL25947,GSE242354;GSE242358,"SRA Run Selector","https://www.ncbi.nlm.nih.gov/Traces/study/?acc=SRX20997278",SRX20997278,"Euan Ashley","Sep 30, 2023"
GSM7760652,"rna-seq_venacv_training_female_8w_biological_rep3_vial_90258016502","SRA","Rattus norvegicus",1,GPL25947,GSE242354;GSE242358,"SRA Run Selector","https://www.ncbi.nlm.nih.gov/Traces/study/?acc=SRX20997279",SRX20997279,"Euan Ashley","Sep 30, 2023"
GSM7760653,"rna-seq_venacv_training_female_8w_biological_rep4_vial_90259016502","SRA","Rattus norvegicus",1,GPL25947,GSE242354;GSE242358,"SRA Run Selector","https://www.ncbi.nlm.nih.gov/Traces/study/?acc=SRX20997280",SRX20997280,"Euan Ashley","Sep 30, 2023"
GSM7760654,"rna-seq_venacv_control_female_8w_biological_rep4_vial_90265016502","SRA","Rattus norvegicus",1,GPL25947,GSE242354;GSE242358,"SRA Run Selector","https://www.ncbi.nlm.nih.gov/Traces/study/?acc=SRX20997281",SRX20997281,"Euan Ashley","Sep 30, 2023"
GSM7760655,"rna-seq_venacv_control_female_8w_biological_rep5_vial_90266016502","SRA","Rattus norvegicus",1,GPL25947,GSE242354;GSE242358,"SRA Run Selector","https://www.ncbi.nlm.nih.gov/Traces/study/?acc=SRX20997356",SRX20997356,"Euan Ashley","Sep 30, 2023"
GSM7760656,"rna-seq_venacv_training_female_8w_biological_rep5_vial_90267016502","SRA","Rattus norvegicus",1,GPL25947,GSE242354;GSE242358,"SRA Run Selector","https://www.ncbi.nlm.nih.gov/Traces/study/?acc=SRX20997358",SRX20997358,"Euan Ashley","Sep 30, 2023"
GSM7760657,"rna-seq_venacv_training_male_4w_biological_rep1_vial_90280016502","SRA","Rattus norvegicus",1,GPL25947,GSE242354;GSE242358,"SRA Run Selector","https://www.ncbi.nlm.nih.gov/Traces/study/?acc=SRX20997671",SRX20997671,"Euan Ashley","Sep 30, 2023"
GSM7760658,"rna-seq_venacv_training_male_4w_biological_rep2_vial_90281016502","SRA","Rattus norvegicus",1,GPL25947,GSE242354;GSE242358,"SRA Run Selector","https://www.ncbi.nlm.nih.gov/Traces/study/?acc=SRX20997672",SRX20997672,"Euan Ashley","Sep 30, 2023"
GSM7760659,"rna-seq_venacv_training_male_4w_biological_rep3_vial_90283016502","SRA","Rattus norvegicus",1,GPL25947,GSE242354;GSE242358,"SRA Run Selector","https://www.ncbi.nlm.nih.gov/Traces/study/?acc=SRX20997361",SRX20997361,"Euan Ashley","Sep 30, 2023"
GSM7760660,"rna-seq_venacv_training_male_4w_biological_rep4_vial_90289016502","SRA","Rattus norvegicus",1,GPL25947,GSE242354;GSE242358,"SRA Run Selector","https://www.ncbi.nlm.nih.gov/Traces/study/?acc=SRX20997362",SRX20997362,"Euan Ashley","Sep 30, 2023"
GSM7760661,"rna-seq_venacv_training_male_4w_biological_rep5_vial_90292016502","SRA","Rattus norvegicus",1,GPL25947,GSE242354;GSE242358,"SRA Run Selector","https://www.ncbi.nlm.nih.gov/Traces/study/?acc=SRX20997363",SRX20997363,"Euan Ashley","Sep 30, 2023"
GSM7760662,"rna-seq_venacv_training_female_4w_biological_rep1_vial_90406016502","SRA","Rattus norvegicus",1,GPL25947,GSE242354;GSE242358,"SRA Run Selector","https://www.ncbi.nlm.nih.gov/Traces/study/?acc=SRX20997364",SRX20997364,"Euan Ashley","Sep 30, 2023"
GSM7760663,"rna-seq_venacv_training_female_4w_biological_rep2_vial_90410016502","SRA","Rattus norvegicus",1,GPL25947,GSE242354;GSE242358,"SRA Run Selector","https://www.ncbi.nlm.nih.gov/Traces/study/?acc=SRX20997365",SRX20997365,"Euan Ashley","Sep 30, 2023"
GSM7760664,"rna-seq_venacv_training_female_4w_biological_rep3_vial_90412016502","SRA","Rattus norvegicus",1,GPL25947,GSE242354;GSE242358,"SRA Run Selector","https://www.ncbi.nlm.nih.gov/Traces/study/?acc=SRX20997366",SRX20997366,"Euan Ashley","Sep 30, 2023"
GSM7760665,"rna-seq_venacv_training_female_4w_biological_rep4_vial_90416016502","SRA","Rattus norvegicus",1,GPL25947,GSE242354;GSE242358,"SRA Run Selector","https://www.ncbi.nlm.nih.gov/Traces/study/?acc=SRX20997368",SRX20997368,"Euan Ashley","Sep 30, 2023"
GSM7760666,"rna-seq_venacv_training_female_4w_biological_rep5_vial_90420016502","SRA","Rattus norvegicus",1,GPL25947,GSE242354;GSE242358,"SRA Run Selector","https://www.ncbi.nlm.nih.gov/Traces/study/?acc=SRX20997369",SRX20997369,"Euan Ashley","Sep 30, 2023"
GSM7760667,"rna-seq_heart_training_female_2w_biological_rep5_vial_90587015803","SRA","Rattus norvegicus",1,GPL25947,GSE242354;GSE242358,"SRA Run Selector","https://www.ncbi.nlm.nih.gov/Traces/study/?acc=SRX20997462",SRX20997462,"Euan Ashley","Sep 30, 2023"
GSM7760668,"rna-seq_kidney_control_male_8w_biological_rep1_vial_90217015902","SRA","Rattus norvegicus",1,GPL25947,GSE242354;GSE242358,"SRA Run Selector","https://www.ncbi.nlm.nih.gov/Traces/study/?acc=SRX20997463",SRX20997463,"Euan Ashley","Sep 30, 2023"
GSM7760669,"rna-seq_kidney_training_male_8w_biological_rep1_vial_90218015902","SRA","Rattus norvegicus",1,GPL25947,GSE242354;GSE242358,"SRA Run Selector","https://www.ncbi.nlm.nih.gov/Traces/study/?acc=SRX20997464",SRX20997464,"Euan Ashley","Sep 30, 2023"
GSM7760670,"rna-seq_kidney_training_male_8w_biological_rep2_vial_90222015902","SRA","Rattus norvegicus",1,GPL25947,GSE242354;GSE242358,"SRA Run Selector","https://www.ncbi.nlm.nih.gov/Traces/study/?acc=SRX20997465",SRX20997465,"Euan Ashley","Sep 30, 2023"
GSM7760671,"rna-seq_kidney_training_male_8w_biological_rep3_vial_90223015902","SRA","Rattus norvegicus",1,GPL25947,GSE242354;GSE242358,"SRA Run Selector","https://www.ncbi.nlm.nih.gov/Traces/study/?acc=SRX20997466",SRX20997466,"Euan Ashley","Sep 30, 2023"
GSM7760672,"rna-seq_liver_training_male_4w_biological_rep2_vial_90281016803","SRA","Rattus norvegicus",1,GPL25947,GSE242354;GSE242358,"SRA Run Selector","https://www.ncbi.nlm.nih.gov/Traces/study/?acc=SRX20997286",SRX20997286,"Euan Ashley","Sep 30, 2023"
GSM7760673,"rna-seq_liver_training_male_4w_biological_rep3_vial_90283016803","SRA","Rattus norvegicus",1,GPL25947,GSE242354;GSE242358,"SRA Run Selector","https://www.ncbi.nlm.nih.gov/Traces/study/?acc=SRX20997287",SRX20997287,"Euan Ashley","Sep 30, 2023"
GSM7760674,"rna-seq_liver_training_male_4w_biological_rep4_vial_90289016803","SRA","Rattus norvegicus",1,GPL25947,GSE242354;GSE242358,"SRA Run Selector","https://www.ncbi.nlm.nih.gov/Traces/study/?acc=SRX20997611",SRX20997611,"Euan Ashley","Sep 30, 2023"
GSM7760675,"rna-seq_liver_training_male_4w_biological_rep5_vial_90292016803","SRA","Rattus norvegicus",1,GPL25947,GSE242354;GSE242358,"SRA Run Selector","https://www.ncbi.nlm.nih.gov/Traces/study/?acc=SRX20997612",SRX20997612,"Euan Ashley","Sep 30, 2023"
GSM7760676,"rna-seq_liver_training_female_4w_biological_rep1_vial_90406016803","SRA","Rattus norvegicus",1,GPL25947,GSE242354;GSE242358,"SRA Run Selector","https://www.ncbi.nlm.nih.gov/Traces/study/?acc=SRX20997613",SRX20997613,"Euan Ashley","Sep 30, 2023"
