Run,AGE,Assay Type,AvgSpotLen,Bases,BioProject,BioSample,BioSampleModel,Bytes,Center Name,Collection_Date,Consent,DATASTORE filetype,DATASTORE provider,DATASTORE region,Experiment,geo_loc_name_country,geo_loc_name_country_continent,geo_loc_name,Instrument,Library Name,LibraryLayout,LibrarySelection,LibrarySource,Organism,Platform,ReleaseDate,create_date,version,Sample Name,sex,SRA Study,strain,tissue,treatment,Vial_Label
SRR25250919,6 months,RNA-Seq,206,7024247122,PRJNA908279,SAMN36363933,Model organism or animal,2243667409,STANFORD UNIVERSITY,not available,public,"sra,run.zq,fastq","s3,ncbi,gs","ncbi.public,gs.us-east1,s3.us-east-1",SRX20997191,uncalculated,uncalculated,not available,Illumina NovaSeq 6000,rna-seq_lung_male_reference_7_vial_80026886619,PAIRED,PolyA,TRANSCRIPTOMIC,Rattus norvegicus,ILLUMINA,2023-09-30T00:00:00Z,2023-07-12T20:49:00Z,1,lung_male_reference_7_vial_80026886619,male,SRP448906,fischer 344,Lung Powder,Reference,80026886619
SRR25250920,6 months,RNA-Seq,206,7913267314,PRJNA908279,SAMN36364166,Model organism or animal,2620242941,STANFORD UNIVERSITY,2018-11-15,public,"run.zq,fastq,sra","s3,gs,ncbi","gs.us-east1,ncbi.public,s3.us-east-1",SRX20997190,USA,North America,USA: Iowa,Illumina NovaSeq 6000,rna-seq_skm-gn_training_male_4w_biological_rep4_vial_90289015512,PAIRED,PolyA,TRANSCRIPTOMIC,Rattus norvegicus,ILLUMINA,2023-09-30T00:00:00Z,2023-07-12T20:46:00Z,1,skm-gn_training_male_4w_biological_rep4_vial_90289015512,male,SRP448906,fischer 344,Gastrocnemius Powder,Training - 4 weeks,90289015512
SRR25250921,6 months,RNA-Seq,206,7107235458,PRJNA908279,SAMN36364165,Model organism or animal,2370346323,STANFORD UNIVERSITY,2018-11-13,public,"fastq,run.zq,sra","s3,ncbi,gs","gs.us-east1,ncbi.public,s3.us-east-1",SRX20997189,USA,North America,USA: Iowa,Illumina NovaSeq 6000,rna-seq_skm-gn_training_male_4w_biological_rep3_vial_90283015512,PAIRED,PolyA,TRANSCRIPTOMIC,Rattus norvegicus,ILLUMINA,2023-09-30T00:00:00Z,2023-07-12T20:51:00Z,1,skm-gn_training_male_4w_biological_rep3_vial_90283015512,male,SRP448906,fischer 344,Gastrocnemius Powder,Training - 4 weeks,90283015512
SRR25250923,6 months,RNA-Seq,206,6346396294,PRJNA908279,SAMN36364161,Model organism or animal,2101102042,STANFORD UNIVERSITY,2018-10-04,public,"run.zq,fastq,sra","s3,ncbi,gs","ncbi.public,s3.us-east-1,gs.us-east1",SRX20997187,USA,North America,USA: Iowa,Illumina NovaSeq 6000,rna-seq_skm-gn_control_female_8w_biological_rep5_vial_90266015512,PAIRED,PolyA,TRANSCRIPTOMIC,Rattus norvegicus,ILLUMINA,2023-09-30T00:00:00Z,2023-07-12T20:52:00Z,1,skm-gn_control_female_8w_biological_rep5_vial_90266015512,female,SRP448906,fischer 344,Gastrocnemius Powder,Control - 8 weeks,90266015512
SRR25250925,6 months,RNA-Seq,206,6683859932,PRJNA908279,SAMN36364160,Model organism or animal,2213593496,STANFORD UNIVERSITY,2018-10-04,public,"run.zq,fastq,sra","s3,ncbi,gs","ncbi.public,gs.us-east1,s3.us-east-1",SRX20997186,USA,North America,USA: Iowa,Illumina NovaSeq 6000,rna-seq_skm-gn_control_female_8w_biological_rep4_vial_90265015512,PAIRED,PolyA,TRANSCRIPTOMIC,Rattus norvegicus,ILLUMINA,2023-09-30T00:00:00Z,2023-07-12T20:49:00Z,1,skm-gn_control_female_8w_biological_rep4_vial_90265015512,female,SRP448906,fischer 344,Gastrocnemius Powder,Control - 8 weeks,90265015512
SRR25250926,6 months,RNA-Seq,206,7565823800,PRJNA908279,SAMN36364159,Model organism or animal,2515154340,STANFORD UNIVERSITY,2018-10-03,public,"sra,run.zq,fastq","s3,ncbi,gs","s3.us-east-1,gs.us-east1,ncbi.public",SRX20997185,USA,North America,USA: Iowa,Illumina NovaSeq 6000,rna-seq_skm-gn_training_female_8w_biological_rep4_vial_90259015512,PAIRED,PolyA,TRANSCRIPTOMIC,Rattus norvegicus,ILLUMINA,2023-09-30T00:00:00Z,2023-07-12T20:49:00Z,1,skm-gn_training_female_8w_biological_rep4_vial_90259015512,female,SRP448906,fischer 344,Gastrocnemius Powder,Training - 8 weeks,90259015512
SRR25250927,6 months,RNA-Seq,206,7403296186,PRJNA908279,SAMN36364158,Model organism or animal,2470974372,STANFORD UNIVERSITY,2018-10-03,public,"sra,fastq,run.zq","gs,s3,ncbi","s3.us-east-1,ncbi.public,gs.us-east1",SRX20997184,USA,North America,USA: Iowa,Illumina NovaSeq 6000,rna-seq_skm-gn_training_female_8w_biological_rep3_vial_90258015512,PAIRED,PolyA,TRANSCRIPTOMIC,Rattus norvegicus,ILLUMINA,2023-09-30T00:00:00Z,2023-07-12T20:48:00Z,1,skm-gn_training_female_8w_biological_rep3_vial_90258015512,female,SRP448906,fischer 344,Gastrocnemius Powder,Training - 8 weeks,90258015512
SRR25250928,6 months,RNA-Seq,206,6933251978,PRJNA908279,SAMN36364157,Model organism or animal,2307949605,STANFORD UNIVERSITY,2018-10-02,public,"sra,run.zq,fastq","gs,s3,ncbi","ncbi.public,gs.us-east1,s3.us-east-1",SRX20997183,USA,North America,USA: Iowa,Illumina NovaSeq 6000,rna-seq_skm-gn_training_female_8w_biological_rep2_vial_90254015512,PAIRED,PolyA,TRANSCRIPTOMIC,Rattus norvegicus,ILLUMINA,2023-09-30T00:00:00Z,2023-07-12T20:52:00Z,1,skm-gn_training_female_8w_biological_rep2_vial_90254015512,female,SRP448906,fischer 344,Gastrocnemius Powder,Training - 8 weeks,90254015512
SRR25250930,6 months,RNA-Seq,206,7612832382,PRJNA908279,SAMN36364156,Model organism or animal,2535498527,STANFORD UNIVERSITY,2018-10-01,public,"fastq,sra,run.zq","s3,gs,ncbi","gs.us-east1,s3.us-east-1,ncbi.public",SRX20997181,USA,North America,USA: Iowa,Illumina NovaSeq 6000,rna-seq_skm-gn_control_female_8w_biological_rep3_vial_90252015512,PAIRED,PolyA,TRANSCRIPTOMIC,Rattus norvegicus,ILLUMINA,2023-09-30T00:00:00Z,2023-07-12T20:50:00Z,1,skm-gn_control_female_8w_biological_rep3_vial_90252015512,female,SRP448906,fischer 344,Gastrocnemius Powder,Control - 8 weeks,90252015512
SRR25250931,6 months,RNA-Seq,206,8639240978,PRJNA908279,SAMN36364155,Model organism or animal,2861095194,STANFORD UNIVERSITY,2018-10-01,public,"sra,fastq,run.zq","s3,gs,ncbi","ncbi.public,s3.us-east-1,gs.us-east1",SRX20997180,USA,North America,USA: Iowa,Illumina NovaSeq 6000,rna-seq_skm-gn_training_female_8w_biological_rep1_vial_90251015512,PAIRED,PolyA,TRANSCRIPTOMIC,Rattus norvegicus,ILLUMINA,2023-09-30T00:00:00Z,2023-07-12T20:52:00Z,1,skm-gn_training_female_8w_biological_rep1_vial_90251015512,female,SRP448906,fischer 344,Gastrocnemius Powder,Training - 8 weeks,90251015512
SRR25250932,6 months,RNA-Seq,206,7664520666,PRJNA908279,SAMN36364154,Model organism or animal,2563584022,STANFORD UNIVERSITY,2018-10-05,public,"run.zq,fastq,sra","s3,ncbi,gs","ncbi.public,s3.us-east-1,gs.us-east1",SRX20997179,USA,North America,USA: Iowa,Illumina NovaSeq 6000,rna-seq_skm-gn_control_female_8w_biological_rep2_vial_90248015512,PAIRED,PolyA,TRANSCRIPTOMIC,Rattus norvegicus,ILLUMINA,2023-09-30T00:00:00Z,2023-07-12T20:53:00Z,1,skm-gn_control_female_8w_biological_rep2_vial_90248015512,female,SRP448906,fischer 344,Gastrocnemius Powder,Control - 8 weeks,90248015512
SRR25250933,6 months,RNA-Seq,206,6663154666,PRJNA908279,SAMN36364153,Model organism or animal,2208177469,STANFORD UNIVERSITY,2018-10-01,public,"run.zq,fastq,sra","s3,gs,ncbi","s3.us-east-1,gs.us-east1,ncbi.public",SRX20997178,USA,North America,USA: Iowa,Illumina NovaSeq 6000,rna-seq_skm-gn_control_female_8w_biological_rep1_vial_90245015512,PAIRED,PolyA,TRANSCRIPTOMIC,Rattus norvegicus,ILLUMINA,2023-09-30T00:00:00Z,2023-07-12T20:50:00Z,1,skm-gn_control_female_8w_biological_rep1_vial_90245015512,female,SRP448906,fischer 344,Gastrocnemius Powder,Control - 8 weeks,90245015512
SRR25250934,6 months,RNA-Seq,206,7726444266,PRJNA908279,SAMN36364152,Model organism or animal,2575241687,STANFORD UNIVERSITY,2018-09-07,public,"fastq,run.zq,sra","s3,ncbi,gs","ncbi.public,s3.us-east-1,gs.us-east1",SRX20997177,USA,North America,USA: Iowa,Illumina NovaSeq 6000,rna-seq_skm-gn_control_male_8w_biological_rep5_vial_90239015512,PAIRED,PolyA,TRANSCRIPTOMIC,Rattus norvegicus,ILLUMINA,2023-09-30T00:00:00Z,2023-07-12T20:48:00Z,1,skm-gn_control_male_8w_biological_rep5_vial_90239015512,male,SRP448906,fischer 344,Gastrocnemius Powder,Control - 8 weeks,90239015512
SRR25250935,6 months,RNA-Seq,206,7767598328,PRJNA908279,SAMN36364151,Model organism or animal,2613332245,STANFORD UNIVERSITY,2018-09-07,public,"sra,run.zq,fastq","ncbi,s3,gs","s3.us-east-1,ncbi.public,gs.us-east1",SRX20997176,USA,North America,USA: Iowa,Illumina NovaSeq 6000,rna-seq_skm-gn_control_male_8w_biological_rep4_vial_90237015512,PAIRED,PolyA,TRANSCRIPTOMIC,Rattus norvegicus,ILLUMINA,2023-09-30T00:00:00Z,2023-07-12T20:48:00Z,1,skm-gn_control_male_8w_biological_rep4_vial_90237015512,male,SRP448906,fischer 344,Gastrocnemius Powder,Control - 8 weeks,90237015512
SRR25250936,6 months,RNA-Seq,206,6532808990,PRJNA908279,SAMN36364150,Model organism or animal,2165979183,STANFORD UNIVERSITY,2018-09-06,public,"sra,fastq,run.zq","s3,gs,ncbi","gs.us-east1,s3.us-east-1,ncbi.public",SRX20997175,USA,North America,USA: Iowa,Illumina NovaSeq 6000,rna-seq_skm-gn_control_male_8w_biological_rep3_vial_90232015512,PAIRED,PolyA,TRANSCRIPTOMIC,Rattus norvegicus,ILLUMINA,2023-09-30T00:00:00Z,2023-07-12T20:52:00Z,1,skm-gn_control_male_8w_biological_rep3_vial_90232015512,male,SRP448906,fischer 344,Gastrocnemius Powder,Control - 8 weeks,90232015512
SRR25250937,6 months,RNA-Seq,206,6546509020,PRJNA908279,SAMN36364149,Model organism or animal,2170046866,STANFORD UNIVERSITY,2018-09-05,public,"fastq,sra,run.zq","gs,ncbi,s3","gs.us-east1,s3.us-east-1,ncbi.public",SRX20997174,USA,North America,USA: Iowa,Illumina NovaSeq 6000,rna-seq_skm-gn_control_male_8w_biological_rep2_vial_90229015512,PAIRED,PolyA,TRANSCRIPTOMIC,Rattus norvegicus,ILLUMINA,2023-09-30T00:00:00Z,2023-07-12T20:48:00Z,1,skm-gn_control_male_8w_biological_rep2_vial_90229015512,male,SRP448906,fischer 344,Gastrocnemius Powder,Control - 8 weeks,90229015512
SRR25250938,6 months,RNA-Seq,206,8497878216,PRJNA908279,SAMN36364148,Model organism or animal,2828677148,STANFORD UNIVERSITY,2018-09-05,public,"sra,fastq,run.zq","gs,s3,ncbi","gs.us-east1,s3.us-east-1,ncbi.public",SRX20997173,USA,North America,USA: Iowa,Illumina NovaSeq 6000,rna-seq_skm-gn_training_male_8w_biological_rep5_vial_90227015512,PAIRED,PolyA,TRANSCRIPTOMIC,Rattus norvegicus,ILLUMINA,2023-09-30T00:00:00Z,2023-07-12T20:49:00Z,1,skm-gn_training_male_8w_biological_rep5_vial_90227015512,male,SRP448906,fischer 344,Gastrocnemius Powder,Training - 8 weeks,90227015512
SRR25250939,6 months,RNA-Seq,206,7863078916,PRJNA908279,SAMN36364147,Model organism or animal,2613554816,STANFORD UNIVERSITY,2018-09-05,public,"fastq,run.zq,sra","gs,s3,ncbi","gs.us-east1,s3.us-east-1,ncbi.public",SRX20997172,USA,North America,USA: Iowa,Illumina NovaSeq 6000,rna-seq_skm-gn_training_male_8w_biological_rep4_vial_90225015512,PAIRED,PolyA,TRANSCRIPTOMIC,Rattus norvegicus,ILLUMINA,2023-09-30T00:00:00Z,2023-07-12T20:56:00Z,1,skm-gn_training_male_8w_biological_rep4_vial_90225015512,male,SRP448906,fischer 344,Gastrocnemius Powder,Training - 8 weeks,90225015512
SRR25250940,6 months,RNA-Seq,210,7097643000,PRJNA908279,SAMN36364126,Model organism or animal,2367352809,STANFORD UNIVERSITY,2019-01-22,public,"fastq,sra,run.zq","ncbi,gs,s3","s3.us-east-1,gs.us-east1,ncbi.public",SRX20997171,USA,North America,USA: Iowa,Illumina NovaSeq 6000,rna-seq_hypoth_training_male_1w_biological_rep4_vial_90426015402,PAIRED,PolyA,TRANSCRIPTOMIC,Rattus norvegicus,ILLUMINA,2023-09-30T00:00:00Z,2023-07-12T20:56:00Z,1,hypoth_training_male_1w_biological_rep4_vial_90426015402,male,SRP448906,fischer 344,Hypothalamus Powder,Training - 1 week,90426015402
SRR25250941,6 months,RNA-Seq,210,7316203860,PRJNA908279,SAMN36364125,Model organism or animal,2441409404,STANFORD UNIVERSITY,2019-01-21,public,"sra,run.zq,fastq","s3,ncbi,gs","s3.us-east-1,gs.us-east1,ncbi.public",SRX20997170,USA,North America,USA: Iowa,Illumina NovaSeq 6000,rna-seq_hypoth_training_male_1w_biological_rep3_vial_90423015402,PAIRED,PolyA,TRANSCRIPTOMIC,Rattus norvegicus,ILLUMINA,2023-09-30T00:00:00Z,2023-07-12T20:49:00Z,1,hypoth_training_male_1w_biological_rep3_vial_90423015402,male,SRP448906,fischer 344,Hypothalamus Powder,Training - 1 week,90423015402
SRR25250942,6 months,RNA-Seq,206,7495087520,PRJNA908279,SAMN36364144,Model organism or animal,2526525739,STANFORD UNIVERSITY,2018-09-03,public,"fastq,sra,run.zq","gs,s3,ncbi","s3.us-east-1,ncbi.public,gs.us-east1",SRX20997169,USA,North America,USA: Iowa,Illumina NovaSeq 6000,rna-seq_skm-gn_training_male_8w_biological_rep1_vial_90218015512,PAIRED,PolyA,TRANSCRIPTOMIC,Rattus norvegicus,ILLUMINA,2023-09-30T00:00:00Z,2023-07-12T20:48:00Z,1,skm-gn_training_male_8w_biological_rep1_vial_90218015512,male,SRP448906,fischer 344,Gastrocnemius Powder,Training - 8 weeks,90218015512
SRR25250943,6 months,RNA-Seq,206,5995327798,PRJNA908279,SAMN36364143,Model organism or animal,1992921087,STANFORD UNIVERSITY,2018-09-03,public,"sra,run.zq,fastq","s3,gs,ncbi","ncbi.public,gs.us-east1,s3.us-east-1",SRX20997168,USA,North America,USA: Iowa,Illumina NovaSeq 6000,rna-seq_skm-gn_control_male_8w_biological_rep1_vial_90217015512,PAIRED,PolyA,TRANSCRIPTOMIC,Rattus norvegicus,ILLUMINA,2023-09-30T00:00:00Z,2023-07-12T20:49:00Z,1,skm-gn_control_male_8w_biological_rep1_vial_90217015512,male,SRP448906,fischer 344,Gastrocnemius Powder,Control - 8 weeks,90217015512
SRR25250948,6 months,RNA-Seq,210,7460139540,PRJNA908279,SAMN36364117,Model organism or animal,2493129511,STANFORD UNIVERSITY,2018-11-15,public,"sra,run.zq,fastq","ncbi,s3,gs","gs.us-east1,s3.us-east-1,ncbi.public",SRX20997163,USA,North America,USA: Iowa,Illumina NovaSeq 6000,rna-seq_hypoth_training_male_4w_biological_rep5_vial_90292015402,PAIRED,PolyA,TRANSCRIPTOMIC,Rattus norvegicus,ILLUMINA,2023-09-30T00:00:00Z,2023-07-12T20:50:00Z,1,hypoth_training_male_4w_biological_rep5_vial_90292015402,male,SRP448906,fischer 344,Hypothalamus Powder,Training - 4 weeks,90292015402
SRR25250950,6 months,RNA-Seq,210,6491820720,PRJNA908279,SAMN36364116,Model organism or animal,2163152654,STANFORD UNIVERSITY,2018-11-15,public,"sra,fastq,run.zq","ncbi,gs,s3","ncbi.public,gs.us-east1,s3.us-east-1",SRX20997161,USA,North America,USA: Iowa,Illumina NovaSeq 6000,rna-seq_hypoth_training_male_4w_biological_rep4_vial_90289015402,PAIRED,PolyA,TRANSCRIPTOMIC,Rattus norvegicus,ILLUMINA,2023-09-30T00:00:00Z,2023-07-12T20:50:00Z,1,hypoth_training_male_4w_biological_rep4_vial_90289015402,male,SRP448906,fischer 344,Hypothalamus Powder,Training - 4 weeks,90289015402
SRR25250951,6 months,RNA-Seq,210,7254213960,PRJNA908279,SAMN36364115,Model organism or animal,2414640542,STANFORD UNIVERSITY,2018-11-13,public,"sra,fastq,run.zq","gs,s3,ncbi","gs.us-east1,ncbi.public,s3.us-east-1",SRX20997160,USA,North America,USA: Iowa,Illumina NovaSeq 6000,rna-seq_hypoth_training_male_4w_biological_rep3_vial_90283015402,PAIRED,PolyA,TRANSCRIPTOMIC,Rattus norvegicus,ILLUMINA,2023-09-30T00:00:00Z,2023-07-12T20:51:00Z,1,hypoth_training_male_4w_biological_rep3_vial_90283015402,male,SRP448906,fischer 344,Hypothalamus Powder,Training - 4 weeks,90283015402
SRR25250952,6 months,RNA-Seq,210,6972003780,PRJNA908279,SAMN36364114,Model organism or animal,2325374597,STANFORD UNIVERSITY,2018-11-13,public,"fastq,run.zq,sra","gs,ncbi,s3","ncbi.public,s3.us-east-1,gs.us-east1",SRX20997159,USA,North America,USA: Iowa,Illumina NovaSeq 6000,rna-seq_hypoth_training_male_4w_biological_rep2_vial_90281015402,PAIRED,PolyA,TRANSCRIPTOMIC,Rattus norvegicus,ILLUMINA,2023-09-30T00:00:00Z,2023-07-12T20:53:00Z,1,hypoth_training_male_4w_biological_rep2_vial_90281015402,male,SRP448906,fischer 344,Hypothalamus Powder,Training - 4 weeks,90281015402
SRR25250953,6 months,RNA-Seq,210,6987048600,PRJNA908279,SAMN36364113,Model organism or animal,2333537321,STANFORD UNIVERSITY,2018-11-13,public,"fastq,sra,run.zq","s3,gs,ncbi","ncbi.public,gs.us-east1,s3.us-east-1",SRX20997158,USA,North America,USA: Iowa,Illumina NovaSeq 6000,rna-seq_hypoth_training_male_4w_biological_rep1_vial_90280015402,PAIRED,PolyA,TRANSCRIPTOMIC,Rattus norvegicus,ILLUMINA,2023-09-30T00:00:00Z,2023-07-12T20:48:00Z,1,hypoth_training_male_4w_biological_rep1_vial_90280015402,male,SRP448906,fischer 344,Hypothalamus Powder,Training - 4 weeks,90280015402
SRR25250954,6 months,RNA-Seq,210,7924853790,PRJNA908279,SAMN36364112,Model organism or animal,2642998238,STANFORD UNIVERSITY,2018-10-04,public,"sra,run.zq,fastq","gs,ncbi,s3","s3.us-east-1,ncbi.public,gs.us-east1",SRX20997157,USA,North America,USA: Iowa,Illumina NovaSeq 6000,rna-seq_hypoth_training_female_8w_biological_rep5_vial_90267015402,PAIRED,PolyA,TRANSCRIPTOMIC,Rattus norvegicus,ILLUMINA,2023-09-30T00:00:00Z,2023-07-12T20:50:00Z,1,hypoth_training_female_8w_biological_rep5_vial_90267015402,female,SRP448906,fischer 344,Hypothalamus Powder,Training - 8 weeks,90267015402
SRR25250955,6 months,RNA-Seq,210,6681494190,PRJNA908279,SAMN36364111,Model organism or animal,2219595862,STANFORD UNIVERSITY,2018-10-04,public,"run.zq,fastq,sra","ncbi,s3,gs","gs.us-east1,ncbi.public,s3.us-east-1",SRX20997156,USA,North America,USA: Iowa,Illumina NovaSeq 6000,rna-seq_hypoth_control_female_8w_biological_rep5_vial_90266015402,PAIRED,PolyA,TRANSCRIPTOMIC,Rattus norvegicus,ILLUMINA,2023-09-30T00:00:00Z,2023-07-12T20:49:00Z,1,hypoth_control_female_8w_biological_rep5_vial_90266015402,female,SRP448906,fischer 344,Hypothalamus Powder,Control - 8 weeks,90266015402
SRR25250956,6 months,RNA-Seq,210,8065868160,PRJNA908279,SAMN36364110,Model organism or animal,2695727184,STANFORD UNIVERSITY,2018-10-04,public,"fastq,run.zq,sra","gs,ncbi,s3","ncbi.public,gs.us-east1,s3.us-east-1",SRX20997155,USA,North America,USA: Iowa,Illumina NovaSeq 6000,rna-seq_hypoth_control_female_8w_biological_rep4_vial_90265015402,PAIRED,PolyA,TRANSCRIPTOMIC,Rattus norvegicus,ILLUMINA,2023-09-30T00:00:00Z,2023-07-12T20:53:00Z,1,hypoth_control_female_8w_biological_rep4_vial_90265015402,female,SRP448906,fischer 344,Hypothalamus Powder,Control - 8 weeks,90265015402
SRR25250957,6 months,RNA-Seq,210,6965841540,PRJNA908279,SAMN36364109,Model organism or animal,2317122132,STANFORD UNIVERSITY,2018-10-03,public,"run.zq,sra,fastq","ncbi,s3,gs","ncbi.public,s3.us-east-1,gs.us-east1",SRX20997154,USA,North America,USA: Iowa,Illumina NovaSeq 6000,rna-seq_hypoth_training_female_8w_biological_rep4_vial_90259015402,PAIRED,PolyA,TRANSCRIPTOMIC,Rattus norvegicus,ILLUMINA,2023-09-30T00:00:00Z,2023-07-12T20:49:00Z,1,hypoth_training_female_8w_biological_rep4_vial_90259015402,female,SRP448906,fischer 344,Hypothalamus Powder,Training - 8 weeks,90259015402
SRR25250958,6 months,RNA-Seq,210,7505541540,PRJNA908279,SAMN36364108,Model organism or animal,2492001924,STANFORD UNIVERSITY,2018-10-03,public,"sra,fastq,run.zq","ncbi,s3,gs","s3.us-east-1,ncbi.public,gs.us-east1",SRX20997153,USA,North America,USA: Iowa,Illumina NovaSeq 6000,rna-seq_hypoth_training_female_8w_biological_rep3_vial_90258015402,PAIRED,PolyA,TRANSCRIPTOMIC,Rattus norvegicus,ILLUMINA,2023-09-30T00:00:00Z,2023-07-12T20:50:00Z,1,hypoth_training_female_8w_biological_rep3_vial_90258015402,female,SRP448906,fischer 344,Hypothalamus Powder,Training - 8 weeks,90258015402
SRR25250959,6 months,RNA-Seq,210,7437076710,PRJNA908279,SAMN36364107,Model organism or animal,2479131249,STANFORD UNIVERSITY,2018-10-02,public,"sra,fastq,run.zq","ncbi,s3,gs","s3.us-east-1,gs.us-east1,ncbi.public",SRX20997152,USA,North America,USA: Iowa,Illumina NovaSeq 6000,rna-seq_hypoth_training_female_8w_biological_rep2_vial_90254015402,PAIRED,PolyA,TRANSCRIPTOMIC,Rattus norvegicus,ILLUMINA,2023-09-30T00:00:00Z,2023-07-12T20:51:00Z,1,hypoth_training_female_8w_biological_rep2_vial_90254015402,female,SRP448906,fischer 344,Hypothalamus Powder,Training - 8 weeks,90254015402
SRR25250960,6 months,RNA-Seq,206,7932663244,PRJNA908279,SAMN36363927,Model organism or animal,2643505621,STANFORD UNIVERSITY,not available,public,"run.zq,fastq,sra","s3,gs,ncbi","gs.us-east1,s3.us-east-1,ncbi.public",SRX20997151,uncalculated,uncalculated,not available,Illumina NovaSeq 6000,rna-seq_heart_male_reference_4_vial_80032885819,PAIRED,PolyA,TRANSCRIPTOMIC,Rattus norvegicus,ILLUMINA,2023-09-30T00:00:00Z,2023-07-12T20:51:00Z,1,heart_male_reference_4_vial_80032885819,male,SRP448906,fischer 344,Heart Powder,Reference,80032885819
SRR25250966,6 months,RNA-Seq,210,7814130450,PRJNA908279,SAMN36364104,Model organism or animal,2614058314,STANFORD UNIVERSITY,2018-10-05,public,"fastq,run.zq,sra","ncbi,s3,gs","s3.us-east-1,ncbi.public,gs.us-east1",SRX20997145,USA,North America,USA: Iowa,Illumina NovaSeq 6000,rna-seq_hypoth_control_female_8w_biological_rep2_vial_90248015402,PAIRED,PolyA,TRANSCRIPTOMIC,Rattus norvegicus,ILLUMINA,2023-09-30T00:00:00Z,2023-07-12T20:46:00Z,1,hypoth_control_female_8w_biological_rep2_vial_90248015402,female,SRP448906,fischer 344,Hypothalamus Powder,Control - 8 weeks,90248015402
SRR25250967,6 months,RNA-Seq,210,7671630750,PRJNA908279,SAMN36364103,Model organism or animal,2553845215,STANFORD UNIVERSITY,2018-10-01,public,"fastq,run.zq,sra","s3,ncbi,gs","gs.us-east1,s3.us-east-1,ncbi.public",SRX20997144,USA,North America,USA: Iowa,Illumina NovaSeq 6000,rna-seq_hypoth_control_female_8w_biological_rep1_vial_90245015402,PAIRED,PolyA,TRANSCRIPTOMIC,Rattus norvegicus,ILLUMINA,2023-09-30T00:00:00Z,2023-07-12T20:47:00Z,1,hypoth_control_female_8w_biological_rep1_vial_90245015402,female,SRP448906,fischer 344,Hypothalamus Powder,Control - 8 weeks,90245015402
SRR25250968,6 months,RNA-Seq,210,8294325060,PRJNA908279,SAMN36364102,Model organism or animal,2759909333,STANFORD UNIVERSITY,2018-09-07,public,"fastq,sra,run.zq","gs,s3,ncbi","ncbi.public,gs.us-east1,s3.us-east-1",SRX20997143,USA,North America,USA: Iowa,Illumina NovaSeq 6000,rna-seq_hypoth_control_male_8w_biological_rep5_vial_90239015402,PAIRED,PolyA,TRANSCRIPTOMIC,Rattus norvegicus,ILLUMINA,2023-09-30T00:00:00Z,2023-07-12T20:47:00Z,1,hypoth_control_male_8w_biological_rep5_vial_90239015402,male,SRP448906,fischer 344,Hypothalamus Powder,Control - 8 weeks,90239015402
SRR25250969,6 months,RNA-Seq,210,6646851120,PRJNA908279,SAMN36364101,Model organism or animal,2213370616,STANFORD UNIVERSITY,2018-09-07,public,"sra,run.zq,fastq","s3,ncbi,gs","ncbi.public,s3.us-east-1,gs.us-east1",SRX20997142,USA,North America,USA: Iowa,Illumina NovaSeq 6000,rna-seq_hypoth_control_male_8w_biological_rep4_vial_90237015402,PAIRED,PolyA,TRANSCRIPTOMIC,Rattus norvegicus,ILLUMINA,2023-09-30T00:00:00Z,2023-07-12T20:48:00Z,1,hypoth_control_male_8w_biological_rep4_vial_90237015402,male,SRP448906,fischer 344,Hypothalamus Powder,Control - 8 weeks,90237015402
SRR25250970,6 months,RNA-Seq,210,8041005630,PRJNA908279,SAMN36364100,Model organism or animal,2691584107,STANFORD UNIVERSITY,2018-09-06,public,"run.zq,sra,fastq","gs,ncbi,s3","s3.us-east-1,gs.us-east1,ncbi.public",SRX20997141,USA,North America,USA: Iowa,Illumina NovaSeq 6000,rna-seq_hypoth_control_male_8w_biological_rep3_vial_90232015402,PAIRED,PolyA,TRANSCRIPTOMIC,Rattus norvegicus,ILLUMINA,2023-09-30T00:00:00Z,2023-07-12T20:49:00Z,1,hypoth_control_male_8w_biological_rep3_vial_90232015402,male,SRP448906,fischer 344,Hypothalamus Powder,Control - 8 weeks,90232015402
SRR25250971,6 months,RNA-Seq,210,7994793870,PRJNA908279,SAMN36364099,Model organism or animal,2671313732,STANFORD UNIVERSITY,2018-09-05,public,"run.zq,fastq,sra","ncbi,s3,gs","ncbi.public,s3.us-east-1,gs.us-east1",SRX20997140,USA,North America,USA: Iowa,Illumina NovaSeq 6000,rna-seq_hypoth_control_male_8w_biological_rep2_vial_90229015402,PAIRED,PolyA,TRANSCRIPTOMIC,Rattus norvegicus,ILLUMINA,2023-09-30T00:00:00Z,2023-07-12T20:54:00Z,1,hypoth_control_male_8w_biological_rep2_vial_90229015402,male,SRP448906,fischer 344,Hypothalamus Powder,Control - 8 weeks,90229015402
SRR25250972,6 months,RNA-Seq,210,7747026000,PRJNA908279,SAMN36364075,Model organism or animal,2593506138,STANFORD UNIVERSITY,2019-01-21,public,"fastq,sra,run.zq","gs,ncbi,s3","ncbi.public,s3.us-east-1,gs.us-east1",SRX20997139,USA,North America,USA: Iowa,Illumina NovaSeq 6000,rna-seq_cortex_training_male_1w_biological_rep3_vial_90423015302,PAIRED,PolyA,TRANSCRIPTOMIC,Rattus norvegicus,ILLUMINA,2023-09-30T00:00:00Z,2023-07-12T20:53:00Z,1,cortex_training_male_1w_biological_rep3_vial_90423015302,male,SRP448906,fischer 344,Cortex Powder,Training - 1 week,90423015302
SRR25250973,6 months,RNA-Seq,210,8474524380,PRJNA908279,SAMN36364074,Model organism or animal,2818554583,STANFORD UNIVERSITY,2019-01-21,public,"sra,run.zq,fastq","s3,ncbi,gs","gs.us-east1,s3.us-east-1,ncbi.public",SRX20997138,USA,North America,USA: Iowa,Illumina NovaSeq 6000,rna-seq_cortex_training_male_1w_biological_rep2_vial_90422015302,PAIRED,PolyA,TRANSCRIPTOMIC,Rattus norvegicus,ILLUMINA,2023-09-30T00:00:00Z,2023-07-12T20:50:00Z,1,cortex_training_male_1w_biological_rep2_vial_90422015302,male,SRP448906,fischer 344,Cortex Powder,Training - 1 week,90422015302
SRR25250974,6 months,RNA-Seq,210,7229788440,PRJNA908279,SAMN36364073,Model organism or animal,2411381680,STANFORD UNIVERSITY,2019-01-21,public,"sra,fastq,run.zq","gs,ncbi,s3","s3.us-east-1,gs.us-east1,ncbi.public",SRX20997137,USA,North America,USA: Iowa,Illumina NovaSeq 6000,rna-seq_cortex_training_male_1w_biological_rep1_vial_90421015302,PAIRED,PolyA,TRANSCRIPTOMIC,Rattus norvegicus,ILLUMINA,2023-09-30T00:00:00Z,2023-07-12T20:50:00Z,1,cortex_training_male_1w_biological_rep1_vial_90421015302,male,SRP448906,fischer 344,Cortex Powder,Training - 1 week,90421015302
SRR25250979,6 months,RNA-Seq,210,7412226990,PRJNA908279,SAMN36364051,Model organism or animal,2476308589,STANFORD UNIVERSITY,2018-09-07,public,"sra,run.zq,fastq","ncbi,s3,gs","ncbi.public,s3.us-east-1,gs.us-east1",SRX20997132,USA,North America,USA: Iowa,Illumina NovaSeq 6000,rna-seq_cortex_control_male_8w_biological_rep4_vial_90237015302,PAIRED,PolyA,TRANSCRIPTOMIC,Rattus norvegicus,ILLUMINA,2023-09-30T00:00:00Z,2023-07-12T20:52:00Z,1,cortex_control_male_8w_biological_rep4_vial_90237015302,male,SRP448906,fischer 344,Cortex Powder,Control - 8 weeks,90237015302
SRR25250980,6 months,RNA-Seq,210,7109865000,PRJNA908279,SAMN36364050,Model organism or animal,2370474953,STANFORD UNIVERSITY,2018-09-06,public,"run.zq,fastq,sra","gs,s3,ncbi","s3.us-east-1,gs.us-east1,ncbi.public",SRX20997131,USA,North America,USA: Iowa,Illumina NovaSeq 6000,rna-seq_cortex_control_male_8w_biological_rep3_vial_90232015302,PAIRED,PolyA,TRANSCRIPTOMIC,Rattus norvegicus,ILLUMINA,2023-09-30T00:00:00Z,2023-07-12T20:45:00Z,1,cortex_control_male_8w_biological_rep3_vial_90232015302,male,SRP448906,fischer 344,Cortex Powder,Control - 8 weeks,90232015302
SRR25250981,6 months,RNA-Seq,210,7688933070,PRJNA908279,SAMN36364049,Model organism or animal,2571538161,STANFORD UNIVERSITY,2018-09-05,public,"fastq,run.zq,sra","gs,ncbi,s3","s3.us-east-1,ncbi.public,gs.us-east1",SRX20997130,USA,North America,USA: Iowa,Illumina NovaSeq 6000,rna-seq_cortex_control_male_8w_biological_rep2_vial_90229015302,PAIRED,PolyA,TRANSCRIPTOMIC,Rattus norvegicus,ILLUMINA,2023-09-30T00:00:00Z,2023-07-12T20:49:00Z,1,cortex_control_male_8w_biological_rep2_vial_90229015302,male,SRP448906,fischer 344,Cortex Powder,Control - 8 weeks,90229015302
SRR25250982,6 months,RNA-Seq,210,7061898900,PRJNA908279,SAMN36364048,Model organism or animal,2361783522,STANFORD UNIVERSITY,2018-09-05,public,"sra,fastq,run.zq","gs,s3,ncbi","gs.us-east1,s3.us-east-1,ncbi.public",SRX20997129,USA,North America,USA: Iowa,Illumina NovaSeq 6000,rna-seq_cortex_training_male_8w_biological_rep5_vial_90227015302,PAIRED,PolyA,TRANSCRIPTOMIC,Rattus norvegicus,ILLUMINA,2023-09-30T00:00:00Z,2023-07-12T20:54:00Z,1,cortex_training_male_8w_biological_rep5_vial_90227015302,male,SRP448906,fischer 344,Cortex Powder,Training - 8 weeks,90227015302
SRR25250983,6 months,RNA-Seq,210,6727600320,PRJNA908279,SAMN36364047,Model organism or animal,2246248645,STANFORD UNIVERSITY,2018-09-05,public,"run.zq,sra,fastq","s3,ncbi,gs","ncbi.public,gs.us-east1,s3.us-east-1",SRX20997128,USA,North America,USA: Iowa,Illumina NovaSeq 6000,rna-seq_cortex_training_male_8w_biological_rep4_vial_90225015302,PAIRED,PolyA,TRANSCRIPTOMIC,Rattus norvegicus,ILLUMINA,2023-09-30T00:00:00Z,2023-07-12T20:54:00Z,1,cortex_training_male_8w_biological_rep4_vial_90225015302,male,SRP448906,fischer 344,Cortex Powder,Training - 8 weeks,90225015302
SRR25250984,6 months,RNA-Seq,210,6827631300,PRJNA908279,SAMN36364066,Model organism or animal,2278239143,STANFORD UNIVERSITY,2018-11-15,public,"sra,run.zq,fastq","ncbi,s3,gs","s3.us-east-1,gs.us-east1,ncbi.public",SRX20997127,USA,North America,USA: Iowa,Illumina NovaSeq 6000,rna-seq_cortex_training_male_4w_biological_rep4_vial_90289015302,PAIRED,PolyA,TRANSCRIPTOMIC,Rattus norvegicus,ILLUMINA,2023-09-30T00:00:00Z,2023-07-12T20:51:00Z,1,cortex_training_male_4w_biological_rep4_vial_90289015302,male,SRP448906,fischer 344,Cortex Powder,Training - 4 weeks,90289015302
SRR25250985,6 months,RNA-Seq,210,6482356020,PRJNA908279,SAMN36364065,Model organism or animal,2160299812,STANFORD UNIVERSITY,2018-11-13,public,"run.zq,fastq,sra","gs,s3,ncbi","s3.us-east-1,gs.us-east1,ncbi.public",SRX20997126,USA,North America,USA: Iowa,Illumina NovaSeq 6000,rna-seq_cortex_training_male_4w_biological_rep3_vial_90283015302,PAIRED,PolyA,TRANSCRIPTOMIC,Rattus norvegicus,ILLUMINA,2023-09-30T00:00:00Z,2023-07-12T20:55:00Z,1,cortex_training_male_4w_biological_rep3_vial_90283015302,male,SRP448906,fischer 344,Cortex Powder,Training - 4 weeks,90283015302
SRR25250986,6 months,RNA-Seq,210,6532203720,PRJNA908279,SAMN36364064,Model organism or animal,2184197934,STANFORD UNIVERSITY,2018-11-13,public,"fastq,sra,run.zq","ncbi,gs,s3","gs.us-east1,ncbi.public,s3.us-east-1",SRX20997125,USA,North America,USA: Iowa,Illumina NovaSeq 6000,rna-seq_cortex_training_male_4w_biological_rep2_vial_90281015302,PAIRED,PolyA,TRANSCRIPTOMIC,Rattus norvegicus,ILLUMINA,2023-09-30T00:00:00Z,2023-07-12T20:56:00Z,1,cortex_training_male_4w_biological_rep2_vial_90281015302,male,SRP448906,fischer 344,Cortex Powder,Training - 4 weeks,90281015302
SRR25250987,6 months,RNA-Seq,210,7358510040,PRJNA908279,SAMN36364063,Model organism or animal,2461940534,STANFORD UNIVERSITY,2018-11-13,public,"run.zq,sra,fastq","gs,s3,ncbi","s3.us-east-1,gs.us-east1,ncbi.public",SRX20997124,USA,North America,USA: Iowa,Illumina NovaSeq 6000,rna-seq_cortex_training_male_4w_biological_rep1_vial_90280015302,PAIRED,PolyA,TRANSCRIPTOMIC,Rattus norvegicus,ILLUMINA,2023-09-30T00:00:00Z,2023-07-12T20:52:00Z,1,cortex_training_male_4w_biological_rep1_vial_90280015302,male,SRP448906,fischer 344,Cortex Powder,Training - 4 weeks,90280015302
SRR25250988,6 months,RNA-Seq,210,7803615120,PRJNA908279,SAMN36364062,Model organism or animal,2605445531,STANFORD UNIVERSITY,2018-10-04,public,"fastq,sra,run.zq","ncbi,s3,gs","gs.us-east1,s3.us-east-1,ncbi.public",SRX20997123,USA,North America,USA: Iowa,Illumina NovaSeq 6000,rna-seq_cortex_training_female_8w_biological_rep5_vial_90267015302,PAIRED,PolyA,TRANSCRIPTOMIC,Rattus norvegicus,ILLUMINA,2023-09-30T00:00:00Z,2023-07-12T20:57:00Z,1,cortex_training_female_8w_biological_rep5_vial_90267015302,female,SRP448906,fischer 344,Cortex Powder,Training - 8 weeks,90267015302
SRR25250989,6 months,RNA-Seq,210,7438410000,PRJNA908279,SAMN36364061,Model organism or animal,2488374558,STANFORD UNIVERSITY,2018-10-04,public,"sra,fastq,run.zq","gs,s3,ncbi","gs.us-east1,ncbi.public,s3.us-east-1",SRX20997122,USA,North America,USA: Iowa,Illumina NovaSeq 6000,rna-seq_cortex_control_female_8w_biological_rep5_vial_90266015302,PAIRED,PolyA,TRANSCRIPTOMIC,Rattus norvegicus,ILLUMINA,2023-09-30T00:00:00Z,2023-07-12T20:52:00Z,1,cortex_control_female_8w_biological_rep5_vial_90266015302,female,SRP448906,fischer 344,Cortex Powder,Control - 8 weeks,90266015302
SRR25250990,6 months,RNA-Seq,210,6849701250,PRJNA908279,SAMN36364060,Model organism or animal,2283588097,STANFORD UNIVERSITY,2018-10-04,public,"run.zq,fastq,sra","s3,ncbi,gs","ncbi.public,gs.us-east1,s3.us-east-1",SRX20997121,USA,North America,USA: Iowa,Illumina NovaSeq 6000,rna-seq_cortex_control_female_8w_biological_rep4_vial_90265015302,PAIRED,PolyA,TRANSCRIPTOMIC,Rattus norvegicus,ILLUMINA,2023-09-30T00:00:00Z,2023-07-12T20:59:00Z,1,cortex_control_female_8w_biological_rep4_vial_90265015302,female,SRP448906,fischer 344,Cortex Powder,Control - 8 weeks,90265015302
SRR25250991,6 months,RNA-Seq,210,8005646460,PRJNA908279,SAMN36364059,Model organism or animal,2671471756,STANFORD UNIVERSITY,2018-10-03,public,"run.zq,fastq,sra","gs,s3,ncbi","gs.us-east1,s3.us-east-1,ncbi.public",SRX20997120,USA,North America,USA: Iowa,Illumina NovaSeq 6000,rna-seq_cortex_training_female_8w_biological_rep4_vial_90259015302,PAIRED,PolyA,TRANSCRIPTOMIC,Rattus norvegicus,ILLUMINA,2023-09-30T00:00:00Z,2023-07-12T20:51:00Z,1,cortex_training_female_8w_biological_rep4_vial_90259015302,female,SRP448906,fischer 344,Cortex Powder,Training - 8 weeks,90259015302
SRR25250992,6 months,RNA-Seq,210,7982999430,PRJNA908279,SAMN36364058,Model organism or animal,2663449249,STANFORD UNIVERSITY,2018-10-03,public,"run.zq,sra,fastq","ncbi,s3,gs","ncbi.public,s3.us-east-1,gs.us-east1",SRX20997119,USA,North America,USA: Iowa,Illumina NovaSeq 6000,rna-seq_cortex_training_female_8w_biological_rep3_vial_90258015302,PAIRED,PolyA,TRANSCRIPTOMIC,Rattus norvegicus,ILLUMINA,2023-09-30T00:00:00Z,2023-07-12T20:52:00Z,1,cortex_training_female_8w_biological_rep3_vial_90258015302,female,SRP448906,fischer 344,Cortex Powder,Training - 8 weeks,90258015302
SRR25250993,6 months,RNA-Seq,210,6815134200,PRJNA908279,SAMN36364057,Model organism or animal,2267848490,STANFORD UNIVERSITY,2018-10-02,public,"run.zq,fastq,sra","s3,gs,ncbi","ncbi.public,gs.us-east1,s3.us-east-1",SRX20997118,USA,North America,USA: Iowa,Illumina NovaSeq 6000,rna-seq_cortex_training_female_8w_biological_rep2_vial_90254015302,PAIRED,PolyA,TRANSCRIPTOMIC,Rattus norvegicus,ILLUMINA,2023-09-30T00:00:00Z,2023-07-12T20:53:00Z,1,cortex_training_female_8w_biological_rep2_vial_90254015302,female,SRP448906,fischer 344,Cortex Powder,Training - 8 weeks,90254015302
SRR25250995,6 months,RNA-Seq,210,6985164690,PRJNA908279,SAMN36364056,Model organism or animal,2328692816,STANFORD UNIVERSITY,2018-10-01,public,"sra,fastq,run.zq","s3,ncbi,gs","ncbi.public,s3.us-east-1,gs.us-east1",SRX20997116,USA,North America,USA: Iowa,Illumina NovaSeq 6000,rna-seq_cortex_control_female_8w_biological_rep3_vial_90252015302,PAIRED,PolyA,TRANSCRIPTOMIC,Rattus norvegicus,ILLUMINA,2023-09-30T00:00:00Z,2023-07-12T20:55:00Z,1,cortex_control_female_8w_biological_rep3_vial_90252015302,female,SRP448906,fischer 344,Cortex Powder,Control - 8 weeks,90252015302
SRR25250996,6 months,RNA-Seq,210,6671441700,PRJNA908279,SAMN36364055,Model organism or animal,2232179268,STANFORD UNIVERSITY,2018-10-01,public,"sra,run.zq,fastq","s3,ncbi,gs","ncbi.public,s3.us-east-1,gs.us-east1",SRX20997115,USA,North America,USA: Iowa,Illumina NovaSeq 6000,rna-seq_cortex_training_female_8w_biological_rep1_vial_90251015302,PAIRED,PolyA,TRANSCRIPTOMIC,Rattus norvegicus,ILLUMINA,2023-09-30T00:00:00Z,2023-07-12T20:51:00Z,1,cortex_training_female_8w_biological_rep1_vial_90251015302,female,SRP448906,fischer 344,Cortex Powder,Training - 8 weeks,90251015302
SRR25250997,6 months,RNA-Seq,210,6887598480,PRJNA908279,SAMN36364054,Model organism or animal,2292870706,STANFORD UNIVERSITY,2018-10-05,public,"sra,fastq,run.zq","gs,ncbi,s3","ncbi.public,s3.us-east-1,gs.us-east1",SRX20997114,USA,North America,USA: Iowa,Illumina NovaSeq 6000,rna-seq_cortex_control_female_8w_biological_rep2_vial_90248015302,PAIRED,PolyA,TRANSCRIPTOMIC,Rattus norvegicus,ILLUMINA,2023-09-30T00:00:00Z,2023-07-12T20:53:00Z,1,cortex_control_female_8w_biological_rep2_vial_90248015302,female,SRP448906,fischer 344,Cortex Powder,Control - 8 weeks,90248015302
SRR25250998,6 months,RNA-Seq,210,7503302730,PRJNA908279,SAMN36364053,Model organism or animal,2497930847,STANFORD UNIVERSITY,2018-10-01,public,"run.zq,fastq,sra","gs,s3,ncbi","s3.us-east-1,ncbi.public,gs.us-east1",SRX20997113,USA,North America,USA: Iowa,Illumina NovaSeq 6000,rna-seq_cortex_control_female_8w_biological_rep1_vial_90245015302,PAIRED,PolyA,TRANSCRIPTOMIC,Rattus norvegicus,ILLUMINA,2023-09-30T00:00:00Z,2023-07-12T20:48:00Z,1,cortex_control_female_8w_biological_rep1_vial_90245015302,female,SRP448906,fischer 344,Cortex Powder,Control - 8 weeks,90245015302
SRR25250999,6 months,RNA-Seq,210,7619314080,PRJNA908279,SAMN36364052,Model organism or animal,2559144339,STANFORD UNIVERSITY,2018-09-07,public,"sra,run.zq,fastq","ncbi,s3,gs","s3.us-east-1,gs.us-east1,ncbi.public",SRX20997112,USA,North America,USA: Iowa,Illumina NovaSeq 6000,rna-seq_cortex_control_male_8w_biological_rep5_vial_90239015302,PAIRED,PolyA,TRANSCRIPTOMIC,Rattus norvegicus,ILLUMINA,2023-09-30T00:00:00Z,2023-07-12T20:48:00Z,1,cortex_control_male_8w_biological_rep5_vial_90239015302,male,SRP448906,fischer 344,Cortex Powder,Control - 8 weeks,90239015302
SRR25251001,6 months,RNA-Seq,210,6494283390,PRJNA908279,SAMN36364029,Model organism or animal,2166874680,STANFORD UNIVERSITY,2019-01-29,public,"fastq,run.zq,sra","ncbi,gs,s3","s3.us-east-1,gs.us-east1,ncbi.public",SRX20997110,USA,North America,USA: Iowa,Illumina NovaSeq 6000,rna-seq_hippoc_training_male_2w_biological_rep2_vial_90441015202,PAIRED,PolyA,TRANSCRIPTOMIC,Rattus norvegicus,ILLUMINA,2023-09-30T00:00:00Z,2023-07-12T20:48:00Z,1,hippoc_training_male_2w_biological_rep2_vial_90441015202,male,SRP448906,fischer 344,Hippocampus Powder,Training - 2 weeks,90441015202
SRR25251002,6 months,RNA-Seq,210,6602338680,PRJNA908279,SAMN36364030,Model organism or animal,2199820446,STANFORD UNIVERSITY,2019-01-29,public,"fastq,sra,run.zq","s3,ncbi,gs","ncbi.public,s3.us-east-1,gs.us-east1",SRX20997109,USA,North America,USA: Iowa,Illumina NovaSeq 6000,rna-seq_hippoc_training_male_2w_biological_rep3_vial_90444015202,PAIRED,PolyA,TRANSCRIPTOMIC,Rattus norvegicus,ILLUMINA,2023-09-30T00:00:00Z,2023-07-12T20:54:00Z,1,hippoc_training_male_2w_biological_rep3_vial_90444015202,male,SRP448906,fischer 344,Hippocampus Powder,Training - 2 weeks,90444015202
SRR25251003,6 months,RNA-Seq,210,7108433850,PRJNA908279,SAMN36364031,Model organism or animal,2373358049,STANFORD UNIVERSITY,2019-01-30,public,"fastq,run.zq,sra","gs,s3,ncbi","s3.us-east-1,ncbi.public,gs.us-east1",SRX20997108,USA,North America,USA: Iowa,Illumina NovaSeq 6000,rna-seq_hippoc_training_male_2w_biological_rep4_vial_90449015202,PAIRED,PolyA,TRANSCRIPTOMIC,Rattus norvegicus,ILLUMINA,2023-09-30T00:00:00Z,2023-07-12T20:51:00Z,1,hippoc_training_male_2w_biological_rep4_vial_90449015202,male,SRP448906,fischer 344,Hippocampus Powder,Training - 2 weeks,90449015202
SRR25251004,6 months,RNA-Seq,210,7479577770,PRJNA908279,SAMN36364032,Model organism or animal,2490320915,STANFORD UNIVERSITY,2019-01-30,public,"run.zq,sra,fastq","gs,ncbi,s3","s3.us-east-1,gs.us-east1,ncbi.public",SRX20997107,USA,North America,USA: Iowa,Illumina NovaSeq 6000,rna-seq_hippoc_training_male_2w_biological_rep5_vial_90450015202,PAIRED,PolyA,TRANSCRIPTOMIC,Rattus norvegicus,ILLUMINA,2023-09-30T00:00:00Z,2023-07-12T20:52:00Z,1,hippoc_training_male_2w_biological_rep5_vial_90450015202,male,SRP448906,fischer 344,Hippocampus Powder,Training - 2 weeks,90450015202
SRR25251009,6 months,RNA-Seq,206,7279847184,PRJNA908279,SAMN36363920,Model organism or animal,2325438446,STANFORD UNIVERSITY,not available,public,"run.zq,sra,fastq","gs,s3,ncbi","gs.us-east1,ncbi.public,s3.us-east-1",SRX20997102,uncalculated,uncalculated,not available,Illumina NovaSeq 6000,rna-seq_skm-gn_male_reference_3_vial_80000885541,PAIRED,PolyA,TRANSCRIPTOMIC,Rattus norvegicus,ILLUMINA,2023-09-30T00:00:00Z,2023-07-12T20:51:00Z,1,skm-gn_male_reference_3_vial_80000885541,male,SRP448906,fischer 344,Gastrocnemius Powder,Reference,80000885541
SRR25251016,6 months,RNA-Seq,210,7883680980,PRJNA908279,SAMN36364043,Model organism or animal,2625342969,STANFORD UNIVERSITY,2018-09-03,public,"fastq,run.zq,sra","gs,s3,ncbi","s3.us-east-1,gs.us-east1,ncbi.public",SRX20997095,USA,North America,USA: Iowa,Illumina NovaSeq 6000,rna-seq_cortex_control_male_8w_biological_rep1_vial_90217015302,PAIRED,PolyA,TRANSCRIPTOMIC,Rattus norvegicus,ILLUMINA,2023-09-30T00:00:00Z,2023-07-12T20:51:00Z,1,cortex_control_male_8w_biological_rep1_vial_90217015302,male,SRP448906,fischer 344,Cortex Powder,Control - 8 weeks,90217015302
SRR25251017,6 months,RNA-Seq,210,6917261610,PRJNA908279,SAMN36364044,Model organism or animal,2316366158,STANFORD UNIVERSITY,2018-09-03,public,"run.zq,sra,fastq","s3,gs,ncbi","gs.us-east1,ncbi.public,s3.us-east-1",SRX20997094,USA,North America,USA: Iowa,Illumina NovaSeq 6000,rna-seq_cortex_training_male_8w_biological_rep1_vial_90218015302,PAIRED,PolyA,TRANSCRIPTOMIC,Rattus norvegicus,ILLUMINA,2023-09-30T00:00:00Z,2023-07-12T20:49:00Z,1,cortex_training_male_8w_biological_rep1_vial_90218015302,male,SRP448906,fischer 344,Cortex Powder,Training - 8 weeks,90218015302
SRR25251018,6 months,RNA-Seq,210,7954681980,PRJNA908279,SAMN36364045,Model organism or animal,2655691591,STANFORD UNIVERSITY,2018-09-04,public,"sra,fastq,run.zq","gs,s3,ncbi","ncbi.public,gs.us-east1,s3.us-east-1",SRX20997093,USA,North America,USA: Iowa,Illumina NovaSeq 6000,rna-seq_cortex_training_male_8w_biological_rep2_vial_90222015302,PAIRED,PolyA,TRANSCRIPTOMIC,Rattus norvegicus,ILLUMINA,2023-09-30T00:00:00Z,2023-07-12T20:53:00Z,1,cortex_training_male_8w_biological_rep2_vial_90222015302,male,SRP448906,fischer 344,Cortex Powder,Training - 8 weeks,90222015302
SRR25251019,6 months,RNA-Seq,210,8563375170,PRJNA908279,SAMN36364046,Model organism or animal,2882361701,STANFORD UNIVERSITY,2018-09-04,public,"sra,fastq,run.zq","gs,s3,ncbi","ncbi.public,gs.us-east1,s3.us-east-1",SRX20997092,USA,North America,USA: Iowa,Illumina NovaSeq 6000,rna-seq_cortex_training_male_8w_biological_rep3_vial_90223015302,PAIRED,PolyA,TRANSCRIPTOMIC,Rattus norvegicus,ILLUMINA,2023-09-30T00:00:00Z,2023-07-12T20:54:00Z,1,cortex_training_male_8w_biological_rep3_vial_90223015302,male,SRP448906,fischer 344,Cortex Powder,Training - 8 weeks,90223015302
SRR25251020,6 months,RNA-Seq,210,7459682370,PRJNA908279,SAMN36364728,Model organism or animal,2333687130,STANFORD UNIVERSITY,2018-09-06,public,"sra,run.zq,fastq","ncbi,gs,s3","ncbi.public,s3.us-east-1,gs.us-east1",SRX20997090,USA,North America,USA: Iowa,Illumina NovaSeq 6000,rna-seq_wat_control_male_8w_biological_rep3_vial_90232017005,PAIRED,PolyA,TRANSCRIPTOMIC,Rattus norvegicus,ILLUMINA,2023-09-30T00:00:00Z,2023-07-12T20:48:00Z,1,wat_control_male_8w_biological_rep3_vial_90232017005,male,SRP448906,fischer 344,White Adipose Powder,Control - 8 weeks,90232017005
SRR25251021,6 months,RNA-Seq,210,8721910470,PRJNA908279,SAMN36364727,Model organism or animal,2719507480,STANFORD UNIVERSITY,2018-09-05,public,"run.zq,sra,fastq","gs,ncbi,s3","ncbi.public,gs.us-east1,s3.us-east-1",SRX20997089,USA,North America,USA: Iowa,Illumina NovaSeq 6000,rna-seq_wat_control_male_8w_biological_rep2_vial_90229017005,PAIRED,PolyA,TRANSCRIPTOMIC,Rattus norvegicus,ILLUMINA,2023-09-30T00:00:00Z,2023-07-12T20:51:00Z,1,wat_control_male_8w_biological_rep2_vial_90229017005,male,SRP448906,fischer 344,White Adipose Powder,Control - 8 weeks,90229017005
SRR25251022,6 months,RNA-Seq,210,7929792780,PRJNA908279,SAMN36364726,Model organism or animal,2475446878,STANFORD UNIVERSITY,2018-09-05,public,"run.zq,fastq,sra","s3,gs,ncbi","gs.us-east1,s3.us-east-1,ncbi.public",SRX20997088,USA,North America,USA: Iowa,Illumina NovaSeq 6000,rna-seq_wat_training_male_8w_biological_rep5_vial_90227017005,PAIRED,PolyA,TRANSCRIPTOMIC,Rattus norvegicus,ILLUMINA,2023-09-30T00:00:00Z,2023-07-12T20:51:00Z,1,wat_training_male_8w_biological_rep5_vial_90227017005,male,SRP448906,fischer 344,White Adipose Powder,Training - 8 weeks,90227017005
SRR25251023,6 months,RNA-Seq,210,7680420930,PRJNA908279,SAMN36364725,Model organism or animal,2380830765,STANFORD UNIVERSITY,2018-09-05,public,"fastq,run.zq,sra","gs,ncbi,s3","ncbi.public,s3.us-east-1,gs.us-east1",SRX20997087,USA,North America,USA: Iowa,Illumina NovaSeq 6000,rna-seq_wat_training_male_8w_biological_rep4_vial_90225017005,PAIRED,PolyA,TRANSCRIPTOMIC,Rattus norvegicus,ILLUMINA,2023-09-30T00:00:00Z,2023-07-12T20:52:00Z,1,wat_training_male_8w_biological_rep4_vial_90225017005,male,SRP448906,fischer 344,White Adipose Powder,Training - 8 weeks,90225017005
SRR25251024,6 months,RNA-Seq,210,8913819600,PRJNA908279,SAMN36364724,Model organism or animal,2790720082,STANFORD UNIVERSITY,2018-09-04,public,"sra,fastq,run.zq","ncbi,s3,gs","s3.us-east-1,ncbi.public,gs.us-east1",SRX20997086,USA,North America,USA: Iowa,Illumina NovaSeq 6000,rna-seq_wat_training_male_8w_biological_rep3_vial_90223017005,PAIRED,PolyA,TRANSCRIPTOMIC,Rattus norvegicus,ILLUMINA,2023-09-30T00:00:00Z,2023-07-12T20:47:00Z,1,wat_training_male_8w_biological_rep3_vial_90223017005,male,SRP448906,fischer 344,White Adipose Powder,Training - 8 weeks,90223017005
SRR25251025,6 months,RNA-Seq,210,8425990230,PRJNA908279,SAMN36364723,Model organism or animal,2632828946,STANFORD UNIVERSITY,2018-09-04,public,"fastq,run.zq,sra","gs,s3,ncbi","s3.us-east-1,gs.us-east1,ncbi.public",SRX20997085,USA,North America,USA: Iowa,Illumina NovaSeq 6000,rna-seq_wat_training_male_8w_biological_rep2_vial_90222017005,PAIRED,PolyA,TRANSCRIPTOMIC,Rattus norvegicus,ILLUMINA,2023-09-30T00:00:00Z,2023-07-12T20:51:00Z,1,wat_training_male_8w_biological_rep2_vial_90222017005,male,SRP448906,fischer 344,White Adipose Powder,Training - 8 weeks,90222017005
SRR25251026,6 months,RNA-Seq,210,8448502020,PRJNA908279,SAMN36364722,Model organism or animal,2636433879,STANFORD UNIVERSITY,2018-09-03,public,"sra,run.zq,fastq","gs,s3,ncbi","ncbi.public,gs.us-east1,s3.us-east-1",SRX20997084,USA,North America,USA: Iowa,Illumina NovaSeq 6000,rna-seq_wat_training_male_8w_biological_rep1_vial_90218017005,PAIRED,PolyA,TRANSCRIPTOMIC,Rattus norvegicus,ILLUMINA,2023-09-30T00:00:00Z,2023-07-12T20:50:00Z,1,wat_training_male_8w_biological_rep1_vial_90218017005,male,SRP448906,fischer 344,White Adipose Powder,Training - 8 weeks,90218017005
SRR25251027,6 months,RNA-Seq,210,7656584670,PRJNA908279,SAMN36364721,Model organism or animal,2383477306,STANFORD UNIVERSITY,2018-09-03,public,"sra,run.zq,fastq","ncbi,s3,gs","gs.us-east1,s3.us-east-1,ncbi.public",SRX20997083,USA,North America,USA: Iowa,Illumina NovaSeq 6000,rna-seq_wat_control_male_8w_biological_rep1_vial_90217017005,PAIRED,PolyA,TRANSCRIPTOMIC,Rattus norvegicus,ILLUMINA,2023-09-30T00:00:00Z,2023-07-12T20:46:00Z,1,wat_control_male_8w_biological_rep1_vial_90217017005,male,SRP448906,fischer 344,White Adipose Powder,Control - 8 weeks,90217017005
SRR25251031,6 months,RNA-Seq,210,7277731020,PRJNA908279,SAMN36364702,Model organism or animal,2278208788,STANFORD UNIVERSITY,2019-01-21,public,"run.zq,fastq,sra","s3,gs,ncbi","gs.us-east1,s3.us-east-1,ncbi.public",SRX20997079,USA,North America,USA: Iowa,Illumina NovaSeq 6000,rna-seq_bat_training_male_1w_biological_rep2_vial_90422016902,PAIRED,PolyA,TRANSCRIPTOMIC,Rattus norvegicus,ILLUMINA,2023-09-30T00:00:00Z,2023-07-12T20:53:00Z,1,bat_training_male_1w_biological_rep2_vial_90422016902,male,SRP448906,fischer 344,Brown Adipose Powder,Training - 1 week,90422016902
SRR25251032,6 months,RNA-Seq,210,7242134550,PRJNA908279,SAMN36364701,Model organism or animal,2256936718,STANFORD UNIVERSITY,2019-01-21,public,"sra,run.zq,fastq","s3,ncbi,gs","ncbi.public,gs.us-east1,s3.us-east-1",SRX20997078,USA,North America,USA: Iowa,Illumina NovaSeq 6000,rna-seq_bat_training_male_1w_biological_rep1_vial_90421016902,PAIRED,PolyA,TRANSCRIPTOMIC,Rattus norvegicus,ILLUMINA,2023-09-30T00:00:00Z,2023-07-12T20:50:00Z,1,bat_training_male_1w_biological_rep1_vial_90421016902,male,SRP448906,fischer 344,Brown Adipose Powder,Training - 1 week,90421016902
SRR25251036,6 months,RNA-Seq,210,8898929760,PRJNA908279,SAMN36364693,Model organism or animal,2762727599,STANFORD UNIVERSITY,2018-11-13,public,"fastq,run.zq,sra","gs,s3,ncbi","gs.us-east1,s3.us-east-1,ncbi.public",SRX20997074,USA,North America,USA: Iowa,Illumina NovaSeq 6000,rna-seq_bat_training_male_4w_biological_rep3_vial_90283016902,PAIRED,PolyA,TRANSCRIPTOMIC,Rattus norvegicus,ILLUMINA,2023-09-30T00:00:00Z,2023-07-12T20:51:00Z,1,bat_training_male_4w_biological_rep3_vial_90283016902,male,SRP448906,fischer 344,Brown Adipose Powder,Training - 4 weeks,90283016902
SRR25251037,6 months,RNA-Seq,210,8357066340,PRJNA908279,SAMN36364692,Model organism or animal,2610817228,STANFORD UNIVERSITY,2018-11-13,public,"run.zq,sra,fastq","ncbi,gs,s3","ncbi.public,gs.us-east1,s3.us-east-1",SRX20997073,USA,North America,USA: Iowa,Illumina NovaSeq 6000,rna-seq_bat_training_male_4w_biological_rep2_vial_90281016902,PAIRED,PolyA,TRANSCRIPTOMIC,Rattus norvegicus,ILLUMINA,2023-09-30T00:00:00Z,2023-07-12T20:52:00Z,1,bat_training_male_4w_biological_rep2_vial_90281016902,male,SRP448906,fischer 344,Brown Adipose Powder,Training - 4 weeks,90281016902
SRR25251038,6 months,RNA-Seq,210,8447136390,PRJNA908279,SAMN36364841,Model organism or animal,2624288128,STANFORD UNIVERSITY,2018-11-13,public,"sra,fastq,run.zq","ncbi,gs,s3","s3.us-east-1,ncbi.public,gs.us-east1",SRX20997072,USA,North America,USA: Iowa,Illumina NovaSeq 6000,rna-seq_bat_training_male_4w_biological_rep1_vial_90280016902,PAIRED,PolyA,TRANSCRIPTOMIC,Rattus norvegicus,ILLUMINA,2023-09-30T00:00:00Z,2023-07-12T20:50:00Z,1,bat_training_male_4w_biological_rep1_vial_90280016902,male,SRP448906,fischer 344,Brown Adipose Powder,Training - 4 weeks,90280016902
SRR25251039,6 months,RNA-Seq,210,7242474120,PRJNA908279,SAMN36364710,Model organism or animal,2253554874,STANFORD UNIVERSITY,2019-01-30,public,"fastq,sra,run.zq","ncbi,gs,s3","ncbi.public,s3.us-east-1,gs.us-east1",SRX20997071,USA,North America,USA: Iowa,Illumina NovaSeq 6000,rna-seq_bat_training_male_2w_biological_rep5_vial_90450016902,PAIRED,PolyA,TRANSCRIPTOMIC,Rattus norvegicus,ILLUMINA,2023-09-30T00:00:00Z,2023-07-12T20:47:00Z,1,bat_training_male_2w_biological_rep5_vial_90450016902,male,SRP448906,fischer 344,Brown Adipose Powder,Training - 2 weeks,90450016902
SRR25251040,6 months,RNA-Seq,210,8768293590,PRJNA908279,SAMN36364709,Model organism or animal,2738724595,STANFORD UNIVERSITY,2019-01-30,public,"run.zq,sra,fastq","s3,gs,ncbi","s3.us-east-1,gs.us-east1,ncbi.public",SRX20997070,USA,North America,USA: Iowa,Illumina NovaSeq 6000,rna-seq_bat_training_male_2w_biological_rep4_vial_90449016902,PAIRED,PolyA,TRANSCRIPTOMIC,Rattus norvegicus,ILLUMINA,2023-09-30T00:00:00Z,2023-07-12T20:49:00Z,1,bat_training_male_2w_biological_rep4_vial_90449016902,male,SRP448906,fischer 344,Brown Adipose Powder,Training - 2 weeks,90449016902
SRR25251042,6 months,RNA-Seq,210,6877316250,PRJNA908279,SAMN36364708,Model organism or animal,2136402149,STANFORD UNIVERSITY,2019-01-29,public,"fastq,run.zq,sra","ncbi,s3,gs","s3.us-east-1,ncbi.public,gs.us-east1",SRX20997068,USA,North America,USA: Iowa,Illumina NovaSeq 6000,rna-seq_bat_training_male_2w_biological_rep3_vial_90444016902,PAIRED,PolyA,TRANSCRIPTOMIC,Rattus norvegicus,ILLUMINA,2023-09-30T00:00:00Z,2023-07-12T20:46:00Z,1,bat_training_male_2w_biological_rep3_vial_90444016902,male,SRP448906,fischer 344,Brown Adipose Powder,Training - 2 weeks,90444016902
SRR25251043,6 months,RNA-Seq,210,8113948080,PRJNA908279,SAMN36364707,Model organism or animal,2536083403,STANFORD UNIVERSITY,2019-01-29,public,"run.zq,fastq,sra","ncbi,gs,s3","gs.us-east1,ncbi.public,s3.us-east-1",SRX20997669,USA,North America,USA: Iowa,Illumina NovaSeq 6000,rna-seq_bat_training_male_2w_biological_rep2_vial_90441016902,PAIRED,PolyA,TRANSCRIPTOMIC,Rattus norvegicus,ILLUMINA,2023-09-30T00:00:00Z,2023-07-12T20:50:00Z,1,bat_training_male_2w_biological_rep2_vial_90441016902,male,SRP448906,fischer 344,Brown Adipose Powder,Training - 2 weeks,90441016902
SRR25251044,6 months,RNA-Seq,206,9768735476,PRJNA908279,SAMN36364487,Model organism or animal,3134267135,STANFORD UNIVERSITY,2018-11-15,public,"run.zq,fastq,sra","s3,ncbi,gs","gs.us-east1,s3.us-east-1,ncbi.public",SRX20997066,USA,North America,USA: Iowa,Illumina NovaSeq 6000,rna-seq_testes_training_male_4w_biological_rep5_vial_90292016302,PAIRED,PolyA,TRANSCRIPTOMIC,Rattus norvegicus,ILLUMINA,2023-09-30T00:00:00Z,2023-07-12T20:51:00Z,1,testes_training_male_4w_biological_rep5_vial_90292016302,male,SRP448906,fischer 344,Testes Powder,Training - 4 weeks,90292016302
SRR25251045,6 months,RNA-Seq,206,7548021074,PRJNA908279,SAMN36364486,Model organism or animal,2425809324,STANFORD UNIVERSITY,2018-11-15,public,"fastq,sra,run.zq","gs,ncbi,s3","gs.us-east1,ncbi.public,s3.us-east-1",SRX20997065,USA,North America,USA: Iowa,Illumina NovaSeq 6000,rna-seq_testes_training_male_4w_biological_rep4_vial_90289016302,PAIRED,PolyA,TRANSCRIPTOMIC,Rattus norvegicus,ILLUMINA,2023-09-30T00:00:00Z,2023-07-12T20:52:00Z,1,testes_training_male_4w_biological_rep4_vial_90289016302,male,SRP448906,fischer 344,Testes Powder,Training - 4 weeks,90289016302
SRR25251048,6 months,RNA-Seq,206,9377837498,PRJNA908279,SAMN36364484,Model organism or animal,3019513994,STANFORD UNIVERSITY,2018-11-13,public,"run.zq,sra,fastq","ncbi,s3,gs","gs.us-east1,s3.us-east-1,ncbi.public",SRX20997062,USA,North America,USA: Iowa,Illumina NovaSeq 6000,rna-seq_testes_training_male_4w_biological_rep2_vial_90281016302,PAIRED,PolyA,TRANSCRIPTOMIC,Rattus norvegicus,ILLUMINA,2023-09-30T00:00:00Z,2023-07-12T20:47:00Z,1,testes_training_male_4w_biological_rep2_vial_90281016302,male,SRP448906,fischer 344,Testes Powder,Training - 4 weeks,90281016302
SRR25251049,6 months,RNA-Seq,210,7000435260,PRJNA908279,SAMN36364462,Model organism or animal,2326839125,STANFORD UNIVERSITY,2019-01-30,public,"run.zq,fastq,sra","gs,s3,ncbi","gs.us-east1,s3.us-east-1,ncbi.public",SRX20997061,USA,North America,USA: Iowa,Illumina NovaSeq 6000,rna-seq_spleen_training_male_2w_biological_rep5_vial_90450016202,PAIRED,PolyA,TRANSCRIPTOMIC,Rattus norvegicus,ILLUMINA,2023-09-30T00:00:00Z,2023-07-12T20:49:00Z,1,spleen_training_male_2w_biological_rep5_vial_90450016202,male,SRP448906,fischer 344,Spleen Powder,Training - 2 weeks,90450016202
SRR25251050,6 months,RNA-Seq,206,12312011888,PRJNA908279,SAMN36364483,Model organism or animal,3951516408,STANFORD UNIVERSITY,2018-11-13,public,"run.zq,sra,fastq","ncbi,s3,gs","ncbi.public,gs.us-east1,s3.us-east-1",SRX20997060,USA,North America,USA: Iowa,Illumina NovaSeq 6000,rna-seq_testes_training_male_4w_biological_rep1_vial_90280016302,PAIRED,PolyA,TRANSCRIPTOMIC,Rattus norvegicus,ILLUMINA,2023-09-30T00:00:00Z,2023-07-12T20:48:00Z,1,testes_training_male_4w_biological_rep1_vial_90280016302,male,SRP448906,fischer 344,Testes Powder,Training - 4 weeks,90280016302
SRR25251051,6 months,RNA-Seq,206,10609291902,PRJNA908279,SAMN36364482,Model organism or animal,3401122309,STANFORD UNIVERSITY,2018-09-07,public,"sra,run.zq,fastq","s3,gs,ncbi","ncbi.public,gs.us-east1,s3.us-east-1",SRX20997059,USA,North America,USA: Iowa,Illumina NovaSeq 6000,rna-seq_testes_control_male_8w_biological_rep5_vial_90239016302,PAIRED,PolyA,TRANSCRIPTOMIC,Rattus norvegicus,ILLUMINA,2023-09-30T00:00:00Z,2023-07-12T20:57:00Z,1,testes_control_male_8w_biological_rep5_vial_90239016302,male,SRP448906,fischer 344,Testes Powder,Control - 8 weeks,90239016302
SRR25251052,6 months,RNA-Seq,206,10635227508,PRJNA908279,SAMN36364481,Model organism or animal,3407027325,STANFORD UNIVERSITY,2018-09-07,public,"run.zq,sra,fastq","gs,ncbi,s3","gs.us-east1,s3.us-east-1,ncbi.public",SRX20997058,USA,North America,USA: Iowa,Illumina NovaSeq 6000,rna-seq_testes_control_male_8w_biological_rep4_vial_90237016302,PAIRED,PolyA,TRANSCRIPTOMIC,Rattus norvegicus,ILLUMINA,2023-09-30T00:00:00Z,2023-07-12T20:55:00Z,1,testes_control_male_8w_biological_rep4_vial_90237016302,male,SRP448906,fischer 344,Testes Powder,Control - 8 weeks,90237016302
SRR25251053,6 months,RNA-Seq,206,11142948704,PRJNA908279,SAMN36364480,Model organism or animal,3593383732,STANFORD UNIVERSITY,2018-09-06,public,"run.zq,sra,fastq","s3,ncbi,gs","ncbi.public,s3.us-east-1,gs.us-east1",SRX20997057,USA,North America,USA: Iowa,Illumina NovaSeq 6000,rna-seq_testes_control_male_8w_biological_rep3_vial_90232016302,PAIRED,PolyA,TRANSCRIPTOMIC,Rattus norvegicus,ILLUMINA,2023-09-30T00:00:00Z,2023-07-12T20:55:00Z,1,testes_control_male_8w_biological_rep3_vial_90232016302,male,SRP448906,fischer 344,Testes Powder,Control - 8 weeks,90232016302
SRR25251054,6 months,RNA-Seq,206,6925816820,PRJNA908279,SAMN36363966,Model organism or animal,2225241042,STANFORD UNIVERSITY,2018-11-15,public,"fastq,run.zq,sra","s3,gs,ncbi","ncbi.public,s3.us-east-1,gs.us-east1",SRX20997056,USA,North America,USA: Iowa,Illumina NovaSeq 6000,rna-seq_blood_training_male_4w_biological_rep4_vial_90289013001,PAIRED,PolyA,TRANSCRIPTOMIC,Rattus norvegicus,ILLUMINA,2023-09-30T00:00:00Z,2023-07-12T20:51:00Z,1,blood_training_male_4w_biological_rep4_vial_90289013001,male,SRP448906,fischer 344,PaxGene RNA,Training - 4 weeks,90289013001
SRR25251055,6 months,RNA-Seq,206,9103990986,PRJNA908279,SAMN36364479,Model organism or animal,2930292802,STANFORD UNIVERSITY,2018-09-05,public,"sra,run.zq,fastq","ncbi,gs,s3","s3.us-east-1,ncbi.public,gs.us-east1",SRX20997055,USA,North America,USA: Iowa,Illumina NovaSeq 6000,rna-seq_testes_control_male_8w_biological_rep2_vial_90229016302,PAIRED,PolyA,TRANSCRIPTOMIC,Rattus norvegicus,ILLUMINA,2023-09-30T00:00:00Z,2023-07-12T20:51:00Z,1,testes_control_male_8w_biological_rep2_vial_90229016302,male,SRP448906,fischer 344,Testes Powder,Control - 8 weeks,90229016302
SRR25251056,6 months,RNA-Seq,206,9242706854,PRJNA908279,SAMN36364478,Model organism or animal,2969376853,STANFORD UNIVERSITY,2018-09-05,public,"sra,fastq,run.zq","gs,ncbi,s3","s3.us-east-1,ncbi.public,gs.us-east1",SRX20997054,USA,North America,USA: Iowa,Illumina NovaSeq 6000,rna-seq_testes_training_male_8w_biological_rep5_vial_90227016302,PAIRED,PolyA,TRANSCRIPTOMIC,Rattus norvegicus,ILLUMINA,2023-09-30T00:00:00Z,2023-07-12T20:52:00Z,1,testes_training_male_8w_biological_rep5_vial_90227016302,male,SRP448906,fischer 344,Testes Powder,Training - 8 weeks,90227016302
SRR25251057,6 months,RNA-Seq,206,9877558478,PRJNA908279,SAMN36364476,Model organism or animal,3184455042,STANFORD UNIVERSITY,2018-09-04,public,"run.zq,fastq,sra","ncbi,gs,s3","gs.us-east1,s3.us-east-1,ncbi.public",SRX20997053,USA,North America,USA: Iowa,Illumina NovaSeq 6000,rna-seq_testes_training_male_8w_biological_rep3_vial_90223016302,PAIRED,PolyA,TRANSCRIPTOMIC,Rattus norvegicus,ILLUMINA,2023-09-30T00:00:00Z,2023-07-12T20:54:00Z,1,testes_training_male_8w_biological_rep3_vial_90223016302,male,SRP448906,fischer 344,Testes Powder,Training - 8 weeks,90223016302
SRR25251058,6 months,RNA-Seq,206,10578280662,PRJNA908279,SAMN36364475,Model organism or animal,3392663723,STANFORD UNIVERSITY,2018-09-04,public,"fastq,sra,run.zq","ncbi,s3,gs","gs.us-east1,ncbi.public,s3.us-east-1",SRX20997052,USA,North America,USA: Iowa,Illumina NovaSeq 6000,rna-seq_testes_training_male_8w_biological_rep2_vial_90222016302,PAIRED,PolyA,TRANSCRIPTOMIC,Rattus norvegicus,ILLUMINA,2023-09-30T00:00:00Z,2023-07-12T20:50:00Z,1,testes_training_male_8w_biological_rep2_vial_90222016302,male,SRP448906,fischer 344,Testes Powder,Training - 8 weeks,90222016302
SRR25251059,6 months,RNA-Seq,206,8596445302,PRJNA908279,SAMN36364474,Model organism or animal,2772640021,STANFORD UNIVERSITY,2018-09-03,public,"fastq,sra,run.zq","s3,ncbi,gs","s3.us-east-1,gs.us-east1,ncbi.public",SRX20997051,USA,North America,USA: Iowa,Illumina NovaSeq 6000,rna-seq_testes_training_male_8w_biological_rep1_vial_90218016302,PAIRED,PolyA,TRANSCRIPTOMIC,Rattus norvegicus,ILLUMINA,2023-09-30T00:00:00Z,2023-07-12T20:52:00Z,1,testes_training_male_8w_biological_rep1_vial_90218016302,male,SRP448906,fischer 344,Testes Powder,Training - 8 weeks,90218016302
SRR25251060,6 months,RNA-Seq,206,9020929932,PRJNA908279,SAMN36364473,Model organism or animal,2889142684,STANFORD UNIVERSITY,2018-09-03,public,"fastq,run.zq,sra","ncbi,gs,s3","s3.us-east-1,gs.us-east1,ncbi.public",SRX20997050,USA,North America,USA: Iowa,Illumina NovaSeq 6000,rna-seq_testes_control_male_8w_biological_rep1_vial_90217016302,PAIRED,PolyA,TRANSCRIPTOMIC,Rattus norvegicus,ILLUMINA,2023-09-30T00:00:00Z,2023-07-12T20:52:00Z,1,testes_control_male_8w_biological_rep1_vial_90217016302,male,SRP448906,fischer 344,Testes Powder,Control - 8 weeks,90217016302
SRR25251064,6 months,RNA-Seq,206,6025509270,PRJNA908279,SAMN36363965,Model organism or animal,1948506649,STANFORD UNIVERSITY,2018-11-13,public,"fastq,sra,run.zq","s3,gs,ncbi","ncbi.public,s3.us-east-1,gs.us-east1",SRX20997046,USA,North America,USA: Iowa,Illumina NovaSeq 6000,rna-seq_blood_training_male_4w_biological_rep3_vial_90283013001,PAIRED,PolyA,TRANSCRIPTOMIC,Rattus norvegicus,ILLUMINA,2023-09-30T00:00:00Z,2023-07-12T20:56:00Z,1,blood_training_male_4w_biological_rep3_vial_90283013001,male,SRP448906,fischer 344,PaxGene RNA,Training - 4 weeks,90283013001
SRR25251075,6 months,RNA-Seq,206,8800158496,PRJNA908279,SAMN36364611,Model organism or animal,2824905844,STANFORD UNIVERSITY,2019-01-30,public,"run.zq,fastq,sra","gs,s3,ncbi","ncbi.public,gs.us-east1,s3.us-east-1",SRX20997035,USA,North America,USA: Iowa,Illumina NovaSeq 6000,rna-seq_smlint_training_male_2w_biological_rep5_vial_90450016702,PAIRED,PolyA,TRANSCRIPTOMIC,Rattus norvegicus,ILLUMINA,2023-09-30T00:00:00Z,2023-07-12T20:50:00Z,1,smlint_training_male_2w_biological_rep5_vial_90450016702,male,SRP448906,fischer 344,Small Intestine Powder,Training - 2 weeks,90450016702
SRR25251076,6 months,RNA-Seq,206,6076893086,PRJNA908279,SAMN36364610,Model organism or animal,1952404919,STANFORD UNIVERSITY,2019-01-30,public,"sra,run.zq,fastq","s3,gs,ncbi","ncbi.public,s3.us-east-1,gs.us-east1",SRX20997034,USA,North America,USA: Iowa,Illumina NovaSeq 6000,rna-seq_smlint_training_male_2w_biological_rep4_vial_90449016702,PAIRED,PolyA,TRANSCRIPTOMIC,Rattus norvegicus,ILLUMINA,2023-09-30T00:00:00Z,2023-07-12T20:51:00Z,1,smlint_training_male_2w_biological_rep4_vial_90449016702,male,SRP448906,fischer 344,Small Intestine Powder,Training - 2 weeks,90449016702
SRR25251077,6 months,RNA-Seq,206,6643828982,PRJNA908279,SAMN36363979,Model organism or animal,2147194613,STANFORD UNIVERSITY,2019-01-29,public,"run.zq,sra,fastq","ncbi,s3,gs","gs.us-east1,ncbi.public,s3.us-east-1",SRX20997033,USA,North America,USA: Iowa,Illumina NovaSeq 6000,rna-seq_blood_training_male_2w_biological_rep2_vial_90441013002,PAIRED,PolyA,TRANSCRIPTOMIC,Rattus norvegicus,ILLUMINA,2023-09-30T00:00:00Z,2023-07-12T20:49:00Z,1,blood_training_male_2w_biological_rep2_vial_90441013002,male,SRP448906,fischer 344,PaxGene RNA,Training - 2 weeks,90441013002
SRR25251078,6 months,RNA-Seq,206,7025907482,PRJNA908279,SAMN36364609,Model organism or animal,2250925317,STANFORD UNIVERSITY,2019-01-29,public,"sra,run.zq,fastq","gs,s3,ncbi","gs.us-east1,s3.us-east-1,ncbi.public",SRX20997032,USA,North America,USA: Iowa,Illumina NovaSeq 6000,rna-seq_smlint_training_male_2w_biological_rep3_vial_90444016702,PAIRED,PolyA,TRANSCRIPTOMIC,Rattus norvegicus,ILLUMINA,2023-09-30T00:00:00Z,2023-07-12T20:52:00Z,1,smlint_training_male_2w_biological_rep3_vial_90444016702,male,SRP448906,fischer 344,Small Intestine Powder,Training - 2 weeks,90444016702
SRR25251079,6 months,RNA-Seq,206,5662091074,PRJNA908279,SAMN36364608,Model organism or animal,1827563268,STANFORD UNIVERSITY,2019-01-29,public,"sra,fastq,run.zq","ncbi,gs,s3","gs.us-east1,ncbi.public,s3.us-east-1",SRX20997031,USA,North America,USA: Iowa,Illumina NovaSeq 6000,rna-seq_smlint_training_male_2w_biological_rep2_vial_90441016702,PAIRED,PolyA,TRANSCRIPTOMIC,Rattus norvegicus,ILLUMINA,2023-09-30T00:00:00Z,2023-07-12T20:47:00Z,1,smlint_training_male_2w_biological_rep2_vial_90441016702,male,SRP448906,fischer 344,Small Intestine Powder,Training - 2 weeks,90441016702
SRR25251080,6 months,RNA-Seq,206,6946518996,PRJNA908279,SAMN36364607,Model organism or animal,2231122489,STANFORD UNIVERSITY,2019-01-28,public,"fastq,run.zq,sra","ncbi,gs,s3","gs.us-east1,s3.us-east-1,ncbi.public",SRX20997030,USA,North America,USA: Iowa,Illumina NovaSeq 6000,rna-seq_smlint_training_male_2w_biological_rep1_vial_90439016702,PAIRED,PolyA,TRANSCRIPTOMIC,Rattus norvegicus,ILLUMINA,2023-09-30T00:00:00Z,2023-07-12T20:50:00Z,1,smlint_training_male_2w_biological_rep1_vial_90439016702,male,SRP448906,fischer 344,Small Intestine Powder,Training - 2 weeks,90439016702
SRR25251081,6 months,RNA-Seq,206,7117228106,PRJNA908279,SAMN36364586,Model organism or animal,2289080566,STANFORD UNIVERSITY,2018-10-02,public,"run.zq,sra,fastq","gs,s3,ncbi","gs.us-east1,ncbi.public,s3.us-east-1",SRX20997028,USA,North America,USA: Iowa,Illumina NovaSeq 6000,rna-seq_smlint_training_female_8w_biological_rep2_vial_90254016702,PAIRED,PolyA,TRANSCRIPTOMIC,Rattus norvegicus,ILLUMINA,2023-09-30T00:00:00Z,2023-07-12T20:55:00Z,1,smlint_training_female_8w_biological_rep2_vial_90254016702,female,SRP448906,fischer 344,Small Intestine Powder,Training - 8 weeks,90254016702
SRR25251082,6 months,RNA-Seq,206,6526670808,PRJNA908279,SAMN36364585,Model organism or animal,2094677875,STANFORD UNIVERSITY,2018-10-01,public,"run.zq,sra,fastq","gs,s3,ncbi","s3.us-east-1,gs.us-east1,ncbi.public",SRX20997027,USA,North America,USA: Iowa,Illumina NovaSeq 6000,rna-seq_smlint_control_female_8w_biological_rep3_vial_90252016702,PAIRED,PolyA,TRANSCRIPTOMIC,Rattus norvegicus,ILLUMINA,2023-09-30T00:00:00Z,2023-07-12T20:50:00Z,1,smlint_control_female_8w_biological_rep3_vial_90252016702,female,SRP448906,fischer 344,Small Intestine Powder,Control - 8 weeks,90252016702
SRR25251084,6 months,RNA-Seq,206,7203736158,PRJNA908279,SAMN36364587,Model organism or animal,2322277564,STANFORD UNIVERSITY,2018-10-03,public,"run.zq,fastq,sra","gs,ncbi,s3","gs.us-east1,ncbi.public,s3.us-east-1",SRX20997029,USA,North America,USA: Iowa,Illumina NovaSeq 6000,rna-seq_smlint_training_female_8w_biological_rep3_vial_90258016702,PAIRED,PolyA,TRANSCRIPTOMIC,Rattus norvegicus,ILLUMINA,2023-09-30T00:00:00Z,2023-07-12T20:50:00Z,1,smlint_training_female_8w_biological_rep3_vial_90258016702,female,SRP448906,fischer 344,Small Intestine Powder,Training - 8 weeks,90258016702
SRR25251086,6 months,RNA-Seq,206,6306539826,PRJNA908279,SAMN36363978,Model organism or animal,2024905696,STANFORD UNIVERSITY,2019-01-28,public,"run.zq,fastq,sra","ncbi,gs,s3","gs.us-east1,s3.us-east-1,ncbi.public",SRX20997024,USA,North America,USA: Iowa,Illumina NovaSeq 6000,rna-seq_blood_training_male_2w_biological_rep1_vial_90439013001,PAIRED,PolyA,TRANSCRIPTOMIC,Rattus norvegicus,ILLUMINA,2023-09-30T00:00:00Z,2023-07-12T20:54:00Z,1,blood_training_male_2w_biological_rep1_vial_90439013001,male,SRP448906,fischer 344,PaxGene RNA,Training - 2 weeks,90439013001
SRR25251090,6 months,RNA-Seq,206,7328613358,PRJNA908279,SAMN36364380,Model organism or animal,2338223563,STANFORD UNIVERSITY,2018-09-06,public,"sra,fastq,run.zq","ncbi,gs,s3","ncbi.public,gs.us-east1,s3.us-east-1",SRX20997020,USA,North America,USA: Iowa,Illumina NovaSeq 6000,rna-seq_colon_control_male_8w_biological_rep3_vial_90232016102,PAIRED,PolyA,TRANSCRIPTOMIC,Rattus norvegicus,ILLUMINA,2023-09-30T00:00:00Z,2023-07-12T20:48:00Z,1,colon_control_male_8w_biological_rep3_vial_90232016102,male,SRP448906,fischer 344,Colon Powder,Control - 8 weeks,90232016102
SRR25251092,6 months,RNA-Seq,206,6691188588,PRJNA908279,SAMN36363958,Model organism or animal,2161283365,STANFORD UNIVERSITY,2018-10-03,public,"run.zq,fastq,sra","gs,s3,ncbi","ncbi.public,gs.us-east1,s3.us-east-1",SRX20997018,USA,North America,USA: Iowa,Illumina NovaSeq 6000,rna-seq_blood_training_female_8w_biological_rep3_vial_90258013001,PAIRED,PolyA,TRANSCRIPTOMIC,Rattus norvegicus,ILLUMINA,2023-09-30T00:00:00Z,2023-07-12T20:54:00Z,1,blood_training_female_8w_biological_rep3_vial_90258013001,female,SRP448906,fischer 344,PaxGene RNA,Training - 8 weeks,90258013001
SRR25251093,6 months,RNA-Seq,206,6885800084,PRJNA908279,SAMN36364397,Model organism or animal,2191958116,STANFORD UNIVERSITY,2018-11-15,public,"run.zq,fastq,sra","gs,ncbi,s3","gs.us-east1,s3.us-east-1,ncbi.public",SRX20997017,USA,North America,USA: Iowa,Illumina NovaSeq 6000,rna-seq_colon_training_male_4w_biological_rep5_vial_90292016102,PAIRED,PolyA,TRANSCRIPTOMIC,Rattus norvegicus,ILLUMINA,2023-09-30T00:00:00Z,2023-07-12T20:54:00Z,1,colon_training_male_4w_biological_rep5_vial_90292016102,male,SRP448906,fischer 344,Colon Powder,Training - 4 weeks,90292016102
SRR25251094,6 months,RNA-Seq,206,8875938686,PRJNA908279,SAMN36364396,Model organism or animal,2826773440,STANFORD UNIVERSITY,2018-11-15,public,"sra,run.zq,fastq","gs,ncbi,s3","gs.us-east1,s3.us-east-1,ncbi.public",SRX20997016,USA,North America,USA: Iowa,Illumina NovaSeq 6000,rna-seq_colon_training_male_4w_biological_rep4_vial_90289016102,PAIRED,PolyA,TRANSCRIPTOMIC,Rattus norvegicus,ILLUMINA,2023-09-30T00:00:00Z,2023-07-12T20:52:00Z,1,colon_training_male_4w_biological_rep4_vial_90289016102,male,SRP448906,fischer 344,Colon Powder,Training - 4 weeks,90289016102
SRR25251095,6 months,RNA-Seq,206,6254149906,PRJNA908279,SAMN36364395,Model organism or animal,2005169720,STANFORD UNIVERSITY,2018-11-13,public,"fastq,run.zq,sra","s3,ncbi,gs","ncbi.public,gs.us-east1,s3.us-east-1",SRX20997015,USA,North America,USA: Iowa,Illumina NovaSeq 6000,rna-seq_colon_training_male_4w_biological_rep3_vial_90283016102,PAIRED,PolyA,TRANSCRIPTOMIC,Rattus norvegicus,ILLUMINA,2023-09-30T00:00:00Z,2023-07-12T20:48:00Z,1,colon_training_male_4w_biological_rep3_vial_90283016102,male,SRP448906,fischer 344,Colon Powder,Training - 4 weeks,90283016102
SRR25251096,6 months,RNA-Seq,206,7462691136,PRJNA908279,SAMN36364394,Model organism or animal,2374138315,STANFORD UNIVERSITY,2018-11-13,public,"sra,fastq,run.zq","gs,ncbi,s3","s3.us-east-1,gs.us-east1,ncbi.public",SRX20997014,USA,North America,USA: Iowa,Illumina NovaSeq 6000,rna-seq_colon_training_male_4w_biological_rep2_vial_90281016102,PAIRED,PolyA,TRANSCRIPTOMIC,Rattus norvegicus,ILLUMINA,2023-09-30T00:00:00Z,2023-07-12T20:53:00Z,1,colon_training_male_4w_biological_rep2_vial_90281016102,male,SRP448906,fischer 344,Colon Powder,Training - 4 weeks,90281016102
SRR25251097,6 months,RNA-Seq,206,8577565608,PRJNA908279,SAMN36364393,Model organism or animal,2728650322,STANFORD UNIVERSITY,2018-11-13,public,"fastq,run.zq,sra","ncbi,gs,s3","gs.us-east1,s3.us-east-1,ncbi.public",SRX20997013,USA,North America,USA: Iowa,Illumina NovaSeq 6000,rna-seq_colon_training_male_4w_biological_rep1_vial_90280016102,PAIRED,PolyA,TRANSCRIPTOMIC,Rattus norvegicus,ILLUMINA,2023-09-30T00:00:00Z,2023-07-12T20:49:00Z,1,colon_training_male_4w_biological_rep1_vial_90280016102,male,SRP448906,fischer 344,Colon Powder,Training - 4 weeks,90280016102
SRR25251098,6 months,RNA-Seq,206,6491598072,PRJNA908279,SAMN36364392,Model organism or animal,2078180305,STANFORD UNIVERSITY,2018-10-04,public,"sra,run.zq,fastq","gs,s3,ncbi","ncbi.public,s3.us-east-1,gs.us-east1",SRX20997012,USA,North America,USA: Iowa,Illumina NovaSeq 6000,rna-seq_colon_training_female_8w_biological_rep5_vial_90267016102,PAIRED,PolyA,TRANSCRIPTOMIC,Rattus norvegicus,ILLUMINA,2023-09-30T00:00:00Z,2023-07-12T20:55:00Z,1,colon_training_female_8w_biological_rep5_vial_90267016102,female,SRP448906,fischer 344,Colon Powder,Training - 8 weeks,90267016102
SRR25251099,6 months,RNA-Seq,206,6171752584,PRJNA908279,SAMN36364391,Model organism or animal,1969451908,STANFORD UNIVERSITY,2018-10-04,public,"run.zq,fastq,sra","ncbi,gs,s3","ncbi.public,gs.us-east1,s3.us-east-1",SRX20997011,USA,North America,USA: Iowa,Illumina NovaSeq 6000,rna-seq_colon_control_female_8w_biological_rep5_vial_90266016102,PAIRED,PolyA,TRANSCRIPTOMIC,Rattus norvegicus,ILLUMINA,2023-09-30T00:00:00Z,2023-07-12T21:12:00Z,1,colon_control_female_8w_biological_rep5_vial_90266016102,female,SRP448906,fischer 344,Colon Powder,Control - 8 weeks,90266016102
SRR25251100,6 months,RNA-Seq,206,7077230322,PRJNA908279,SAMN36364390,Model organism or animal,2259935468,STANFORD UNIVERSITY,2018-10-04,public,"sra,run.zq,fastq","s3,ncbi,gs","ncbi.public,s3.us-east-1,gs.us-east1",SRX20997010,USA,North America,USA: Iowa,Illumina NovaSeq 6000,rna-seq_colon_control_female_8w_biological_rep4_vial_90265016102,PAIRED,PolyA,TRANSCRIPTOMIC,Rattus norvegicus,ILLUMINA,2023-09-30T00:00:00Z,2023-07-12T20:49:00Z,1,colon_control_female_8w_biological_rep4_vial_90265016102,female,SRP448906,fischer 344,Colon Powder,Control - 8 weeks,90265016102
SRR25251101,6 months,RNA-Seq,206,7060590878,PRJNA908279,SAMN36364389,Model organism or animal,2257135136,STANFORD UNIVERSITY,2018-10-03,public,"sra,fastq,run.zq","gs,s3,ncbi","s3.us-east-1,gs.us-east1,ncbi.public",SRX20997009,USA,North America,USA: Iowa,Illumina NovaSeq 6000,rna-seq_colon_training_female_8w_biological_rep4_vial_90259016102,PAIRED,PolyA,TRANSCRIPTOMIC,Rattus norvegicus,ILLUMINA,2023-09-30T00:00:00Z,2023-07-12T20:48:00Z,1,colon_training_female_8w_biological_rep4_vial_90259016102,female,SRP448906,fischer 344,Colon Powder,Training - 8 weeks,90259016102
SRR25251102,6 months,RNA-Seq,206,7466557550,PRJNA908279,SAMN36364388,Model organism or animal,2398070645,STANFORD UNIVERSITY,2018-10-03,public,"sra,run.zq,fastq","gs,s3,ncbi","ncbi.public,s3.us-east-1,gs.us-east1",SRX20997008,USA,North America,USA: Iowa,Illumina NovaSeq 6000,rna-seq_colon_training_female_8w_biological_rep3_vial_90258016102,PAIRED,PolyA,TRANSCRIPTOMIC,Rattus norvegicus,ILLUMINA,2023-09-30T00:00:00Z,2023-07-12T20:48:00Z,1,colon_training_female_8w_biological_rep3_vial_90258016102,female,SRP448906,fischer 344,Colon Powder,Training - 8 weeks,90258016102
SRR25251103,6 months,RNA-Seq,206,6538245124,PRJNA908279,SAMN36363957,Model organism or animal,2104660105,STANFORD UNIVERSITY,2018-10-02,public,"sra,run.zq,fastq","ncbi,s3,gs","s3.us-east-1,ncbi.public,gs.us-east1",SRX20997007,USA,North America,USA: Iowa,Illumina NovaSeq 6000,rna-seq_blood_training_female_8w_biological_rep2_vial_90254013002,PAIRED,PolyA,TRANSCRIPTOMIC,Rattus norvegicus,ILLUMINA,2023-09-30T00:00:00Z,2023-07-12T20:47:00Z,1,blood_training_female_8w_biological_rep2_vial_90254013002,female,SRP448906,fischer 344,PaxGene RNA,Training - 8 weeks,90254013002
SRR25251105,6 months,RNA-Seq,206,6943077972,PRJNA908279,SAMN36364387,Model organism or animal,2221494020,STANFORD UNIVERSITY,2018-10-02,public,"sra,fastq,run.zq","gs,ncbi,s3","gs.us-east1,ncbi.public,s3.us-east-1",SRX20997005,USA,North America,USA: Iowa,Illumina NovaSeq 6000,rna-seq_colon_training_female_8w_biological_rep2_vial_90254016102,PAIRED,PolyA,TRANSCRIPTOMIC,Rattus norvegicus,ILLUMINA,2023-09-30T00:00:00Z,2023-07-12T20:56:00Z,1,colon_training_female_8w_biological_rep2_vial_90254016102,female,SRP448906,fischer 344,Colon Powder,Training - 8 weeks,90254016102
SRR25251106,6 months,RNA-Seq,206,7968223376,PRJNA908279,SAMN36364386,Model organism or animal,2551581378,STANFORD UNIVERSITY,2018-10-01,public,"sra,fastq,run.zq","gs,ncbi,s3","gs.us-east1,ncbi.public,s3.us-east-1",SRX20997004,USA,North America,USA: Iowa,Illumina NovaSeq 6000,rna-seq_colon_control_female_8w_biological_rep3_vial_90252016102,PAIRED,PolyA,TRANSCRIPTOMIC,Rattus norvegicus,ILLUMINA,2023-09-30T00:00:00Z,2023-07-12T20:50:00Z,1,colon_control_female_8w_biological_rep3_vial_90252016102,female,SRP448906,fischer 344,Colon Powder,Control - 8 weeks,90252016102
SRR25251107,6 months,RNA-Seq,206,8054940518,PRJNA908279,SAMN36364385,Model organism or animal,2574677911,STANFORD UNIVERSITY,2018-10-01,public,"fastq,run.zq,sra","ncbi,gs,s3","ncbi.public,gs.us-east1,s3.us-east-1",SRX20997003,USA,North America,USA: Iowa,Illumina NovaSeq 6000,rna-seq_colon_training_female_8w_biological_rep1_vial_90251016102,PAIRED,PolyA,TRANSCRIPTOMIC,Rattus norvegicus,ILLUMINA,2023-09-30T00:00:00Z,2023-07-12T20:49:00Z,1,colon_training_female_8w_biological_rep1_vial_90251016102,female,SRP448906,fischer 344,Colon Powder,Training - 8 weeks,90251016102
SRR25251108,6 months,RNA-Seq,206,8520036606,PRJNA908279,SAMN36364384,Model organism or animal,2738968814,STANFORD UNIVERSITY,2018-10-05,public,"sra,fastq,run.zq","s3,ncbi,gs","s3.us-east-1,gs.us-east1,ncbi.public",SRX20997002,USA,North America,USA: Iowa,Illumina NovaSeq 6000,rna-seq_colon_control_female_8w_biological_rep2_vial_90248016102,PAIRED,PolyA,TRANSCRIPTOMIC,Rattus norvegicus,ILLUMINA,2023-09-30T00:00:00Z,2023-07-12T20:50:00Z,1,colon_control_female_8w_biological_rep2_vial_90248016102,female,SRP448906,fischer 344,Colon Powder,Control - 8 weeks,90248016102
SRR25251109,6 months,RNA-Seq,206,7648338130,PRJNA908279,SAMN36364383,Model organism or animal,2444379509,STANFORD UNIVERSITY,2018-10-01,public,"fastq,sra,run.zq","ncbi,gs,s3","ncbi.public,s3.us-east-1,gs.us-east1",SRX20997001,USA,North America,USA: Iowa,Illumina NovaSeq 6000,rna-seq_colon_control_female_8w_biological_rep1_vial_90245016102,PAIRED,PolyA,TRANSCRIPTOMIC,Rattus norvegicus,ILLUMINA,2023-09-30T00:00:00Z,2023-07-12T20:53:00Z,1,colon_control_female_8w_biological_rep1_vial_90245016102,female,SRP448906,fischer 344,Colon Powder,Control - 8 weeks,90245016102
SRR25251113,6 months,RNA-Seq,206,7069796400,PRJNA908279,SAMN36364362,Model organism or animal,2350842051,STANFORD UNIVERSITY,2019-01-30,public,"fastq,sra,run.zq","s3,gs,ncbi","gs.us-east1,ncbi.public,s3.us-east-1",SRX20997877,USA,North America,USA: Iowa,Illumina NovaSeq 6000,rna-seq_adrnl_training_male_2w_biological_rep5_vial_90450016002,PAIRED,PolyA,TRANSCRIPTOMIC,Rattus norvegicus,ILLUMINA,2023-09-30T00:00:00Z,2023-07-12T20:46:00Z,1,adrnl_training_male_2w_biological_rep5_vial_90450016002,male,SRP448906,fischer 344,Adrenal Powder,Training - 2 weeks,90450016002
SRR25251114,6 months,RNA-Seq,206,6550350714,PRJNA908279,SAMN36364335,Model organism or animal,2194849822,STANFORD UNIVERSITY,2018-10-01,public,"fastq,run.zq,sra","s3,gs,ncbi","ncbi.public,gs.us-east1,s3.us-east-1",SRX20996996,USA,North America,USA: Iowa,Illumina NovaSeq 6000,rna-seq_adrnl_training_female_8w_biological_rep1_vial_90251016002,PAIRED,PolyA,TRANSCRIPTOMIC,Rattus norvegicus,ILLUMINA,2023-09-30T00:00:00Z,2023-07-12T20:51:00Z,1,adrnl_training_female_8w_biological_rep1_vial_90251016002,female,SRP448906,fischer 344,Adrenal Powder,Training - 8 weeks,90251016002
SRR25251115,6 months,RNA-Seq,206,8045064466,PRJNA908279,SAMN36364334,Model organism or animal,2680899272,STANFORD UNIVERSITY,2018-10-05,public,"sra,fastq,run.zq","s3,ncbi,gs","s3.us-east-1,gs.us-east1,ncbi.public",SRX20996995,USA,North America,USA: Iowa,Illumina NovaSeq 6000,rna-seq_adrnl_control_female_8w_biological_rep2_vial_90248016002,PAIRED,PolyA,TRANSCRIPTOMIC,Rattus norvegicus,ILLUMINA,2023-09-30T00:00:00Z,2023-07-12T20:51:00Z,1,adrnl_control_female_8w_biological_rep2_vial_90248016002,female,SRP448906,fischer 344,Adrenal Powder,Control - 8 weeks,90248016002
SRR25251116,6 months,RNA-Seq,206,7515549088,PRJNA908279,SAMN36364333,Model organism or animal,2498479829,STANFORD UNIVERSITY,2018-10-01,public,"run.zq,fastq,sra","s3,gs,ncbi","gs.us-east1,ncbi.public,s3.us-east-1",SRX20996994,USA,North America,USA: Iowa,Illumina NovaSeq 6000,rna-seq_adrnl_control_female_8w_biological_rep1_vial_90245016002,PAIRED,PolyA,TRANSCRIPTOMIC,Rattus norvegicus,ILLUMINA,2023-09-30T00:00:00Z,2023-07-12T20:51:00Z,1,adrnl_control_female_8w_biological_rep1_vial_90245016002,female,SRP448906,fischer 344,Adrenal Powder,Control - 8 weeks,90245016002
SRR25251117,6 months,RNA-Seq,206,6666573442,PRJNA908279,SAMN36364332,Model organism or animal,2216016146,STANFORD UNIVERSITY,2018-09-07,public,"sra,fastq,run.zq","gs,s3,ncbi","ncbi.public,gs.us-east1,s3.us-east-1",SRX20996993,USA,North America,USA: Iowa,Illumina NovaSeq 6000,rna-seq_adrnl_control_male_8w_biological_rep5_vial_90239016002,PAIRED,PolyA,TRANSCRIPTOMIC,Rattus norvegicus,ILLUMINA,2023-09-30T00:00:00Z,2023-07-12T20:49:00Z,1,adrnl_control_male_8w_biological_rep5_vial_90239016002,male,SRP448906,fischer 344,Adrenal Powder,Control - 8 weeks,90239016002
SRR25251118,6 months,RNA-Seq,206,7104794358,PRJNA908279,SAMN36364331,Model organism or animal,2363776002,STANFORD UNIVERSITY,2018-09-07,public,"run.zq,sra,fastq","gs,ncbi,s3","gs.us-east1,s3.us-east-1,ncbi.public",SRX20996992,USA,North America,USA: Iowa,Illumina NovaSeq 6000,rna-seq_adrnl_control_male_8w_biological_rep4_vial_90237016002,PAIRED,PolyA,TRANSCRIPTOMIC,Rattus norvegicus,ILLUMINA,2023-09-30T00:00:00Z,2023-07-12T20:57:00Z,1,adrnl_control_male_8w_biological_rep4_vial_90237016002,male,SRP448906,fischer 344,Adrenal Powder,Control - 8 weeks,90237016002
SRR25251119,6 months,RNA-Seq,206,7683866126,PRJNA908279,SAMN36364330,Model organism or animal,2552337630,STANFORD UNIVERSITY,2018-09-06,public,"sra,fastq,run.zq","ncbi,gs,s3","s3.us-east-1,ncbi.public,gs.us-east1",SRX20996991,USA,North America,USA: Iowa,Illumina NovaSeq 6000,rna-seq_adrnl_control_male_8w_biological_rep3_vial_90232016002,PAIRED,PolyA,TRANSCRIPTOMIC,Rattus norvegicus,ILLUMINA,2023-09-30T00:00:00Z,2023-07-12T20:52:00Z,1,adrnl_control_male_8w_biological_rep3_vial_90232016002,male,SRP448906,fischer 344,Adrenal Powder,Control - 8 weeks,90232016002
SRR25251120,6 months,RNA-Seq,206,7208278046,PRJNA908279,SAMN36364329,Model organism or animal,2389647688,STANFORD UNIVERSITY,2018-09-05,public,"fastq,sra,run.zq","s3,gs,ncbi","s3.us-east-1,ncbi.public,gs.us-east1",SRX20996990,USA,North America,USA: Iowa,Illumina NovaSeq 6000,rna-seq_adrnl_control_male_8w_biological_rep2_vial_90229016002,PAIRED,PolyA,TRANSCRIPTOMIC,Rattus norvegicus,ILLUMINA,2023-09-30T00:00:00Z,2023-07-12T20:50:00Z,1,adrnl_control_male_8w_biological_rep2_vial_90229016002,male,SRP448906,fischer 344,Adrenal Powder,Control - 8 weeks,90229016002
SRR25251121,6 months,RNA-Seq,206,7680555912,PRJNA908279,SAMN36364328,Model organism or animal,2560355453,STANFORD UNIVERSITY,2018-09-05,public,"sra,run.zq,fastq","gs,ncbi,s3","s3.us-east-1,ncbi.public,gs.us-east1",SRX20996989,USA,North America,USA: Iowa,Illumina NovaSeq 6000,rna-seq_adrnl_training_male_8w_biological_rep5_vial_90227016002,PAIRED,PolyA,TRANSCRIPTOMIC,Rattus norvegicus,ILLUMINA,2023-09-30T00:00:00Z,2023-07-12T20:48:00Z,1,adrnl_training_male_8w_biological_rep5_vial_90227016002,male,SRP448906,fischer 344,Adrenal Powder,Training - 8 weeks,90227016002
SRR25251122,6 months,RNA-Seq,206,6677425110,PRJNA908279,SAMN36363951,Model organism or animal,2181678379,STANFORD UNIVERSITY,2018-09-07,public,"fastq,run.zq,sra","s3,ncbi,gs","ncbi.public,s3.us-east-1,gs.us-east1",SRX20996988,USA,North America,USA: Iowa,Illumina NovaSeq 6000,rna-seq_blood_control_male_8w_biological_rep4_vial_90237013002,PAIRED,PolyA,TRANSCRIPTOMIC,Rattus norvegicus,ILLUMINA,2023-09-30T00:00:00Z,2023-07-12T20:48:00Z,1,blood_control_male_8w_biological_rep4_vial_90237013002,male,SRP448906,fischer 344,PaxGene RNA,Control - 8 weeks,90237013002
SRR25251123,6 months,RNA-Seq,206,7014039410,PRJNA908279,SAMN36364327,Model organism or animal,2330050878,STANFORD UNIVERSITY,2018-09-05,public,"run.zq,sra,fastq","s3,gs,ncbi","ncbi.public,gs.us-east1,s3.us-east-1",SRX20996987,USA,North America,USA: Iowa,Illumina NovaSeq 6000,rna-seq_adrnl_training_male_8w_biological_rep4_vial_90225016002,PAIRED,PolyA,TRANSCRIPTOMIC,Rattus norvegicus,ILLUMINA,2023-09-30T00:00:00Z,2023-07-12T20:50:00Z,1,adrnl_training_male_8w_biological_rep4_vial_90225016002,male,SRP448906,fischer 344,Adrenal Powder,Training - 8 weeks,90225016002
SRR25251124,6 months,RNA-Seq,206,7500939568,PRJNA908279,SAMN36364326,Model organism or animal,2500816590,STANFORD UNIVERSITY,2018-09-04,public,"fastq,sra,run.zq","ncbi,s3,gs","gs.us-east1,ncbi.public,s3.us-east-1",SRX20996986,USA,North America,USA: Iowa,Illumina NovaSeq 6000,rna-seq_adrnl_training_male_8w_biological_rep3_vial_90223016002,PAIRED,PolyA,TRANSCRIPTOMIC,Rattus norvegicus,ILLUMINA,2023-09-30T00:00:00Z,2023-07-12T20:52:00Z,1,adrnl_training_male_8w_biological_rep3_vial_90223016002,male,SRP448906,fischer 344,Adrenal Powder,Training - 8 weeks,90223016002
SRR25251125,6 months,RNA-Seq,210,7068918570,PRJNA908279,SAMN36364304,Model organism or animal,2210958284,STANFORD UNIVERSITY,2019-01-21,public,"fastq,sra,run.zq","ncbi,gs,s3","s3.us-east-1,gs.us-east1,ncbi.public",SRX20996985,USA,North America,USA: Iowa,Illumina NovaSeq 6000,rna-seq_kidney_training_male_1w_biological_rep2_vial_90422015902,PAIRED,PolyA,TRANSCRIPTOMIC,Rattus norvegicus,ILLUMINA,2023-09-30T00:00:00Z,2023-07-12T20:49:00Z,1,kidney_training_male_1w_biological_rep2_vial_90422015902,male,SRP448906,fischer 344,Kidney Powder,Training - 1 week,90422015902
SRR25251126,6 months,RNA-Seq,210,9469480440,PRJNA908279,SAMN36364303,Model organism or animal,2959491537,STANFORD UNIVERSITY,2019-01-21,public,"fastq,run.zq,sra","s3,ncbi,gs","gs.us-east1,ncbi.public,s3.us-east-1",SRX20996984,USA,North America,USA: Iowa,Illumina NovaSeq 6000,rna-seq_kidney_training_male_1w_biological_rep1_vial_90421015902,PAIRED,PolyA,TRANSCRIPTOMIC,Rattus norvegicus,ILLUMINA,2023-09-30T00:00:00Z,2023-07-12T20:49:00Z,1,kidney_training_male_1w_biological_rep1_vial_90421015902,male,SRP448906,fischer 344,Kidney Powder,Training - 1 week,90421015902
SRR25251132,6 months,RNA-Seq,206,5213925302,PRJNA908279,SAMN36363950,Model organism or animal,1682861751,STANFORD UNIVERSITY,2018-09-06,public,"sra,run.zq,fastq","s3,ncbi,gs","ncbi.public,s3.us-east-1,gs.us-east1",SRX20996978,USA,North America,USA: Iowa,Illumina NovaSeq 6000,rna-seq_blood_control_male_8w_biological_rep3_vial_90232013002,PAIRED,PolyA,TRANSCRIPTOMIC,Rattus norvegicus,ILLUMINA,2023-09-30T00:00:00Z,2023-07-12T20:51:00Z,1,blood_control_male_8w_biological_rep3_vial_90232013002,male,SRP448906,fischer 344,PaxGene RNA,Control - 8 weeks,90232013002
SRR25251136,6 months,RNA-Seq,210,7939802640,PRJNA908279,SAMN36364080,Model organism or animal,2645568775,STANFORD UNIVERSITY,2019-01-29,public,"run.zq,sra,fastq","gs,s3,ncbi","gs.us-east1,ncbi.public,s3.us-east-1",SRX20997409,USA,North America,USA: Iowa,Illumina NovaSeq 6000,rna-seq_cortex_training_male_2w_biological_rep3_vial_90444015302,PAIRED,PolyA,TRANSCRIPTOMIC,Rattus norvegicus,ILLUMINA,2023-09-30T00:00:00Z,2023-07-12T20:52:00Z,1,cortex_training_male_2w_biological_rep3_vial_90444015302,male,SRP448906,fischer 344,Cortex Powder,Training - 2 weeks,90444015302
SRR25251137,6 months,RNA-Seq,210,7043176140,PRJNA908279,SAMN36364079,Model organism or animal,2342778687,STANFORD UNIVERSITY,2019-01-29,public,"run.zq,fastq,sra","gs,ncbi,s3","ncbi.public,s3.us-east-1,gs.us-east1",SRX20997408,USA,North America,USA: Iowa,Illumina NovaSeq 6000,rna-seq_cortex_training_male_2w_biological_rep2_vial_90441015302,PAIRED,PolyA,TRANSCRIPTOMIC,Rattus norvegicus,ILLUMINA,2023-09-30T00:00:00Z,2023-07-12T20:50:00Z,1,cortex_training_male_2w_biological_rep2_vial_90441015302,male,SRP448906,fischer 344,Cortex Powder,Training - 2 weeks,90441015302
SRR25251138,6 months,RNA-Seq,210,6717744810,PRJNA908279,SAMN36364078,Model organism or animal,2238615657,STANFORD UNIVERSITY,2019-01-28,public,"fastq,run.zq,sra","gs,ncbi,s3","gs.us-east1,s3.us-east-1,ncbi.public",SRX20997407,USA,North America,USA: Iowa,Illumina NovaSeq 6000,rna-seq_cortex_training_male_2w_biological_rep1_vial_90439015302,PAIRED,PolyA,TRANSCRIPTOMIC,Rattus norvegicus,ILLUMINA,2023-09-30T00:00:00Z,2023-07-12T20:48:00Z,1,cortex_training_male_2w_biological_rep1_vial_90439015302,male,SRP448906,fischer 344,Cortex Powder,Training - 2 weeks,90439015302
SRR25251139,6 months,RNA-Seq,210,7254774870,PRJNA908279,SAMN36364077,Model organism or animal,2431500944,STANFORD UNIVERSITY,2019-01-22,public,"sra,run.zq,fastq","ncbi,s3,gs","gs.us-east1,s3.us-east-1,ncbi.public",SRX20997406,USA,North America,USA: Iowa,Illumina NovaSeq 6000,rna-seq_cortex_training_male_1w_biological_rep5_vial_90430015302,PAIRED,PolyA,TRANSCRIPTOMIC,Rattus norvegicus,ILLUMINA,2023-09-30T00:00:00Z,2023-07-12T20:48:00Z,1,cortex_training_male_1w_biological_rep5_vial_90430015302,male,SRP448906,fischer 344,Cortex Powder,Training - 1 week,90430015302
SRR25251141,6 months,RNA-Seq,210,7442214780,PRJNA908279,SAMN36364076,Model organism or animal,2492738476,STANFORD UNIVERSITY,2019-01-22,public,"fastq,run.zq,sra","s3,ncbi,gs","s3.us-east-1,ncbi.public,gs.us-east1",SRX20997404,USA,North America,USA: Iowa,Illumina NovaSeq 6000,rna-seq_cortex_training_male_1w_biological_rep4_vial_90426015302,PAIRED,PolyA,TRANSCRIPTOMIC,Rattus norvegicus,ILLUMINA,2023-09-30T00:00:00Z,2023-07-12T20:51:00Z,1,cortex_training_male_1w_biological_rep4_vial_90426015302,male,SRP448906,fischer 344,Cortex Powder,Training - 1 week,90426015302
SRR25251142,6 months,RNA-Seq,210,8493409680,PRJNA908279,SAMN36364312,Model organism or animal,2646404348,STANFORD UNIVERSITY,2019-01-30,public,"fastq,run.zq,sra","s3,ncbi,gs","ncbi.public,s3.us-east-1,gs.us-east1",SRX20997402,USA,North America,USA: Iowa,Illumina NovaSeq 6000,rna-seq_kidney_training_male_2w_biological_rep5_vial_90450015902,PAIRED,PolyA,TRANSCRIPTOMIC,Rattus norvegicus,ILLUMINA,2023-09-30T00:00:00Z,2023-07-12T20:48:00Z,1,kidney_training_male_2w_biological_rep5_vial_90450015902,male,SRP448906,fischer 344,Kidney Powder,Training - 2 weeks,90450015902
SRR25251143,6 months,RNA-Seq,210,7905082920,PRJNA908279,SAMN36364311,Model organism or animal,2463568737,STANFORD UNIVERSITY,2019-01-30,public,"run.zq,fastq,sra","gs,ncbi,s3","s3.us-east-1,ncbi.public,gs.us-east1",SRX20997401,USA,North America,USA: Iowa,Illumina NovaSeq 6000,rna-seq_kidney_training_male_2w_biological_rep4_vial_90449015902,PAIRED,PolyA,TRANSCRIPTOMIC,Rattus norvegicus,ILLUMINA,2023-09-30T00:00:00Z,2023-07-12T20:51:00Z,1,kidney_training_male_2w_biological_rep4_vial_90449015902,male,SRP448906,fischer 344,Kidney Powder,Training - 2 weeks,90449015902
SRR25251144,6 months,RNA-Seq,210,7518986790,PRJNA908279,SAMN36364310,Model organism or animal,2348733912,STANFORD UNIVERSITY,2019-01-29,public,"sra,run.zq,fastq","ncbi,gs,s3","s3.us-east-1,ncbi.public,gs.us-east1",SRX20997400,USA,North America,USA: Iowa,Illumina NovaSeq 6000,rna-seq_kidney_training_male_2w_biological_rep3_vial_90444015902,PAIRED,PolyA,TRANSCRIPTOMIC,Rattus norvegicus,ILLUMINA,2023-09-30T00:00:00Z,2023-07-12T20:50:00Z,1,kidney_training_male_2w_biological_rep3_vial_90444015902,male,SRP448906,fischer 344,Kidney Powder,Training - 2 weeks,90444015902
SRR25251145,6 months,RNA-Seq,210,7691734050,PRJNA908279,SAMN36364309,Model organism or animal,2406097121,STANFORD UNIVERSITY,2019-01-29,public,"sra,run.zq,fastq","ncbi,gs,s3","s3.us-east-1,ncbi.public,gs.us-east1",SRX20997399,USA,North America,USA: Iowa,Illumina NovaSeq 6000,rna-seq_kidney_training_male_2w_biological_rep2_vial_90441015902,PAIRED,PolyA,TRANSCRIPTOMIC,Rattus norvegicus,ILLUMINA,2023-09-30T00:00:00Z,2023-07-12T20:50:00Z,1,kidney_training_male_2w_biological_rep2_vial_90441015902,male,SRP448906,fischer 344,Kidney Powder,Training - 2 weeks,90441015902
SRR25251146,6 months,RNA-Seq,210,8662316040,PRJNA908279,SAMN36364308,Model organism or animal,2707019880,STANFORD UNIVERSITY,2019-01-28,public,"run.zq,sra,fastq","s3,gs,ncbi","s3.us-east-1,ncbi.public,gs.us-east1",SRX20997398,USA,North America,USA: Iowa,Illumina NovaSeq 6000,rna-seq_kidney_training_male_2w_biological_rep1_vial_90439015902,PAIRED,PolyA,TRANSCRIPTOMIC,Rattus norvegicus,ILLUMINA,2023-09-30T00:00:00Z,2023-07-12T20:52:00Z,1,kidney_training_male_2w_biological_rep1_vial_90439015902,male,SRP448906,fischer 344,Kidney Powder,Training - 2 weeks,90439015902
SRR25251147,6 months,RNA-Seq,206,5496486232,PRJNA908279,SAMN36363949,Model organism or animal,1771189208,STANFORD UNIVERSITY,2018-09-05,public,"run.zq,sra,fastq","s3,ncbi,gs","s3.us-east-1,gs.us-east1,ncbi.public",SRX20997397,USA,North America,USA: Iowa,Illumina NovaSeq 6000,rna-seq_blood_control_male_8w_biological_rep2_vial_90229013002,PAIRED,PolyA,TRANSCRIPTOMIC,Rattus norvegicus,ILLUMINA,2023-09-30T00:00:00Z,2023-07-12T20:48:00Z,1,blood_control_male_8w_biological_rep2_vial_90229013002,male,SRP448906,fischer 344,PaxGene RNA,Control - 8 weeks,90229013002
SRR25251148,6 months,RNA-Seq,210,7958041350,PRJNA908279,SAMN36364307,Model organism or animal,2483116242,STANFORD UNIVERSITY,2019-01-22,public,"sra,run.zq,fastq","s3,gs,ncbi","s3.us-east-1,gs.us-east1,ncbi.public",SRX20997396,USA,North America,USA: Iowa,Illumina NovaSeq 6000,rna-seq_kidney_training_male_1w_biological_rep5_vial_90430015902,PAIRED,PolyA,TRANSCRIPTOMIC,Rattus norvegicus,ILLUMINA,2023-09-30T00:00:00Z,2023-07-12T20:52:00Z,1,kidney_training_male_1w_biological_rep5_vial_90430015902,male,SRP448906,fischer 344,Kidney Powder,Training - 1 week,90430015902
SRR25251149,6 months,RNA-Seq,210,9092237280,PRJNA908279,SAMN36364306,Model organism or animal,2828511488,STANFORD UNIVERSITY,2019-01-22,public,"sra,fastq,run.zq","s3,ncbi,gs","gs.us-east1,ncbi.public,s3.us-east-1",SRX20997395,USA,North America,USA: Iowa,Illumina NovaSeq 6000,rna-seq_kidney_training_male_1w_biological_rep4_vial_90426015902,PAIRED,PolyA,TRANSCRIPTOMIC,Rattus norvegicus,ILLUMINA,2023-09-30T00:00:00Z,2023-07-12T20:52:00Z,1,kidney_training_male_1w_biological_rep4_vial_90426015902,male,SRP448906,fischer 344,Kidney Powder,Training - 1 week,90426015902
SRR25251150,6 months,RNA-Seq,210,8041398330,PRJNA908279,SAMN36364305,Model organism or animal,2499475761,STANFORD UNIVERSITY,2019-01-21,public,"fastq,sra,run.zq","gs,ncbi,s3","ncbi.public,s3.us-east-1,gs.us-east1",SRX20997394,USA,North America,USA: Iowa,Illumina NovaSeq 6000,rna-seq_kidney_training_male_1w_biological_rep3_vial_90423015902,PAIRED,PolyA,TRANSCRIPTOMIC,Rattus norvegicus,ILLUMINA,2023-09-30T00:00:00Z,2023-07-12T20:47:00Z,1,kidney_training_male_1w_biological_rep3_vial_90423015902,male,SRP448906,fischer 344,Kidney Powder,Training - 1 week,90423015902
SRR25251151,6 months,RNA-Seq,210,7613811450,PRJNA908279,SAMN36364676,Model organism or animal,2384923810,STANFORD UNIVERSITY,2018-10-01,public,"fastq,sra,run.zq","ncbi,s3,gs","s3.us-east-1,gs.us-east1,ncbi.public",SRX20997393,USA,North America,USA: Iowa,Illumina NovaSeq 6000,rna-seq_kidney_training_female_8w_biological_rep1_vial_90251015902,PAIRED,PolyA,TRANSCRIPTOMIC,Rattus norvegicus,ILLUMINA,2023-09-30T00:00:00Z,2023-07-12T20:50:00Z,1,kidney_training_female_8w_biological_rep1_vial_90251015902,female,SRP448906,fischer 344,Kidney Powder,Training - 8 weeks,90251015902
SRR25251152,6 months,RNA-Seq,210,8403707760,PRJNA908279,SAMN36364675,Model organism or animal,2627689518,STANFORD UNIVERSITY,2018-10-05,public,"run.zq,fastq,sra","s3,gs,ncbi","ncbi.public,gs.us-east1,s3.us-east-1",SRX20997392,USA,North America,USA: Iowa,Illumina NovaSeq 6000,rna-seq_kidney_control_female_8w_biological_rep2_vial_90248015902,PAIRED,PolyA,TRANSCRIPTOMIC,Rattus norvegicus,ILLUMINA,2023-09-30T00:00:00Z,2023-07-12T20:54:00Z,1,kidney_control_female_8w_biological_rep2_vial_90248015902,female,SRP448906,fischer 344,Kidney Powder,Control - 8 weeks,90248015902
SRR25251154,6 months,RNA-Seq,210,7730105040,PRJNA908279,SAMN36364674,Model organism or animal,2408893154,STANFORD UNIVERSITY,2018-10-01,public,"fastq,run.zq,sra","ncbi,gs,s3","ncbi.public,s3.us-east-1,gs.us-east1",SRX20997390,USA,North America,USA: Iowa,Illumina NovaSeq 6000,rna-seq_kidney_control_female_8w_biological_rep1_vial_90245015902,PAIRED,PolyA,TRANSCRIPTOMIC,Rattus norvegicus,ILLUMINA,2023-09-30T00:00:00Z,2023-07-12T20:49:00Z,1,kidney_control_female_8w_biological_rep1_vial_90245015902,female,SRP448906,fischer 344,Kidney Powder,Control - 8 weeks,90245015902
SRR25251159,6 months,RNA-Seq,206,6262308948,PRJNA908279,SAMN36363948,Model organism or animal,2035866957,STANFORD UNIVERSITY,2018-09-05,public,"fastq,run.zq,sra","ncbi,s3,gs","ncbi.public,s3.us-east-1,gs.us-east1",SRX20997385,USA,North America,USA: Iowa,Illumina NovaSeq 6000,rna-seq_blood_training_male_8w_biological_rep5_vial_90227013002,PAIRED,PolyA,TRANSCRIPTOMIC,Rattus norvegicus,ILLUMINA,2023-09-30T00:00:00Z,2023-07-12T20:50:00Z,1,blood_training_male_8w_biological_rep5_vial_90227013002,male,SRP448906,fischer 344,PaxGene RNA,Training - 8 weeks,90227013002
SRR25251160,6 months,RNA-Seq,210,8128375080,PRJNA908279,SAMN36364688,Model organism or animal,2529258192,STANFORD UNIVERSITY,2018-11-15,public,"fastq,run.zq,sra","ncbi,s3,gs","ncbi.public,s3.us-east-1,gs.us-east1",SRX20997384,USA,North America,USA: Iowa,Illumina NovaSeq 6000,rna-seq_kidney_training_male_4w_biological_rep5_vial_90292015902,PAIRED,PolyA,TRANSCRIPTOMIC,Rattus norvegicus,ILLUMINA,2023-09-30T00:00:00Z,2023-07-12T20:49:00Z,1,kidney_training_male_4w_biological_rep5_vial_90292015902,male,SRP448906,fischer 344,Kidney Powder,Training - 4 weeks,90292015902
SRR25251161,6 months,RNA-Seq,210,7720065780,PRJNA908279,SAMN36364687,Model organism or animal,2410185915,STANFORD UNIVERSITY,2018-11-15,public,"fastq,sra,run.zq","s3,gs,ncbi","s3.us-east-1,gs.us-east1,ncbi.public",SRX20997383,USA,North America,USA: Iowa,Illumina NovaSeq 6000,rna-seq_kidney_training_male_4w_biological_rep4_vial_90289015902,PAIRED,PolyA,TRANSCRIPTOMIC,Rattus norvegicus,ILLUMINA,2023-09-30T00:00:00Z,2023-07-12T20:53:00Z,1,kidney_training_male_4w_biological_rep4_vial_90289015902,male,SRP448906,fischer 344,Kidney Powder,Training - 4 weeks,90289015902
SRR25251162,6 months,RNA-Seq,210,7643692350,PRJNA908279,SAMN36364686,Model organism or animal,2379249600,STANFORD UNIVERSITY,2018-11-13,public,"fastq,sra,run.zq","ncbi,gs,s3","gs.us-east1,s3.us-east-1,ncbi.public",SRX20997382,USA,North America,USA: Iowa,Illumina NovaSeq 6000,rna-seq_kidney_training_male_4w_biological_rep3_vial_90283015902,PAIRED,PolyA,TRANSCRIPTOMIC,Rattus norvegicus,ILLUMINA,2023-09-30T00:00:00Z,2023-07-12T20:47:00Z,1,kidney_training_male_4w_biological_rep3_vial_90283015902,male,SRP448906,fischer 344,Kidney Powder,Training - 4 weeks,90283015902
SRR25251163,6 months,RNA-Seq,210,7173640530,PRJNA908279,SAMN36364685,Model organism or animal,2241158838,STANFORD UNIVERSITY,2018-11-13,public,"sra,run.zq,fastq","ncbi,gs,s3","ncbi.public,s3.us-east-1,gs.us-east1",SRX20997381,USA,North America,USA: Iowa,Illumina NovaSeq 6000,rna-seq_kidney_training_male_4w_biological_rep2_vial_90281015902,PAIRED,PolyA,TRANSCRIPTOMIC,Rattus norvegicus,ILLUMINA,2023-09-30T00:00:00Z,2023-07-12T20:50:00Z,1,kidney_training_male_4w_biological_rep2_vial_90281015902,male,SRP448906,fischer 344,Kidney Powder,Training - 4 weeks,90281015902
SRR25251164,6 months,RNA-Seq,210,7991640720,PRJNA908279,SAMN36364684,Model organism or animal,2493949628,STANFORD UNIVERSITY,2018-11-13,public,"sra,run.zq,fastq","s3,ncbi,gs","s3.us-east-1,gs.us-east1,ncbi.public",SRX20997380,USA,North America,USA: Iowa,Illumina NovaSeq 6000,rna-seq_kidney_training_male_4w_biological_rep1_vial_90280015902,PAIRED,PolyA,TRANSCRIPTOMIC,Rattus norvegicus,ILLUMINA,2023-09-30T00:00:00Z,2023-07-12T20:54:00Z,1,kidney_training_male_4w_biological_rep1_vial_90280015902,male,SRP448906,fischer 344,Kidney Powder,Training - 4 weeks,90280015902
SRR25251165,6 months,RNA-Seq,210,7490780430,PRJNA908279,SAMN36364683,Model organism or animal,2327200563,STANFORD UNIVERSITY,2018-10-04,public,"fastq,sra,run.zq","gs,s3,ncbi","gs.us-east1,ncbi.public,s3.us-east-1",SRX20997484,USA,North America,USA: Iowa,Illumina NovaSeq 6000,rna-seq_kidney_training_female_8w_biological_rep5_vial_90267015902,PAIRED,PolyA,TRANSCRIPTOMIC,Rattus norvegicus,ILLUMINA,2023-09-30T00:00:00Z,2023-07-12T20:54:00Z,1,kidney_training_female_8w_biological_rep5_vial_90267015902,female,SRP448906,fischer 344,Kidney Powder,Training - 8 weeks,90267015902
SRR25251166,6 months,RNA-Seq,210,7842802380,PRJNA908279,SAMN36363999,Model organism or animal,2619798164,STANFORD UNIVERSITY,2018-09-05,public,"sra,fastq,run.zq","gs,ncbi,s3","ncbi.public,s3.us-east-1,gs.us-east1",SRX20997378,USA,North America,USA: Iowa,Illumina NovaSeq 6000,rna-seq_hippoc_control_male_8w_biological_rep2_vial_90229015202,PAIRED,PolyA,TRANSCRIPTOMIC,Rattus norvegicus,ILLUMINA,2023-09-30T00:00:00Z,2023-07-12T20:51:00Z,1,hippoc_control_male_8w_biological_rep2_vial_90229015202,male,SRP448906,fischer 344,Hippocampus Powder,Control - 8 weeks,90229015202
SRR25251177,6 months,RNA-Seq,210,6665651790,PRJNA908279,SAMN36363998,Model organism or animal,2221488972,STANFORD UNIVERSITY,2018-09-05,public,"run.zq,fastq,sra","ncbi,gs,s3","ncbi.public,gs.us-east1,s3.us-east-1",SRX20997367,USA,North America,USA: Iowa,Illumina NovaSeq 6000,rna-seq_hippoc_training_male_8w_biological_rep5_vial_90227015202,PAIRED,PolyA,TRANSCRIPTOMIC,Rattus norvegicus,ILLUMINA,2023-09-30T00:00:00Z,2023-07-12T20:49:00Z,1,hippoc_training_male_8w_biological_rep5_vial_90227015202,male,SRP448906,fischer 344,Hippocampus Powder,Training - 8 weeks,90227015202
SRR25251181,6 months,RNA-Seq,206,6244002758,PRJNA908279,SAMN36364795,Model organism or animal,1990682693,STANFORD UNIVERSITY,2018-11-15,public,"fastq,run.zq,sra","s3,ncbi,gs","gs.us-east1,s3.us-east-1,ncbi.public",SRX20997363,USA,North America,USA: Iowa,Illumina NovaSeq 6000,rna-seq_venacv_training_male_4w_biological_rep5_vial_90292016502,PAIRED,PolyA,TRANSCRIPTOMIC,Rattus norvegicus,ILLUMINA,2023-09-30T00:00:00Z,2023-07-12T20:49:00Z,1,venacv_training_male_4w_biological_rep5_vial_90292016502,male,SRP448906,fischer 344,Vena Cava Powder,Training - 4 weeks,90292016502
SRR25251182,6 months,RNA-Seq,206,7425161438,PRJNA908279,SAMN36364794,Model organism or animal,2373118288,STANFORD UNIVERSITY,2018-11-15,public,"sra,run.zq,fastq","s3,gs,ncbi","ncbi.public,gs.us-east1,s3.us-east-1",SRX20997362,USA,North America,USA: Iowa,Illumina NovaSeq 6000,rna-seq_venacv_training_male_4w_biological_rep4_vial_90289016502,PAIRED,PolyA,TRANSCRIPTOMIC,Rattus norvegicus,ILLUMINA,2023-09-30T00:00:00Z,2023-07-12T20:52:00Z,1,venacv_training_male_4w_biological_rep4_vial_90289016502,male,SRP448906,fischer 344,Vena Cava Powder,Training - 4 weeks,90289016502
SRR25251183,6 months,RNA-Seq,206,7740003392,PRJNA908279,SAMN36364793,Model organism or animal,2466780944,STANFORD UNIVERSITY,2018-11-13,public,"run.zq,fastq,sra","ncbi,s3,gs","s3.us-east-1,ncbi.public,gs.us-east1",SRX20997361,USA,North America,USA: Iowa,Illumina NovaSeq 6000,rna-seq_venacv_training_male_4w_biological_rep3_vial_90283016502,PAIRED,PolyA,TRANSCRIPTOMIC,Rattus norvegicus,ILLUMINA,2023-09-30T00:00:00Z,2023-07-12T20:52:00Z,1,venacv_training_male_4w_biological_rep3_vial_90283016502,male,SRP448906,fischer 344,Vena Cava Powder,Training - 4 weeks,90283016502
SRR25251184,6 months,RNA-Seq,206,7212192870,PRJNA908279,SAMN36364773,Model organism or animal,2306378601,STANFORD UNIVERSITY,2018-09-04,public,"run.zq,fastq,sra","ncbi,gs,s3","gs.us-east1,ncbi.public,s3.us-east-1",SRX20997360,USA,North America,USA: Iowa,Illumina NovaSeq 6000,rna-seq_venacv_training_male_8w_biological_rep2_vial_90222016502,PAIRED,PolyA,TRANSCRIPTOMIC,Rattus norvegicus,ILLUMINA,2023-09-30T00:00:00Z,2023-07-12T20:53:00Z,1,venacv_training_male_8w_biological_rep2_vial_90222016502,male,SRP448906,fischer 344,Vena Cava Powder,Training - 8 weeks,90222016502
SRR25251185,6 months,RNA-Seq,206,6649570408,PRJNA908279,SAMN36364772,Model organism or animal,2130156988,STANFORD UNIVERSITY,2018-09-03,public,"run.zq,fastq,sra","s3,ncbi,gs","ncbi.public,gs.us-east1,s3.us-east-1",SRX20997359,USA,North America,USA: Iowa,Illumina NovaSeq 6000,rna-seq_venacv_training_male_8w_biological_rep1_vial_90218016502,PAIRED,PolyA,TRANSCRIPTOMIC,Rattus norvegicus,ILLUMINA,2023-09-30T00:00:00Z,2023-07-12T20:52:00Z,1,venacv_training_male_8w_biological_rep1_vial_90218016502,male,SRP448906,fischer 344,Vena Cava Powder,Training - 8 weeks,90218016502
SRR25251186,6 months,RNA-Seq,206,8893273174,PRJNA908279,SAMN36364790,Model organism or animal,2839622234,STANFORD UNIVERSITY,2018-10-04,public,"run.zq,fastq,sra","s3,ncbi,gs","s3.us-east-1,ncbi.public,gs.us-east1",SRX20997358,USA,North America,USA: Iowa,Illumina NovaSeq 6000,rna-seq_venacv_training_female_8w_biological_rep5_vial_90267016502,PAIRED,PolyA,TRANSCRIPTOMIC,Rattus norvegicus,ILLUMINA,2023-09-30T00:00:00Z,2023-07-12T20:52:00Z,1,venacv_training_female_8w_biological_rep5_vial_90267016502,female,SRP448906,fischer 344,Vena Cava Powder,Training - 8 weeks,90267016502
SRR25251187,6 months,RNA-Seq,206,8239141392,PRJNA908279,SAMN36364771,Model organism or animal,2629519342,STANFORD UNIVERSITY,2018-09-03,public,"sra,run.zq,fastq","gs,s3,ncbi","s3.us-east-1,ncbi.public,gs.us-east1",SRX20997357,USA,North America,USA: Iowa,Illumina NovaSeq 6000,rna-seq_venacv_control_male_8w_biological_rep1_vial_90217016502,PAIRED,PolyA,TRANSCRIPTOMIC,Rattus norvegicus,ILLUMINA,2023-09-30T00:00:00Z,2023-07-12T20:54:00Z,1,venacv_control_male_8w_biological_rep1_vial_90217016502,male,SRP448906,fischer 344,Vena Cava Powder,Control - 8 weeks,90217016502
SRR25251188,6 months,RNA-Seq,206,7032769342,PRJNA908279,SAMN36364789,Model organism or animal,2256513421,STANFORD UNIVERSITY,2018-10-04,public,"sra,run.zq,fastq","gs,s3,ncbi","s3.us-east-1,ncbi.public,gs.us-east1",SRX20997356,USA,North America,USA: Iowa,Illumina NovaSeq 6000,rna-seq_venacv_control_female_8w_biological_rep5_vial_90266016502,PAIRED,PolyA,TRANSCRIPTOMIC,Rattus norvegicus,ILLUMINA,2023-09-30T00:00:00Z,2023-07-12T20:48:00Z,1,venacv_control_female_8w_biological_rep5_vial_90266016502,female,SRP448906,fischer 344,Vena Cava Powder,Control - 8 weeks,90266016502
SRR25251189,6 months,RNA-Seq,210,6241382490,PRJNA908279,SAMN36363997,Model organism or animal,2076939892,STANFORD UNIVERSITY,2018-09-05,public,"run.zq,fastq,sra","s3,ncbi,gs","gs.us-east1,s3.us-east-1,ncbi.public",SRX20997283,USA,North America,USA: Iowa,Illumina NovaSeq 6000,rna-seq_hippoc_training_male_8w_biological_rep4_vial_90225015202,PAIRED,PolyA,TRANSCRIPTOMIC,Rattus norvegicus,ILLUMINA,2023-09-30T00:00:00Z,2023-07-12T20:50:00Z,1,hippoc_training_male_8w_biological_rep4_vial_90225015202,male,SRP448906,fischer 344,Hippocampus Powder,Training - 8 weeks,90225015202
SRR25251190,6 months,RNA-Seq,210,7208653830,PRJNA908279,SAMN36364745,Model organism or animal,2248459004,STANFORD UNIVERSITY,2018-11-15,public,"fastq,sra,run.zq","gs,s3,ncbi","ncbi.public,gs.us-east1,s3.us-east-1",SRX20997354,USA,North America,USA: Iowa,Illumina NovaSeq 6000,rna-seq_wat_training_male_4w_biological_rep5_vial_90292017005,PAIRED,PolyA,TRANSCRIPTOMIC,Rattus norvegicus,ILLUMINA,2023-09-30T00:00:00Z,2023-07-12T20:49:00Z,1,wat_training_male_4w_biological_rep5_vial_90292017005,male,SRP448906,fischer 344,White Adipose Powder,Training - 4 weeks,90292017005
SRR25251191,6 months,RNA-Seq,210,8815637040,PRJNA908279,SAMN36364744,Model organism or animal,2742537228,STANFORD UNIVERSITY,2018-11-15,public,"sra,fastq,run.zq","s3,ncbi,gs","s3.us-east-1,gs.us-east1,ncbi.public",SRX20997353,USA,North America,USA: Iowa,Illumina NovaSeq 6000,rna-seq_wat_training_male_4w_biological_rep4_vial_90289017005,PAIRED,PolyA,TRANSCRIPTOMIC,Rattus norvegicus,ILLUMINA,2023-09-30T00:00:00Z,2023-07-12T20:50:00Z,1,wat_training_male_4w_biological_rep4_vial_90289017005,male,SRP448906,fischer 344,White Adipose Powder,Training - 4 weeks,90289017005
SRR25251192,6 months,RNA-Seq,210,8456400120,PRJNA908279,SAMN36364743,Model organism or animal,2635164791,STANFORD UNIVERSITY,2018-11-13,public,"fastq,sra,run.zq","s3,ncbi,gs","s3.us-east-1,gs.us-east1,ncbi.public",SRX20997352,USA,North America,USA: Iowa,Illumina NovaSeq 6000,rna-seq_wat_training_male_4w_biological_rep3_vial_90283017005,PAIRED,PolyA,TRANSCRIPTOMIC,Rattus norvegicus,ILLUMINA,2023-09-30T00:00:00Z,2023-07-12T20:51:00Z,1,wat_training_male_4w_biological_rep3_vial_90283017005,male,SRP448906,fischer 344,White Adipose Powder,Training - 4 weeks,90283017005
SRR25251193,6 months,RNA-Seq,210,7987434210,PRJNA908279,SAMN36364742,Model organism or animal,2484697231,STANFORD UNIVERSITY,2018-11-13,public,"sra,run.zq,fastq","s3,gs,ncbi","s3.us-east-1,gs.us-east1,ncbi.public",SRX20997351,USA,North America,USA: Iowa,Illumina NovaSeq 6000,rna-seq_wat_training_male_4w_biological_rep2_vial_90281017005,PAIRED,PolyA,TRANSCRIPTOMIC,Rattus norvegicus,ILLUMINA,2023-09-30T00:00:00Z,2023-07-12T20:53:00Z,1,wat_training_male_4w_biological_rep2_vial_90281017005,male,SRP448906,fischer 344,White Adipose Powder,Training - 4 weeks,90281017005
SRR25251194,6 months,RNA-Seq,210,7988470980,PRJNA908279,SAMN36364741,Model organism or animal,2475034829,STANFORD UNIVERSITY,2018-11-13,public,"run.zq,sra,fastq","gs,s3,ncbi","gs.us-east1,s3.us-east-1,ncbi.public",SRX20997350,USA,North America,USA: Iowa,Illumina NovaSeq 6000,rna-seq_wat_training_male_4w_biological_rep1_vial_90280017005,PAIRED,PolyA,TRANSCRIPTOMIC,Rattus norvegicus,ILLUMINA,2023-09-30T00:00:00Z,2023-07-12T20:55:00Z,1,wat_training_male_4w_biological_rep1_vial_90280017005,male,SRP448906,fischer 344,White Adipose Powder,Training - 4 weeks,90280017005
SRR25251195,6 months,RNA-Seq,210,8985886560,PRJNA908279,SAMN36364740,Model organism or animal,2835590634,STANFORD UNIVERSITY,2018-10-04,public,"fastq,run.zq,sra","gs,s3,ncbi","s3.us-east-1,gs.us-east1,ncbi.public",SRX20997349,USA,North America,USA: Iowa,Illumina NovaSeq 6000,rna-seq_wat_training_female_8w_biological_rep5_vial_90267017005,PAIRED,PolyA,TRANSCRIPTOMIC,Rattus norvegicus,ILLUMINA,2023-09-30T00:00:00Z,2023-07-12T20:51:00Z,1,wat_training_female_8w_biological_rep5_vial_90267017005,female,SRP448906,fischer 344,White Adipose Powder,Training - 8 weeks,90267017005
SRR25251196,6 months,RNA-Seq,210,9072366030,PRJNA908279,SAMN36364739,Model organism or animal,2825948991,STANFORD UNIVERSITY,2018-10-04,public,"run.zq,sra,fastq","s3,gs,ncbi","gs.us-east1,ncbi.public,s3.us-east-1",SRX20997348,USA,North America,USA: Iowa,Illumina NovaSeq 6000,rna-seq_wat_control_female_8w_biological_rep5_vial_90266017005,PAIRED,PolyA,TRANSCRIPTOMIC,Rattus norvegicus,ILLUMINA,2023-09-30T00:00:00Z,2023-07-12T20:53:00Z,1,wat_control_female_8w_biological_rep5_vial_90266017005,female,SRP448906,fischer 344,White Adipose Powder,Control - 8 weeks,90266017005
SRR25251198,6 months,RNA-Seq,210,7382823420,PRJNA908279,SAMN36364738,Model organism or animal,2304803665,STANFORD UNIVERSITY,2018-10-04,public,"run.zq,sra,fastq","s3,gs,ncbi","gs.us-east1,s3.us-east-1,ncbi.public",SRX20997346,USA,North America,USA: Iowa,Illumina NovaSeq 6000,rna-seq_wat_control_female_8w_biological_rep4_vial_90265017005,PAIRED,PolyA,TRANSCRIPTOMIC,Rattus norvegicus,ILLUMINA,2023-09-30T00:00:00Z,2023-07-12T20:48:00Z,1,wat_control_female_8w_biological_rep4_vial_90265017005,female,SRP448906,fischer 344,White Adipose Powder,Control - 8 weeks,90265017005
SRR25251199,6 months,RNA-Seq,210,8518009710,PRJNA908279,SAMN36364737,Model organism or animal,2651998670,STANFORD UNIVERSITY,2018-10-03,public,"sra,fastq,run.zq","ncbi,s3,gs","s3.us-east-1,ncbi.public,gs.us-east1",SRX20997345,USA,North America,USA: Iowa,Illumina NovaSeq 6000,rna-seq_wat_training_female_8w_biological_rep4_vial_90259017005,PAIRED,PolyA,TRANSCRIPTOMIC,Rattus norvegicus,ILLUMINA,2023-09-30T00:00:00Z,2023-07-12T20:52:00Z,1,wat_training_female_8w_biological_rep4_vial_90259017005,female,SRP448906,fischer 344,White Adipose Powder,Training - 8 weeks,90259017005
SRR25251200,6 months,RNA-Seq,210,9474107370,PRJNA908279,SAMN36364736,Model organism or animal,2941669630,STANFORD UNIVERSITY,2018-10-03,public,"fastq,run.zq,sra","gs,s3,ncbi","s3.us-east-1,gs.us-east1,ncbi.public",SRX20997344,USA,North America,USA: Iowa,Illumina NovaSeq 6000,rna-seq_wat_training_female_8w_biological_rep3_vial_90258017005,PAIRED,PolyA,TRANSCRIPTOMIC,Rattus norvegicus,ILLUMINA,2023-09-30T00:00:00Z,2023-07-12T20:54:00Z,1,wat_training_female_8w_biological_rep3_vial_90258017005,female,SRP448906,fischer 344,White Adipose Powder,Training - 8 weeks,90258017005
SRR25251201,6 months,RNA-Seq,210,7336452480,PRJNA908279,SAMN36364735,Model organism or animal,2294119359,STANFORD UNIVERSITY,2018-10-02,public,"fastq,run.zq,sra","gs,ncbi,s3","s3.us-east-1,gs.us-east1,ncbi.public",SRX20997343,USA,North America,USA: Iowa,Illumina NovaSeq 6000,rna-seq_wat_training_female_8w_biological_rep2_vial_90254017005,PAIRED,PolyA,TRANSCRIPTOMIC,Rattus norvegicus,ILLUMINA,2023-09-30T00:00:00Z,2023-07-12T20:49:00Z,1,wat_training_female_8w_biological_rep2_vial_90254017005,female,SRP448906,fischer 344,White Adipose Powder,Training - 8 weeks,90254017005
SRR25251202,6 months,RNA-Seq,210,8548389780,PRJNA908279,SAMN36364734,Model organism or animal,2649060898,STANFORD UNIVERSITY,2018-10-01,public,"fastq,run.zq,sra","ncbi,gs,s3","ncbi.public,s3.us-east-1,gs.us-east1",SRX20997342,USA,North America,USA: Iowa,Illumina NovaSeq 6000,rna-seq_wat_control_female_8w_biological_rep3_vial_90252017005,PAIRED,PolyA,TRANSCRIPTOMIC,Rattus norvegicus,ILLUMINA,2023-09-30T00:00:00Z,2023-07-12T20:54:00Z,1,wat_control_female_8w_biological_rep3_vial_90252017005,female,SRP448906,fischer 344,White Adipose Powder,Control - 8 weeks,90252017005
SRR25251206,6 months,RNA-Seq,210,9607845450,PRJNA908279,SAMN36364730,Model organism or animal,2983707450,STANFORD UNIVERSITY,2018-09-07,public,"fastq,sra,run.zq","ncbi,s3,gs","s3.us-east-1,gs.us-east1,ncbi.public",SRX20997338,USA,North America,USA: Iowa,Illumina NovaSeq 6000,rna-seq_wat_control_male_8w_biological_rep5_vial_90239017005,PAIRED,PolyA,TRANSCRIPTOMIC,Rattus norvegicus,ILLUMINA,2023-09-30T00:00:00Z,2023-07-12T20:54:00Z,1,wat_control_male_8w_biological_rep5_vial_90239017005,male,SRP448906,fischer 344,White Adipose Powder,Control - 8 weeks,90239017005
SRR25251207,6 months,RNA-Seq,210,7453888890,PRJNA908279,SAMN36364729,Model organism or animal,2333942199,STANFORD UNIVERSITY,2018-09-07,public,"run.zq,fastq,sra","gs,ncbi,s3","gs.us-east1,s3.us-east-1,ncbi.public",SRX20997337,USA,North America,USA: Iowa,Illumina NovaSeq 6000,rna-seq_wat_control_male_8w_biological_rep4_vial_90237017005,PAIRED,PolyA,TRANSCRIPTOMIC,Rattus norvegicus,ILLUMINA,2023-09-30T00:00:00Z,2023-07-12T20:51:00Z,1,wat_control_male_8w_biological_rep4_vial_90237017005,male,SRP448906,fischer 344,White Adipose Powder,Control - 8 weeks,90237017005
SRR25251213,6 months,RNA-Seq,210,6455689800,PRJNA908279,SAMN36364226,Model organism or animal,2147306543,STANFORD UNIVERSITY,2019-01-22,public,"run.zq,sra,fastq","gs,ncbi,s3","gs.us-east1,ncbi.public,s3.us-east-1",SRX20997331,USA,North America,USA: Iowa,Illumina NovaSeq 6000,rna-seq_skm-vl_training_male_1w_biological_rep4_vial_90426015603,PAIRED,PolyA,TRANSCRIPTOMIC,Rattus norvegicus,ILLUMINA,2023-09-30T00:00:00Z,2023-07-12T20:47:00Z,1,skm-vl_training_male_1w_biological_rep4_vial_90426015603,male,SRP448906,fischer 344,Vastus Lateralis Powder,Training - 1 week,90426015603
SRR25251215,6 months,RNA-Seq,206,7612298018,PRJNA908279,SAMN36364245,Model organism or animal,2570642290,STANFORD UNIVERSITY,2018-09-04,public,"sra,fastq,run.zq","gs,s3,ncbi","ncbi.public,gs.us-east1,s3.us-east-1",SRX20997330,USA,North America,USA: Iowa,Illumina NovaSeq 6000,rna-seq_heart_training_male_8w_biological_rep2_vial_90222015803,PAIRED,PolyA,TRANSCRIPTOMIC,Rattus norvegicus,ILLUMINA,2023-09-30T00:00:00Z,2023-07-12T20:52:00Z,1,heart_training_male_8w_biological_rep2_vial_90222015803,male,SRP448906,fischer 344,Heart Powder,Training - 8 weeks,90222015803
SRR25251216,6 months,RNA-Seq,206,6501105796,PRJNA908279,SAMN36364244,Model organism or animal,2172801116,STANFORD UNIVERSITY,2018-09-03,public,"sra,fastq,run.zq","gs,ncbi,s3","ncbi.public,gs.us-east1,s3.us-east-1",SRX20997329,USA,North America,USA: Iowa,Illumina NovaSeq 6000,rna-seq_heart_training_male_8w_biological_rep1_vial_90218015803,PAIRED,PolyA,TRANSCRIPTOMIC,Rattus norvegicus,ILLUMINA,2023-09-30T00:00:00Z,2023-07-12T20:46:00Z,1,heart_training_male_8w_biological_rep1_vial_90218015803,male,SRP448906,fischer 344,Heart Powder,Training - 8 weeks,90218015803
SRR25251217,6 months,RNA-Seq,206,7130525818,PRJNA908279,SAMN36364243,Model organism or animal,2387243224,STANFORD UNIVERSITY,2018-09-03,public,"sra,fastq,run.zq","ncbi,s3,gs","gs.us-east1,s3.us-east-1,ncbi.public",SRX20997328,USA,North America,USA: Iowa,Illumina NovaSeq 6000,rna-seq_heart_control_male_8w_biological_rep1_vial_90217015803,PAIRED,PolyA,TRANSCRIPTOMIC,Rattus norvegicus,ILLUMINA,2023-09-30T00:00:00Z,2023-07-12T20:47:00Z,1,heart_control_male_8w_biological_rep1_vial_90217015803,male,SRP448906,fischer 344,Heart Powder,Control - 8 weeks,90217015803
SRR25251229,6 months,RNA-Seq,210,6141852570,PRJNA908279,SAMN36364232,Model organism or animal,2035637059,STANFORD UNIVERSITY,2019-01-30,public,"fastq,sra,run.zq","s3,gs,ncbi","s3.us-east-1,gs.us-east1,ncbi.public",SRX20997315,USA,North America,USA: Iowa,Illumina NovaSeq 6000,rna-seq_skm-vl_training_male_2w_biological_rep5_vial_90450015603,PAIRED,PolyA,TRANSCRIPTOMIC,Rattus norvegicus,ILLUMINA,2023-09-30T00:00:00Z,2023-07-12T20:50:00Z,1,skm-vl_training_male_2w_biological_rep5_vial_90450015603,male,SRP448906,fischer 344,Vastus Lateralis Powder,Training - 2 weeks,90450015603
SRR25251230,6 months,RNA-Seq,210,6451108650,PRJNA908279,SAMN36364231,Model organism or animal,2143671593,STANFORD UNIVERSITY,2019-01-30,public,"sra,run.zq,fastq","s3,gs,ncbi","gs.us-east1,s3.us-east-1,ncbi.public",SRX20997314,USA,North America,USA: Iowa,Illumina NovaSeq 6000,rna-seq_skm-vl_training_male_2w_biological_rep4_vial_90449015603,PAIRED,PolyA,TRANSCRIPTOMIC,Rattus norvegicus,ILLUMINA,2023-09-30T00:00:00Z,2023-07-12T20:49:00Z,1,skm-vl_training_male_2w_biological_rep4_vial_90449015603,male,SRP448906,fischer 344,Vastus Lateralis Powder,Training - 2 weeks,90449015603
SRR25251231,6 months,RNA-Seq,210,7108790220,PRJNA908279,SAMN36364230,Model organism or animal,2352271949,STANFORD UNIVERSITY,2019-01-29,public,"fastq,sra,run.zq","s3,gs,ncbi","s3.us-east-1,gs.us-east1,ncbi.public",SRX20997313,USA,North America,USA: Iowa,Illumina NovaSeq 6000,rna-seq_skm-vl_training_male_2w_biological_rep3_vial_90444015603,PAIRED,PolyA,TRANSCRIPTOMIC,Rattus norvegicus,ILLUMINA,2023-09-30T00:00:00Z,2023-07-12T21:01:00Z,1,skm-vl_training_male_2w_biological_rep3_vial_90444015603,male,SRP448906,fischer 344,Vastus Lateralis Powder,Training - 2 weeks,90444015603
SRR25251232,6 months,RNA-Seq,210,6052944030,PRJNA908279,SAMN36364229,Model organism or animal,2012722905,STANFORD UNIVERSITY,2019-01-29,public,"run.zq,fastq,sra","ncbi,gs,s3","s3.us-east-1,ncbi.public,gs.us-east1",SRX20997312,USA,North America,USA: Iowa,Illumina NovaSeq 6000,rna-seq_skm-vl_training_male_2w_biological_rep2_vial_90441015603,PAIRED,PolyA,TRANSCRIPTOMIC,Rattus norvegicus,ILLUMINA,2023-09-30T00:00:00Z,2023-07-12T20:47:00Z,1,skm-vl_training_male_2w_biological_rep2_vial_90441015603,male,SRP448906,fischer 344,Vastus Lateralis Powder,Training - 2 weeks,90441015603
SRR25251233,6 months,RNA-Seq,210,5873449680,PRJNA908279,SAMN36364228,Model organism or animal,1955667072,STANFORD UNIVERSITY,2019-01-28,public,"fastq,sra,run.zq","ncbi,gs,s3","s3.us-east-1,gs.us-east1,ncbi.public",SRX20997311,USA,North America,USA: Iowa,Illumina NovaSeq 6000,rna-seq_skm-vl_training_male_2w_biological_rep1_vial_90439015603,PAIRED,PolyA,TRANSCRIPTOMIC,Rattus norvegicus,ILLUMINA,2023-09-30T00:00:00Z,2023-07-12T20:49:00Z,1,skm-vl_training_male_2w_biological_rep1_vial_90439015603,male,SRP448906,fischer 344,Vastus Lateralis Powder,Training - 2 weeks,90439015603
SRR25251234,6 months,RNA-Seq,210,7090558860,PRJNA908279,SAMN36363939,Model organism or animal,2212741960,STANFORD UNIVERSITY,not available,public,"run.zq,fastq,sra","ncbi,s3,gs","gs.us-east1,s3.us-east-1,ncbi.public",SRX20997310,uncalculated,uncalculated,not available,Illumina NovaSeq 6000,rna-seq_bat_male_reference_9_vial_80030886905,PAIRED,PolyA,TRANSCRIPTOMIC,Rattus norvegicus,ILLUMINA,2023-09-30T00:00:00Z,2023-07-12T20:52:00Z,1,bat_male_reference_9_vial_80030886905,male,SRP448906,fischer 344,Brown Adipose Powder,Reference,80030886905
SRR25251235,6 months,RNA-Seq,210,7750910370,PRJNA908279,SAMN36363910,Model organism or animal,2590156860,STANFORD UNIVERSITY,not available,public,"fastq,sra,run.zq","gs,s3,ncbi","ncbi.public,gs.us-east1,s3.us-east-1",SRX20997309,uncalculated,uncalculated,not available,Illumina NovaSeq 6000,rna-seq_hippoc_male_reference_2_vial_80034885206,PAIRED,PolyA,TRANSCRIPTOMIC,Rattus norvegicus,ILLUMINA,2023-09-30T00:00:00Z,2023-07-12T20:53:00Z,1,hippoc_male_reference_2_vial_80034885206,male,SRP448906,fischer 344,Hippocampus Powder,Reference,80034885206
SRR25251236,6 months,RNA-Seq,210,7159750920,PRJNA908279,SAMN36364207,Model organism or animal,2382307952,STANFORD UNIVERSITY,2018-10-02,public,"run.zq,sra,fastq","gs,ncbi,s3","gs.us-east1,s3.us-east-1,ncbi.public",SRX20997308,USA,North America,USA: Iowa,Illumina NovaSeq 6000,rna-seq_skm-vl_training_female_8w_biological_rep2_vial_90254015603,PAIRED,PolyA,TRANSCRIPTOMIC,Rattus norvegicus,ILLUMINA,2023-09-30T00:00:00Z,2023-07-12T20:58:00Z,1,skm-vl_training_female_8w_biological_rep2_vial_90254015603,female,SRP448906,fischer 344,Vastus Lateralis Powder,Training - 8 weeks,90254015603
SRR25251237,6 months,RNA-Seq,210,10358130090,PRJNA908279,SAMN36364830,Model organism or animal,3231730465,STANFORD UNIVERSITY,2018-09-07,public,"sra,run.zq,fastq","s3,ncbi,gs","s3.us-east-1,ncbi.public,gs.us-east1",SRX20997306,USA,North America,USA: Iowa,Illumina NovaSeq 6000,rna-seq_bat_control_male_8w_biological_rep5_vial_90239016902,PAIRED,PolyA,TRANSCRIPTOMIC,Rattus norvegicus,ILLUMINA,2023-09-30T00:00:00Z,2023-07-12T20:59:00Z,1,bat_control_male_8w_biological_rep5_vial_90239016902,male,SRP448906,fischer 344,Brown Adipose Powder,Control - 8 weeks,90239016902
SRR25251238,6 months,RNA-Seq,210,7811995800,PRJNA908279,SAMN36364829,Model organism or animal,2433630368,STANFORD UNIVERSITY,2018-09-07,public,"run.zq,fastq,sra","gs,s3,ncbi","s3.us-east-1,ncbi.public,gs.us-east1",SRX20997305,USA,North America,USA: Iowa,Illumina NovaSeq 6000,rna-seq_bat_control_male_8w_biological_rep4_vial_90237016902,PAIRED,PolyA,TRANSCRIPTOMIC,Rattus norvegicus,ILLUMINA,2023-09-30T00:00:00Z,2023-07-12T20:55:00Z,1,bat_control_male_8w_biological_rep4_vial_90237016902,male,SRP448906,fischer 344,Brown Adipose Powder,Control - 8 weeks,90237016902
SRR25251240,6 months,RNA-Seq,210,8220953370,PRJNA908279,SAMN36364828,Model organism or animal,2561898296,STANFORD UNIVERSITY,2018-09-06,public,"run.zq,fastq,sra","ncbi,gs,s3","gs.us-east1,ncbi.public,s3.us-east-1",SRX20997303,USA,North America,USA: Iowa,Illumina NovaSeq 6000,rna-seq_bat_control_male_8w_biological_rep3_vial_90232016902,PAIRED,PolyA,TRANSCRIPTOMIC,Rattus norvegicus,ILLUMINA,2023-09-30T00:00:00Z,2023-07-12T20:56:00Z,1,bat_control_male_8w_biological_rep3_vial_90232016902,male,SRP448906,fischer 344,Brown Adipose Powder,Control - 8 weeks,90232016902
SRR25251241,6 months,RNA-Seq,210,7480330410,PRJNA908279,SAMN36364827,Model organism or animal,2351602435,STANFORD UNIVERSITY,2018-09-05,public,"fastq,sra,run.zq","ncbi,s3,gs","s3.us-east-1,ncbi.public,gs.us-east1",SRX20997302,USA,North America,USA: Iowa,Illumina NovaSeq 6000,rna-seq_bat_control_male_8w_biological_rep2_vial_90229016902,PAIRED,PolyA,TRANSCRIPTOMIC,Rattus norvegicus,ILLUMINA,2023-09-30T00:00:00Z,2023-07-12T20:53:00Z,1,bat_control_male_8w_biological_rep2_vial_90229016902,male,SRP448906,fischer 344,Brown Adipose Powder,Control - 8 weeks,90229016902
SRR25251242,6 months,RNA-Seq,210,7193690070,PRJNA908279,SAMN36364826,Model organism or animal,2248196808,STANFORD UNIVERSITY,2018-09-05,public,"sra,run.zq,fastq","gs,s3,ncbi","ncbi.public,gs.us-east1,s3.us-east-1",SRX20997301,USA,North America,USA: Iowa,Illumina NovaSeq 6000,rna-seq_bat_training_male_8w_biological_rep5_vial_90227016902,PAIRED,PolyA,TRANSCRIPTOMIC,Rattus norvegicus,ILLUMINA,2023-09-30T00:00:00Z,2023-07-12T20:51:00Z,1,bat_training_male_8w_biological_rep5_vial_90227016902,male,SRP448906,fischer 344,Brown Adipose Powder,Training - 8 weeks,90227016902
SRR25251243,6 months,RNA-Seq,210,8072234310,PRJNA908279,SAMN36364825,Model organism or animal,2513908913,STANFORD UNIVERSITY,2018-09-05,public,"run.zq,sra,fastq","gs,ncbi,s3","gs.us-east1,s3.us-east-1,ncbi.public",SRX20997300,USA,North America,USA: Iowa,Illumina NovaSeq 6000,rna-seq_bat_training_male_8w_biological_rep4_vial_90225016902,PAIRED,PolyA,TRANSCRIPTOMIC,Rattus norvegicus,ILLUMINA,2023-09-30T00:00:00Z,2023-07-12T20:55:00Z,1,bat_training_male_8w_biological_rep4_vial_90225016902,male,SRP448906,fischer 344,Brown Adipose Powder,Training - 8 weeks,90225016902
SRR25251244,6 months,RNA-Seq,210,7856558010,PRJNA908279,SAMN36364824,Model organism or animal,2438875281,STANFORD UNIVERSITY,2018-09-04,public,"run.zq,fastq,sra","gs,s3,ncbi","s3.us-east-1,ncbi.public,gs.us-east1",SRX20997299,USA,North America,USA: Iowa,Illumina NovaSeq 6000,rna-seq_bat_training_male_8w_biological_rep3_vial_90223016902,PAIRED,PolyA,TRANSCRIPTOMIC,Rattus norvegicus,ILLUMINA,2023-09-30T00:00:00Z,2023-07-12T20:53:00Z,1,bat_training_male_8w_biological_rep3_vial_90223016902,male,SRP448906,fischer 344,Brown Adipose Powder,Training - 8 weeks,90223016902
SRR25251245,6 months,RNA-Seq,210,9105111960,PRJNA908279,SAMN36364823,Model organism or animal,2834614321,STANFORD UNIVERSITY,2018-09-04,public,"fastq,sra,run.zq","ncbi,s3,gs","s3.us-east-1,gs.us-east1,ncbi.public",SRX20997298,USA,North America,USA: Iowa,Illumina NovaSeq 6000,rna-seq_bat_training_male_8w_biological_rep2_vial_90222016902,PAIRED,PolyA,TRANSCRIPTOMIC,Rattus norvegicus,ILLUMINA,2023-09-30T00:00:00Z,2023-07-12T20:51:00Z,1,bat_training_male_8w_biological_rep2_vial_90222016902,male,SRP448906,fischer 344,Brown Adipose Powder,Training - 8 weeks,90222016902
SRR25251246,6 months,RNA-Seq,210,7254388680,PRJNA908279,SAMN36364822,Model organism or animal,2256630997,STANFORD UNIVERSITY,2018-09-03,public,"run.zq,sra,fastq","ncbi,gs,s3","ncbi.public,s3.us-east-1,gs.us-east1",SRX20997297,USA,North America,USA: Iowa,Illumina NovaSeq 6000,rna-seq_bat_training_male_8w_biological_rep1_vial_90218016902,PAIRED,PolyA,TRANSCRIPTOMIC,Rattus norvegicus,ILLUMINA,2023-09-30T00:00:00Z,2023-07-12T20:53:00Z,1,bat_training_male_8w_biological_rep1_vial_90218016902,male,SRP448906,fischer 344,Brown Adipose Powder,Training - 8 weeks,90218016902
SRR25251247,6 months,RNA-Seq,210,7265188350,PRJNA908279,SAMN36364821,Model organism or animal,2272461898,STANFORD UNIVERSITY,2018-09-03,public,"run.zq,sra,fastq","gs,s3,ncbi","gs.us-east1,s3.us-east-1,ncbi.public",SRX20997296,USA,North America,USA: Iowa,Illumina NovaSeq 6000,rna-seq_bat_control_male_8w_biological_rep1_vial_90217016902,PAIRED,PolyA,TRANSCRIPTOMIC,Rattus norvegicus,ILLUMINA,2023-09-30T00:00:00Z,2023-07-12T20:54:00Z,1,bat_control_male_8w_biological_rep1_vial_90217016902,male,SRP448906,fischer 344,Brown Adipose Powder,Control - 8 weeks,90217016902
SRR25251256,6 months,RNA-Seq,210,6822974130,PRJNA908279,SAMN36364644,Model organism or animal,2258913891,STANFORD UNIVERSITY,2018-11-13,public,"run.zq,sra,fastq","s3,gs,ncbi","gs.us-east1,ncbi.public,s3.us-east-1",SRX20997287,USA,North America,USA: Iowa,Illumina NovaSeq 6000,rna-seq_liver_training_male_4w_biological_rep3_vial_90283016803,PAIRED,PolyA,TRANSCRIPTOMIC,Rattus norvegicus,ILLUMINA,2023-09-30T00:00:00Z,2023-07-12T20:57:00Z,1,liver_training_male_4w_biological_rep3_vial_90283016803,male,SRP448906,fischer 344,Liver Powder,Training - 4 weeks,90283016803
SRR25251257,6 months,RNA-Seq,210,7275882180,PRJNA908279,SAMN36364643,Model organism or animal,2417507515,STANFORD UNIVERSITY,2018-11-13,public,"fastq,run.zq,sra","ncbi,s3,gs","gs.us-east1,s3.us-east-1,ncbi.public",SRX20997286,USA,North America,USA: Iowa,Illumina NovaSeq 6000,rna-seq_liver_training_male_4w_biological_rep2_vial_90281016803,PAIRED,PolyA,TRANSCRIPTOMIC,Rattus norvegicus,ILLUMINA,2023-09-30T00:00:00Z,2023-07-12T20:55:00Z,1,liver_training_male_4w_biological_rep2_vial_90281016803,male,SRP448906,fischer 344,Liver Powder,Training - 4 weeks,90281016803
SRR25251258,6 months,RNA-Seq,210,8017464630,PRJNA908279,SAMN36364642,Model organism or animal,2640791344,STANFORD UNIVERSITY,2018-11-13,public,"fastq,sra,run.zq","ncbi,s3,gs","gs.us-east1,ncbi.public,s3.us-east-1",SRX20997285,USA,North America,USA: Iowa,Illumina NovaSeq 6000,rna-seq_liver_training_male_4w_biological_rep1_vial_90280016803,PAIRED,PolyA,TRANSCRIPTOMIC,Rattus norvegicus,ILLUMINA,2023-09-30T00:00:00Z,2023-07-12T20:59:00Z,1,liver_training_male_4w_biological_rep1_vial_90280016803,male,SRP448906,fischer 344,Liver Powder,Training - 4 weeks,90280016803
SRR25251259,6 months,RNA-Seq,210,8512911330,PRJNA908279,SAMN36364661,Model organism or animal,2815743252,STANFORD UNIVERSITY,2019-01-30,public,"sra,run.zq,fastq","s3,gs,ncbi","s3.us-east-1,ncbi.public,gs.us-east1",SRX20997284,USA,North America,USA: Iowa,Illumina NovaSeq 6000,rna-seq_liver_training_male_2w_biological_rep5_vial_90450016803,PAIRED,PolyA,TRANSCRIPTOMIC,Rattus norvegicus,ILLUMINA,2023-09-30T00:00:00Z,2023-07-12T20:52:00Z,1,liver_training_male_2w_biological_rep5_vial_90450016803,male,SRP448906,fischer 344,Liver Powder,Training - 2 weeks,90450016803
SRR25251260,6 months,RNA-Seq,210,6984946500,PRJNA908279,SAMN36364660,Model organism or animal,2318217239,STANFORD UNIVERSITY,2019-01-30,public,"sra,fastq,run.zq","gs,s3,ncbi","ncbi.public,s3.us-east-1,gs.us-east1",SRX20997628,USA,North America,USA: Iowa,Illumina NovaSeq 6000,rna-seq_liver_training_male_2w_biological_rep4_vial_90449016803,PAIRED,PolyA,TRANSCRIPTOMIC,Rattus norvegicus,ILLUMINA,2023-09-30T00:00:00Z,2023-07-12T20:58:00Z,1,liver_training_male_2w_biological_rep4_vial_90449016803,male,SRP448906,fischer 344,Liver Powder,Training - 2 weeks,90449016803
SRR25251261,6 months,RNA-Seq,206,7623957000,PRJNA908279,SAMN36363916,Model organism or animal,2452495244,STANFORD UNIVERSITY,not available,public,"run.zq,fastq,sra","ncbi,gs,s3","ncbi.public,gs.us-east1,s3.us-east-1",SRX20997282,uncalculated,uncalculated,not available,Illumina NovaSeq 6000,rna-seq_skm-gn_male_reference_3_vial_80000885532,PAIRED,PolyA,TRANSCRIPTOMIC,Rattus norvegicus,ILLUMINA,2023-09-30T00:00:00Z,2023-07-12T20:56:00Z,1,skm-gn_male_reference_3_vial_80000885532,male,SRP448906,fischer 344,Gastrocnemius Powder,Reference,80000885532
SRR25251262,6 months,RNA-Seq,206,6909642524,PRJNA908279,SAMN36364788,Model organism or animal,2207816707,STANFORD UNIVERSITY,2018-10-04,public,"run.zq,sra,fastq","s3,ncbi,gs","ncbi.public,gs.us-east1,s3.us-east-1",SRX20997281,USA,North America,USA: Iowa,Illumina NovaSeq 6000,rna-seq_venacv_control_female_8w_biological_rep4_vial_90265016502,PAIRED,PolyA,TRANSCRIPTOMIC,Rattus norvegicus,ILLUMINA,2023-09-30T00:00:00Z,2023-07-12T20:58:00Z,1,venacv_control_female_8w_biological_rep4_vial_90265016502,female,SRP448906,fischer 344,Vena Cava Powder,Control - 8 weeks,90265016502
SRR25251263,6 months,RNA-Seq,206,7427939142,PRJNA908279,SAMN36364787,Model organism or animal,2368202954,STANFORD UNIVERSITY,2018-10-03,public,"sra,fastq,run.zq","ncbi,s3,gs","s3.us-east-1,ncbi.public,gs.us-east1",SRX20997280,USA,North America,USA: Iowa,Illumina NovaSeq 6000,rna-seq_venacv_training_female_8w_biological_rep4_vial_90259016502,PAIRED,PolyA,TRANSCRIPTOMIC,Rattus norvegicus,ILLUMINA,2023-09-30T00:00:00Z,2023-07-12T20:51:00Z,1,venacv_training_female_8w_biological_rep4_vial_90259016502,female,SRP448906,fischer 344,Vena Cava Powder,Training - 8 weeks,90259016502
SRR25251264,6 months,RNA-Seq,206,7356937534,PRJNA908279,SAMN36364786,Model organism or animal,2349161192,STANFORD UNIVERSITY,2018-10-03,public,"run.zq,sra,fastq","s3,ncbi,gs","ncbi.public,gs.us-east1,s3.us-east-1",SRX20997279,USA,North America,USA: Iowa,Illumina NovaSeq 6000,rna-seq_venacv_training_female_8w_biological_rep3_vial_90258016502,PAIRED,PolyA,TRANSCRIPTOMIC,Rattus norvegicus,ILLUMINA,2023-09-30T00:00:00Z,2023-07-12T20:53:00Z,1,venacv_training_female_8w_biological_rep3_vial_90258016502,female,SRP448906,fischer 344,Vena Cava Powder,Training - 8 weeks,90258016502
SRR25251265,6 months,RNA-Seq,206,7471937652,PRJNA908279,SAMN36364785,Model organism or animal,2384956520,STANFORD UNIVERSITY,2018-10-02,public,"run.zq,sra,fastq","ncbi,gs,s3","ncbi.public,s3.us-east-1,gs.us-east1",SRX20997278,USA,North America,USA: Iowa,Illumina NovaSeq 6000,rna-seq_venacv_training_female_8w_biological_rep2_vial_90254016502,PAIRED,PolyA,TRANSCRIPTOMIC,Rattus norvegicus,ILLUMINA,2023-09-30T00:00:00Z,2023-07-12T20:58:00Z,1,venacv_training_female_8w_biological_rep2_vial_90254016502,female,SRP448906,fischer 344,Vena Cava Powder,Training - 8 weeks,90254016502
SRR25251266,6 months,RNA-Seq,206,8729168424,PRJNA908279,SAMN36364784,Model organism or animal,2786369458,STANFORD UNIVERSITY,2018-10-01,public,"run.zq,sra,fastq","s3,gs,ncbi","s3.us-east-1,ncbi.public,gs.us-east1",SRX20997277,USA,North America,USA: Iowa,Illumina NovaSeq 6000,rna-seq_venacv_control_female_8w_biological_rep3_vial_90252016502,PAIRED,PolyA,TRANSCRIPTOMIC,Rattus norvegicus,ILLUMINA,2023-09-30T00:00:00Z,2023-07-12T20:56:00Z,1,venacv_control_female_8w_biological_rep3_vial_90252016502,female,SRP448906,fischer 344,Vena Cava Powder,Control - 8 weeks,90252016502
SRR25251267,6 months,RNA-Seq,206,7314812388,PRJNA908279,SAMN36364783,Model organism or animal,2344109683,STANFORD UNIVERSITY,2018-10-01,public,"run.zq,sra,fastq","gs,ncbi,s3","gs.us-east1,s3.us-east-1,ncbi.public",SRX20997276,USA,North America,USA: Iowa,Illumina NovaSeq 6000,rna-seq_venacv_training_female_8w_biological_rep1_vial_90251016502,PAIRED,PolyA,TRANSCRIPTOMIC,Rattus norvegicus,ILLUMINA,2023-09-30T00:00:00Z,2023-07-12T20:57:00Z,1,venacv_training_female_8w_biological_rep1_vial_90251016502,female,SRP448906,fischer 344,Vena Cava Powder,Training - 8 weeks,90251016502
SRR25251268,6 months,RNA-Seq,206,7725203940,PRJNA908279,SAMN36364782,Model organism or animal,2469880743,STANFORD UNIVERSITY,2018-10-05,public,"fastq,run.zq,sra","gs,s3,ncbi","s3.us-east-1,ncbi.public,gs.us-east1",SRX20997275,USA,North America,USA: Iowa,Illumina NovaSeq 6000,rna-seq_venacv_control_female_8w_biological_rep2_vial_90248016502,PAIRED,PolyA,TRANSCRIPTOMIC,Rattus norvegicus,ILLUMINA,2023-09-30T00:00:00Z,2023-07-12T20:52:00Z,1,venacv_control_female_8w_biological_rep2_vial_90248016502,female,SRP448906,fischer 344,Vena Cava Powder,Control - 8 weeks,90248016502
SRR25251269,6 months,RNA-Seq,206,7074700024,PRJNA908279,SAMN36364781,Model organism or animal,2256865456,STANFORD UNIVERSITY,2018-10-01,public,"fastq,sra,run.zq","s3,ncbi,gs","gs.us-east1,ncbi.public,s3.us-east-1",SRX20997274,USA,North America,USA: Iowa,Illumina NovaSeq 6000,rna-seq_venacv_control_female_8w_biological_rep1_vial_90245016502,PAIRED,PolyA,TRANSCRIPTOMIC,Rattus norvegicus,ILLUMINA,2023-09-30T00:00:00Z,2023-07-12T20:50:00Z,1,venacv_control_female_8w_biological_rep1_vial_90245016502,female,SRP448906,fischer 344,Vena Cava Powder,Control - 8 weeks,90245016502
SRR25251270,6 months,RNA-Seq,206,7316970856,PRJNA908279,SAMN36364780,Model organism or animal,2339805824,STANFORD UNIVERSITY,2018-09-07,public,"run.zq,fastq,sra","gs,ncbi,s3","gs.us-east1,s3.us-east-1,ncbi.public",SRX20997273,USA,North America,USA: Iowa,Illumina NovaSeq 6000,rna-seq_venacv_control_male_8w_biological_rep5_vial_90239016502,PAIRED,PolyA,TRANSCRIPTOMIC,Rattus norvegicus,ILLUMINA,2023-09-30T00:00:00Z,2023-07-12T20:59:00Z,1,venacv_control_male_8w_biological_rep5_vial_90239016502,male,SRP448906,fischer 344,Vena Cava Powder,Control - 8 weeks,90239016502
SRR25251271,6 months,RNA-Seq,206,8102815124,PRJNA908279,SAMN36364779,Model organism or animal,2587967690,STANFORD UNIVERSITY,2018-09-07,public,"fastq,sra,run.zq","s3,ncbi,gs","s3.us-east-1,ncbi.public,gs.us-east1",SRX20997272,USA,North America,USA: Iowa,Illumina NovaSeq 6000,rna-seq_venacv_control_male_8w_biological_rep4_vial_90237016502,PAIRED,PolyA,TRANSCRIPTOMIC,Rattus norvegicus,ILLUMINA,2023-09-30T00:00:00Z,2023-07-12T20:52:00Z,1,venacv_control_male_8w_biological_rep4_vial_90237016502,male,SRP448906,fischer 344,Vena Cava Powder,Control - 8 weeks,90237016502
SRR25251272,6 months,RNA-Seq,210,6506388000,PRJNA908279,SAMN36363996,Model organism or animal,2166081306,STANFORD UNIVERSITY,2018-09-04,public,"fastq,sra,run.zq","ncbi,s3,gs","gs.us-east1,s3.us-east-1,ncbi.public",SRX20997271,USA,North America,USA: Iowa,Illumina NovaSeq 6000,rna-seq_hippoc_training_male_8w_biological_rep3_vial_90223015202,PAIRED,PolyA,TRANSCRIPTOMIC,Rattus norvegicus,ILLUMINA,2023-09-30T00:00:00Z,2023-07-12T20:49:00Z,1,hippoc_training_male_8w_biological_rep3_vial_90223015202,male,SRP448906,fischer 344,Hippocampus Powder,Training - 8 weeks,90223015202
SRR25251273,6 months,RNA-Seq,206,7485346192,PRJNA908279,SAMN36364778,Model organism or animal,2386378477,STANFORD UNIVERSITY,2018-09-06,public,"fastq,run.zq,sra","ncbi,s3,gs","gs.us-east1,ncbi.public,s3.us-east-1",SRX20997270,USA,North America,USA: Iowa,Illumina NovaSeq 6000,rna-seq_venacv_control_male_8w_biological_rep3_vial_90232016502,PAIRED,PolyA,TRANSCRIPTOMIC,Rattus norvegicus,ILLUMINA,2023-09-30T00:00:00Z,2023-07-12T20:52:00Z,1,venacv_control_male_8w_biological_rep3_vial_90232016502,male,SRP448906,fischer 344,Vena Cava Powder,Control - 8 weeks,90232016502
SRR25251274,6 months,RNA-Seq,206,7488061684,PRJNA908279,SAMN36364777,Model organism or animal,2389355981,STANFORD UNIVERSITY,2018-09-05,public,"sra,fastq,run.zq","ncbi,gs,s3","gs.us-east1,ncbi.public,s3.us-east-1",SRX20997269,USA,North America,USA: Iowa,Illumina NovaSeq 6000,rna-seq_venacv_control_male_8w_biological_rep2_vial_90229016502,PAIRED,PolyA,TRANSCRIPTOMIC,Rattus norvegicus,ILLUMINA,2023-09-30T00:00:00Z,2023-07-12T20:54:00Z,1,venacv_control_male_8w_biological_rep2_vial_90229016502,male,SRP448906,fischer 344,Vena Cava Powder,Control - 8 weeks,90229016502
SRR25251275,6 months,RNA-Seq,206,9859322534,PRJNA908279,SAMN36364776,Model organism or animal,3157923117,STANFORD UNIVERSITY,2018-09-05,public,"run.zq,sra,fastq","s3,ncbi,gs","ncbi.public,gs.us-east1,s3.us-east-1",SRX20997268,USA,North America,USA: Iowa,Illumina NovaSeq 6000,rna-seq_venacv_training_male_8w_biological_rep5_vial_90227016502,PAIRED,PolyA,TRANSCRIPTOMIC,Rattus norvegicus,ILLUMINA,2023-09-30T00:00:00Z,2023-07-12T20:59:00Z,1,venacv_training_male_8w_biological_rep5_vial_90227016502,male,SRP448906,fischer 344,Vena Cava Powder,Training - 8 weeks,90227016502
SRR25251276,6 months,RNA-Seq,206,8342593768,PRJNA908279,SAMN36364775,Model organism or animal,2658939793,STANFORD UNIVERSITY,2018-09-05,public,"fastq,run.zq,sra","ncbi,gs,s3","gs.us-east1,s3.us-east-1,ncbi.public",SRX20997267,USA,North America,USA: Iowa,Illumina NovaSeq 6000,rna-seq_venacv_training_male_8w_biological_rep4_vial_90225016502,PAIRED,PolyA,TRANSCRIPTOMIC,Rattus norvegicus,ILLUMINA,2023-09-30T00:00:00Z,2023-07-12T20:55:00Z,1,venacv_training_male_8w_biological_rep4_vial_90225016502,male,SRP448906,fischer 344,Vena Cava Powder,Training - 8 weeks,90225016502
SRR25251277,6 months,RNA-Seq,206,6954808642,PRJNA908279,SAMN36364774,Model organism or animal,2226393575,STANFORD UNIVERSITY,2018-09-04,public,"run.zq,sra,fastq","ncbi,gs,s3","ncbi.public,s3.us-east-1,gs.us-east1",SRX20997266,USA,North America,USA: Iowa,Illumina NovaSeq 6000,rna-seq_venacv_training_male_8w_biological_rep3_vial_90223016502,PAIRED,PolyA,TRANSCRIPTOMIC,Rattus norvegicus,ILLUMINA,2023-09-30T00:00:00Z,2023-07-12T20:52:00Z,1,venacv_training_male_8w_biological_rep3_vial_90223016502,male,SRP448906,fischer 344,Vena Cava Powder,Training - 8 weeks,90223016502
SRR25251278,6 months,RNA-Seq,210,9035897640,PRJNA908279,SAMN36364753,Model organism or animal,2819094032,STANFORD UNIVERSITY,2019-01-21,public,"fastq,run.zq,sra","gs,ncbi,s3","s3.us-east-1,gs.us-east1,ncbi.public",SRX20997265,USA,North America,USA: Iowa,Illumina NovaSeq 6000,rna-seq_wat_training_male_1w_biological_rep3_vial_90423017005,PAIRED,PolyA,TRANSCRIPTOMIC,Rattus norvegicus,ILLUMINA,2023-09-30T00:00:00Z,2023-07-12T20:59:00Z,1,wat_training_male_1w_biological_rep3_vial_90423017005,male,SRP448906,fischer 344,White Adipose Powder,Training - 1 week,90423017005
SRR25251279,6 months,RNA-Seq,210,9425076780,PRJNA908279,SAMN36364752,Model organism or animal,2929106109,STANFORD UNIVERSITY,2019-01-21,public,"sra,fastq,run.zq","s3,ncbi,gs","ncbi.public,gs.us-east1,s3.us-east-1",SRX20997264,USA,North America,USA: Iowa,Illumina NovaSeq 6000,rna-seq_wat_training_male_1w_biological_rep2_vial_90422017005,PAIRED,PolyA,TRANSCRIPTOMIC,Rattus norvegicus,ILLUMINA,2023-09-30T00:00:00Z,2023-07-12T20:59:00Z,1,wat_training_male_1w_biological_rep2_vial_90422017005,male,SRP448906,fischer 344,White Adipose Powder,Training - 1 week,90422017005
SRR25251280,6 months,RNA-Seq,210,8416178190,PRJNA908279,SAMN36364751,Model organism or animal,2618937225,STANFORD UNIVERSITY,2019-01-21,public,"run.zq,fastq,sra","ncbi,s3,gs","ncbi.public,s3.us-east-1,gs.us-east1",SRX20997263,USA,North America,USA: Iowa,Illumina NovaSeq 6000,rna-seq_wat_training_male_1w_biological_rep1_vial_90421017005,PAIRED,PolyA,TRANSCRIPTOMIC,Rattus norvegicus,ILLUMINA,2023-09-30T00:00:00Z,2023-07-12T20:53:00Z,1,wat_training_male_1w_biological_rep1_vial_90421017005,male,SRP448906,fischer 344,White Adipose Powder,Training - 1 week,90421017005
SRR25251283,6 months,RNA-Seq,210,7109638410,PRJNA908279,SAMN36363995,Model organism or animal,2371739435,STANFORD UNIVERSITY,2018-09-04,public,"sra,run.zq,fastq","ncbi,gs,s3","gs.us-east1,s3.us-east-1,ncbi.public",SRX20997260,USA,North America,USA: Iowa,Illumina NovaSeq 6000,rna-seq_hippoc_training_male_8w_biological_rep2_vial_90222015202,PAIRED,PolyA,TRANSCRIPTOMIC,Rattus norvegicus,ILLUMINA,2023-09-30T00:00:00Z,2023-07-12T20:49:00Z,1,hippoc_training_male_8w_biological_rep2_vial_90222015202,male,SRP448906,fischer 344,Hippocampus Powder,Training - 8 weeks,90222015202
SRR25251292,6 months,RNA-Seq,210,7949914980,PRJNA908279,SAMN36364760,Model organism or animal,2481600570,STANFORD UNIVERSITY,2019-01-30,public,"run.zq,sra,fastq","ncbi,s3,gs","s3.us-east-1,ncbi.public,gs.us-east1",SRX20997251,USA,North America,USA: Iowa,Illumina NovaSeq 6000,rna-seq_wat_training_male_2w_biological_rep5_vial_90450017005,PAIRED,PolyA,TRANSCRIPTOMIC,Rattus norvegicus,ILLUMINA,2023-09-30T00:00:00Z,2023-07-12T20:54:00Z,1,wat_training_male_2w_biological_rep5_vial_90450017005,male,SRP448906,fischer 344,White Adipose Powder,Training - 2 weeks,90450017005
SRR25251293,6 months,RNA-Seq,210,7808839500,PRJNA908279,SAMN36364759,Model organism or animal,2429780614,STANFORD UNIVERSITY,2019-01-30,public,"run.zq,fastq,sra","gs,ncbi,s3","s3.us-east-1,ncbi.public,gs.us-east1",SRX20997250,USA,North America,USA: Iowa,Illumina NovaSeq 6000,rna-seq_wat_training_male_2w_biological_rep4_vial_90449017005,PAIRED,PolyA,TRANSCRIPTOMIC,Rattus norvegicus,ILLUMINA,2023-09-30T00:00:00Z,2023-07-12T20:56:00Z,1,wat_training_male_2w_biological_rep4_vial_90449017005,male,SRP448906,fischer 344,White Adipose Powder,Training - 2 weeks,90449017005
SRR25251294,6 months,RNA-Seq,210,6601547820,PRJNA908279,SAMN36363994,Model organism or animal,2201270681,STANFORD UNIVERSITY,2018-09-03,public,"fastq,run.zq,sra","ncbi,gs,s3","s3.us-east-1,ncbi.public,gs.us-east1",SRX20997249,USA,North America,USA: Iowa,Illumina NovaSeq 6000,rna-seq_hippoc_training_male_8w_biological_rep1_vial_90218015202,PAIRED,PolyA,TRANSCRIPTOMIC,Rattus norvegicus,ILLUMINA,2023-09-30T00:00:00Z,2023-07-12T20:54:00Z,1,hippoc_training_male_8w_biological_rep1_vial_90218015202,male,SRP448906,fischer 344,Hippocampus Powder,Training - 8 weeks,90218015202
SRR25251295,6 months,RNA-Seq,210,7874110230,PRJNA908279,SAMN36364758,Model organism or animal,2452730911,STANFORD UNIVERSITY,2019-01-29,public,"fastq,sra,run.zq","s3,gs,ncbi","s3.us-east-1,gs.us-east1,ncbi.public",SRX20997248,USA,North America,USA: Iowa,Illumina NovaSeq 6000,rna-seq_wat_training_male_2w_biological_rep3_vial_90444017005,PAIRED,PolyA,TRANSCRIPTOMIC,Rattus norvegicus,ILLUMINA,2023-09-30T00:00:00Z,2023-07-12T20:57:00Z,1,wat_training_male_2w_biological_rep3_vial_90444017005,male,SRP448906,fischer 344,White Adipose Powder,Training - 2 weeks,90444017005
SRR25251296,6 months,RNA-Seq,210,8730145200,PRJNA908279,SAMN36364757,Model organism or animal,2720310438,STANFORD UNIVERSITY,2019-01-29,public,"run.zq,sra,fastq","ncbi,gs,s3","ncbi.public,s3.us-east-1,gs.us-east1",SRX20997247,USA,North America,USA: Iowa,Illumina NovaSeq 6000,rna-seq_wat_training_male_2w_biological_rep2_vial_90441017005,PAIRED,PolyA,TRANSCRIPTOMIC,Rattus norvegicus,ILLUMINA,2023-09-30T00:00:00Z,2023-07-12T20:59:00Z,1,wat_training_male_2w_biological_rep2_vial_90441017005,male,SRP448906,fischer 344,White Adipose Powder,Training - 2 weeks,90441017005
SRR25251297,6 months,RNA-Seq,210,9712548930,PRJNA908279,SAMN36364756,Model organism or animal,3024164922,STANFORD UNIVERSITY,2019-01-28,public,"sra,run.zq,fastq","gs,s3,ncbi","ncbi.public,s3.us-east-1,gs.us-east1",SRX20997246,USA,North America,USA: Iowa,Illumina NovaSeq 6000,rna-seq_wat_training_male_2w_biological_rep1_vial_90439017005,PAIRED,PolyA,TRANSCRIPTOMIC,Rattus norvegicus,ILLUMINA,2023-09-30T00:00:00Z,2023-07-12T20:57:00Z,1,wat_training_male_2w_biological_rep1_vial_90439017005,male,SRP448906,fischer 344,White Adipose Powder,Training - 2 weeks,90439017005
SRR25251298,6 months,RNA-Seq,210,8523117330,PRJNA908279,SAMN36364755,Model organism or animal,2658999036,STANFORD UNIVERSITY,2019-01-22,public,"fastq,sra,run.zq","s3,ncbi,gs","gs.us-east1,s3.us-east-1,ncbi.public",SRX20997245,USA,North America,USA: Iowa,Illumina NovaSeq 6000,rna-seq_wat_training_male_1w_biological_rep5_vial_90430017005,PAIRED,PolyA,TRANSCRIPTOMIC,Rattus norvegicus,ILLUMINA,2023-09-30T00:00:00Z,2023-07-12T20:58:00Z,1,wat_training_male_1w_biological_rep5_vial_90430017005,male,SRP448906,fischer 344,White Adipose Powder,Training - 1 week,90430017005
SRR25251299,6 months,RNA-Seq,210,8092277760,PRJNA908279,SAMN36364754,Model organism or animal,2520840095,STANFORD UNIVERSITY,2019-01-22,public,"run.zq,fastq,sra","ncbi,gs,s3","s3.us-east-1,gs.us-east1,ncbi.public",SRX20997244,USA,North America,USA: Iowa,Illumina NovaSeq 6000,rna-seq_wat_training_male_1w_biological_rep4_vial_90426017005,PAIRED,PolyA,TRANSCRIPTOMIC,Rattus norvegicus,ILLUMINA,2023-09-30T00:00:00Z,2023-07-12T20:59:00Z,1,wat_training_male_1w_biological_rep4_vial_90426017005,male,SRP448906,fischer 344,White Adipose Powder,Training - 1 week,90426017005
SRR25251300,6 months,RNA-Seq,210,9401143500,PRJNA908279,SAMN36364733,Model organism or animal,2915129002,STANFORD UNIVERSITY,2018-10-01,public,"sra,fastq,run.zq","ncbi,gs,s3","s3.us-east-1,ncbi.public,gs.us-east1",SRX20997243,USA,North America,USA: Iowa,Illumina NovaSeq 6000,rna-seq_wat_training_female_8w_biological_rep1_vial_90251017005,PAIRED,PolyA,TRANSCRIPTOMIC,Rattus norvegicus,ILLUMINA,2023-09-30T00:00:00Z,2023-07-12T20:57:00Z,1,wat_training_female_8w_biological_rep1_vial_90251017005,female,SRP448906,fischer 344,White Adipose Powder,Training - 8 weeks,90251017005
SRR25251301,6 months,RNA-Seq,210,7744647330,PRJNA908279,SAMN36364732,Model organism or animal,2419362247,STANFORD UNIVERSITY,2018-10-05,public,"fastq,sra,run.zq","gs,s3,ncbi","s3.us-east-1,gs.us-east1,ncbi.public",SRX20997242,USA,North America,USA: Iowa,Illumina NovaSeq 6000,rna-seq_wat_control_female_8w_biological_rep2_vial_90248017005,PAIRED,PolyA,TRANSCRIPTOMIC,Rattus norvegicus,ILLUMINA,2023-09-30T00:00:00Z,2023-07-12T20:56:00Z,1,wat_control_female_8w_biological_rep2_vial_90248017005,female,SRP448906,fischer 344,White Adipose Powder,Control - 8 weeks,90248017005
SRR25251302,6 months,RNA-Seq,210,7878377640,PRJNA908279,SAMN36364731,Model organism or animal,2451585707,STANFORD UNIVERSITY,2018-10-01,public,"fastq,sra,run.zq","gs,s3,ncbi","ncbi.public,s3.us-east-1,gs.us-east1",SRX20997241,USA,North America,USA: Iowa,Illumina NovaSeq 6000,rna-seq_wat_control_female_8w_biological_rep1_vial_90245017005,PAIRED,PolyA,TRANSCRIPTOMIC,Rattus norvegicus,ILLUMINA,2023-09-30T00:00:00Z,2023-07-12T20:58:00Z,1,wat_control_female_8w_biological_rep1_vial_90245017005,female,SRP448906,fischer 344,White Adipose Powder,Control - 8 weeks,90245017005
SRR25251305,6 months,RNA-Seq,210,7586462730,PRJNA908279,SAMN36363993,Model organism or animal,2532170276,STANFORD UNIVERSITY,2018-09-03,public,"sra,run.zq,fastq","gs,ncbi,s3","gs.us-east1,s3.us-east-1,ncbi.public",SRX20997238,USA,North America,USA: Iowa,Illumina NovaSeq 6000,rna-seq_hippoc_control_male_8w_biological_rep1_vial_90217015202,PAIRED,PolyA,TRANSCRIPTOMIC,Rattus norvegicus,ILLUMINA,2023-09-30T00:00:00Z,2023-07-12T20:56:00Z,1,hippoc_control_male_8w_biological_rep1_vial_90217015202,male,SRP448906,fischer 344,Hippocampus Powder,Control - 8 weeks,90217015202
SRR25251313,6 months,RNA-Seq,210,8156393280,PRJNA908279,SAMN36363941,Model organism or animal,2545816116,STANFORD UNIVERSITY,not available,public,"fastq,sra,run.zq","s3,ncbi,gs","gs.us-east1,ncbi.public,s3.us-east-1",SRX20997231,uncalculated,uncalculated,not available,Illumina NovaSeq 6000,rna-seq_wat_male_reference_10_vial_80004887012,PAIRED,PolyA,TRANSCRIPTOMIC,Rattus norvegicus,ILLUMINA,2023-09-30T00:00:00Z,2023-07-12T20:56:00Z,1,wat_male_reference_10_vial_80004887012,male,SRP448906,fischer 344,White Adipose Powder,Reference,80004887012
SRR25251314,6 months,RNA-Seq,206,7105819002,PRJNA908279,SAMN36364247,Model organism or animal,2391973944,STANFORD UNIVERSITY,2018-09-05,public,"fastq,sra,run.zq","s3,gs,ncbi","ncbi.public,gs.us-east1,s3.us-east-1",SRX20997230,USA,North America,USA: Iowa,Illumina NovaSeq 6000,rna-seq_heart_training_male_8w_biological_rep4_vial_90225015803,PAIRED,PolyA,TRANSCRIPTOMIC,Rattus norvegicus,ILLUMINA,2023-09-30T00:00:00Z,2023-07-12T20:55:00Z,1,heart_training_male_8w_biological_rep4_vial_90225015803,male,SRP448906,fischer 344,Heart Powder,Training - 8 weeks,90225015803
SRR25251315,6 months,RNA-Seq,206,8047107780,PRJNA908279,SAMN36364246,Model organism or animal,2701997144,STANFORD UNIVERSITY,2018-09-04,public,"run.zq,fastq,sra","gs,ncbi,s3","s3.us-east-1,ncbi.public,gs.us-east1",SRX20997229,USA,North America,USA: Iowa,Illumina NovaSeq 6000,rna-seq_heart_training_male_8w_biological_rep3_vial_90223015803,PAIRED,PolyA,TRANSCRIPTOMIC,Rattus norvegicus,ILLUMINA,2023-09-30T00:00:00Z,2023-07-12T20:56:00Z,1,heart_training_male_8w_biological_rep3_vial_90223015803,male,SRP448906,fischer 344,Heart Powder,Training - 8 weeks,90223015803
SRR25251316,6 months,RNA-Seq,206,7176807838,PRJNA908279,SAMN36364262,Model organism or animal,2407331514,STANFORD UNIVERSITY,2018-10-04,public,"run.zq,fastq,sra","ncbi,gs,s3","s3.us-east-1,gs.us-east1,ncbi.public",SRX20997228,USA,North America,USA: Iowa,Illumina NovaSeq 6000,rna-seq_heart_training_female_8w_biological_rep5_vial_90267015803,PAIRED,PolyA,TRANSCRIPTOMIC,Rattus norvegicus,ILLUMINA,2023-09-30T00:00:00Z,2023-07-12T20:50:00Z,1,heart_training_female_8w_biological_rep5_vial_90267015803,female,SRP448906,fischer 344,Heart Powder,Training - 8 weeks,90267015803
SRR25251317,6 months,RNA-Seq,206,8061733986,PRJNA908279,SAMN36364261,Model organism or animal,2724508326,STANFORD UNIVERSITY,2018-10-04,public,"run.zq,sra,fastq","gs,ncbi,s3","gs.us-east1,s3.us-east-1,ncbi.public",SRX20997227,USA,North America,USA: Iowa,Illumina NovaSeq 6000,rna-seq_heart_control_female_8w_biological_rep5_vial_90266015803,PAIRED,PolyA,TRANSCRIPTOMIC,Rattus norvegicus,ILLUMINA,2023-09-30T00:00:00Z,2023-07-12T20:59:00Z,1,heart_control_female_8w_biological_rep5_vial_90266015803,female,SRP448906,fischer 344,Heart Powder,Control - 8 weeks,90266015803
SRR25251318,6 months,RNA-Seq,206,8941719224,PRJNA908279,SAMN36364260,Model organism or animal,2985486868,STANFORD UNIVERSITY,2018-10-04,public,"run.zq,sra,fastq","s3,ncbi,gs","s3.us-east-1,ncbi.public,gs.us-east1",SRX20997226,USA,North America,USA: Iowa,Illumina NovaSeq 6000,rna-seq_heart_control_female_8w_biological_rep4_vial_90265015803,PAIRED,PolyA,TRANSCRIPTOMIC,Rattus norvegicus,ILLUMINA,2023-09-30T00:00:00Z,2023-07-12T20:59:00Z,1,heart_control_female_8w_biological_rep4_vial_90265015803,female,SRP448906,fischer 344,Heart Powder,Control - 8 weeks,90265015803
SRR25251319,6 months,RNA-Seq,206,6951444868,PRJNA908279,SAMN36364259,Model organism or animal,2321856053,STANFORD UNIVERSITY,2018-10-03,public,"sra,run.zq,fastq","gs,s3,ncbi","ncbi.public,s3.us-east-1,gs.us-east1",SRX20997225,USA,North America,USA: Iowa,Illumina NovaSeq 6000,rna-seq_heart_training_female_8w_biological_rep4_vial_90259015803,PAIRED,PolyA,TRANSCRIPTOMIC,Rattus norvegicus,ILLUMINA,2023-09-30T00:00:00Z,2023-07-12T21:00:00Z,1,heart_training_female_8w_biological_rep4_vial_90259015803,female,SRP448906,fischer 344,Heart Powder,Training - 8 weeks,90259015803
SRR25251320,6 months,RNA-Seq,206,6778698006,PRJNA908279,SAMN36364258,Model organism or animal,2275408205,STANFORD UNIVERSITY,2018-10-03,public,"sra,run.zq,fastq","gs,ncbi,s3","gs.us-east1,s3.us-east-1,ncbi.public",SRX20997224,USA,North America,USA: Iowa,Illumina NovaSeq 6000,rna-seq_heart_training_female_8w_biological_rep3_vial_90258015803,PAIRED,PolyA,TRANSCRIPTOMIC,Rattus norvegicus,ILLUMINA,2023-09-30T00:00:00Z,2023-07-12T20:57:00Z,1,heart_training_female_8w_biological_rep3_vial_90258015803,female,SRP448906,fischer 344,Heart Powder,Training - 8 weeks,90258015803
SRR25251322,6 months,RNA-Seq,206,7824501708,PRJNA908279,SAMN36364257,Model organism or animal,2614417905,STANFORD UNIVERSITY,2018-10-02,public,"sra,fastq,run.zq","ncbi,s3,gs","s3.us-east-1,gs.us-east1,ncbi.public",SRX20997222,USA,North America,USA: Iowa,Illumina NovaSeq 6000,rna-seq_heart_training_female_8w_biological_rep2_vial_90254015803,PAIRED,PolyA,TRANSCRIPTOMIC,Rattus norvegicus,ILLUMINA,2023-09-30T00:00:00Z,2023-07-12T20:56:00Z,1,heart_training_female_8w_biological_rep2_vial_90254015803,female,SRP448906,fischer 344,Heart Powder,Training - 8 weeks,90254015803
SRR25251323,6 months,RNA-Seq,206,7378165216,PRJNA908279,SAMN36364256,Model organism or animal,2476877772,STANFORD UNIVERSITY,2018-10-01,public,"fastq,sra,run.zq","gs,s3,ncbi","s3.us-east-1,gs.us-east1,ncbi.public",SRX20997221,USA,North America,USA: Iowa,Illumina NovaSeq 6000,rna-seq_heart_control_female_8w_biological_rep3_vial_90252015803,PAIRED,PolyA,TRANSCRIPTOMIC,Rattus norvegicus,ILLUMINA,2023-09-30T00:00:00Z,2023-07-12T20:59:00Z,1,heart_control_female_8w_biological_rep3_vial_90252015803,female,SRP448906,fischer 344,Heart Powder,Control - 8 weeks,90252015803
SRR25251324,6 months,RNA-Seq,206,7617922024,PRJNA908279,SAMN36364255,Model organism or animal,2560766457,STANFORD UNIVERSITY,2018-10-01,public,"sra,fastq,run.zq","s3,gs,ncbi","ncbi.public,gs.us-east1,s3.us-east-1",SRX20997220,USA,North America,USA: Iowa,Illumina NovaSeq 6000,rna-seq_heart_training_female_8w_biological_rep1_vial_90251015803,PAIRED,PolyA,TRANSCRIPTOMIC,Rattus norvegicus,ILLUMINA,2023-09-30T00:00:00Z,2023-07-12T20:58:00Z,1,heart_training_female_8w_biological_rep1_vial_90251015803,female,SRP448906,fischer 344,Heart Powder,Training - 8 weeks,90251015803
SRR25251325,6 months,RNA-Seq,206,7659910798,PRJNA908279,SAMN36364254,Model organism or animal,2557074694,STANFORD UNIVERSITY,2018-10-05,public,"run.zq,fastq,sra","s3,gs,ncbi","ncbi.public,s3.us-east-1,gs.us-east1",SRX20997219,USA,North America,USA: Iowa,Illumina NovaSeq 6000,rna-seq_heart_control_female_8w_biological_rep2_vial_90248015803,PAIRED,PolyA,TRANSCRIPTOMIC,Rattus norvegicus,ILLUMINA,2023-09-30T00:00:00Z,2023-07-12T20:56:00Z,1,heart_control_female_8w_biological_rep2_vial_90248015803,female,SRP448906,fischer 344,Heart Powder,Control - 8 weeks,90248015803
SRR25251326,6 months,RNA-Seq,206,8198054898,PRJNA908279,SAMN36364253,Model organism or animal,2739998280,STANFORD UNIVERSITY,2018-10-01,public,"sra,run.zq,fastq","s3,ncbi,gs","ncbi.public,gs.us-east1,s3.us-east-1",SRX20997218,USA,North America,USA: Iowa,Illumina NovaSeq 6000,rna-seq_heart_control_female_8w_biological_rep1_vial_90245015803,PAIRED,PolyA,TRANSCRIPTOMIC,Rattus norvegicus,ILLUMINA,2023-09-30T00:00:00Z,2023-07-12T20:57:00Z,1,heart_control_female_8w_biological_rep1_vial_90245015803,female,SRP448906,fischer 344,Heart Powder,Control - 8 weeks,90245015803
SRR25251327,6 months,RNA-Seq,206,8884810900,PRJNA908279,SAMN36364252,Model organism or animal,2984564107,STANFORD UNIVERSITY,2018-09-07,public,"fastq,run.zq,sra","s3,ncbi,gs","s3.us-east-1,ncbi.public,gs.us-east1",SRX20997217,USA,North America,USA: Iowa,Illumina NovaSeq 6000,rna-seq_heart_control_male_8w_biological_rep5_vial_90239015803,PAIRED,PolyA,TRANSCRIPTOMIC,Rattus norvegicus,ILLUMINA,2023-09-30T00:00:00Z,2023-07-12T20:57:00Z,1,heart_control_male_8w_biological_rep5_vial_90239015803,male,SRP448906,fischer 344,Heart Powder,Control - 8 weeks,90239015803
SRR25251328,6 months,RNA-Seq,206,7785668236,PRJNA908279,SAMN36364251,Model organism or animal,2596190333,STANFORD UNIVERSITY,2018-09-07,public,"fastq,run.zq,sra","ncbi,s3,gs","gs.us-east1,s3.us-east-1,ncbi.public",SRX20997216,USA,North America,USA: Iowa,Illumina NovaSeq 6000,rna-seq_heart_control_male_8w_biological_rep4_vial_90237015803,PAIRED,PolyA,TRANSCRIPTOMIC,Rattus norvegicus,ILLUMINA,2023-09-30T00:00:00Z,2023-07-12T20:56:00Z,1,heart_control_male_8w_biological_rep4_vial_90237015803,male,SRP448906,fischer 344,Heart Powder,Control - 8 weeks,90237015803
SRR25251329,6 months,RNA-Seq,206,8009609600,PRJNA908279,SAMN36364250,Model organism or animal,2688516079,STANFORD UNIVERSITY,2018-09-06,public,"run.zq,fastq,sra","ncbi,gs,s3","s3.us-east-1,ncbi.public,gs.us-east1",SRX20997215,USA,North America,USA: Iowa,Illumina NovaSeq 6000,rna-seq_heart_control_male_8w_biological_rep3_vial_90232015803,PAIRED,PolyA,TRANSCRIPTOMIC,Rattus norvegicus,ILLUMINA,2023-09-30T00:00:00Z,2023-07-12T20:56:00Z,1,heart_control_male_8w_biological_rep3_vial_90232015803,male,SRP448906,fischer 344,Heart Powder,Control - 8 weeks,90232015803
SRR25251330,6 months,RNA-Seq,206,8472472648,PRJNA908279,SAMN36364249,Model organism or animal,2841395564,STANFORD UNIVERSITY,2018-09-05,public,"run.zq,fastq,sra","gs,ncbi,s3","s3.us-east-1,ncbi.public,gs.us-east1",SRX20997214,USA,North America,USA: Iowa,Illumina NovaSeq 6000,rna-seq_heart_control_male_8w_biological_rep2_vial_90229015803,PAIRED,PolyA,TRANSCRIPTOMIC,Rattus norvegicus,ILLUMINA,2023-09-30T00:00:00Z,2023-07-12T20:54:00Z,1,heart_control_male_8w_biological_rep2_vial_90229015803,male,SRP448906,fischer 344,Heart Powder,Control - 8 weeks,90229015803
SRR25251331,6 months,RNA-Seq,206,7798497298,PRJNA908279,SAMN36364248,Model organism or animal,2636244232,STANFORD UNIVERSITY,2018-09-05,public,"fastq,run.zq,sra","gs,ncbi,s3","gs.us-east1,ncbi.public,s3.us-east-1",SRX20997213,USA,North America,USA: Iowa,Illumina NovaSeq 6000,rna-seq_heart_training_male_8w_biological_rep5_vial_90227015803,PAIRED,PolyA,TRANSCRIPTOMIC,Rattus norvegicus,ILLUMINA,2023-09-30T00:00:00Z,2023-07-12T20:57:00Z,1,heart_training_male_8w_biological_rep5_vial_90227015803,male,SRP448906,fischer 344,Heart Powder,Training - 8 weeks,90227015803
SRR25251332,6 months,RNA-Seq,210,6886691070,PRJNA908279,SAMN36364227,Model organism or animal,2286183598,STANFORD UNIVERSITY,2019-01-22,public,"sra,fastq,run.zq","gs,s3,ncbi","ncbi.public,s3.us-east-1,gs.us-east1",SRX20997212,USA,North America,USA: Iowa,Illumina NovaSeq 6000,rna-seq_skm-vl_training_male_1w_biological_rep5_vial_90430015603,PAIRED,PolyA,TRANSCRIPTOMIC,Rattus norvegicus,ILLUMINA,2023-09-30T00:00:00Z,2023-07-12T20:57:00Z,1,skm-vl_training_male_1w_biological_rep5_vial_90430015603,male,SRP448906,fischer 344,Vastus Lateralis Powder,Training - 1 week,90430015603
SRR25251333,6 months,RNA-Seq,210,7224124740,PRJNA908279,SAMN36364204,Model organism or animal,2414136194,STANFORD UNIVERSITY,2018-10-05,public,"fastq,sra,run.zq","s3,ncbi,gs","s3.us-east-1,gs.us-east1,ncbi.public",SRX20997210,USA,North America,USA: Iowa,Illumina NovaSeq 6000,rna-seq_skm-vl_control_female_8w_biological_rep2_vial_90248015603,PAIRED,PolyA,TRANSCRIPTOMIC,Rattus norvegicus,ILLUMINA,2023-09-30T00:00:00Z,2023-07-12T20:58:00Z,1,skm-vl_control_female_8w_biological_rep2_vial_90248015603,female,SRP448906,fischer 344,Vastus Lateralis Powder,Control - 8 weeks,90248015603
SRR25251334,6 months,RNA-Seq,210,7826702310,PRJNA908279,SAMN36364203,Model organism or animal,2594967246,STANFORD UNIVERSITY,2018-10-01,public,"fastq,sra,run.zq","gs,ncbi,s3","gs.us-east1,s3.us-east-1,ncbi.public",SRX20997209,USA,North America,USA: Iowa,Illumina NovaSeq 6000,rna-seq_skm-vl_control_female_8w_biological_rep1_vial_90245015603,PAIRED,PolyA,TRANSCRIPTOMIC,Rattus norvegicus,ILLUMINA,2023-09-30T00:00:00Z,2023-07-12T21:01:00Z,1,skm-vl_control_female_8w_biological_rep1_vial_90245015603,female,SRP448906,fischer 344,Vastus Lateralis Powder,Control - 8 weeks,90245015603
SRR25251335,6 months,RNA-Seq,210,7906813110,PRJNA908279,SAMN36364202,Model organism or animal,2630151693,STANFORD UNIVERSITY,2018-09-07,public,"fastq,run.zq,sra","ncbi,gs,s3","s3.us-east-1,ncbi.public,gs.us-east1",SRX20997208,USA,North America,USA: Iowa,Illumina NovaSeq 6000,rna-seq_skm-vl_control_male_8w_biological_rep5_vial_90239015603,PAIRED,PolyA,TRANSCRIPTOMIC,Rattus norvegicus,ILLUMINA,2023-09-30T00:00:00Z,2023-07-12T21:00:00Z,1,skm-vl_control_male_8w_biological_rep5_vial_90239015603,male,SRP448906,fischer 344,Vastus Lateralis Powder,Control - 8 weeks,90239015603
SRR25251336,6 months,RNA-Seq,210,6717602220,PRJNA908279,SAMN36364201,Model organism or animal,2228035056,STANFORD UNIVERSITY,2018-09-07,public,"run.zq,sra,fastq","gs,s3,ncbi","gs.us-east1,ncbi.public,s3.us-east-1",SRX20997207,USA,North America,USA: Iowa,Illumina NovaSeq 6000,rna-seq_skm-vl_control_male_8w_biological_rep4_vial_90237015603,PAIRED,PolyA,TRANSCRIPTOMIC,Rattus norvegicus,ILLUMINA,2023-09-30T00:00:00Z,2023-07-12T20:52:00Z,1,skm-vl_control_male_8w_biological_rep4_vial_90237015603,male,SRP448906,fischer 344,Vastus Lateralis Powder,Control - 8 weeks,90237015603
SRR25251337,6 months,RNA-Seq,210,6553574370,PRJNA908279,SAMN36364200,Model organism or animal,2192030048,STANFORD UNIVERSITY,2018-09-06,public,"fastq,run.zq,sra","s3,gs,ncbi","ncbi.public,s3.us-east-1,gs.us-east1",SRX20997206,USA,North America,USA: Iowa,Illumina NovaSeq 6000,rna-seq_skm-vl_control_male_8w_biological_rep3_vial_90232015603,PAIRED,PolyA,TRANSCRIPTOMIC,Rattus norvegicus,ILLUMINA,2023-09-30T00:00:00Z,2023-07-12T20:50:00Z,1,skm-vl_control_male_8w_biological_rep3_vial_90232015603,male,SRP448906,fischer 344,Vastus Lateralis Powder,Control - 8 weeks,90232015603
SRR25251338,6 months,RNA-Seq,210,9565841040,PRJNA908279,SAMN36364199,Model organism or animal,3190212717,STANFORD UNIVERSITY,2018-09-05,public,"fastq,sra,run.zq","gs,s3,ncbi","gs.us-east1,s3.us-east-1,ncbi.public",SRX20997205,USA,North America,USA: Iowa,Illumina NovaSeq 6000,rna-seq_skm-vl_control_male_8w_biological_rep2_vial_90229015603,PAIRED,PolyA,TRANSCRIPTOMIC,Rattus norvegicus,ILLUMINA,2023-09-30T00:00:00Z,2023-07-12T20:59:00Z,1,skm-vl_control_male_8w_biological_rep2_vial_90229015603,male,SRP448906,fischer 344,Vastus Lateralis Powder,Control - 8 weeks,90229015603
SRR25251339,6 months,RNA-Seq,210,6658586970,PRJNA908279,SAMN36364198,Model organism or animal,2217211283,STANFORD UNIVERSITY,2018-09-05,public,"fastq,sra,run.zq","ncbi,gs,s3","s3.us-east-1,gs.us-east1,ncbi.public",SRX20997204,USA,North America,USA: Iowa,Illumina NovaSeq 6000,rna-seq_skm-vl_training_male_8w_biological_rep5_vial_90227015603,PAIRED,PolyA,TRANSCRIPTOMIC,Rattus norvegicus,ILLUMINA,2023-09-30T00:00:00Z,2023-07-12T20:55:00Z,1,skm-vl_training_male_8w_biological_rep5_vial_90227015603,male,SRP448906,fischer 344,Vastus Lateralis Powder,Training - 8 weeks,90227015603
SRR25251340,6 months,RNA-Seq,210,6401104290,PRJNA908279,SAMN36364197,Model organism or animal,2137663786,STANFORD UNIVERSITY,2018-09-05,public,"run.zq,fastq,sra","gs,ncbi,s3","s3.us-east-1,ncbi.public,gs.us-east1",SRX20997203,USA,North America,USA: Iowa,Illumina NovaSeq 6000,rna-seq_skm-vl_training_male_8w_biological_rep4_vial_90225015603,PAIRED,PolyA,TRANSCRIPTOMIC,Rattus norvegicus,ILLUMINA,2023-09-30T00:00:00Z,2023-07-12T20:48:00Z,1,skm-vl_training_male_8w_biological_rep4_vial_90225015603,male,SRP448906,fischer 344,Vastus Lateralis Powder,Training - 8 weeks,90225015603
SRR25251341,6 months,RNA-Seq,210,6622616070,PRJNA908279,SAMN36364196,Model organism or animal,2205484141,STANFORD UNIVERSITY,2018-09-04,public,"run.zq,fastq,sra","s3,ncbi,gs","ncbi.public,gs.us-east1,s3.us-east-1",SRX20997202,USA,North America,USA: Iowa,Illumina NovaSeq 6000,rna-seq_skm-vl_training_male_8w_biological_rep3_vial_90223015603,PAIRED,PolyA,TRANSCRIPTOMIC,Rattus norvegicus,ILLUMINA,2023-09-30T00:00:00Z,2023-07-12T20:50:00Z,1,skm-vl_training_male_8w_biological_rep3_vial_90223015603,male,SRP448906,fischer 344,Vastus Lateralis Powder,Training - 8 weeks,90223015603
SRR25251342,6 months,RNA-Seq,210,8407792050,PRJNA908279,SAMN36363936,Model organism or animal,2792604539,STANFORD UNIVERSITY,not available,public,"sra,run.zq,fastq","s3,gs,ncbi","gs.us-east1,s3.us-east-1,ncbi.public",SRX20997196,uncalculated,uncalculated,not available,Illumina NovaSeq 6000,rna-seq_liver_male_reference_8_vial_80002886809,PAIRED,PolyA,TRANSCRIPTOMIC,Rattus norvegicus,ILLUMINA,2023-09-30T00:00:00Z,2023-07-12T20:57:00Z,1,liver_male_reference_8_vial_80002886809,male,SRP448906,fischer 344,Liver Powder,Reference,80002886809
SRR25251343,6 months,RNA-Seq,210,6981174060,PRJNA908279,SAMN36364195,Model organism or animal,2325472511,STANFORD UNIVERSITY,2018-09-04,public,"fastq,run.zq,sra","ncbi,s3,gs","ncbi.public,s3.us-east-1,gs.us-east1",SRX20997201,USA,North America,USA: Iowa,Illumina NovaSeq 6000,rna-seq_skm-vl_training_male_8w_biological_rep2_vial_90222015603,PAIRED,PolyA,TRANSCRIPTOMIC,Rattus norvegicus,ILLUMINA,2023-09-30T00:00:00Z,2023-07-12T20:49:00Z,1,skm-vl_training_male_8w_biological_rep2_vial_90222015603,male,SRP448906,fischer 344,Vastus Lateralis Powder,Training - 8 weeks,90222015603
SRR25251344,6 months,RNA-Seq,210,7138154520,PRJNA908279,SAMN36364194,Model organism or animal,2384754296,STANFORD UNIVERSITY,2018-09-03,public,"run.zq,fastq,sra","ncbi,s3,gs","s3.us-east-1,ncbi.public,gs.us-east1",SRX20997200,USA,North America,USA: Iowa,Illumina NovaSeq 6000,rna-seq_skm-vl_training_male_8w_biological_rep1_vial_90218015603,PAIRED,PolyA,TRANSCRIPTOMIC,Rattus norvegicus,ILLUMINA,2023-09-30T00:00:00Z,2023-07-12T20:56:00Z,1,skm-vl_training_male_8w_biological_rep1_vial_90218015603,male,SRP448906,fischer 344,Vastus Lateralis Powder,Training - 8 weeks,90218015603
SRR25251345,6 months,RNA-Seq,210,6972332640,PRJNA908279,SAMN36364193,Model organism or animal,2310710911,STANFORD UNIVERSITY,2018-09-03,public,"sra,fastq,run.zq","ncbi,gs,s3","s3.us-east-1,gs.us-east1,ncbi.public",SRX20997199,USA,North America,USA: Iowa,Illumina NovaSeq 6000,rna-seq_skm-vl_control_male_8w_biological_rep1_vial_90217015603,PAIRED,PolyA,TRANSCRIPTOMIC,Rattus norvegicus,ILLUMINA,2023-09-30T00:00:00Z,2023-07-12T20:51:00Z,1,skm-vl_control_male_8w_biological_rep1_vial_90217015603,male,SRP448906,fischer 344,Vastus Lateralis Powder,Control - 8 weeks,90217015603
SRR25251354,6 months,RNA-Seq,210,6867985950,PRJNA908279,SAMN36364659,Model organism or animal,2268543300,STANFORD UNIVERSITY,2019-01-29,public,"run.zq,sra,fastq","s3,ncbi,gs","gs.us-east1,s3.us-east-1,ncbi.public",SRX20997626,USA,North America,USA: Iowa,Illumina NovaSeq 6000,rna-seq_liver_training_male_2w_biological_rep3_vial_90444016803,PAIRED,PolyA,TRANSCRIPTOMIC,Rattus norvegicus,ILLUMINA,2023-09-30T00:00:00Z,2023-07-12T20:53:00Z,1,liver_training_male_2w_biological_rep3_vial_90444016803,male,SRP448906,fischer 344,Liver Powder,Training - 2 weeks,90444016803
SRR25251355,6 months,RNA-Seq,210,6832519470,PRJNA908279,SAMN36364658,Model organism or animal,2266764208,STANFORD UNIVERSITY,2019-01-29,public,"run.zq,fastq,sra","s3,ncbi,gs","gs.us-east1,ncbi.public,s3.us-east-1",SRX20997625,USA,North America,USA: Iowa,Illumina NovaSeq 6000,rna-seq_liver_training_male_2w_biological_rep2_vial_90441016803,PAIRED,PolyA,TRANSCRIPTOMIC,Rattus norvegicus,ILLUMINA,2023-09-30T00:00:00Z,2023-07-12T20:53:00Z,1,liver_training_male_2w_biological_rep2_vial_90441016803,male,SRP448906,fischer 344,Liver Powder,Training - 2 weeks,90441016803
SRR25251356,6 months,RNA-Seq,210,6999009150,PRJNA908279,SAMN36364657,Model organism or animal,2316706871,STANFORD UNIVERSITY,2019-01-28,public,"fastq,sra,run.zq","s3,gs,ncbi","s3.us-east-1,ncbi.public,gs.us-east1",SRX20997624,USA,North America,USA: Iowa,Illumina NovaSeq 6000,rna-seq_liver_training_male_2w_biological_rep1_vial_90439016803,PAIRED,PolyA,TRANSCRIPTOMIC,Rattus norvegicus,ILLUMINA,2023-09-30T00:00:00Z,2023-07-12T20:56:00Z,1,liver_training_male_2w_biological_rep1_vial_90439016803,male,SRP448906,fischer 344,Liver Powder,Training - 2 weeks,90439016803
SRR25251357,6 months,RNA-Seq,210,7357506030,PRJNA908279,SAMN36364656,Model organism or animal,2433833958,STANFORD UNIVERSITY,2019-01-22,public,"sra,fastq,run.zq","s3,gs,ncbi","s3.us-east-1,ncbi.public,gs.us-east1",SRX20997623,USA,North America,USA: Iowa,Illumina NovaSeq 6000,rna-seq_liver_training_male_1w_biological_rep5_vial_90430016803,PAIRED,PolyA,TRANSCRIPTOMIC,Rattus norvegicus,ILLUMINA,2023-09-30T00:00:00Z,2023-07-12T20:57:00Z,1,liver_training_male_1w_biological_rep5_vial_90430016803,male,SRP448906,fischer 344,Liver Powder,Training - 1 week,90430016803
SRR25251358,6 months,RNA-Seq,210,7433413260,PRJNA908279,SAMN36364655,Model organism or animal,2446457170,STANFORD UNIVERSITY,2019-01-22,public,"fastq,sra,run.zq","ncbi,gs,s3","s3.us-east-1,gs.us-east1,ncbi.public",SRX20997622,USA,North America,USA: Iowa,Illumina NovaSeq 6000,rna-seq_liver_training_male_1w_biological_rep4_vial_90426016803,PAIRED,PolyA,TRANSCRIPTOMIC,Rattus norvegicus,ILLUMINA,2023-09-30T00:00:00Z,2023-07-12T21:00:00Z,1,liver_training_male_1w_biological_rep4_vial_90426016803,male,SRP448906,fischer 344,Liver Powder,Training - 1 week,90426016803
SRR25251359,6 months,RNA-Seq,210,7445558190,PRJNA908279,SAMN36364654,Model organism or animal,2454686568,STANFORD UNIVERSITY,2019-01-21,public,"sra,fastq,run.zq","gs,ncbi,s3","s3.us-east-1,ncbi.public,gs.us-east1",SRX20997621,USA,North America,USA: Iowa,Illumina NovaSeq 6000,rna-seq_liver_training_male_1w_biological_rep3_vial_90423016803,PAIRED,PolyA,TRANSCRIPTOMIC,Rattus norvegicus,ILLUMINA,2023-09-30T00:00:00Z,2023-07-12T20:59:00Z,1,liver_training_male_1w_biological_rep3_vial_90423016803,male,SRP448906,fischer 344,Liver Powder,Training - 1 week,90423016803
SRR25251360,6 months,RNA-Seq,210,7059472770,PRJNA908279,SAMN36364653,Model organism or animal,2347076782,STANFORD UNIVERSITY,2019-01-21,public,"sra,fastq,run.zq","s3,gs,ncbi","gs.us-east1,ncbi.public,s3.us-east-1",SRX20997620,USA,North America,USA: Iowa,Illumina NovaSeq 6000,rna-seq_liver_training_male_1w_biological_rep2_vial_90422016803,PAIRED,PolyA,TRANSCRIPTOMIC,Rattus norvegicus,ILLUMINA,2023-09-30T00:00:00Z,2023-07-12T20:49:00Z,1,liver_training_male_1w_biological_rep2_vial_90422016803,male,SRP448906,fischer 344,Liver Powder,Training - 1 week,90422016803
SRR25251361,6 months,RNA-Seq,210,6915590430,PRJNA908279,SAMN36364652,Model organism or animal,2279853977,STANFORD UNIVERSITY,2019-01-21,public,"run.zq,fastq,sra","s3,ncbi,gs","s3.us-east-1,gs.us-east1,ncbi.public",SRX20997619,USA,North America,USA: Iowa,Illumina NovaSeq 6000,rna-seq_liver_training_male_1w_biological_rep1_vial_90421016803,PAIRED,PolyA,TRANSCRIPTOMIC,Rattus norvegicus,ILLUMINA,2023-09-30T00:00:00Z,2023-07-12T21:02:00Z,1,liver_training_male_1w_biological_rep1_vial_90421016803,male,SRP448906,fischer 344,Liver Powder,Training - 1 week,90421016803
SRR25251368,6 months,RNA-Seq,210,7767693360,PRJNA908279,SAMN36364646,Model organism or animal,2567598519,STANFORD UNIVERSITY,2018-11-15,public,"run.zq,fastq,sra","s3,ncbi,gs","s3.us-east-1,ncbi.public,gs.us-east1",SRX20997612,USA,North America,USA: Iowa,Illumina NovaSeq 6000,rna-seq_liver_training_male_4w_biological_rep5_vial_90292016803,PAIRED,PolyA,TRANSCRIPTOMIC,Rattus norvegicus,ILLUMINA,2023-09-30T00:00:00Z,2023-07-12T20:57:00Z,1,liver_training_male_4w_biological_rep5_vial_90292016803,male,SRP448906,fischer 344,Liver Powder,Training - 4 weeks,90292016803
SRR25251369,6 months,RNA-Seq,210,7209501390,PRJNA908279,SAMN36364645,Model organism or animal,2387518535,STANFORD UNIVERSITY,2018-11-15,public,"fastq,run.zq,sra","s3,gs,ncbi","gs.us-east1,s3.us-east-1,ncbi.public",SRX20997611,USA,North America,USA: Iowa,Illumina NovaSeq 6000,rna-seq_liver_training_male_4w_biological_rep4_vial_90289016803,PAIRED,PolyA,TRANSCRIPTOMIC,Rattus norvegicus,ILLUMINA,2023-09-30T00:00:00Z,2023-07-12T20:49:00Z,1,liver_training_male_4w_biological_rep4_vial_90289016803,male,SRP448906,fischer 344,Liver Powder,Training - 4 weeks,90289016803
SRR25251370,6 months,RNA-Seq,210,6893161380,PRJNA908279,SAMN36364624,Model organism or animal,2282831953,STANFORD UNIVERSITY,2018-09-04,public,"sra,fastq,run.zq","gs,s3,ncbi","s3.us-east-1,gs.us-east1,ncbi.public",SRX20997610,USA,North America,USA: Iowa,Illumina NovaSeq 6000,rna-seq_liver_training_male_8w_biological_rep2_vial_90222016803,PAIRED,PolyA,TRANSCRIPTOMIC,Rattus norvegicus,ILLUMINA,2023-09-30T00:00:00Z,2023-07-12T20:54:00Z,1,liver_training_male_8w_biological_rep2_vial_90222016803,male,SRP448906,fischer 344,Liver Powder,Training - 8 weeks,90222016803
SRR25251371,6 months,RNA-Seq,210,6157250190,PRJNA908279,SAMN36364623,Model organism or animal,2034558555,STANFORD UNIVERSITY,2018-09-03,public,"sra,fastq,run.zq","gs,ncbi,s3","ncbi.public,gs.us-east1,s3.us-east-1",SRX20997609,USA,North America,USA: Iowa,Illumina NovaSeq 6000,rna-seq_liver_training_male_8w_biological_rep1_vial_90218016803,PAIRED,PolyA,TRANSCRIPTOMIC,Rattus norvegicus,ILLUMINA,2023-09-30T00:00:00Z,2023-07-12T21:01:00Z,1,liver_training_male_8w_biological_rep1_vial_90218016803,male,SRP448906,fischer 344,Liver Powder,Training - 8 weeks,90218016803
SRR25251372,6 months,RNA-Seq,210,8626935450,PRJNA908279,SAMN36364622,Model organism or animal,2861491861,STANFORD UNIVERSITY,2018-09-03,public,"sra,fastq,run.zq","ncbi,s3,gs","gs.us-east1,s3.us-east-1,ncbi.public",SRX20997608,USA,North America,USA: Iowa,Illumina NovaSeq 6000,rna-seq_liver_control_male_8w_biological_rep1_vial_90217016803,PAIRED,PolyA,TRANSCRIPTOMIC,Rattus norvegicus,ILLUMINA,2023-09-30T00:00:00Z,2023-07-12T20:59:00Z,1,liver_control_male_8w_biological_rep1_vial_90217016803,male,SRP448906,fischer 344,Liver Powder,Control - 8 weeks,90217016803
SRR25251373,6 months,RNA-Seq,210,7112385840,PRJNA908279,SAMN36364641,Model organism or animal,2349022634,STANFORD UNIVERSITY,2018-10-04,public,"run.zq,fastq,sra","ncbi,gs,s3","gs.us-east1,ncbi.public,s3.us-east-1",SRX20997607,USA,North America,USA: Iowa,Illumina NovaSeq 6000,rna-seq_liver_training_female_8w_biological_rep5_vial_90267016803,PAIRED,PolyA,TRANSCRIPTOMIC,Rattus norvegicus,ILLUMINA,2023-09-30T00:00:00Z,2023-07-12T21:03:00Z,1,liver_training_female_8w_biological_rep5_vial_90267016803,female,SRP448906,fischer 344,Liver Powder,Training - 8 weeks,90267016803
SRR25251374,6 months,RNA-Seq,210,7091209860,PRJNA908279,SAMN36364640,Model organism or animal,2357470438,STANFORD UNIVERSITY,2018-10-04,public,"sra,fastq,run.zq","s3,ncbi,gs","gs.us-east1,s3.us-east-1,ncbi.public",SRX20997606,USA,North America,USA: Iowa,Illumina NovaSeq 6000,rna-seq_liver_control_female_8w_biological_rep5_vial_90266016803,PAIRED,PolyA,TRANSCRIPTOMIC,Rattus norvegicus,ILLUMINA,2023-09-30T00:00:00Z,2023-07-12T20:49:00Z,1,liver_control_female_8w_biological_rep5_vial_90266016803,female,SRP448906,fischer 344,Liver Powder,Control - 8 weeks,90266016803
SRR25251375,6 months,RNA-Seq,206,7038099180,PRJNA908279,SAMN36363982,Model organism or animal,2282397186,STANFORD UNIVERSITY,2019-01-30,public,"sra,fastq,run.zq","ncbi,gs,s3","gs.us-east1,ncbi.public,s3.us-east-1",SRX20997605,USA,North America,USA: Iowa,Illumina NovaSeq 6000,rna-seq_blood_training_male_2w_biological_rep5_vial_90450013001,PAIRED,PolyA,TRANSCRIPTOMIC,Rattus norvegicus,ILLUMINA,2023-09-30T00:00:00Z,2023-07-12T20:50:00Z,1,blood_training_male_2w_biological_rep5_vial_90450013001,male,SRP448906,fischer 344,PaxGene RNA,Training - 2 weeks,90450013001
SRR25251376,6 months,RNA-Seq,210,7520824500,PRJNA908279,SAMN36364639,Model organism or animal,2476993697,STANFORD UNIVERSITY,2018-10-04,public,"run.zq,fastq,sra","gs,s3,ncbi","s3.us-east-1,ncbi.public,gs.us-east1",SRX20997604,USA,North America,USA: Iowa,Illumina NovaSeq 6000,rna-seq_liver_control_female_8w_biological_rep4_vial_90265016803,PAIRED,PolyA,TRANSCRIPTOMIC,Rattus norvegicus,ILLUMINA,2023-09-30T00:00:00Z,2023-07-12T20:59:00Z,1,liver_control_female_8w_biological_rep4_vial_90265016803,female,SRP448906,fischer 344,Liver Powder,Control - 8 weeks,90265016803
SRR25251377,6 months,RNA-Seq,210,7290648960,PRJNA908279,SAMN36364638,Model organism or animal,2416526085,STANFORD UNIVERSITY,2018-10-03,public,"sra,fastq,run.zq","gs,ncbi,s3","ncbi.public,s3.us-east-1,gs.us-east1",SRX20997603,USA,North America,USA: Iowa,Illumina NovaSeq 6000,rna-seq_liver_training_female_8w_biological_rep4_vial_90259016803,PAIRED,PolyA,TRANSCRIPTOMIC,Rattus norvegicus,ILLUMINA,2023-09-30T00:00:00Z,2023-07-12T20:56:00Z,1,liver_training_female_8w_biological_rep4_vial_90259016803,female,SRP448906,fischer 344,Liver Powder,Training - 8 weeks,90259016803
SRR25251378,6 months,RNA-Seq,210,7146295800,PRJNA908279,SAMN36364637,Model organism or animal,2371449984,STANFORD UNIVERSITY,2018-10-03,public,"run.zq,fastq,sra","s3,gs,ncbi","ncbi.public,gs.us-east1,s3.us-east-1",SRX20997602,USA,North America,USA: Iowa,Illumina NovaSeq 6000,rna-seq_liver_training_female_8w_biological_rep3_vial_90258016803,PAIRED,PolyA,TRANSCRIPTOMIC,Rattus norvegicus,ILLUMINA,2023-09-30T00:00:00Z,2023-07-12T20:51:00Z,1,liver_training_female_8w_biological_rep3_vial_90258016803,female,SRP448906,fischer 344,Liver Powder,Training - 8 weeks,90258016803
SRR25251379,6 months,RNA-Seq,210,7630481460,PRJNA908279,SAMN36364636,Model organism or animal,2529877283,STANFORD UNIVERSITY,2018-10-02,public,"sra,run.zq,fastq","ncbi,gs,s3","gs.us-east1,ncbi.public,s3.us-east-1",SRX20997601,USA,North America,USA: Iowa,Illumina NovaSeq 6000,rna-seq_liver_training_female_8w_biological_rep2_vial_90254016803,PAIRED,PolyA,TRANSCRIPTOMIC,Rattus norvegicus,ILLUMINA,2023-09-30T00:00:00Z,2023-07-12T20:58:00Z,1,liver_training_female_8w_biological_rep2_vial_90254016803,female,SRP448906,fischer 344,Liver Powder,Training - 8 weeks,90254016803
SRR25251380,6 months,RNA-Seq,210,6185259570,PRJNA908279,SAMN36364635,Model organism or animal,2042558674,STANFORD UNIVERSITY,2018-10-01,public,"fastq,run.zq,sra","gs,s3,ncbi","s3.us-east-1,gs.us-east1,ncbi.public",SRX20997600,USA,North America,USA: Iowa,Illumina NovaSeq 6000,rna-seq_liver_control_female_8w_biological_rep3_vial_90252016803,PAIRED,PolyA,TRANSCRIPTOMIC,Rattus norvegicus,ILLUMINA,2023-09-30T00:00:00Z,2023-07-12T20:46:00Z,1,liver_control_female_8w_biological_rep3_vial_90252016803,female,SRP448906,fischer 344,Liver Powder,Control - 8 weeks,90252016803
SRR25251381,6 months,RNA-Seq,210,7236185880,PRJNA908279,SAMN36364634,Model organism or animal,2393223497,STANFORD UNIVERSITY,2018-10-01,public,"fastq,sra,run.zq","ncbi,s3,gs","ncbi.public,gs.us-east1,s3.us-east-1",SRX20997599,USA,North America,USA: Iowa,Illumina NovaSeq 6000,rna-seq_liver_training_female_8w_biological_rep1_vial_90251016803,PAIRED,PolyA,TRANSCRIPTOMIC,Rattus norvegicus,ILLUMINA,2023-09-30T00:00:00Z,2023-07-12T20:57:00Z,1,liver_training_female_8w_biological_rep1_vial_90251016803,female,SRP448906,fischer 344,Liver Powder,Training - 8 weeks,90251016803
SRR25251382,6 months,RNA-Seq,210,6632843910,PRJNA908279,SAMN36364633,Model organism or animal,2201524024,STANFORD UNIVERSITY,2018-10-05,public,"run.zq,fastq,sra","s3,gs,ncbi","s3.us-east-1,ncbi.public,gs.us-east1",SRX20997598,USA,North America,USA: Iowa,Illumina NovaSeq 6000,rna-seq_liver_control_female_8w_biological_rep2_vial_90248016803,PAIRED,PolyA,TRANSCRIPTOMIC,Rattus norvegicus,ILLUMINA,2023-09-30T00:00:00Z,2023-07-12T21:07:00Z,1,liver_control_female_8w_biological_rep2_vial_90248016803,female,SRP448906,fischer 344,Liver Powder,Control - 8 weeks,90248016803
SRR25251383,6 months,RNA-Seq,210,7165783380,PRJNA908279,SAMN36364632,Model organism or animal,2365369167,STANFORD UNIVERSITY,2018-10-01,public,"run.zq,fastq,sra","gs,s3,ncbi","s3.us-east-1,gs.us-east1,ncbi.public",SRX20997597,USA,North America,USA: Iowa,Illumina NovaSeq 6000,rna-seq_liver_control_female_8w_biological_rep1_vial_90245016803,PAIRED,PolyA,TRANSCRIPTOMIC,Rattus norvegicus,ILLUMINA,2023-09-30T00:00:00Z,2023-07-12T20:51:00Z,1,liver_control_female_8w_biological_rep1_vial_90245016803,female,SRP448906,fischer 344,Liver Powder,Control - 8 weeks,90245016803
SRR25251384,6 months,RNA-Seq,210,5758388580,PRJNA908279,SAMN36364631,Model organism or animal,1907298277,STANFORD UNIVERSITY,2018-09-07,public,"run.zq,sra,fastq","s3,gs,ncbi","ncbi.public,gs.us-east1,s3.us-east-1",SRX20997596,USA,North America,USA: Iowa,Illumina NovaSeq 6000,rna-seq_liver_control_male_8w_biological_rep5_vial_90239016803,PAIRED,PolyA,TRANSCRIPTOMIC,Rattus norvegicus,ILLUMINA,2023-09-30T00:00:00Z,2023-07-12T20:51:00Z,1,liver_control_male_8w_biological_rep5_vial_90239016803,male,SRP448906,fischer 344,Liver Powder,Control - 8 weeks,90239016803
SRR25251385,6 months,RNA-Seq,210,6020604450,PRJNA908279,SAMN36364630,Model organism or animal,1992873727,STANFORD UNIVERSITY,2018-09-07,public,"fastq,run.zq,sra","s3,ncbi,gs","s3.us-east-1,gs.us-east1,ncbi.public",SRX20997595,USA,North America,USA: Iowa,Illumina NovaSeq 6000,rna-seq_liver_control_male_8w_biological_rep4_vial_90237016803,PAIRED,PolyA,TRANSCRIPTOMIC,Rattus norvegicus,ILLUMINA,2023-09-30T00:00:00Z,2023-07-12T20:51:00Z,1,liver_control_male_8w_biological_rep4_vial_90237016803,male,SRP448906,fischer 344,Liver Powder,Control - 8 weeks,90237016803
SRR25251386,6 months,RNA-Seq,206,6812437098,PRJNA908279,SAMN36363981,Model organism or animal,2197135209,STANFORD UNIVERSITY,2019-01-30,public,"run.zq,sra,fastq","s3,gs,ncbi","gs.us-east1,ncbi.public,s3.us-east-1",SRX20997594,USA,North America,USA: Iowa,Illumina NovaSeq 6000,rna-seq_blood_training_male_2w_biological_rep4_vial_90449013001,PAIRED,PolyA,TRANSCRIPTOMIC,Rattus norvegicus,ILLUMINA,2023-09-30T00:00:00Z,2023-07-12T20:51:00Z,1,blood_training_male_2w_biological_rep4_vial_90449013001,male,SRP448906,fischer 344,PaxGene RNA,Training - 2 weeks,90449013001
SRR25251387,6 months,RNA-Seq,210,6786906000,PRJNA908279,SAMN36364629,Model organism or animal,2251084980,STANFORD UNIVERSITY,2018-09-06,public,"sra,fastq,run.zq","s3,ncbi,gs","ncbi.public,gs.us-east1,s3.us-east-1",SRX20997593,USA,North America,USA: Iowa,Illumina NovaSeq 6000,rna-seq_liver_control_male_8w_biological_rep3_vial_90232016803,PAIRED,PolyA,TRANSCRIPTOMIC,Rattus norvegicus,ILLUMINA,2023-09-30T00:00:00Z,2023-07-12T20:48:00Z,1,liver_control_male_8w_biological_rep3_vial_90232016803,male,SRP448906,fischer 344,Liver Powder,Control - 8 weeks,90232016803
SRR25251388,6 months,RNA-Seq,210,7838244960,PRJNA908279,SAMN36364628,Model organism or animal,2606335607,STANFORD UNIVERSITY,2018-09-05,public,"fastq,run.zq,sra","s3,ncbi,gs","ncbi.public,s3.us-east-1,gs.us-east1",SRX20997592,USA,North America,USA: Iowa,Illumina NovaSeq 6000,rna-seq_liver_control_male_8w_biological_rep2_vial_90229016803,PAIRED,PolyA,TRANSCRIPTOMIC,Rattus norvegicus,ILLUMINA,2023-09-30T00:00:00Z,2023-07-12T21:04:00Z,1,liver_control_male_8w_biological_rep2_vial_90229016803,male,SRP448906,fischer 344,Liver Powder,Control - 8 weeks,90229016803
SRR25251389,6 months,RNA-Seq,210,7473313470,PRJNA908279,SAMN36364627,Model organism or animal,2477380336,STANFORD UNIVERSITY,2018-09-05,public,"fastq,sra,run.zq","gs,s3,ncbi","ncbi.public,s3.us-east-1,gs.us-east1",SRX20997591,USA,North America,USA: Iowa,Illumina NovaSeq 6000,rna-seq_liver_training_male_8w_biological_rep5_vial_90227016803,PAIRED,PolyA,TRANSCRIPTOMIC,Rattus norvegicus,ILLUMINA,2023-09-30T00:00:00Z,2023-07-12T20:57:00Z,1,liver_training_male_8w_biological_rep5_vial_90227016803,male,SRP448906,fischer 344,Liver Powder,Training - 8 weeks,90227016803
SRR25251390,6 months,RNA-Seq,210,7043257200,PRJNA908279,SAMN36364626,Model organism or animal,2333655769,STANFORD UNIVERSITY,2018-09-05,public,"run.zq,fastq,sra","gs,ncbi,s3","gs.us-east1,ncbi.public,s3.us-east-1",SRX20997590,USA,North America,USA: Iowa,Illumina NovaSeq 6000,rna-seq_liver_training_male_8w_biological_rep4_vial_90225016803,PAIRED,PolyA,TRANSCRIPTOMIC,Rattus norvegicus,ILLUMINA,2023-09-30T00:00:00Z,2023-07-12T20:47:00Z,1,liver_training_male_8w_biological_rep4_vial_90225016803,male,SRP448906,fischer 344,Liver Powder,Training - 8 weeks,90225016803
SRR25251391,6 months,RNA-Seq,210,7006606320,PRJNA908279,SAMN36364625,Model organism or animal,2319169377,STANFORD UNIVERSITY,2018-09-04,public,"run.zq,sra,fastq","gs,s3,ncbi","s3.us-east-1,gs.us-east1,ncbi.public",SRX20997589,USA,North America,USA: Iowa,Illumina NovaSeq 6000,rna-seq_liver_training_male_8w_biological_rep3_vial_90223016803,PAIRED,PolyA,TRANSCRIPTOMIC,Rattus norvegicus,ILLUMINA,2023-09-30T00:00:00Z,2023-07-12T20:50:00Z,1,liver_training_male_8w_biological_rep3_vial_90223016803,male,SRP448906,fischer 344,Liver Powder,Training - 8 weeks,90223016803
SRR25251392,6 months,RNA-Seq,206,6569514894,PRJNA908279,SAMN36364606,Model organism or animal,2106380274,STANFORD UNIVERSITY,2019-01-22,public,"sra,fastq,run.zq","ncbi,gs,s3","s3.us-east-1,gs.us-east1,ncbi.public",SRX20997588,USA,North America,USA: Iowa,Illumina NovaSeq 6000,rna-seq_smlint_training_male_1w_biological_rep5_vial_90430016702,PAIRED,PolyA,TRANSCRIPTOMIC,Rattus norvegicus,ILLUMINA,2023-09-30T00:00:00Z,2023-07-12T20:48:00Z,1,smlint_training_male_1w_biological_rep5_vial_90430016702,male,SRP448906,fischer 344,Small Intestine Powder,Training - 1 week,90430016702
SRR25251393,6 months,RNA-Seq,206,6782801732,PRJNA908279,SAMN36364605,Model organism or animal,2173169716,STANFORD UNIVERSITY,2019-01-22,public,"run.zq,sra,fastq","gs,s3,ncbi","gs.us-east1,ncbi.public,s3.us-east-1",SRX20997587,USA,North America,USA: Iowa,Illumina NovaSeq 6000,rna-seq_smlint_training_male_1w_biological_rep4_vial_90426016702,PAIRED,PolyA,TRANSCRIPTOMIC,Rattus norvegicus,ILLUMINA,2023-09-30T00:00:00Z,2023-07-12T20:50:00Z,1,smlint_training_male_1w_biological_rep4_vial_90426016702,male,SRP448906,fischer 344,Small Intestine Powder,Training - 1 week,90426016702
SRR25251394,6 months,RNA-Seq,206,8935954520,PRJNA908279,SAMN36364604,Model organism or animal,2856423475,STANFORD UNIVERSITY,2019-01-21,public,"sra,fastq,run.zq","s3,gs,ncbi","ncbi.public,s3.us-east-1,gs.us-east1",SRX20997586,USA,North America,USA: Iowa,Illumina NovaSeq 6000,rna-seq_smlint_training_male_1w_biological_rep3_vial_90423016702,PAIRED,PolyA,TRANSCRIPTOMIC,Rattus norvegicus,ILLUMINA,2023-09-30T00:00:00Z,2023-07-12T20:55:00Z,1,smlint_training_male_1w_biological_rep3_vial_90423016702,male,SRP448906,fischer 344,Small Intestine Powder,Training - 1 week,90423016702
SRR25251395,6 months,RNA-Seq,206,7593369502,PRJNA908279,SAMN36364603,Model organism or animal,2445585734,STANFORD UNIVERSITY,2019-01-21,public,"fastq,sra,run.zq","ncbi,gs,s3","s3.us-east-1,ncbi.public,gs.us-east1",SRX20997585,USA,North America,USA: Iowa,Illumina NovaSeq 6000,rna-seq_smlint_training_male_1w_biological_rep2_vial_90422016702,PAIRED,PolyA,TRANSCRIPTOMIC,Rattus norvegicus,ILLUMINA,2023-09-30T00:00:00Z,2023-07-12T20:57:00Z,1,smlint_training_male_1w_biological_rep2_vial_90422016702,male,SRP448906,fischer 344,Small Intestine Powder,Training - 1 week,90422016702
SRR25251396,6 months,RNA-Seq,206,6930943130,PRJNA908279,SAMN36364602,Model organism or animal,2217080425,STANFORD UNIVERSITY,2019-01-21,public,"fastq,sra,run.zq","ncbi,gs,s3","ncbi.public,s3.us-east-1,gs.us-east1",SRX20997584,USA,North America,USA: Iowa,Illumina NovaSeq 6000,rna-seq_smlint_training_male_1w_biological_rep1_vial_90421016702,PAIRED,PolyA,TRANSCRIPTOMIC,Rattus norvegicus,ILLUMINA,2023-09-30T00:00:00Z,2023-07-12T20:53:00Z,1,smlint_training_male_1w_biological_rep1_vial_90421016702,male,SRP448906,fischer 344,Small Intestine Powder,Training - 1 week,90421016702
SRR25251399,6 months,RNA-Seq,206,6946695332,PRJNA908279,SAMN36363980,Model organism or animal,2240064312,STANFORD UNIVERSITY,2019-01-29,public,"run.zq,sra,fastq","gs,s3,ncbi","ncbi.public,s3.us-east-1,gs.us-east1",SRX20997581,USA,North America,USA: Iowa,Illumina NovaSeq 6000,rna-seq_blood_training_male_2w_biological_rep3_vial_90444013001,PAIRED,PolyA,TRANSCRIPTOMIC,Rattus norvegicus,ILLUMINA,2023-09-30T00:00:00Z,2023-07-12T20:51:00Z,1,blood_training_male_2w_biological_rep3_vial_90444013001,male,SRP448906,fischer 344,PaxGene RNA,Training - 2 weeks,90444013001
SRR25251401,6 months,RNA-Seq,206,6538784638,PRJNA908279,SAMN36364531,Model organism or animal,2092676809,STANFORD UNIVERSITY,2018-09-07,public,"fastq,sra,run.zq","s3,gs,ncbi","ncbi.public,s3.us-east-1,gs.us-east1",SRX20997579,USA,North America,USA: Iowa,Illumina NovaSeq 6000,rna-seq_lung_control_male_8w_biological_rep5_vial_90239016603,PAIRED,PolyA,TRANSCRIPTOMIC,Rattus norvegicus,ILLUMINA,2023-09-30T00:00:00Z,2023-07-12T20:52:00Z,1,lung_control_male_8w_biological_rep5_vial_90239016603,male,SRP448906,fischer 344,Lung Powder,Control - 8 weeks,90239016603
SRR25251402,6 months,RNA-Seq,206,8201031392,PRJNA908279,SAMN36364530,Model organism or animal,2619494468,STANFORD UNIVERSITY,2018-09-07,public,"run.zq,sra,fastq","ncbi,s3,gs","gs.us-east1,ncbi.public,s3.us-east-1",SRX20997578,USA,North America,USA: Iowa,Illumina NovaSeq 6000,rna-seq_lung_control_male_8w_biological_rep4_vial_90237016603,PAIRED,PolyA,TRANSCRIPTOMIC,Rattus norvegicus,ILLUMINA,2023-09-30T00:00:00Z,2023-07-12T21:00:00Z,1,lung_control_male_8w_biological_rep4_vial_90237016603,male,SRP448906,fischer 344,Lung Powder,Control - 8 weeks,90237016603
SRR25251404,6 months,RNA-Seq,206,5749103620,PRJNA908279,SAMN36364529,Model organism or animal,1840909758,STANFORD UNIVERSITY,2018-09-06,public,"sra,fastq,run.zq","ncbi,s3,gs","ncbi.public,s3.us-east-1,gs.us-east1",SRX20997576,USA,North America,USA: Iowa,Illumina NovaSeq 6000,rna-seq_lung_control_male_8w_biological_rep3_vial_90232016603,PAIRED,PolyA,TRANSCRIPTOMIC,Rattus norvegicus,ILLUMINA,2023-09-30T00:00:00Z,2023-07-12T20:47:00Z,1,lung_control_male_8w_biological_rep3_vial_90232016603,male,SRP448906,fischer 344,Lung Powder,Control - 8 weeks,90232016603
SRR25251405,6 months,RNA-Seq,206,8037917502,PRJNA908279,SAMN36364528,Model organism or animal,2577040991,STANFORD UNIVERSITY,2018-09-05,public,"run.zq,sra,fastq","s3,ncbi,gs","gs.us-east1,ncbi.public,s3.us-east-1",SRX20997575,USA,North America,USA: Iowa,Illumina NovaSeq 6000,rna-seq_lung_control_male_8w_biological_rep2_vial_90229016603,PAIRED,PolyA,TRANSCRIPTOMIC,Rattus norvegicus,ILLUMINA,2023-09-30T00:00:00Z,2023-07-12T20:59:00Z,1,lung_control_male_8w_biological_rep2_vial_90229016603,male,SRP448906,fischer 344,Lung Powder,Control - 8 weeks,90229016603
SRR25251406,6 months,RNA-Seq,206,7021260122,PRJNA908279,SAMN36364506,Model organism or animal,2249563646,STANFORD UNIVERSITY,2018-10-04,public,"run.zq,sra,fastq","s3,gs,ncbi","s3.us-east-1,ncbi.public,gs.us-east1",SRX20997574,USA,North America,USA: Iowa,Illumina NovaSeq 6000,rna-seq_ovary_control_female_8w_biological_rep5_vial_90266016402,PAIRED,PolyA,TRANSCRIPTOMIC,Rattus norvegicus,ILLUMINA,2023-09-30T00:00:00Z,2023-07-12T20:57:00Z,1,ovary_control_female_8w_biological_rep5_vial_90266016402,female,SRP448906,fischer 344,Ovaries Powder,Control - 8 weeks,90266016402
SRR25251407,6 months,RNA-Seq,206,8496387600,PRJNA908279,SAMN36364505,Model organism or animal,2721611107,STANFORD UNIVERSITY,2018-10-04,public,"fastq,sra,run.zq","s3,ncbi,gs","gs.us-east1,s3.us-east-1,ncbi.public",SRX20997573,USA,North America,USA: Iowa,Illumina NovaSeq 6000,rna-seq_ovary_control_female_8w_biological_rep4_vial_90265016402,PAIRED,PolyA,TRANSCRIPTOMIC,Rattus norvegicus,ILLUMINA,2023-09-30T00:00:00Z,2023-07-12T20:57:00Z,1,ovary_control_female_8w_biological_rep4_vial_90265016402,female,SRP448906,fischer 344,Ovaries Powder,Control - 8 weeks,90265016402
SRR25251408,6 months,RNA-Seq,206,7453288266,PRJNA908279,SAMN36364524,Model organism or animal,2390792395,STANFORD UNIVERSITY,2018-09-04,public,"run.zq,sra,fastq","gs,ncbi,s3","s3.us-east-1,ncbi.public,gs.us-east1",SRX20997572,USA,North America,USA: Iowa,Illumina NovaSeq 6000,rna-seq_lung_training_male_8w_biological_rep2_vial_90222016603,PAIRED,PolyA,TRANSCRIPTOMIC,Rattus norvegicus,ILLUMINA,2023-09-30T00:00:00Z,2023-07-12T21:00:00Z,1,lung_training_male_8w_biological_rep2_vial_90222016603,male,SRP448906,fischer 344,Lung Powder,Training - 8 weeks,90222016603
SRR25251409,6 months,RNA-Seq,206,5574702784,PRJNA908279,SAMN36364523,Model organism or animal,1785716319,STANFORD UNIVERSITY,2018-09-03,public,"sra,fastq,run.zq","ncbi,gs,s3","s3.us-east-1,gs.us-east1,ncbi.public",SRX20997571,USA,North America,USA: Iowa,Illumina NovaSeq 6000,rna-seq_lung_training_male_8w_biological_rep1_vial_90218016603,PAIRED,PolyA,TRANSCRIPTOMIC,Rattus norvegicus,ILLUMINA,2023-09-30T00:00:00Z,2023-07-12T20:50:00Z,1,lung_training_male_8w_biological_rep1_vial_90218016603,male,SRP448906,fischer 344,Lung Powder,Training - 8 weeks,90218016603
SRR25251410,6 months,RNA-Seq,206,6767822854,PRJNA908279,SAMN36364522,Model organism or animal,2167644083,STANFORD UNIVERSITY,2018-09-03,public,"fastq,run.zq,sra","gs,ncbi,s3","ncbi.public,gs.us-east1,s3.us-east-1",SRX20997570,USA,North America,USA: Iowa,Illumina NovaSeq 6000,rna-seq_lung_control_male_8w_biological_rep1_vial_90217016603,PAIRED,PolyA,TRANSCRIPTOMIC,Rattus norvegicus,ILLUMINA,2023-09-30T00:00:00Z,2023-07-12T20:48:00Z,1,lung_control_male_8w_biological_rep1_vial_90217016603,male,SRP448906,fischer 344,Lung Powder,Control - 8 weeks,90217016603
SRR25251425,6 months,RNA-Seq,206,7057054888,PRJNA908279,SAMN36364575,Model organism or animal,2265559088,STANFORD UNIVERSITY,2018-09-04,public,"run.zq,sra,fastq","gs,ncbi,s3","ncbi.public,s3.us-east-1,gs.us-east1",SRX20997555,USA,North America,USA: Iowa,Illumina NovaSeq 6000,rna-seq_smlint_training_male_8w_biological_rep3_vial_90223016702,PAIRED,PolyA,TRANSCRIPTOMIC,Rattus norvegicus,ILLUMINA,2023-09-30T00:00:00Z,2023-07-12T20:52:00Z,1,smlint_training_male_8w_biological_rep3_vial_90223016702,male,SRP448906,fischer 344,Small Intestine Powder,Training - 8 weeks,90223016702
SRR25251426,6 months,RNA-Seq,206,7249610298,PRJNA908279,SAMN36364574,Model organism or animal,2333964802,STANFORD UNIVERSITY,2018-09-04,public,"fastq,sra,run.zq","ncbi,gs,s3","s3.us-east-1,gs.us-east1,ncbi.public",SRX20997554,USA,North America,USA: Iowa,Illumina NovaSeq 6000,rna-seq_smlint_training_male_8w_biological_rep2_vial_90222016702,PAIRED,PolyA,TRANSCRIPTOMIC,Rattus norvegicus,ILLUMINA,2023-09-30T00:00:00Z,2023-07-12T20:56:00Z,1,smlint_training_male_8w_biological_rep2_vial_90222016702,male,SRP448906,fischer 344,Small Intestine Powder,Training - 8 weeks,90222016702
SRR25251427,6 months,RNA-Seq,206,7024368456,PRJNA908279,SAMN36364573,Model organism or animal,2254351035,STANFORD UNIVERSITY,2018-09-03,public,"fastq,run.zq,sra","gs,s3,ncbi","gs.us-east1,s3.us-east-1,ncbi.public",SRX20997553,USA,North America,USA: Iowa,Illumina NovaSeq 6000,rna-seq_smlint_training_male_8w_biological_rep1_vial_90218016702,PAIRED,PolyA,TRANSCRIPTOMIC,Rattus norvegicus,ILLUMINA,2023-09-30T00:00:00Z,2023-07-12T20:54:00Z,1,smlint_training_male_8w_biological_rep1_vial_90218016702,male,SRP448906,fischer 344,Small Intestine Powder,Training - 8 weeks,90218016702
SRR25251428,6 months,RNA-Seq,206,7817790022,PRJNA908279,SAMN36364572,Model organism or animal,2513142077,STANFORD UNIVERSITY,2018-09-03,public,"sra,fastq,run.zq","s3,gs,ncbi","gs.us-east1,ncbi.public,s3.us-east-1",SRX20997552,USA,North America,USA: Iowa,Illumina NovaSeq 6000,rna-seq_smlint_control_male_8w_biological_rep1_vial_90217016702,PAIRED,PolyA,TRANSCRIPTOMIC,Rattus norvegicus,ILLUMINA,2023-09-30T00:00:00Z,2023-07-12T21:01:00Z,1,smlint_control_male_8w_biological_rep1_vial_90217016702,male,SRP448906,fischer 344,Small Intestine Powder,Control - 8 weeks,90217016702
SRR25251431,6 months,RNA-Seq,206,6369618056,PRJNA908279,SAMN36363975,Model organism or animal,2047829782,STANFORD UNIVERSITY,2019-01-21,public,"run.zq,sra,fastq","s3,gs,ncbi","ncbi.public,s3.us-east-1,gs.us-east1",SRX20997549,USA,North America,USA: Iowa,Illumina NovaSeq 6000,rna-seq_blood_training_male_1w_biological_rep3_vial_90423013002,PAIRED,PolyA,TRANSCRIPTOMIC,Rattus norvegicus,ILLUMINA,2023-09-30T00:00:00Z,2023-07-12T20:53:00Z,1,blood_training_male_1w_biological_rep3_vial_90423013002,male,SRP448906,fischer 344,PaxGene RNA,Training - 1 week,90423013002
SRR25251435,6 months,RNA-Seq,206,8355668794,PRJNA908279,SAMN36364546,Model organism or animal,2665088199,STANFORD UNIVERSITY,2018-11-15,public,"sra,fastq,run.zq","s3,ncbi,gs","ncbi.public,gs.us-east1,s3.us-east-1",SRX20997545,USA,North America,USA: Iowa,Illumina NovaSeq 6000,rna-seq_lung_training_male_4w_biological_rep5_vial_90292016603,PAIRED,PolyA,TRANSCRIPTOMIC,Rattus norvegicus,ILLUMINA,2023-09-30T00:00:00Z,2023-07-12T20:58:00Z,1,lung_training_male_4w_biological_rep5_vial_90292016603,male,SRP448906,fischer 344,Lung Powder,Training - 4 weeks,90292016603
SRR25251436,6 months,RNA-Seq,206,7877783608,PRJNA908279,SAMN36364545,Model organism or animal,2524830460,STANFORD UNIVERSITY,2018-11-15,public,"sra,run.zq,fastq","s3,gs,ncbi","gs.us-east1,s3.us-east-1,ncbi.public",SRX20997544,USA,North America,USA: Iowa,Illumina NovaSeq 6000,rna-seq_lung_training_male_4w_biological_rep4_vial_90289016603,PAIRED,PolyA,TRANSCRIPTOMIC,Rattus norvegicus,ILLUMINA,2023-09-30T00:00:00Z,2023-07-12T20:58:00Z,1,lung_training_male_4w_biological_rep4_vial_90289016603,male,SRP448906,fischer 344,Lung Powder,Training - 4 weeks,90289016603
SRR25251440,6 months,RNA-Seq,206,8963487038,PRJNA908279,SAMN36364561,Model organism or animal,2860499666,STANFORD UNIVERSITY,2019-01-30,public,"sra,run.zq,fastq","gs,s3,ncbi","ncbi.public,gs.us-east1,s3.us-east-1",SRX20997540,USA,North America,USA: Iowa,Illumina NovaSeq 6000,rna-seq_lung_training_male_2w_biological_rep5_vial_90450016603,PAIRED,PolyA,TRANSCRIPTOMIC,Rattus norvegicus,ILLUMINA,2023-09-30T00:00:00Z,2023-07-12T21:02:00Z,1,lung_training_male_2w_biological_rep5_vial_90450016603,male,SRP448906,fischer 344,Lung Powder,Training - 2 weeks,90450016603
SRR25251441,6 months,RNA-Seq,206,7465532082,PRJNA908279,SAMN36364560,Model organism or animal,2392964953,STANFORD UNIVERSITY,2019-01-30,public,"run.zq,fastq,sra","gs,s3,ncbi","ncbi.public,s3.us-east-1,gs.us-east1",SRX20997539,USA,North America,USA: Iowa,Illumina NovaSeq 6000,rna-seq_lung_training_male_2w_biological_rep4_vial_90449016603,PAIRED,PolyA,TRANSCRIPTOMIC,Rattus norvegicus,ILLUMINA,2023-09-30T00:00:00Z,2023-07-12T21:00:00Z,1,lung_training_male_2w_biological_rep4_vial_90449016603,male,SRP448906,fischer 344,Lung Powder,Training - 2 weeks,90449016603
SRR25251442,6 months,RNA-Seq,206,5878233484,PRJNA908279,SAMN36363974,Model organism or animal,1900063945,STANFORD UNIVERSITY,2019-01-21,public,"sra,fastq,run.zq","ncbi,s3,gs","ncbi.public,gs.us-east1,s3.us-east-1",SRX20997538,USA,North America,USA: Iowa,Illumina NovaSeq 6000,rna-seq_blood_training_male_1w_biological_rep2_vial_90422013002,PAIRED,PolyA,TRANSCRIPTOMIC,Rattus norvegicus,ILLUMINA,2023-09-30T00:00:00Z,2023-07-12T20:51:00Z,1,blood_training_male_1w_biological_rep2_vial_90422013002,male,SRP448906,fischer 344,PaxGene RNA,Training - 1 week,90422013002
SRR25251443,6 months,RNA-Seq,206,8573447668,PRJNA908279,SAMN36364559,Model organism or animal,2735765387,STANFORD UNIVERSITY,2019-01-29,public,"sra,fastq,run.zq","gs,ncbi,s3","ncbi.public,s3.us-east-1,gs.us-east1",SRX20997537,USA,North America,USA: Iowa,Illumina NovaSeq 6000,rna-seq_lung_training_male_2w_biological_rep3_vial_90444016603,PAIRED,PolyA,TRANSCRIPTOMIC,Rattus norvegicus,ILLUMINA,2023-09-30T00:00:00Z,2023-07-12T21:00:00Z,1,lung_training_male_2w_biological_rep3_vial_90444016603,male,SRP448906,fischer 344,Lung Powder,Training - 2 weeks,90444016603
SRR25251444,6 months,RNA-Seq,206,8170251902,PRJNA908279,SAMN36364558,Model organism or animal,2621730309,STANFORD UNIVERSITY,2019-01-29,public,"run.zq,fastq,sra","s3,gs,ncbi","gs.us-east1,s3.us-east-1,ncbi.public",SRX20997536,USA,North America,USA: Iowa,Illumina NovaSeq 6000,rna-seq_lung_training_male_2w_biological_rep2_vial_90441016603,PAIRED,PolyA,TRANSCRIPTOMIC,Rattus norvegicus,ILLUMINA,2023-09-30T00:00:00Z,2023-07-12T21:03:00Z,1,lung_training_male_2w_biological_rep2_vial_90441016603,male,SRP448906,fischer 344,Lung Powder,Training - 2 weeks,90441016603
SRR25251445,6 months,RNA-Seq,206,7163953232,PRJNA908279,SAMN36364557,Model organism or animal,2292664644,STANFORD UNIVERSITY,2019-01-28,public,"sra,fastq,run.zq","s3,gs,ncbi","s3.us-east-1,ncbi.public,gs.us-east1",SRX20997535,USA,North America,USA: Iowa,Illumina NovaSeq 6000,rna-seq_lung_training_male_2w_biological_rep1_vial_90439016603,PAIRED,PolyA,TRANSCRIPTOMIC,Rattus norvegicus,ILLUMINA,2023-09-30T00:00:00Z,2023-07-12T20:56:00Z,1,lung_training_male_2w_biological_rep1_vial_90439016603,male,SRP448906,fischer 344,Lung Powder,Training - 2 weeks,90439016603
SRR25251446,6 months,RNA-Seq,206,6517366612,PRJNA908279,SAMN36364556,Model organism or animal,2085186664,STANFORD UNIVERSITY,2019-01-22,public,"sra,fastq,run.zq","gs,ncbi,s3","gs.us-east1,s3.us-east-1,ncbi.public",SRX20997534,USA,North America,USA: Iowa,Illumina NovaSeq 6000,rna-seq_lung_training_male_1w_biological_rep5_vial_90430016603,PAIRED,PolyA,TRANSCRIPTOMIC,Rattus norvegicus,ILLUMINA,2023-09-30T00:00:00Z,2023-07-12T20:48:00Z,1,lung_training_male_1w_biological_rep5_vial_90430016603,male,SRP448906,fischer 344,Lung Powder,Training - 1 week,90430016603
SRR25251447,6 months,RNA-Seq,206,7584981182,PRJNA908279,SAMN36364555,Model organism or animal,2421311291,STANFORD UNIVERSITY,2019-01-22,public,"fastq,run.zq,sra","s3,ncbi,gs","s3.us-east-1,gs.us-east1,ncbi.public",SRX20997533,USA,North America,USA: Iowa,Illumina NovaSeq 6000,rna-seq_lung_training_male_1w_biological_rep4_vial_90426016603,PAIRED,PolyA,TRANSCRIPTOMIC,Rattus norvegicus,ILLUMINA,2023-09-30T00:00:00Z,2023-07-12T20:59:00Z,1,lung_training_male_1w_biological_rep4_vial_90426016603,male,SRP448906,fischer 344,Lung Powder,Training - 1 week,90426016603
SRR25251448,6 months,RNA-Seq,206,8147783482,PRJNA908279,SAMN36364554,Model organism or animal,2593696910,STANFORD UNIVERSITY,2019-01-21,public,"fastq,run.zq,sra","s3,ncbi,gs","gs.us-east1,ncbi.public,s3.us-east-1",SRX20997733,USA,North America,USA: Iowa,Illumina NovaSeq 6000,rna-seq_lung_training_male_1w_biological_rep3_vial_90423016603,PAIRED,PolyA,TRANSCRIPTOMIC,Rattus norvegicus,ILLUMINA,2023-09-30T00:00:00Z,2023-07-12T21:00:00Z,1,lung_training_male_1w_biological_rep3_vial_90423016603,male,SRP448906,fischer 344,Lung Powder,Training - 1 week,90423016603
SRR25251449,6 months,RNA-Seq,206,7259526726,PRJNA908279,SAMN36364357,Model organism or animal,2420268171,STANFORD UNIVERSITY,2019-01-22,public,"fastq,run.zq,sra","s3,ncbi,gs","gs.us-east1,ncbi.public,s3.us-east-1",SRX20997531,USA,North America,USA: Iowa,Illumina NovaSeq 6000,rna-seq_adrnl_training_male_1w_biological_rep5_vial_90430016002,PAIRED,PolyA,TRANSCRIPTOMIC,Rattus norvegicus,ILLUMINA,2023-09-30T00:00:00Z,2023-07-12T20:59:00Z,1,adrnl_training_male_1w_biological_rep5_vial_90430016002,male,SRP448906,fischer 344,Adrenal Powder,Training - 1 week,90430016002
SRR25251450,6 months,RNA-Seq,206,8495498710,PRJNA908279,SAMN36364356,Model organism or animal,2830096941,STANFORD UNIVERSITY,2019-01-22,public,"run.zq,fastq,sra","s3,gs,ncbi","ncbi.public,s3.us-east-1,gs.us-east1",SRX20997530,USA,North America,USA: Iowa,Illumina NovaSeq 6000,rna-seq_adrnl_training_male_1w_biological_rep4_vial_90426016002,PAIRED,PolyA,TRANSCRIPTOMIC,Rattus norvegicus,ILLUMINA,2023-09-30T00:00:00Z,2023-07-12T20:59:00Z,1,adrnl_training_male_1w_biological_rep4_vial_90426016002,male,SRP448906,fischer 344,Adrenal Powder,Training - 1 week,90426016002
SRR25251451,6 months,RNA-Seq,206,6870386546,PRJNA908279,SAMN36364355,Model organism or animal,2281537764,STANFORD UNIVERSITY,2019-01-21,public,"fastq,sra,run.zq","s3,gs,ncbi","s3.us-east-1,gs.us-east1,ncbi.public",SRX20997529,USA,North America,USA: Iowa,Illumina NovaSeq 6000,rna-seq_adrnl_training_male_1w_biological_rep3_vial_90423016002,PAIRED,PolyA,TRANSCRIPTOMIC,Rattus norvegicus,ILLUMINA,2023-09-30T00:00:00Z,2023-07-12T20:50:00Z,1,adrnl_training_male_1w_biological_rep3_vial_90423016002,male,SRP448906,fischer 344,Adrenal Powder,Training - 1 week,90423016002
SRR25251459,6 months,RNA-Seq,206,4804589706,PRJNA908279,SAMN36363953,Model organism or animal,1639495666,STANFORD UNIVERSITY,2018-10-01,public,"run.zq,sra,fastq","s3,ncbi,gs","ncbi.public,s3.us-east-1,gs.us-east1",SRX20997521,USA,North America,USA: Iowa,Illumina NovaSeq 6000,rna-seq_blood_control_female_8w_biological_rep1_vial_90245013002,PAIRED,PolyA,TRANSCRIPTOMIC,Rattus norvegicus,ILLUMINA,2023-09-30T00:00:00Z,2023-07-12T20:51:00Z,1,blood_control_female_8w_biological_rep1_vial_90245013002,female,SRP448906,fischer 344,PaxGene RNA,Control - 8 weeks,90245013002
SRR25251462,6 months,RNA-Seq,206,7462210126,PRJNA908279,SAMN36364325,Model organism or animal,2479720752,STANFORD UNIVERSITY,2018-09-04,public,"sra,run.zq,fastq","gs,ncbi,s3","gs.us-east1,ncbi.public,s3.us-east-1",SRX20997518,USA,North America,USA: Iowa,Illumina NovaSeq 6000,rna-seq_adrnl_training_male_8w_biological_rep2_vial_90222016002,PAIRED,PolyA,TRANSCRIPTOMIC,Rattus norvegicus,ILLUMINA,2023-09-30T00:00:00Z,2023-07-12T20:58:00Z,1,adrnl_training_male_8w_biological_rep2_vial_90222016002,male,SRP448906,fischer 344,Adrenal Powder,Training - 8 weeks,90222016002
SRR25251463,6 months,RNA-Seq,206,6494273394,PRJNA908279,SAMN36364324,Model organism or animal,2175235976,STANFORD UNIVERSITY,2018-09-03,public,"sra,run.zq,fastq","s3,gs,ncbi","s3.us-east-1,ncbi.public,gs.us-east1",SRX20997517,USA,North America,USA: Iowa,Illumina NovaSeq 6000,rna-seq_adrnl_training_male_8w_biological_rep1_vial_90218016002,PAIRED,PolyA,TRANSCRIPTOMIC,Rattus norvegicus,ILLUMINA,2023-09-30T00:00:00Z,2023-07-12T20:49:00Z,1,adrnl_training_male_8w_biological_rep1_vial_90218016002,male,SRP448906,fischer 344,Adrenal Powder,Training - 8 weeks,90218016002
SRR25251464,6 months,RNA-Seq,206,8018870742,PRJNA908279,SAMN36364323,Model organism or animal,2664487321,STANFORD UNIVERSITY,2018-09-03,public,"fastq,sra,run.zq","s3,gs,ncbi","gs.us-east1,ncbi.public,s3.us-east-1",SRX20997516,USA,North America,USA: Iowa,Illumina NovaSeq 6000,rna-seq_adrnl_control_male_8w_biological_rep1_vial_90217016002,PAIRED,PolyA,TRANSCRIPTOMIC,Rattus norvegicus,ILLUMINA,2023-09-30T00:00:00Z,2023-07-12T21:00:00Z,1,adrnl_control_male_8w_biological_rep1_vial_90217016002,male,SRP448906,fischer 344,Adrenal Powder,Control - 8 weeks,90217016002
SRR25251465,6 months,RNA-Seq,206,6563724028,PRJNA908279,SAMN36364342,Model organism or animal,2183347980,STANFORD UNIVERSITY,2018-10-04,public,"fastq,run.zq,sra","gs,ncbi,s3","ncbi.public,gs.us-east1,s3.us-east-1",SRX20997515,USA,North America,USA: Iowa,Illumina NovaSeq 6000,rna-seq_adrnl_training_female_8w_biological_rep5_vial_90267016002,PAIRED,PolyA,TRANSCRIPTOMIC,Rattus norvegicus,ILLUMINA,2023-09-30T00:00:00Z,2023-07-12T20:53:00Z,1,adrnl_training_female_8w_biological_rep5_vial_90267016002,female,SRP448906,fischer 344,Adrenal Powder,Training - 8 weeks,90267016002
SRR25251466,6 months,RNA-Seq,206,8537743130,PRJNA908279,SAMN36364341,Model organism or animal,2863166805,STANFORD UNIVERSITY,2018-10-04,public,"run.zq,fastq,sra","ncbi,gs,s3","s3.us-east-1,ncbi.public,gs.us-east1",SRX20997514,USA,North America,USA: Iowa,Illumina NovaSeq 6000,rna-seq_adrnl_control_female_8w_biological_rep5_vial_90266016002,PAIRED,PolyA,TRANSCRIPTOMIC,Rattus norvegicus,ILLUMINA,2023-09-30T00:00:00Z,2023-07-12T21:01:00Z,1,adrnl_control_female_8w_biological_rep5_vial_90266016002,female,SRP448906,fischer 344,Adrenal Powder,Control - 8 weeks,90266016002
SRR25251467,6 months,RNA-Seq,206,7275532720,PRJNA908279,SAMN36364340,Model organism or animal,2421977217,STANFORD UNIVERSITY,2018-10-04,public,"fastq,run.zq,sra","gs,s3,ncbi","s3.us-east-1,ncbi.public,gs.us-east1",SRX20997513,USA,North America,USA: Iowa,Illumina NovaSeq 6000,rna-seq_adrnl_control_female_8w_biological_rep4_vial_90265016002,PAIRED,PolyA,TRANSCRIPTOMIC,Rattus norvegicus,ILLUMINA,2023-09-30T00:00:00Z,2023-07-12T21:04:00Z,1,adrnl_control_female_8w_biological_rep4_vial_90265016002,female,SRP448906,fischer 344,Adrenal Powder,Control - 8 weeks,90265016002
SRR25251468,6 months,RNA-Seq,206,6237109380,PRJNA908279,SAMN36364339,Model organism or animal,2073468989,STANFORD UNIVERSITY,2018-10-03,public,"sra,fastq,run.zq","gs,s3,ncbi","ncbi.public,gs.us-east1,s3.us-east-1",SRX20997512,USA,North America,USA: Iowa,Illumina NovaSeq 6000,rna-seq_adrnl_training_female_8w_biological_rep4_vial_90259016002,PAIRED,PolyA,TRANSCRIPTOMIC,Rattus norvegicus,ILLUMINA,2023-09-30T00:00:00Z,2023-07-12T20:49:00Z,1,adrnl_training_female_8w_biological_rep4_vial_90259016002,female,SRP448906,fischer 344,Adrenal Powder,Training - 8 weeks,90259016002
SRR25251469,6 months,RNA-Seq,206,7155341402,PRJNA908279,SAMN36364338,Model organism or animal,2384788933,STANFORD UNIVERSITY,2018-10-03,public,"sra,run.zq,fastq","gs,s3,ncbi","gs.us-east1,s3.us-east-1,ncbi.public",SRX20997511,USA,North America,USA: Iowa,Illumina NovaSeq 6000,rna-seq_adrnl_training_female_8w_biological_rep3_vial_90258016002,PAIRED,PolyA,TRANSCRIPTOMIC,Rattus norvegicus,ILLUMINA,2023-09-30T00:00:00Z,2023-07-12T20:53:00Z,1,adrnl_training_female_8w_biological_rep3_vial_90258016002,female,SRP448906,fischer 344,Adrenal Powder,Training - 8 weeks,90258016002
SRR25251470,6 months,RNA-Seq,206,5479817948,PRJNA908279,SAMN36363952,Model organism or animal,1792945100,STANFORD UNIVERSITY,2018-09-07,public,"run.zq,sra,fastq","gs,ncbi,s3","ncbi.public,gs.us-east1,s3.us-east-1",SRX20997510,USA,North America,USA: Iowa,Illumina NovaSeq 6000,rna-seq_blood_control_male_8w_biological_rep5_vial_90239013002,PAIRED,PolyA,TRANSCRIPTOMIC,Rattus norvegicus,ILLUMINA,2023-09-30T00:00:00Z,2023-07-12T20:48:00Z,1,blood_control_male_8w_biological_rep5_vial_90239013002,male,SRP448906,fischer 344,PaxGene RNA,Control - 8 weeks,90239013002
SRR25251471,6 months,RNA-Seq,206,7220805730,PRJNA908279,SAMN36364337,Model organism or animal,2404110651,STANFORD UNIVERSITY,2018-10-02,public,"run.zq,sra,fastq","gs,s3,ncbi","s3.us-east-1,ncbi.public,gs.us-east1",SRX20997509,USA,North America,USA: Iowa,Illumina NovaSeq 6000,rna-seq_adrnl_training_female_8w_biological_rep2_vial_90254016002,PAIRED,PolyA,TRANSCRIPTOMIC,Rattus norvegicus,ILLUMINA,2023-09-30T00:00:00Z,2023-07-12T20:56:00Z,1,adrnl_training_female_8w_biological_rep2_vial_90254016002,female,SRP448906,fischer 344,Adrenal Powder,Training - 8 weeks,90254016002
SRR25251473,6 months,RNA-Seq,206,8415517150,PRJNA908279,SAMN36364336,Model organism or animal,2809682983,STANFORD UNIVERSITY,2018-10-01,public,"fastq,sra,run.zq","ncbi,s3,gs","ncbi.public,gs.us-east1,s3.us-east-1",SRX20996997,USA,North America,USA: Iowa,Illumina NovaSeq 6000,rna-seq_adrnl_control_female_8w_biological_rep3_vial_90252016002,PAIRED,PolyA,TRANSCRIPTOMIC,Rattus norvegicus,ILLUMINA,2023-09-30T00:00:00Z,2023-07-12T20:58:00Z,1,adrnl_control_female_8w_biological_rep3_vial_90252016002,female,SRP448906,fischer 344,Adrenal Powder,Control - 8 weeks,90252016002
SRR25251491,6 months,RNA-Seq,210,7094877930,PRJNA908279,SAMN36364012,Model organism or animal,2358016539,STANFORD UNIVERSITY,2018-10-04,public,"sra,fastq,run.zq","s3,ncbi,gs","ncbi.public,s3.us-east-1,gs.us-east1",SRX20997490,USA,North America,USA: Iowa,Illumina NovaSeq 6000,rna-seq_hippoc_training_female_8w_biological_rep5_vial_90267015202,PAIRED,PolyA,TRANSCRIPTOMIC,Rattus norvegicus,ILLUMINA,2023-09-30T00:00:00Z,2023-07-12T20:50:00Z,1,hippoc_training_female_8w_biological_rep5_vial_90267015202,female,SRP448906,fischer 344,Hippocampus Powder,Training - 8 weeks,90267015202
SRR25251492,6 months,RNA-Seq,210,6798848280,PRJNA908279,SAMN36364011,Model organism or animal,2276384894,STANFORD UNIVERSITY,2018-10-04,public,"sra,run.zq,fastq","s3,gs,ncbi","gs.us-east1,s3.us-east-1,ncbi.public",SRX20997489,USA,North America,USA: Iowa,Illumina NovaSeq 6000,rna-seq_hippoc_control_female_8w_biological_rep5_vial_90266015202,PAIRED,PolyA,TRANSCRIPTOMIC,Rattus norvegicus,ILLUMINA,2023-09-30T00:00:00Z,2023-07-12T20:49:00Z,1,hippoc_control_female_8w_biological_rep5_vial_90266015202,female,SRP448906,fischer 344,Hippocampus Powder,Control - 8 weeks,90266015202
SRR25251493,6 months,RNA-Seq,210,6874680120,PRJNA908279,SAMN36364010,Model organism or animal,2281452655,STANFORD UNIVERSITY,2018-10-04,public,"fastq,run.zq,sra","s3,gs,ncbi","s3.us-east-1,gs.us-east1,ncbi.public",SRX20997488,USA,North America,USA: Iowa,Illumina NovaSeq 6000,rna-seq_hippoc_control_female_8w_biological_rep4_vial_90265015202,PAIRED,PolyA,TRANSCRIPTOMIC,Rattus norvegicus,ILLUMINA,2023-09-30T00:00:00Z,2023-07-12T20:46:00Z,1,hippoc_control_female_8w_biological_rep4_vial_90265015202,female,SRP448906,fischer 344,Hippocampus Powder,Control - 8 weeks,90265015202
SRR25251494,6 months,RNA-Seq,210,6777581160,PRJNA908279,SAMN36364009,Model organism or animal,2264107729,STANFORD UNIVERSITY,2018-10-03,public,"fastq,run.zq,sra","gs,s3,ncbi","ncbi.public,s3.us-east-1,gs.us-east1",SRX20997487,USA,North America,USA: Iowa,Illumina NovaSeq 6000,rna-seq_hippoc_training_female_8w_biological_rep4_vial_90259015202,PAIRED,PolyA,TRANSCRIPTOMIC,Rattus norvegicus,ILLUMINA,2023-09-30T00:00:00Z,2023-07-12T20:47:00Z,1,hippoc_training_female_8w_biological_rep4_vial_90259015202,female,SRP448906,fischer 344,Hippocampus Powder,Training - 8 weeks,90259015202
SRR25251495,6 months,RNA-Seq,210,7139985510,PRJNA908279,SAMN36364008,Model organism or animal,2380659395,STANFORD UNIVERSITY,2018-10-03,public,"sra,fastq,run.zq","ncbi,s3,gs","ncbi.public,gs.us-east1,s3.us-east-1",SRX20997486,USA,North America,USA: Iowa,Illumina NovaSeq 6000,rna-seq_hippoc_training_female_8w_biological_rep3_vial_90258015202,PAIRED,PolyA,TRANSCRIPTOMIC,Rattus norvegicus,ILLUMINA,2023-09-30T00:00:00Z,2023-07-12T20:51:00Z,1,hippoc_training_female_8w_biological_rep3_vial_90258015202,female,SRP448906,fischer 344,Hippocampus Powder,Training - 8 weeks,90258015202
SRR25251496,6 months,RNA-Seq,210,7354049010,PRJNA908279,SAMN36364007,Model organism or animal,2451529329,STANFORD UNIVERSITY,2018-10-02,public,"fastq,sra,run.zq","ncbi,s3,gs","gs.us-east1,ncbi.public,s3.us-east-1",SRX20997485,USA,North America,USA: Iowa,Illumina NovaSeq 6000,rna-seq_hippoc_training_female_8w_biological_rep2_vial_90254015202,PAIRED,PolyA,TRANSCRIPTOMIC,Rattus norvegicus,ILLUMINA,2023-09-30T00:00:00Z,2023-07-12T21:00:00Z,1,hippoc_training_female_8w_biological_rep2_vial_90254015202,female,SRP448906,fischer 344,Hippocampus Powder,Training - 8 weeks,90254015202
SRR25251497,6 months,RNA-Seq,210,6748752150,PRJNA908279,SAMN36364682,Model organism or animal,2121471809,STANFORD UNIVERSITY,2018-10-04,public,"run.zq,sra,fastq","s3,gs,ncbi","ncbi.public,s3.us-east-1,gs.us-east1",SRX20997483,USA,North America,USA: Iowa,Illumina NovaSeq 6000,rna-seq_kidney_control_female_8w_biological_rep5_vial_90266015902,PAIRED,PolyA,TRANSCRIPTOMIC,Rattus norvegicus,ILLUMINA,2023-09-30T00:00:00Z,2023-07-12T21:03:00Z,1,kidney_control_female_8w_biological_rep5_vial_90266015902,female,SRP448906,fischer 344,Kidney Powder,Control - 8 weeks,90266015902
SRR25251498,6 months,RNA-Seq,210,7983906630,PRJNA908279,SAMN36364681,Model organism or animal,2491678310,STANFORD UNIVERSITY,2018-10-04,public,"fastq,sra,run.zq","ncbi,gs,s3","ncbi.public,s3.us-east-1,gs.us-east1",SRX20997482,USA,North America,USA: Iowa,Illumina NovaSeq 6000,rna-seq_kidney_control_female_8w_biological_rep4_vial_90265015902,PAIRED,PolyA,TRANSCRIPTOMIC,Rattus norvegicus,ILLUMINA,2023-09-30T00:00:00Z,2023-07-12T21:02:00Z,1,kidney_control_female_8w_biological_rep4_vial_90265015902,female,SRP448906,fischer 344,Kidney Powder,Control - 8 weeks,90265015902
SRR25251499,6 months,RNA-Seq,210,7319198670,PRJNA908279,SAMN36364680,Model organism or animal,2283462474,STANFORD UNIVERSITY,2018-10-03,public,"run.zq,sra,fastq","ncbi,gs,s3","ncbi.public,s3.us-east-1,gs.us-east1",SRX20997481,USA,North America,USA: Iowa,Illumina NovaSeq 6000,rna-seq_kidney_training_female_8w_biological_rep4_vial_90259015902,PAIRED,PolyA,TRANSCRIPTOMIC,Rattus norvegicus,ILLUMINA,2023-09-30T00:00:00Z,2023-07-12T20:58:00Z,1,kidney_training_female_8w_biological_rep4_vial_90259015902,female,SRP448906,fischer 344,Kidney Powder,Training - 8 weeks,90259015902
SRR25251500,6 months,RNA-Seq,210,7424717370,PRJNA908279,SAMN36364679,Model organism or animal,2316306443,STANFORD UNIVERSITY,2018-10-03,public,"sra,run.zq,fastq","gs,s3,ncbi","gs.us-east1,ncbi.public,s3.us-east-1",SRX20997480,USA,North America,USA: Iowa,Illumina NovaSeq 6000,rna-seq_kidney_training_female_8w_biological_rep3_vial_90258015902,PAIRED,PolyA,TRANSCRIPTOMIC,Rattus norvegicus,ILLUMINA,2023-09-30T00:00:00Z,2023-07-12T20:57:00Z,1,kidney_training_female_8w_biological_rep3_vial_90258015902,female,SRP448906,fischer 344,Kidney Powder,Training - 8 weeks,90258015902
SRR25251501,6 months,RNA-Seq,206,5320044966,PRJNA908279,SAMN36363947,Model organism or animal,1751581324,STANFORD UNIVERSITY,2018-09-05,public,"run.zq,sra,fastq","s3,gs,ncbi","gs.us-east1,ncbi.public,s3.us-east-1",SRX20997479,USA,North America,USA: Iowa,Illumina NovaSeq 6000,rna-seq_blood_training_male_8w_biological_rep4_vial_90225013001,PAIRED,PolyA,TRANSCRIPTOMIC,Rattus norvegicus,ILLUMINA,2023-09-30T00:00:00Z,2023-07-12T20:46:00Z,1,blood_training_male_8w_biological_rep4_vial_90225013001,male,SRP448906,fischer 344,PaxGene RNA,Training - 8 weeks,90225013001
SRR25251502,6 months,RNA-Seq,210,6963692610,PRJNA908279,SAMN36364678,Model organism or animal,2173872678,STANFORD UNIVERSITY,2018-10-02,public,"sra,fastq,run.zq","gs,s3,ncbi","gs.us-east1,ncbi.public,s3.us-east-1",SRX20997478,USA,North America,USA: Iowa,Illumina NovaSeq 6000,rna-seq_kidney_training_female_8w_biological_rep2_vial_90254015902,PAIRED,PolyA,TRANSCRIPTOMIC,Rattus norvegicus,ILLUMINA,2023-09-30T00:00:00Z,2023-07-12T20:51:00Z,1,kidney_training_female_8w_biological_rep2_vial_90254015902,female,SRP448906,fischer 344,Kidney Powder,Training - 8 weeks,90254015902
SRR25251504,6 months,RNA-Seq,210,9062714220,PRJNA908279,SAMN36364677,Model organism or animal,2822754352,STANFORD UNIVERSITY,2018-10-01,public,"fastq,sra,run.zq","s3,ncbi,gs","ncbi.public,s3.us-east-1,gs.us-east1",SRX20997477,USA,North America,USA: Iowa,Illumina NovaSeq 6000,rna-seq_kidney_control_female_8w_biological_rep3_vial_90252015902,PAIRED,PolyA,TRANSCRIPTOMIC,Rattus norvegicus,ILLUMINA,2023-09-30T00:00:00Z,2023-07-12T21:03:00Z,1,kidney_control_female_8w_biological_rep3_vial_90252015902,female,SRP448906,fischer 344,Kidney Powder,Control - 8 weeks,90252015902
SRR25251508,6 months,RNA-Seq,210,8398537140,PRJNA908279,SAMN36364673,Model organism or animal,2622561462,STANFORD UNIVERSITY,2018-09-07,public,"sra,run.zq,fastq","s3,ncbi,gs","s3.us-east-1,gs.us-east1,ncbi.public",SRX20997473,USA,North America,USA: Iowa,Illumina NovaSeq 6000,rna-seq_kidney_control_male_8w_biological_rep5_vial_90239015902,PAIRED,PolyA,TRANSCRIPTOMIC,Rattus norvegicus,ILLUMINA,2023-09-30T00:00:00Z,2023-07-12T20:58:00Z,1,kidney_control_male_8w_biological_rep5_vial_90239015902,male,SRP448906,fischer 344,Kidney Powder,Control - 8 weeks,90239015902
SRR25251509,6 months,RNA-Seq,210,7948700970,PRJNA908279,SAMN36364672,Model organism or animal,2488895001,STANFORD UNIVERSITY,2018-09-07,public,"fastq,run.zq,sra","s3,ncbi,gs","s3.us-east-1,gs.us-east1,ncbi.public",SRX20997472,USA,North America,USA: Iowa,Illumina NovaSeq 6000,rna-seq_kidney_control_male_8w_biological_rep4_vial_90237015902,PAIRED,PolyA,TRANSCRIPTOMIC,Rattus norvegicus,ILLUMINA,2023-09-30T00:00:00Z,2023-07-12T21:00:00Z,1,kidney_control_male_8w_biological_rep4_vial_90237015902,male,SRP448906,fischer 344,Kidney Powder,Control - 8 weeks,90237015902
SRR25251510,6 months,RNA-Seq,210,7505951040,PRJNA908279,SAMN36364300,Model organism or animal,2345433538,STANFORD UNIVERSITY,2018-09-06,public,"sra,run.zq,fastq","gs,s3,ncbi","ncbi.public,s3.us-east-1,gs.us-east1",SRX20997471,USA,North America,USA: Iowa,Illumina NovaSeq 6000,rna-seq_kidney_control_male_8w_biological_rep3_vial_90232015902,PAIRED,PolyA,TRANSCRIPTOMIC,Rattus norvegicus,ILLUMINA,2023-09-30T00:00:00Z,2023-07-12T21:01:00Z,1,kidney_control_male_8w_biological_rep3_vial_90232015902,male,SRP448906,fischer 344,Kidney Powder,Control - 8 weeks,90232015902
SRR25251511,6 months,RNA-Seq,210,7414664670,PRJNA908279,SAMN36364299,Model organism or animal,2315836801,STANFORD UNIVERSITY,2018-09-05,public,"sra,fastq,run.zq","gs,ncbi,s3","ncbi.public,gs.us-east1,s3.us-east-1",SRX20997470,USA,North America,USA: Iowa,Illumina NovaSeq 6000,rna-seq_kidney_control_male_8w_biological_rep2_vial_90229015902,PAIRED,PolyA,TRANSCRIPTOMIC,Rattus norvegicus,ILLUMINA,2023-09-30T00:00:00Z,2023-07-12T21:00:00Z,1,kidney_control_male_8w_biological_rep2_vial_90229015902,male,SRP448906,fischer 344,Kidney Powder,Control - 8 weeks,90229015902
SRR25251512,6 months,RNA-Seq,210,7274029350,PRJNA908279,SAMN36364298,Model organism or animal,2271911698,STANFORD UNIVERSITY,2018-09-05,public,"run.zq,sra,fastq","gs,s3,ncbi","gs.us-east1,s3.us-east-1,ncbi.public",SRX20997469,USA,North America,USA: Iowa,Illumina NovaSeq 6000,rna-seq_kidney_training_male_8w_biological_rep5_vial_90227015902,PAIRED,PolyA,TRANSCRIPTOMIC,Rattus norvegicus,ILLUMINA,2023-09-30T00:00:00Z,2023-07-12T21:01:00Z,1,kidney_training_male_8w_biological_rep5_vial_90227015902,male,SRP448906,fischer 344,Kidney Powder,Training - 8 weeks,90227015902
SRR25251513,6 months,RNA-Seq,206,4998313136,PRJNA908279,SAMN36363946,Model organism or animal,1657148690,STANFORD UNIVERSITY,2018-09-04,public,"run.zq,fastq,sra","gs,s3,ncbi","s3.us-east-1,gs.us-east1,ncbi.public",SRX20997468,USA,North America,USA: Iowa,Illumina NovaSeq 6000,rna-seq_blood_training_male_8w_biological_rep3_vial_90223013002,PAIRED,PolyA,TRANSCRIPTOMIC,Rattus norvegicus,ILLUMINA,2023-09-30T00:00:00Z,2023-07-12T20:51:00Z,1,blood_training_male_8w_biological_rep3_vial_90223013002,male,SRP448906,fischer 344,PaxGene RNA,Training - 8 weeks,90223013002
SRR25251514,6 months,RNA-Seq,210,7854759150,PRJNA908279,SAMN36364297,Model organism or animal,2448452891,STANFORD UNIVERSITY,2018-09-05,public,"sra,fastq,run.zq","gs,s3,ncbi","s3.us-east-1,gs.us-east1,ncbi.public",SRX20997467,USA,North America,USA: Iowa,Illumina NovaSeq 6000,rna-seq_kidney_training_male_8w_biological_rep4_vial_90225015902,PAIRED,PolyA,TRANSCRIPTOMIC,Rattus norvegicus,ILLUMINA,2023-09-30T00:00:00Z,2023-07-12T21:01:00Z,1,kidney_training_male_8w_biological_rep4_vial_90225015902,male,SRP448906,fischer 344,Kidney Powder,Training - 8 weeks,90225015902
SRR25251515,6 months,RNA-Seq,210,7568291220,PRJNA908279,SAMN36364296,Model organism or animal,2359646438,STANFORD UNIVERSITY,2018-09-04,public,"run.zq,sra,fastq","gs,s3,ncbi","s3.us-east-1,ncbi.public,gs.us-east1",SRX20997466,USA,North America,USA: Iowa,Illumina NovaSeq 6000,rna-seq_kidney_training_male_8w_biological_rep3_vial_90223015902,PAIRED,PolyA,TRANSCRIPTOMIC,Rattus norvegicus,ILLUMINA,2023-09-30T00:00:00Z,2023-07-12T20:58:00Z,1,kidney_training_male_8w_biological_rep3_vial_90223015902,male,SRP448906,fischer 344,Kidney Powder,Training - 8 weeks,90223015902
SRR25251516,6 months,RNA-Seq,210,7708655010,PRJNA908279,SAMN36364295,Model organism or animal,2400367898,STANFORD UNIVERSITY,2018-09-04,public,"sra,run.zq,fastq","gs,ncbi,s3","s3.us-east-1,ncbi.public,gs.us-east1",SRX20997465,USA,North America,USA: Iowa,Illumina NovaSeq 6000,rna-seq_kidney_training_male_8w_biological_rep2_vial_90222015902,PAIRED,PolyA,TRANSCRIPTOMIC,Rattus norvegicus,ILLUMINA,2023-09-30T00:00:00Z,2023-07-12T20:56:00Z,1,kidney_training_male_8w_biological_rep2_vial_90222015902,male,SRP448906,fischer 344,Kidney Powder,Training - 8 weeks,90222015902
SRR25251517,6 months,RNA-Seq,210,8145960270,PRJNA908279,SAMN36364294,Model organism or animal,2552310286,STANFORD UNIVERSITY,2018-09-03,public,"sra,run.zq,fastq","gs,s3,ncbi","s3.us-east-1,gs.us-east1,ncbi.public",SRX20997464,USA,North America,USA: Iowa,Illumina NovaSeq 6000,rna-seq_kidney_training_male_8w_biological_rep1_vial_90218015902,PAIRED,PolyA,TRANSCRIPTOMIC,Rattus norvegicus,ILLUMINA,2023-09-30T00:00:00Z,2023-07-12T21:00:00Z,1,kidney_training_male_8w_biological_rep1_vial_90218015902,male,SRP448906,fischer 344,Kidney Powder,Training - 8 weeks,90218015902
SRR25251518,6 months,RNA-Seq,210,9429749070,PRJNA908279,SAMN36364293,Model organism or animal,2942952474,STANFORD UNIVERSITY,2018-09-03,public,"fastq,sra,run.zq","gs,s3,ncbi","ncbi.public,gs.us-east1,s3.us-east-1",SRX20997463,USA,North America,USA: Iowa,Illumina NovaSeq 6000,rna-seq_kidney_control_male_8w_biological_rep1_vial_90217015902,PAIRED,PolyA,TRANSCRIPTOMIC,Rattus norvegicus,ILLUMINA,2023-09-30T00:00:00Z,2023-07-12T20:56:00Z,1,kidney_control_male_8w_biological_rep1_vial_90217015902,male,SRP448906,fischer 344,Kidney Powder,Control - 8 weeks,90217015902
SRR25251522,6 months,RNA-Seq,210,7207003440,PRJNA908279,SAMN36364205,Model organism or animal,2403983219,STANFORD UNIVERSITY,2018-10-01,public,"sra,run.zq,fastq","gs,s3,ncbi","gs.us-east1,s3.us-east-1,ncbi.public",SRX20997459,USA,North America,USA: Iowa,Illumina NovaSeq 6000,rna-seq_skm-vl_training_female_8w_biological_rep1_vial_90251015603,PAIRED,PolyA,TRANSCRIPTOMIC,Rattus norvegicus,ILLUMINA,2023-09-30T00:00:00Z,2023-07-12T20:52:00Z,1,skm-vl_training_female_8w_biological_rep1_vial_90251015603,female,SRP448906,fischer 344,Vastus Lateralis Powder,Training - 8 weeks,90251015603
SRR25251536,6 months,RNA-Seq,210,7072352700,PRJNA908279,SAMN36364212,Model organism or animal,2356432732,STANFORD UNIVERSITY,2018-10-04,public,"sra,run.zq,fastq","gs,ncbi,s3","s3.us-east-1,gs.us-east1,ncbi.public",SRX20997445,USA,North America,USA: Iowa,Illumina NovaSeq 6000,rna-seq_skm-vl_training_female_8w_biological_rep5_vial_90267015603,PAIRED,PolyA,TRANSCRIPTOMIC,Rattus norvegicus,ILLUMINA,2023-09-30T00:00:00Z,2023-07-12T20:47:00Z,1,skm-vl_training_female_8w_biological_rep5_vial_90267015603,female,SRP448906,fischer 344,Vastus Lateralis Powder,Training - 8 weeks,90267015603
SRR25251537,6 months,RNA-Seq,210,6974909550,PRJNA908279,SAMN36364211,Model organism or animal,2307659114,STANFORD UNIVERSITY,2018-10-04,public,"sra,fastq,run.zq","ncbi,s3,gs","ncbi.public,s3.us-east-1,gs.us-east1",SRX20997444,USA,North America,USA: Iowa,Illumina NovaSeq 6000,rna-seq_skm-vl_control_female_8w_biological_rep5_vial_90266015603,PAIRED,PolyA,TRANSCRIPTOMIC,Rattus norvegicus,ILLUMINA,2023-09-30T00:00:00Z,2023-07-12T20:48:00Z,1,skm-vl_control_female_8w_biological_rep5_vial_90266015603,female,SRP448906,fischer 344,Vastus Lateralis Powder,Control - 8 weeks,90266015603
SRR25251538,6 months,RNA-Seq,210,7599637290,PRJNA908279,SAMN36364210,Model organism or animal,2537593820,STANFORD UNIVERSITY,2018-10-04,public,"run.zq,fastq,sra","ncbi,s3,gs","gs.us-east1,s3.us-east-1,ncbi.public",SRX20997443,USA,North America,USA: Iowa,Illumina NovaSeq 6000,rna-seq_skm-vl_control_female_8w_biological_rep4_vial_90265015603,PAIRED,PolyA,TRANSCRIPTOMIC,Rattus norvegicus,ILLUMINA,2023-09-30T00:00:00Z,2023-07-12T21:01:00Z,1,skm-vl_control_female_8w_biological_rep4_vial_90265015603,female,SRP448906,fischer 344,Vastus Lateralis Powder,Control - 8 weeks,90265015603
SRR25251539,6 months,RNA-Seq,210,8316830760,PRJNA908279,SAMN36364209,Model organism or animal,2760106379,STANFORD UNIVERSITY,2018-10-03,public,"run.zq,sra,fastq","gs,ncbi,s3","ncbi.public,s3.us-east-1,gs.us-east1",SRX20997442,USA,North America,USA: Iowa,Illumina NovaSeq 6000,rna-seq_skm-vl_training_female_8w_biological_rep4_vial_90259015603,PAIRED,PolyA,TRANSCRIPTOMIC,Rattus norvegicus,ILLUMINA,2023-09-30T00:00:00Z,2023-07-12T20:59:00Z,1,skm-vl_training_female_8w_biological_rep4_vial_90259015603,female,SRP448906,fischer 344,Vastus Lateralis Powder,Training - 8 weeks,90259015603
SRR25251540,6 months,RNA-Seq,210,7579261830,PRJNA908279,SAMN36364208,Model organism or animal,2521730704,STANFORD UNIVERSITY,2018-10-03,public,"fastq,run.zq,sra","ncbi,s3,gs","ncbi.public,gs.us-east1,s3.us-east-1",SRX20997441,USA,North America,USA: Iowa,Illumina NovaSeq 6000,rna-seq_skm-vl_training_female_8w_biological_rep3_vial_90258015603,PAIRED,PolyA,TRANSCRIPTOMIC,Rattus norvegicus,ILLUMINA,2023-09-30T00:00:00Z,2023-07-12T20:59:00Z,1,skm-vl_training_female_8w_biological_rep3_vial_90258015603,female,SRP448906,fischer 344,Vastus Lateralis Powder,Training - 8 weeks,90258015603
SRR25251563,6 months,RNA-Seq,210,4773489210,PRJNA908279,SAMN36364106,Model organism or animal,1594032498,STANFORD UNIVERSITY,2018-10-01,public,"run.zq,fastq,sra","gs,s3,ncbi","ncbi.public,gs.us-east1,s3.us-east-1",SRX20997419,USA,North America,USA: Iowa,Illumina NovaSeq 6000,rna-seq_hypoth_control_female_8w_biological_rep3_vial_90252015402,PAIRED,PolyA,TRANSCRIPTOMIC,Rattus norvegicus,ILLUMINA,2023-09-30T00:00:00Z,2023-07-12T20:48:00Z,1,hypoth_control_female_8w_biological_rep3_vial_90252015402,female,SRP448906,fischer 344,Hypothalamus Powder,Control - 8 weeks,90252015402
SRR25251564,6 months,RNA-Seq,210,8198277150,PRJNA908279,SAMN36364105,Model organism or animal,2735256052,STANFORD UNIVERSITY,2018-10-01,public,"fastq,sra,run.zq","ncbi,s3,gs","gs.us-east1,ncbi.public,s3.us-east-1",SRX20997418,USA,North America,USA: Iowa,Illumina NovaSeq 6000,rna-seq_hypoth_training_female_8w_biological_rep1_vial_90251015402,PAIRED,PolyA,TRANSCRIPTOMIC,Rattus norvegicus,ILLUMINA,2023-09-30T00:00:00Z,2023-07-12T21:01:00Z,1,hypoth_training_female_8w_biological_rep1_vial_90251015402,female,SRP448906,fischer 344,Hypothalamus Powder,Training - 8 weeks,90251015402
SRR25251576,6 months,RNA-Seq,210,6641644170,PRJNA908279,SAMN36364006,Model organism or animal,2207578942,STANFORD UNIVERSITY,2018-10-01,public,"sra,fastq,run.zq","s3,gs,ncbi","gs.us-east1,ncbi.public,s3.us-east-1",SRX20997689,USA,North America,USA: Iowa,Illumina NovaSeq 6000,rna-seq_hippoc_control_female_8w_biological_rep3_vial_90252015202,PAIRED,PolyA,TRANSCRIPTOMIC,Rattus norvegicus,ILLUMINA,2023-09-30T00:00:00Z,2023-07-12T20:51:00Z,1,hippoc_control_female_8w_biological_rep3_vial_90252015202,female,SRP448906,fischer 344,Hippocampus Powder,Control - 8 weeks,90252015202
SRR25251577,6 months,RNA-Seq,210,7382891460,PRJNA908279,SAMN36364005,Model organism or animal,2454542104,STANFORD UNIVERSITY,2018-10-01,public,"run.zq,sra,fastq","gs,ncbi,s3","s3.us-east-1,gs.us-east1,ncbi.public",SRX20997688,USA,North America,USA: Iowa,Illumina NovaSeq 6000,rna-seq_hippoc_training_female_8w_biological_rep1_vial_90251015202,PAIRED,PolyA,TRANSCRIPTOMIC,Rattus norvegicus,ILLUMINA,2023-09-30T00:00:00Z,2023-07-12T21:00:00Z,1,hippoc_training_female_8w_biological_rep1_vial_90251015202,female,SRP448906,fischer 344,Hippocampus Powder,Training - 8 weeks,90251015202
SRR25251578,6 months,RNA-Seq,210,6936788040,PRJNA908279,SAMN36364004,Model organism or animal,2316010794,STANFORD UNIVERSITY,2018-10-05,public,"fastq,sra,run.zq","ncbi,gs,s3","s3.us-east-1,gs.us-east1,ncbi.public",SRX20997687,USA,North America,USA: Iowa,Illumina NovaSeq 6000,rna-seq_hippoc_control_female_8w_biological_rep2_vial_90248015202,PAIRED,PolyA,TRANSCRIPTOMIC,Rattus norvegicus,ILLUMINA,2023-09-30T00:00:00Z,2023-07-12T20:51:00Z,1,hippoc_control_female_8w_biological_rep2_vial_90248015202,female,SRP448906,fischer 344,Hippocampus Powder,Control - 8 weeks,90248015202
SRR25251579,6 months,RNA-Seq,210,6804039900,PRJNA908279,SAMN36364003,Model organism or animal,2258321464,STANFORD UNIVERSITY,2018-10-01,public,"fastq,run.zq,sra","s3,ncbi,gs","gs.us-east1,s3.us-east-1,ncbi.public",SRX20997686,USA,North America,USA: Iowa,Illumina NovaSeq 6000,rna-seq_hippoc_control_female_8w_biological_rep1_vial_90245015202,PAIRED,PolyA,TRANSCRIPTOMIC,Rattus norvegicus,ILLUMINA,2023-09-30T00:00:00Z,2023-07-12T20:55:00Z,1,hippoc_control_female_8w_biological_rep1_vial_90245015202,female,SRP448906,fischer 344,Hippocampus Powder,Control - 8 weeks,90245015202
SRR25251580,6 months,RNA-Seq,210,6880783770,PRJNA908279,SAMN36364002,Model organism or animal,2297600461,STANFORD UNIVERSITY,2018-09-07,public,"sra,fastq,run.zq","gs,s3,ncbi","s3.us-east-1,ncbi.public,gs.us-east1",SRX20997685,USA,North America,USA: Iowa,Illumina NovaSeq 6000,rna-seq_hippoc_control_male_8w_biological_rep5_vial_90239015202,PAIRED,PolyA,TRANSCRIPTOMIC,Rattus norvegicus,ILLUMINA,2023-09-30T00:00:00Z,2023-07-12T20:58:00Z,1,hippoc_control_male_8w_biological_rep5_vial_90239015202,male,SRP448906,fischer 344,Hippocampus Powder,Control - 8 weeks,90239015202
SRR25251581,6 months,RNA-Seq,210,6263099220,PRJNA908279,SAMN36364001,Model organism or animal,2084052505,STANFORD UNIVERSITY,2018-09-07,public,"fastq,run.zq,sra","ncbi,gs,s3","s3.us-east-1,ncbi.public,gs.us-east1",SRX20997684,USA,North America,USA: Iowa,Illumina NovaSeq 6000,rna-seq_hippoc_control_male_8w_biological_rep4_vial_90237015202,PAIRED,PolyA,TRANSCRIPTOMIC,Rattus norvegicus,ILLUMINA,2023-09-30T00:00:00Z,2023-07-12T20:50:00Z,1,hippoc_control_male_8w_biological_rep4_vial_90237015202,male,SRP448906,fischer 344,Hippocampus Powder,Control - 8 weeks,90237015202
SRR25251587,6 months,RNA-Seq,210,6362695500,PRJNA908279,SAMN36364000,Model organism or animal,2121324879,STANFORD UNIVERSITY,2018-09-06,public,"sra,run.zq,fastq","gs,ncbi,s3","s3.us-east-1,ncbi.public,gs.us-east1",SRX20997678,USA,North America,USA: Iowa,Illumina NovaSeq 6000,rna-seq_hippoc_control_male_8w_biological_rep3_vial_90232015202,PAIRED,PolyA,TRANSCRIPTOMIC,Rattus norvegicus,ILLUMINA,2023-09-30T00:00:00Z,2023-07-12T20:50:00Z,1,hippoc_control_male_8w_biological_rep3_vial_90232015202,male,SRP448906,fischer 344,Hippocampus Powder,Control - 8 weeks,90232015202
SRR25251601,6 months,RNA-Seq,210,9517320960,PRJNA908279,SAMN36364833,Model organism or animal,2957096687,STANFORD UNIVERSITY,2018-10-01,public,"fastq,run.zq,sra","s3,gs,ncbi","ncbi.public,gs.us-east1,s3.us-east-1",SRX20997664,USA,North America,USA: Iowa,Illumina NovaSeq 6000,rna-seq_bat_training_female_8w_biological_rep1_vial_90251016902,PAIRED,PolyA,TRANSCRIPTOMIC,Rattus norvegicus,ILLUMINA,2023-09-30T00:00:00Z,2023-07-12T21:04:00Z,1,bat_training_female_8w_biological_rep1_vial_90251016902,female,SRP448906,fischer 344,Brown Adipose Powder,Training - 8 weeks,90251016902
SRR25251602,6 months,RNA-Seq,210,8388330510,PRJNA908279,SAMN36364832,Model organism or animal,2619988562,STANFORD UNIVERSITY,2018-10-05,public,"run.zq,sra,fastq","ncbi,gs,s3","ncbi.public,s3.us-east-1,gs.us-east1",SRX20997663,USA,North America,USA: Iowa,Illumina NovaSeq 6000,rna-seq_bat_control_female_8w_biological_rep2_vial_90248016902,PAIRED,PolyA,TRANSCRIPTOMIC,Rattus norvegicus,ILLUMINA,2023-09-30T00:00:00Z,2023-07-12T20:59:00Z,1,bat_control_female_8w_biological_rep2_vial_90248016902,female,SRP448906,fischer 344,Brown Adipose Powder,Control - 8 weeks,90248016902
SRR25251603,6 months,RNA-Seq,210,9017343930,PRJNA908279,SAMN36364831,Model organism or animal,2799235248,STANFORD UNIVERSITY,2018-10-01,public,"run.zq,fastq,sra","gs,ncbi,s3","s3.us-east-1,ncbi.public,gs.us-east1",SRX20997662,USA,North America,USA: Iowa,Illumina NovaSeq 6000,rna-seq_bat_control_female_8w_biological_rep1_vial_90245016902,PAIRED,PolyA,TRANSCRIPTOMIC,Rattus norvegicus,ILLUMINA,2023-09-30T00:00:00Z,2023-07-12T21:02:00Z,1,bat_control_female_8w_biological_rep1_vial_90245016902,female,SRP448906,fischer 344,Brown Adipose Powder,Control - 8 weeks,90245016902
SRR25251609,6 months,RNA-Seq,210,9190227060,PRJNA908279,SAMN36364840,Model organism or animal,2858529981,STANFORD UNIVERSITY,2018-10-04,public,"sra,run.zq,fastq","s3,gs,ncbi","s3.us-east-1,gs.us-east1,ncbi.public",SRX20997656,USA,North America,USA: Iowa,Illumina NovaSeq 6000,rna-seq_bat_training_female_8w_biological_rep5_vial_90267016902,PAIRED,PolyA,TRANSCRIPTOMIC,Rattus norvegicus,ILLUMINA,2023-09-30T00:00:00Z,2023-07-12T20:57:00Z,1,bat_training_female_8w_biological_rep5_vial_90267016902,female,SRP448906,fischer 344,Brown Adipose Powder,Training - 8 weeks,90267016902
SRR25251610,6 months,RNA-Seq,210,9723009030,PRJNA908279,SAMN36364839,Model organism or animal,3032153334,STANFORD UNIVERSITY,2018-10-04,public,"run.zq,fastq,sra","s3,gs,ncbi","ncbi.public,s3.us-east-1,gs.us-east1",SRX20997655,USA,North America,USA: Iowa,Illumina NovaSeq 6000,rna-seq_bat_control_female_8w_biological_rep5_vial_90266016902,PAIRED,PolyA,TRANSCRIPTOMIC,Rattus norvegicus,ILLUMINA,2023-09-30T00:00:00Z,2023-07-12T21:00:00Z,1,bat_control_female_8w_biological_rep5_vial_90266016902,female,SRP448906,fischer 344,Brown Adipose Powder,Control - 8 weeks,90266016902
SRR25251613,6 months,RNA-Seq,210,8657301870,PRJNA908279,SAMN36364838,Model organism or animal,2678843731,STANFORD UNIVERSITY,2018-10-04,public,"sra,run.zq,fastq","s3,gs,ncbi","gs.us-east1,s3.us-east-1,ncbi.public",SRX20997652,USA,North America,USA: Iowa,Illumina NovaSeq 6000,rna-seq_bat_control_female_8w_biological_rep4_vial_90265016902,PAIRED,PolyA,TRANSCRIPTOMIC,Rattus norvegicus,ILLUMINA,2023-09-30T00:00:00Z,2023-07-12T21:00:00Z,1,bat_control_female_8w_biological_rep4_vial_90265016902,female,SRP448906,fischer 344,Brown Adipose Powder,Control - 8 weeks,90265016902
SRR25251614,6 months,RNA-Seq,210,10234924350,PRJNA908279,SAMN36364837,Model organism or animal,3187350301,STANFORD UNIVERSITY,2018-10-03,public,"run.zq,fastq,sra","gs,s3,ncbi","gs.us-east1,ncbi.public,s3.us-east-1",SRX20997651,USA,North America,USA: Iowa,Illumina NovaSeq 6000,rna-seq_bat_training_female_8w_biological_rep4_vial_90259016902,PAIRED,PolyA,TRANSCRIPTOMIC,Rattus norvegicus,ILLUMINA,2023-09-30T00:00:00Z,2023-07-12T21:00:00Z,1,bat_training_female_8w_biological_rep4_vial_90259016902,female,SRP448906,fischer 344,Brown Adipose Powder,Training - 8 weeks,90259016902
SRR25251615,6 months,RNA-Seq,210,7684213320,PRJNA908279,SAMN36364836,Model organism or animal,2402199221,STANFORD UNIVERSITY,2018-10-03,public,"run.zq,fastq,sra","ncbi,s3,gs","ncbi.public,s3.us-east-1,gs.us-east1",SRX20997650,USA,North America,USA: Iowa,Illumina NovaSeq 6000,rna-seq_bat_training_female_8w_biological_rep3_vial_90258016902,PAIRED,PolyA,TRANSCRIPTOMIC,Rattus norvegicus,ILLUMINA,2023-09-30T00:00:00Z,2023-07-12T21:01:00Z,1,bat_training_female_8w_biological_rep3_vial_90258016902,female,SRP448906,fischer 344,Brown Adipose Powder,Training - 8 weeks,90258016902
SRR25251616,6 months,RNA-Seq,210,8206070250,PRJNA908279,SAMN36364835,Model organism or animal,2558697364,STANFORD UNIVERSITY,2018-10-02,public,"run.zq,sra,fastq","s3,gs,ncbi","s3.us-east-1,ncbi.public,gs.us-east1",SRX20997649,USA,North America,USA: Iowa,Illumina NovaSeq 6000,rna-seq_bat_training_female_8w_biological_rep2_vial_90254016902,PAIRED,PolyA,TRANSCRIPTOMIC,Rattus norvegicus,ILLUMINA,2023-09-30T00:00:00Z,2023-07-12T21:01:00Z,1,bat_training_female_8w_biological_rep2_vial_90254016902,female,SRP448906,fischer 344,Brown Adipose Powder,Training - 8 weeks,90254016902
SRR25251617,6 months,RNA-Seq,210,6994777860,PRJNA908279,SAMN36364834,Model organism or animal,2173949675,STANFORD UNIVERSITY,2018-10-01,public,"run.zq,sra,fastq","gs,ncbi,s3","s3.us-east-1,gs.us-east1,ncbi.public",SRX20997648,USA,North America,USA: Iowa,Illumina NovaSeq 6000,rna-seq_bat_control_female_8w_biological_rep3_vial_90252016902,PAIRED,PolyA,TRANSCRIPTOMIC,Rattus norvegicus,ILLUMINA,2023-09-30T00:00:00Z,2023-07-12T20:52:00Z,1,bat_control_female_8w_biological_rep3_vial_90252016902,female,SRP448906,fischer 344,Brown Adipose Powder,Control - 8 weeks,90252016902
SRR25251625,6 months,RNA-Seq,210,8483149290,PRJNA908279,SAMN36364442,Model organism or animal,2822311623,STANFORD UNIVERSITY,2018-10-04,public,"sra,run.zq,fastq","ncbi,gs,s3","gs.us-east1,ncbi.public,s3.us-east-1",SRX20997640,USA,North America,USA: Iowa,Illumina NovaSeq 6000,rna-seq_spleen_training_female_8w_biological_rep5_vial_90267016202,PAIRED,PolyA,TRANSCRIPTOMIC,Rattus norvegicus,ILLUMINA,2023-09-30T00:00:00Z,2023-07-12T21:02:00Z,1,spleen_training_female_8w_biological_rep5_vial_90267016202,female,SRP448906,fischer 344,Spleen Powder,Training - 8 weeks,90267016202
SRR25251631,6 months,RNA-Seq,206,10036902362,PRJNA908279,SAMN36364477,Model organism or animal,3232020373,STANFORD UNIVERSITY,2018-09-05,public,"sra,run.zq,fastq","s3,ncbi,gs","ncbi.public,gs.us-east1,s3.us-east-1",SRX20997634,USA,North America,USA: Iowa,Illumina NovaSeq 6000,rna-seq_testes_training_male_8w_biological_rep4_vial_90225016302,PAIRED,PolyA,TRANSCRIPTOMIC,Rattus norvegicus,ILLUMINA,2023-09-30T00:00:00Z,2023-07-12T20:58:00Z,1,testes_training_male_8w_biological_rep4_vial_90225016302,male,SRP448906,fischer 344,Testes Powder,Training - 8 weeks,90225016302
SRR25251648,6 months,RNA-Seq,206,5666782106,PRJNA908279,SAMN36363960,Model organism or animal,1837556392,STANFORD UNIVERSITY,2018-10-04,public,"fastq,sra,run.zq","gs,s3,ncbi","ncbi.public,gs.us-east1,s3.us-east-1",SRX20997897,USA,North America,USA: Iowa,Illumina NovaSeq 6000,rna-seq_blood_control_female_8w_biological_rep4_vial_90265013001,PAIRED,PolyA,TRANSCRIPTOMIC,Rattus norvegicus,ILLUMINA,2023-09-30T00:00:00Z,2023-07-12T20:48:00Z,1,blood_control_female_8w_biological_rep4_vial_90265013001,female,SRP448906,fischer 344,PaxGene RNA,Control - 8 weeks,90265013001
SRR25251652,6 months,RNA-Seq,210,7114876650,PRJNA908279,SAMN36364206,Model organism or animal,2371114905,STANFORD UNIVERSITY,2018-10-01,public,"sra,run.zq,fastq","gs,ncbi,s3","ncbi.public,s3.us-east-1,gs.us-east1",SRX20997893,USA,North America,USA: Iowa,Illumina NovaSeq 6000,rna-seq_skm-vl_control_female_8w_biological_rep3_vial_90252015603,PAIRED,PolyA,TRANSCRIPTOMIC,Rattus norvegicus,ILLUMINA,2023-09-30T00:00:00Z,2023-07-12T20:52:00Z,1,skm-vl_control_female_8w_biological_rep3_vial_90252015603,female,SRP448906,fischer 344,Vastus Lateralis Powder,Control - 8 weeks,90252015603
SRR25251659,6 months,RNA-Seq,206,6311226532,PRJNA908279,SAMN36363959,Model organism or animal,2031841860,STANFORD UNIVERSITY,2018-10-03,public,"run.zq,sra,fastq","gs,ncbi,s3","gs.us-east1,ncbi.public,s3.us-east-1",SRX20997886,USA,North America,USA: Iowa,Illumina NovaSeq 6000,rna-seq_blood_training_female_8w_biological_rep4_vial_90259013002,PAIRED,PolyA,TRANSCRIPTOMIC,Rattus norvegicus,ILLUMINA,2023-09-30T00:00:00Z,2023-07-12T20:48:00Z,1,blood_training_female_8w_biological_rep4_vial_90259013002,female,SRP448906,fischer 344,PaxGene RNA,Training - 8 weeks,90259013002
SRR25251666,6 months,RNA-Seq,206,7491046830,PRJNA908279,SAMN36364382,Model organism or animal,2398867714,STANFORD UNIVERSITY,2018-09-07,public,"sra,run.zq,fastq","ncbi,gs,s3","ncbi.public,gs.us-east1,s3.us-east-1",SRX20997879,USA,North America,USA: Iowa,Illumina NovaSeq 6000,rna-seq_colon_control_male_8w_biological_rep5_vial_90239016102,PAIRED,PolyA,TRANSCRIPTOMIC,Rattus norvegicus,ILLUMINA,2023-09-30T00:00:00Z,2023-07-12T21:03:00Z,1,colon_control_male_8w_biological_rep5_vial_90239016102,male,SRP448906,fischer 344,Colon Powder,Control - 8 weeks,90239016102
SRR25251667,6 months,RNA-Seq,206,7581614112,PRJNA908279,SAMN36364381,Model organism or animal,2454583099,STANFORD UNIVERSITY,2018-09-07,public,"fastq,run.zq,sra","s3,ncbi,gs","ncbi.public,s3.us-east-1,gs.us-east1",SRX20997878,USA,North America,USA: Iowa,Illumina NovaSeq 6000,rna-seq_colon_control_male_8w_biological_rep4_vial_90237016102,PAIRED,PolyA,TRANSCRIPTOMIC,Rattus norvegicus,ILLUMINA,2023-09-30T00:00:00Z,2023-07-12T21:01:00Z,1,colon_control_male_8w_biological_rep4_vial_90237016102,male,SRP448906,fischer 344,Colon Powder,Control - 8 weeks,90237016102
SRR25251671,6 months,RNA-Seq,206,4812746482,PRJNA908279,SAMN36364379,Model organism or animal,1541808082,STANFORD UNIVERSITY,2018-09-05,public,"sra,run.zq,fastq","ncbi,s3,gs","gs.us-east1,s3.us-east-1,ncbi.public",SRX20997874,USA,North America,USA: Iowa,Illumina NovaSeq 6000,rna-seq_colon_control_male_8w_biological_rep2_vial_90229016102,PAIRED,PolyA,TRANSCRIPTOMIC,Rattus norvegicus,ILLUMINA,2023-09-30T00:00:00Z,2023-07-12T20:48:00Z,1,colon_control_male_8w_biological_rep2_vial_90229016102,male,SRP448906,fischer 344,Colon Powder,Control - 8 weeks,90229016102
SRR25251672,6 months,RNA-Seq,206,8014460076,PRJNA908279,SAMN36364378,Model organism or animal,2563617326,STANFORD UNIVERSITY,2018-09-05,public,"run.zq,fastq,sra","ncbi,s3,gs","ncbi.public,s3.us-east-1,gs.us-east1",SRX20997873,USA,North America,USA: Iowa,Illumina NovaSeq 6000,rna-seq_colon_training_male_8w_biological_rep5_vial_90227016102,PAIRED,PolyA,TRANSCRIPTOMIC,Rattus norvegicus,ILLUMINA,2023-09-30T00:00:00Z,2023-07-12T21:02:00Z,1,colon_training_male_8w_biological_rep5_vial_90227016102,male,SRP448906,fischer 344,Colon Powder,Training - 8 weeks,90227016102
SRR25251673,6 months,RNA-Seq,206,6151086046,PRJNA908279,SAMN36363956,Model organism or animal,1996629597,STANFORD UNIVERSITY,2018-10-01,public,"run.zq,fastq,sra","gs,ncbi,s3","s3.us-east-1,gs.us-east1,ncbi.public",SRX20997872,USA,North America,USA: Iowa,Illumina NovaSeq 6000,rna-seq_blood_control_female_8w_biological_rep3_vial_90252013001,PAIRED,PolyA,TRANSCRIPTOMIC,Rattus norvegicus,ILLUMINA,2023-09-30T00:00:00Z,2023-07-12T20:48:00Z,1,blood_control_female_8w_biological_rep3_vial_90252013001,female,SRP448906,fischer 344,PaxGene RNA,Control - 8 weeks,90252013001
SRR25251674,6 months,RNA-Seq,206,6927177244,PRJNA908279,SAMN36364377,Model organism or animal,2219267337,STANFORD UNIVERSITY,2018-09-05,public,"fastq,run.zq,sra","s3,gs,ncbi","gs.us-east1,s3.us-east-1,ncbi.public",SRX20997871,USA,North America,USA: Iowa,Illumina NovaSeq 6000,rna-seq_colon_training_male_8w_biological_rep4_vial_90225016102,PAIRED,PolyA,TRANSCRIPTOMIC,Rattus norvegicus,ILLUMINA,2023-09-30T00:00:00Z,2023-07-12T20:49:00Z,1,colon_training_male_8w_biological_rep4_vial_90225016102,male,SRP448906,fischer 344,Colon Powder,Training - 8 weeks,90225016102
SRR25251675,6 months,RNA-Seq,206,6850741974,PRJNA908279,SAMN36364376,Model organism or animal,2204341268,STANFORD UNIVERSITY,2018-09-04,public,"sra,run.zq,fastq","s3,ncbi,gs","ncbi.public,gs.us-east1,s3.us-east-1",SRX20997870,USA,North America,USA: Iowa,Illumina NovaSeq 6000,rna-seq_colon_training_male_8w_biological_rep3_vial_90223016102,PAIRED,PolyA,TRANSCRIPTOMIC,Rattus norvegicus,ILLUMINA,2023-09-30T00:00:00Z,2023-07-12T21:07:00Z,1,colon_training_male_8w_biological_rep3_vial_90223016102,male,SRP448906,fischer 344,Colon Powder,Training - 8 weeks,90223016102
SRR25251676,6 months,RNA-Seq,206,8938909590,PRJNA908279,SAMN36364375,Model organism or animal,2853211331,STANFORD UNIVERSITY,2018-09-04,public,"fastq,sra,run.zq","s3,ncbi,gs","s3.us-east-1,gs.us-east1,ncbi.public",SRX20997869,USA,North America,USA: Iowa,Illumina NovaSeq 6000,rna-seq_colon_training_male_8w_biological_rep2_vial_90222016102,PAIRED,PolyA,TRANSCRIPTOMIC,Rattus norvegicus,ILLUMINA,2023-09-30T00:00:00Z,2023-07-12T21:02:00Z,1,colon_training_male_8w_biological_rep2_vial_90222016102,male,SRP448906,fischer 344,Colon Powder,Training - 8 weeks,90222016102
SRR25251677,6 months,RNA-Seq,206,7629081456,PRJNA908279,SAMN36364374,Model organism or animal,2448404430,STANFORD UNIVERSITY,2018-09-03,public,"run.zq,fastq,sra","s3,ncbi,gs","s3.us-east-1,gs.us-east1,ncbi.public",SRX20997868,USA,North America,USA: Iowa,Illumina NovaSeq 6000,rna-seq_colon_training_male_8w_biological_rep1_vial_90218016102,PAIRED,PolyA,TRANSCRIPTOMIC,Rattus norvegicus,ILLUMINA,2023-09-30T00:00:00Z,2023-07-12T21:01:00Z,1,colon_training_male_8w_biological_rep1_vial_90218016102,male,SRP448906,fischer 344,Colon Powder,Training - 8 weeks,90218016102
SRR25251678,6 months,RNA-Seq,206,6714519118,PRJNA908279,SAMN36364373,Model organism or animal,2148826346,STANFORD UNIVERSITY,2018-09-03,public,"fastq,run.zq,sra","ncbi,s3,gs","ncbi.public,s3.us-east-1,gs.us-east1",SRX20997867,USA,North America,USA: Iowa,Illumina NovaSeq 6000,rna-seq_colon_control_male_8w_biological_rep1_vial_90217016102,PAIRED,PolyA,TRANSCRIPTOMIC,Rattus norvegicus,ILLUMINA,2023-09-30T00:00:00Z,2023-07-12T20:53:00Z,1,colon_control_male_8w_biological_rep1_vial_90217016102,male,SRP448906,fischer 344,Colon Powder,Control - 8 weeks,90217016102
SRR25251684,6 months,RNA-Seq,206,7137002664,PRJNA908279,SAMN36363955,Model organism or animal,2298155270,STANFORD UNIVERSITY,2018-10-01,public,"run.zq,fastq,sra","gs,s3,ncbi","s3.us-east-1,gs.us-east1,ncbi.public",SRX20997861,USA,North America,USA: Iowa,Illumina NovaSeq 6000,rna-seq_blood_training_female_8w_biological_rep1_vial_90251013001,PAIRED,PolyA,TRANSCRIPTOMIC,Rattus norvegicus,ILLUMINA,2023-09-30T00:00:00Z,2023-07-12T20:57:00Z,1,blood_training_female_8w_biological_rep1_vial_90251013001,female,SRP448906,fischer 344,PaxGene RNA,Training - 8 weeks,90251013001
SRR25251692,6 months,RNA-Seq,206,5787258322,PRJNA908279,SAMN36363954,Model organism or animal,1880391924,STANFORD UNIVERSITY,2018-10-05,public,"fastq,run.zq,sra","s3,gs,ncbi","gs.us-east1,s3.us-east-1,ncbi.public",SRX20997532,USA,North America,USA: Iowa,Illumina NovaSeq 6000,rna-seq_blood_control_female_8w_biological_rep2_vial_90248013001,PAIRED,PolyA,TRANSCRIPTOMIC,Rattus norvegicus,ILLUMINA,2023-09-30T00:00:00Z,2023-07-12T20:51:00Z,1,blood_control_female_8w_biological_rep2_vial_90248013001,female,SRP448906,fischer 344,PaxGene RNA,Control - 8 weeks,90248013001
SRR25251711,6 months,RNA-Seq,206,7339031190,PRJNA908279,SAMN36364146,Model organism or animal,2434394075,STANFORD UNIVERSITY,2018-09-04,public,"sra,fastq,run.zq","gs,s3,ncbi","s3.us-east-1,ncbi.public,gs.us-east1",SRX20997834,USA,North America,USA: Iowa,Illumina NovaSeq 6000,rna-seq_skm-gn_training_male_8w_biological_rep3_vial_90223015512,PAIRED,PolyA,TRANSCRIPTOMIC,Rattus norvegicus,ILLUMINA,2023-09-30T00:00:00Z,2023-07-12T21:01:00Z,1,skm-gn_training_male_8w_biological_rep3_vial_90223015512,male,SRP448906,fischer 344,Gastrocnemius Powder,Training - 8 weeks,90223015512
SRR25251712,6 months,RNA-Seq,206,7513611040,PRJNA908279,SAMN36364145,Model organism or animal,2505240106,STANFORD UNIVERSITY,2018-09-04,public,"sra,fastq,run.zq","gs,ncbi,s3","ncbi.public,s3.us-east-1,gs.us-east1",SRX20997833,USA,North America,USA: Iowa,Illumina NovaSeq 6000,rna-seq_skm-gn_training_male_8w_biological_rep2_vial_90222015512,PAIRED,PolyA,TRANSCRIPTOMIC,Rattus norvegicus,ILLUMINA,2023-09-30T00:00:00Z,2023-07-12T21:04:00Z,1,skm-gn_training_male_8w_biological_rep2_vial_90222015512,male,SRP448906,fischer 344,Gastrocnemius Powder,Training - 8 weeks,90222015512
SRR25251715,6 months,RNA-Seq,206,7431521070,PRJNA908279,SAMN36364162,Model organism or animal,2477763633,STANFORD UNIVERSITY,2018-10-04,public,"fastq,run.zq,sra","ncbi,s3,gs","s3.us-east-1,gs.us-east1,ncbi.public",SRX20997830,USA,North America,USA: Iowa,Illumina NovaSeq 6000,rna-seq_skm-gn_training_female_8w_biological_rep5_vial_90267015512,PAIRED,PolyA,TRANSCRIPTOMIC,Rattus norvegicus,ILLUMINA,2023-09-30T00:00:00Z,2023-07-12T21:00:00Z,1,skm-gn_training_female_8w_biological_rep5_vial_90267015512,female,SRP448906,fischer 344,Gastrocnemius Powder,Training - 8 weeks,90267015512
SRR25251719,6 months,RNA-Seq,206,6065461734,PRJNA908279,SAMN36363945,Model organism or animal,1979597207,STANFORD UNIVERSITY,2018-09-04,public,"run.zq,sra,fastq","s3,ncbi,gs","ncbi.public,s3.us-east-1,gs.us-east1",SRX20997826,USA,North America,USA: Iowa,Illumina NovaSeq 6000,rna-seq_blood_training_male_8w_biological_rep2_vial_90222013002,PAIRED,PolyA,TRANSCRIPTOMIC,Rattus norvegicus,ILLUMINA,2023-09-30T00:00:00Z,2023-07-12T20:49:00Z,1,blood_training_male_8w_biological_rep2_vial_90222013002,male,SRP448906,fischer 344,PaxGene RNA,Training - 8 weeks,90222013002
SRR25251722,6 months,RNA-Seq,206,5653182604,PRJNA908279,SAMN36363943,Model organism or animal,1820304812,STANFORD UNIVERSITY,2018-09-03,public,"sra,run.zq,fastq","ncbi,s3,gs","gs.us-east1,s3.us-east-1,ncbi.public",SRX20997823,USA,North America,USA: Iowa,Illumina NovaSeq 6000,rna-seq_blood_control_male_8w_biological_rep1_vial_90217013001,PAIRED,PolyA,TRANSCRIPTOMIC,Rattus norvegicus,ILLUMINA,2023-09-30T00:00:00Z,2023-07-12T20:47:00Z,1,blood_control_male_8w_biological_rep1_vial_90217013001,male,SRP448906,fischer 344,PaxGene RNA,Control - 8 weeks,90217013001
SRR25251733,6 months,RNA-Seq,206,4815054094,PRJNA908279,SAMN36363944,Model organism or animal,1622649649,STANFORD UNIVERSITY,2018-09-03,public,"fastq,run.zq,sra","gs,s3,ncbi","gs.us-east1,s3.us-east-1,ncbi.public",SRX20997812,USA,North America,USA: Iowa,Illumina NovaSeq 6000,rna-seq_blood_training_male_8w_biological_rep1_vial_90218013001,PAIRED,PolyA,TRANSCRIPTOMIC,Rattus norvegicus,ILLUMINA,2023-09-30T00:00:00Z,2023-07-12T20:48:00Z,1,blood_training_male_8w_biological_rep1_vial_90218013001,male,SRP448906,fischer 344,PaxGene RNA,Training - 8 weeks,90218013001
SRR25251745,6 months,RNA-Seq,206,6287459282,PRJNA908279,SAMN36364591,Model organism or animal,2017396775,STANFORD UNIVERSITY,2018-10-04,public,"run.zq,fastq,sra","gs,ncbi,s3","ncbi.public,gs.us-east1,s3.us-east-1",SRX20997799,USA,North America,USA: Iowa,Illumina NovaSeq 6000,rna-seq_smlint_training_female_8w_biological_rep5_vial_90267016702,PAIRED,PolyA,TRANSCRIPTOMIC,Rattus norvegicus,ILLUMINA,2023-09-30T00:00:00Z,2023-07-12T20:48:00Z,1,smlint_training_female_8w_biological_rep5_vial_90267016702,female,SRP448906,fischer 344,Small Intestine Powder,Training - 8 weeks,90267016702
SRR25251746,6 months,RNA-Seq,206,6824296106,PRJNA908279,SAMN36364590,Model organism or animal,2196374982,STANFORD UNIVERSITY,2018-10-04,public,"run.zq,sra,fastq","ncbi,gs,s3","s3.us-east-1,gs.us-east1,ncbi.public",SRX20997798,USA,North America,USA: Iowa,Illumina NovaSeq 6000,rna-seq_smlint_control_female_8w_biological_rep5_vial_90266016702,PAIRED,PolyA,TRANSCRIPTOMIC,Rattus norvegicus,ILLUMINA,2023-09-30T00:00:00Z,2023-07-12T20:51:00Z,1,smlint_control_female_8w_biological_rep5_vial_90266016702,female,SRP448906,fischer 344,Small Intestine Powder,Control - 8 weeks,90266016702
SRR25251749,6 months,RNA-Seq,206,6538955206,PRJNA908279,SAMN36364589,Model organism or animal,2089499414,STANFORD UNIVERSITY,2018-10-04,public,"fastq,sra,run.zq","s3,gs,ncbi","s3.us-east-1,ncbi.public,gs.us-east1",SRX20997795,USA,North America,USA: Iowa,Illumina NovaSeq 6000,rna-seq_smlint_control_female_8w_biological_rep4_vial_90265016702,PAIRED,PolyA,TRANSCRIPTOMIC,Rattus norvegicus,ILLUMINA,2023-09-30T00:00:00Z,2023-07-12T20:59:00Z,1,smlint_control_female_8w_biological_rep4_vial_90265016702,female,SRP448906,fischer 344,Small Intestine Powder,Control - 8 weeks,90265016702
SRR25251750,6 months,RNA-Seq,206,7213728394,PRJNA908279,SAMN36364588,Model organism or animal,2313440477,STANFORD UNIVERSITY,2018-10-03,public,"fastq,sra,run.zq","s3,gs,ncbi","ncbi.public,s3.us-east-1,gs.us-east1",SRX20997794,USA,North America,USA: Iowa,Illumina NovaSeq 6000,rna-seq_smlint_training_female_8w_biological_rep4_vial_90259016702,PAIRED,PolyA,TRANSCRIPTOMIC,Rattus norvegicus,ILLUMINA,2023-09-30T00:00:00Z,2023-07-12T21:02:00Z,1,smlint_training_female_8w_biological_rep4_vial_90259016702,female,SRP448906,fischer 344,Small Intestine Powder,Training - 8 weeks,90259016702
SRR25251754,6 months,RNA-Seq,206,7086354062,PRJNA908279,SAMN36364584,Model organism or animal,2267917545,STANFORD UNIVERSITY,2018-10-01,public,"fastq,run.zq,sra","ncbi,gs,s3","gs.us-east1,s3.us-east-1,ncbi.public",SRX20997790,USA,North America,USA: Iowa,Illumina NovaSeq 6000,rna-seq_smlint_training_female_8w_biological_rep1_vial_90251016702,PAIRED,PolyA,TRANSCRIPTOMIC,Rattus norvegicus,ILLUMINA,2023-09-30T00:00:00Z,2023-07-12T20:54:00Z,1,smlint_training_female_8w_biological_rep1_vial_90251016702,female,SRP448906,fischer 344,Small Intestine Powder,Training - 8 weeks,90251016702
SRR25251755,6 months,RNA-Seq,206,6763189502,PRJNA908279,SAMN36364583,Model organism or animal,2172238706,STANFORD UNIVERSITY,2018-10-05,public,"sra,run.zq,fastq","gs,s3,ncbi","s3.us-east-1,gs.us-east1,ncbi.public",SRX20997789,USA,North America,USA: Iowa,Illumina NovaSeq 6000,rna-seq_smlint_control_female_8w_biological_rep2_vial_90248016702,PAIRED,PolyA,TRANSCRIPTOMIC,Rattus norvegicus,ILLUMINA,2023-09-30T00:00:00Z,2023-07-12T20:48:00Z,1,smlint_control_female_8w_biological_rep2_vial_90248016702,female,SRP448906,fischer 344,Small Intestine Powder,Control - 8 weeks,90248016702
SRR25251756,6 months,RNA-Seq,206,6915429064,PRJNA908279,SAMN36364582,Model organism or animal,2214755119,STANFORD UNIVERSITY,2018-10-01,public,"fastq,sra,run.zq","ncbi,s3,gs","gs.us-east1,ncbi.public,s3.us-east-1",SRX20997788,USA,North America,USA: Iowa,Illumina NovaSeq 6000,rna-seq_smlint_control_female_8w_biological_rep1_vial_90245016702,PAIRED,PolyA,TRANSCRIPTOMIC,Rattus norvegicus,ILLUMINA,2023-09-30T00:00:00Z,2023-07-12T20:49:00Z,1,smlint_control_female_8w_biological_rep1_vial_90245016702,female,SRP448906,fischer 344,Small Intestine Powder,Control - 8 weeks,90245016702
SRR25251757,6 months,RNA-Seq,206,6672461334,PRJNA908279,SAMN36364581,Model organism or animal,2140810312,STANFORD UNIVERSITY,2018-09-07,public,"fastq,run.zq,sra","ncbi,s3,gs","gs.us-east1,ncbi.public,s3.us-east-1",SRX20997787,USA,North America,USA: Iowa,Illumina NovaSeq 6000,rna-seq_smlint_control_male_8w_biological_rep5_vial_90239016702,PAIRED,PolyA,TRANSCRIPTOMIC,Rattus norvegicus,ILLUMINA,2023-09-30T00:00:00Z,2023-07-12T20:50:00Z,1,smlint_control_male_8w_biological_rep5_vial_90239016702,male,SRP448906,fischer 344,Small Intestine Powder,Control - 8 weeks,90239016702
SRR25251758,6 months,RNA-Seq,206,7320018214,PRJNA908279,SAMN36364580,Model organism or animal,2345887253,STANFORD UNIVERSITY,2018-09-07,public,"run.zq,fastq,sra","gs,ncbi,s3","ncbi.public,s3.us-east-1,gs.us-east1",SRX20997786,USA,North America,USA: Iowa,Illumina NovaSeq 6000,rna-seq_smlint_control_male_8w_biological_rep4_vial_90237016702,PAIRED,PolyA,TRANSCRIPTOMIC,Rattus norvegicus,ILLUMINA,2023-09-30T00:00:00Z,2023-07-12T21:01:00Z,1,smlint_control_male_8w_biological_rep4_vial_90237016702,male,SRP448906,fischer 344,Small Intestine Powder,Control - 8 weeks,90237016702
SRR25251760,6 months,RNA-Seq,206,9133820198,PRJNA908279,SAMN36364579,Model organism or animal,2929044607,STANFORD UNIVERSITY,2018-09-06,public,"fastq,sra,run.zq","gs,s3,ncbi","gs.us-east1,s3.us-east-1,ncbi.public",SRX20997784,USA,North America,USA: Iowa,Illumina NovaSeq 6000,rna-seq_smlint_control_male_8w_biological_rep3_vial_90232016702,PAIRED,PolyA,TRANSCRIPTOMIC,Rattus norvegicus,ILLUMINA,2023-09-30T00:00:00Z,2023-07-12T21:03:00Z,1,smlint_control_male_8w_biological_rep3_vial_90232016702,male,SRP448906,fischer 344,Small Intestine Powder,Control - 8 weeks,90232016702
SRR25251761,6 months,RNA-Seq,206,7101758124,PRJNA908279,SAMN36364578,Model organism or animal,2287790833,STANFORD UNIVERSITY,2018-09-05,public,"sra,run.zq,fastq","ncbi,gs,s3","s3.us-east-1,ncbi.public,gs.us-east1",SRX20997783,USA,North America,USA: Iowa,Illumina NovaSeq 6000,rna-seq_smlint_control_male_8w_biological_rep2_vial_90229016702,PAIRED,PolyA,TRANSCRIPTOMIC,Rattus norvegicus,ILLUMINA,2023-09-30T00:00:00Z,2023-07-12T20:51:00Z,1,smlint_control_male_8w_biological_rep2_vial_90229016702,male,SRP448906,fischer 344,Small Intestine Powder,Control - 8 weeks,90229016702
SRR25251762,6 months,RNA-Seq,206,7521273004,PRJNA908279,SAMN36364577,Model organism or animal,2428389777,STANFORD UNIVERSITY,2018-09-05,public,"sra,fastq,run.zq","ncbi,gs,s3","s3.us-east-1,gs.us-east1,ncbi.public",SRX20997782,USA,North America,USA: Iowa,Illumina NovaSeq 6000,rna-seq_smlint_training_male_8w_biological_rep5_vial_90227016702,PAIRED,PolyA,TRANSCRIPTOMIC,Rattus norvegicus,ILLUMINA,2023-09-30T00:00:00Z,2023-07-12T21:02:00Z,1,smlint_training_male_8w_biological_rep5_vial_90227016702,male,SRP448906,fischer 344,Small Intestine Powder,Training - 8 weeks,90227016702
SRR25251763,6 months,RNA-Seq,206,6800542864,PRJNA908279,SAMN36364576,Model organism or animal,2182611946,STANFORD UNIVERSITY,2018-09-05,public,"run.zq,sra,fastq","s3,ncbi,gs","ncbi.public,gs.us-east1,s3.us-east-1",SRX20997556,USA,North America,USA: Iowa,Illumina NovaSeq 6000,rna-seq_smlint_training_male_8w_biological_rep4_vial_90225016702,PAIRED,PolyA,TRANSCRIPTOMIC,Rattus norvegicus,ILLUMINA,2023-09-30T00:00:00Z,2023-07-12T20:53:00Z,1,smlint_training_male_8w_biological_rep4_vial_90225016702,male,SRP448906,fischer 344,Small Intestine Powder,Training - 8 weeks,90225016702
SRR25251766,6 months,RNA-Seq,206,5742126812,PRJNA908279,SAMN36364507,Model organism or animal,1840864285,STANFORD UNIVERSITY,2018-10-04,public,"sra,fastq,run.zq","gs,s3,ncbi","gs.us-east1,ncbi.public,s3.us-east-1",SRX20997778,USA,North America,USA: Iowa,Illumina NovaSeq 6000,rna-seq_ovary_training_female_8w_biological_rep5_vial_90267016402,PAIRED,PolyA,TRANSCRIPTOMIC,Rattus norvegicus,ILLUMINA,2023-09-30T00:00:00Z,2023-07-12T20:48:00Z,1,ovary_training_female_8w_biological_rep5_vial_90267016402,female,SRP448906,fischer 344,Ovaries Powder,Training - 8 weeks,90267016402
SRR25251768,6 months,RNA-Seq,206,7546310862,PRJNA908279,SAMN36364504,Model organism or animal,2415530703,STANFORD UNIVERSITY,2018-10-03,public,"fastq,sra,run.zq","gs,s3,ncbi","ncbi.public,gs.us-east1,s3.us-east-1",SRX20997776,USA,North America,USA: Iowa,Illumina NovaSeq 6000,rna-seq_ovary_training_female_8w_biological_rep4_vial_90259016402,PAIRED,PolyA,TRANSCRIPTOMIC,Rattus norvegicus,ILLUMINA,2023-09-30T00:00:00Z,2023-07-12T21:02:00Z,1,ovary_training_female_8w_biological_rep4_vial_90259016402,female,SRP448906,fischer 344,Ovaries Powder,Training - 8 weeks,90259016402
SRR25251769,6 months,RNA-Seq,206,7729135450,PRJNA908279,SAMN36364503,Model organism or animal,2484962682,STANFORD UNIVERSITY,2018-10-03,public,"fastq,sra,run.zq","s3,gs,ncbi","ncbi.public,s3.us-east-1,gs.us-east1",SRX20997775,USA,North America,USA: Iowa,Illumina NovaSeq 6000,rna-seq_ovary_training_female_8w_biological_rep3_vial_90258016402,PAIRED,PolyA,TRANSCRIPTOMIC,Rattus norvegicus,ILLUMINA,2023-09-30T00:00:00Z,2023-07-12T21:02:00Z,1,ovary_training_female_8w_biological_rep3_vial_90258016402,female,SRP448906,fischer 344,Ovaries Powder,Training - 8 weeks,90258016402
SRR25251770,6 months,RNA-Seq,206,6299029272,PRJNA908279,SAMN36364502,Model organism or animal,2029815357,STANFORD UNIVERSITY,2018-10-02,public,"sra,fastq,run.zq","s3,gs,ncbi","s3.us-east-1,gs.us-east1,ncbi.public",SRX20997774,USA,North America,USA: Iowa,Illumina NovaSeq 6000,rna-seq_ovary_training_female_8w_biological_rep2_vial_90254016402,PAIRED,PolyA,TRANSCRIPTOMIC,Rattus norvegicus,ILLUMINA,2023-09-30T00:00:00Z,2023-07-12T20:50:00Z,1,ovary_training_female_8w_biological_rep2_vial_90254016402,female,SRP448906,fischer 344,Ovaries Powder,Training - 8 weeks,90254016402
SRR25251771,6 months,RNA-Seq,206,6420202180,PRJNA908279,SAMN36364501,Model organism or animal,2076874027,STANFORD UNIVERSITY,2018-10-01,public,"fastq,run.zq,sra","ncbi,s3,gs","ncbi.public,gs.us-east1,s3.us-east-1",SRX20997773,USA,North America,USA: Iowa,Illumina NovaSeq 6000,rna-seq_ovary_control_female_8w_biological_rep3_vial_90252016402,PAIRED,PolyA,TRANSCRIPTOMIC,Rattus norvegicus,ILLUMINA,2023-09-30T00:00:00Z,2023-07-12T20:54:00Z,1,ovary_control_female_8w_biological_rep3_vial_90252016402,female,SRP448906,fischer 344,Ovaries Powder,Control - 8 weeks,90252016402
SRR25251772,6 months,RNA-Seq,206,7139464364,PRJNA908279,SAMN36364500,Model organism or animal,2300241039,STANFORD UNIVERSITY,2018-10-01,public,"fastq,run.zq,sra","ncbi,gs,s3","ncbi.public,s3.us-east-1,gs.us-east1",SRX20997772,USA,North America,USA: Iowa,Illumina NovaSeq 6000,rna-seq_ovary_training_female_8w_biological_rep1_vial_90251016402,PAIRED,PolyA,TRANSCRIPTOMIC,Rattus norvegicus,ILLUMINA,2023-09-30T00:00:00Z,2023-07-12T20:50:00Z,1,ovary_training_female_8w_biological_rep1_vial_90251016402,female,SRP448906,fischer 344,Ovaries Powder,Training - 8 weeks,90251016402
SRR25251774,6 months,RNA-Seq,206,6996780318,PRJNA908279,SAMN36364499,Model organism or animal,2257703695,STANFORD UNIVERSITY,2018-10-05,public,"sra,fastq,run.zq","gs,ncbi,s3","s3.us-east-1,ncbi.public,gs.us-east1",SRX20997770,USA,North America,USA: Iowa,Illumina NovaSeq 6000,rna-seq_ovary_control_female_8w_biological_rep2_vial_90248016402,PAIRED,PolyA,TRANSCRIPTOMIC,Rattus norvegicus,ILLUMINA,2023-09-30T00:00:00Z,2023-07-12T20:49:00Z,1,ovary_control_female_8w_biological_rep2_vial_90248016402,female,SRP448906,fischer 344,Ovaries Powder,Control - 8 weeks,90248016402
SRR25251775,6 months,RNA-Seq,206,7360871928,PRJNA908279,SAMN36364498,Model organism or animal,2359599940,STANFORD UNIVERSITY,2018-10-01,public,"run.zq,fastq,sra","s3,gs,ncbi","s3.us-east-1,ncbi.public,gs.us-east1",SRX20997769,USA,North America,USA: Iowa,Illumina NovaSeq 6000,rna-seq_ovary_control_female_8w_biological_rep1_vial_90245016402,PAIRED,PolyA,TRANSCRIPTOMIC,Rattus norvegicus,ILLUMINA,2023-09-30T00:00:00Z,2023-07-12T21:01:00Z,1,ovary_control_female_8w_biological_rep1_vial_90245016402,female,SRP448906,fischer 344,Ovaries Powder,Control - 8 weeks,90245016402
SRR25251789,6 months,RNA-Seq,210,8076828690,PRJNA908279,SAMN36364424,Model organism or animal,2690975700,STANFORD UNIVERSITY,2018-09-03,public,"fastq,sra,run.zq","s3,ncbi,gs","gs.us-east1,s3.us-east-1,ncbi.public",SRX20997755,USA,North America,USA: Iowa,Illumina NovaSeq 6000,rna-seq_spleen_training_male_8w_biological_rep1_vial_90218016202,PAIRED,PolyA,TRANSCRIPTOMIC,Rattus norvegicus,ILLUMINA,2023-09-30T00:00:00Z,2023-07-12T21:02:00Z,1,spleen_training_male_8w_biological_rep1_vial_90218016202,male,SRP448906,fischer 344,Spleen Powder,Training - 8 weeks,90218016202
SRR25251790,6 months,RNA-Seq,210,7333253970,PRJNA908279,SAMN36364423,Model organism or animal,2432764054,STANFORD UNIVERSITY,2018-09-03,public,"fastq,sra,run.zq","gs,ncbi,s3","ncbi.public,gs.us-east1,s3.us-east-1",SRX20997754,USA,North America,USA: Iowa,Illumina NovaSeq 6000,rna-seq_spleen_control_male_8w_biological_rep1_vial_90217016202,PAIRED,PolyA,TRANSCRIPTOMIC,Rattus norvegicus,ILLUMINA,2023-09-30T00:00:00Z,2023-07-12T20:59:00Z,1,spleen_control_male_8w_biological_rep1_vial_90217016202,male,SRP448906,fischer 344,Spleen Powder,Control - 8 weeks,90217016202
SRR25251792,6 months,RNA-Seq,210,7304267250,PRJNA908279,SAMN36364441,Model organism or animal,2435073244,STANFORD UNIVERSITY,2018-10-04,public,"sra,run.zq,fastq","gs,s3,ncbi","s3.us-east-1,ncbi.public,gs.us-east1",SRX20997752,USA,North America,USA: Iowa,Illumina NovaSeq 6000,rna-seq_spleen_control_female_8w_biological_rep5_vial_90266016202,PAIRED,PolyA,TRANSCRIPTOMIC,Rattus norvegicus,ILLUMINA,2023-09-30T00:00:00Z,2023-07-12T21:00:00Z,1,spleen_control_female_8w_biological_rep5_vial_90266016202,female,SRP448906,fischer 344,Spleen Powder,Control - 8 weeks,90266016202
SRR25251793,6 months,RNA-Seq,210,7860807570,PRJNA908279,SAMN36364440,Model organism or animal,2612710992,STANFORD UNIVERSITY,2018-10-04,public,"sra,fastq,run.zq","s3,ncbi,gs","ncbi.public,s3.us-east-1,gs.us-east1",SRX20997751,USA,North America,USA: Iowa,Illumina NovaSeq 6000,rna-seq_spleen_control_female_8w_biological_rep4_vial_90265016202,PAIRED,PolyA,TRANSCRIPTOMIC,Rattus norvegicus,ILLUMINA,2023-09-30T00:00:00Z,2023-07-12T21:03:00Z,1,spleen_control_female_8w_biological_rep4_vial_90265016202,female,SRP448906,fischer 344,Spleen Powder,Control - 8 weeks,90265016202
SRR25251794,6 months,RNA-Seq,206,5146461538,PRJNA908279,SAMN36363962,Model organism or animal,1670022248,STANFORD UNIVERSITY,2018-10-04,public,"sra,fastq,run.zq","gs,s3,ncbi","gs.us-east1,s3.us-east-1,ncbi.public",SRX20997750,USA,North America,USA: Iowa,Illumina NovaSeq 6000,rna-seq_blood_training_female_8w_biological_rep5_vial_90267013002,PAIRED,PolyA,TRANSCRIPTOMIC,Rattus norvegicus,ILLUMINA,2023-09-30T00:00:00Z,2023-07-12T20:48:00Z,1,blood_training_female_8w_biological_rep5_vial_90267013002,female,SRP448906,fischer 344,PaxGene RNA,Training - 8 weeks,90267013002
SRR25251795,6 months,RNA-Seq,210,8550499860,PRJNA908279,SAMN36364439,Model organism or animal,2842476614,STANFORD UNIVERSITY,2018-10-03,public,"fastq,run.zq,sra","s3,gs,ncbi","s3.us-east-1,gs.us-east1,ncbi.public",SRX20997749,USA,North America,USA: Iowa,Illumina NovaSeq 6000,rna-seq_spleen_training_female_8w_biological_rep4_vial_90259016202,PAIRED,PolyA,TRANSCRIPTOMIC,Rattus norvegicus,ILLUMINA,2023-09-30T00:00:00Z,2023-07-12T21:00:00Z,1,spleen_training_female_8w_biological_rep4_vial_90259016202,female,SRP448906,fischer 344,Spleen Powder,Training - 8 weeks,90259016202
SRR25251796,6 months,RNA-Seq,210,8024242380,PRJNA908279,SAMN36364438,Model organism or animal,2666741691,STANFORD UNIVERSITY,2018-10-03,public,"run.zq,sra,fastq","s3,ncbi,gs","s3.us-east-1,gs.us-east1,ncbi.public",SRX20997748,USA,North America,USA: Iowa,Illumina NovaSeq 6000,rna-seq_spleen_training_female_8w_biological_rep3_vial_90258016202,PAIRED,PolyA,TRANSCRIPTOMIC,Rattus norvegicus,ILLUMINA,2023-09-30T00:00:00Z,2023-07-12T21:02:00Z,1,spleen_training_female_8w_biological_rep3_vial_90258016202,female,SRP448906,fischer 344,Spleen Powder,Training - 8 weeks,90258016202
SRR25251797,6 months,RNA-Seq,210,8153793060,PRJNA908279,SAMN36364437,Model organism or animal,2709304962,STANFORD UNIVERSITY,2018-10-02,public,"fastq,run.zq,sra","gs,ncbi,s3","gs.us-east1,s3.us-east-1,ncbi.public",SRX20997747,USA,North America,USA: Iowa,Illumina NovaSeq 6000,rna-seq_spleen_training_female_8w_biological_rep2_vial_90254016202,PAIRED,PolyA,TRANSCRIPTOMIC,Rattus norvegicus,ILLUMINA,2023-09-30T00:00:00Z,2023-07-12T21:02:00Z,1,spleen_training_female_8w_biological_rep2_vial_90254016202,female,SRP448906,fischer 344,Spleen Powder,Training - 8 weeks,90254016202
SRR25251798,6 months,RNA-Seq,210,7709557800,PRJNA908279,SAMN36364436,Model organism or animal,2558200553,STANFORD UNIVERSITY,2018-10-01,public,"fastq,sra,run.zq","s3,ncbi,gs","s3.us-east-1,gs.us-east1,ncbi.public",SRX20997746,USA,North America,USA: Iowa,Illumina NovaSeq 6000,rna-seq_spleen_control_female_8w_biological_rep3_vial_90252016202,PAIRED,PolyA,TRANSCRIPTOMIC,Rattus norvegicus,ILLUMINA,2023-09-30T00:00:00Z,2023-07-12T21:04:00Z,1,spleen_control_female_8w_biological_rep3_vial_90252016202,female,SRP448906,fischer 344,Spleen Powder,Control - 8 weeks,90252016202
SRR25251799,6 months,RNA-Seq,210,9441950700,PRJNA908279,SAMN36364435,Model organism or animal,3142173998,STANFORD UNIVERSITY,2018-10-01,public,"run.zq,sra,fastq","s3,ncbi,gs","s3.us-east-1,gs.us-east1,ncbi.public",SRX20997745,USA,North America,USA: Iowa,Illumina NovaSeq 6000,rna-seq_spleen_training_female_8w_biological_rep1_vial_90251016202,PAIRED,PolyA,TRANSCRIPTOMIC,Rattus norvegicus,ILLUMINA,2023-09-30T00:00:00Z,2023-07-12T21:01:00Z,1,spleen_training_female_8w_biological_rep1_vial_90251016202,female,SRP448906,fischer 344,Spleen Powder,Training - 8 weeks,90251016202
SRR25251800,6 months,RNA-Seq,210,7510271790,PRJNA908279,SAMN36364434,Model organism or animal,2487447028,STANFORD UNIVERSITY,2018-10-05,public,"fastq,sra,run.zq","ncbi,s3,gs","s3.us-east-1,ncbi.public,gs.us-east1",SRX20997744,USA,North America,USA: Iowa,Illumina NovaSeq 6000,rna-seq_spleen_control_female_8w_biological_rep2_vial_90248016202,PAIRED,PolyA,TRANSCRIPTOMIC,Rattus norvegicus,ILLUMINA,2023-09-30T00:00:00Z,2023-07-12T21:04:00Z,1,spleen_control_female_8w_biological_rep2_vial_90248016202,female,SRP448906,fischer 344,Spleen Powder,Control - 8 weeks,90248016202
SRR25251801,6 months,RNA-Seq,210,7501942770,PRJNA908279,SAMN36364433,Model organism or animal,2487830984,STANFORD UNIVERSITY,2018-10-01,public,"sra,fastq,run.zq","s3,gs,ncbi","ncbi.public,gs.us-east1,s3.us-east-1",SRX20997743,USA,North America,USA: Iowa,Illumina NovaSeq 6000,rna-seq_spleen_control_female_8w_biological_rep1_vial_90245016202,PAIRED,PolyA,TRANSCRIPTOMIC,Rattus norvegicus,ILLUMINA,2023-09-30T00:00:00Z,2023-07-12T20:59:00Z,1,spleen_control_female_8w_biological_rep1_vial_90245016202,female,SRP448906,fischer 344,Spleen Powder,Control - 8 weeks,90245016202
SRR25251802,6 months,RNA-Seq,210,7621692120,PRJNA908279,SAMN36364432,Model organism or animal,2544784420,STANFORD UNIVERSITY,2018-09-07,public,"sra,fastq,run.zq","s3,gs,ncbi","ncbi.public,s3.us-east-1,gs.us-east1",SRX20997742,USA,North America,USA: Iowa,Illumina NovaSeq 6000,rna-seq_spleen_control_male_8w_biological_rep5_vial_90239016202,PAIRED,PolyA,TRANSCRIPTOMIC,Rattus norvegicus,ILLUMINA,2023-09-30T00:00:00Z,2023-07-12T21:00:00Z,1,spleen_control_male_8w_biological_rep5_vial_90239016202,male,SRP448906,fischer 344,Spleen Powder,Control - 8 weeks,90239016202
SRR25251803,6 months,RNA-Seq,210,7039225410,PRJNA908279,SAMN36364431,Model organism or animal,2342489813,STANFORD UNIVERSITY,2018-09-07,public,"run.zq,fastq,sra","ncbi,gs,s3","gs.us-east1,s3.us-east-1,ncbi.public",SRX20997741,USA,North America,USA: Iowa,Illumina NovaSeq 6000,rna-seq_spleen_control_male_8w_biological_rep4_vial_90237016202,PAIRED,PolyA,TRANSCRIPTOMIC,Rattus norvegicus,ILLUMINA,2023-09-30T00:00:00Z,2023-07-12T20:52:00Z,1,spleen_control_male_8w_biological_rep4_vial_90237016202,male,SRP448906,fischer 344,Spleen Powder,Control - 8 weeks,90237016202
SRR25251804,6 months,RNA-Seq,210,6857381790,PRJNA908279,SAMN36364430,Model organism or animal,2271806890,STANFORD UNIVERSITY,2018-09-06,public,"sra,fastq,run.zq","ncbi,s3,gs","s3.us-east-1,ncbi.public,gs.us-east1",SRX20997740,USA,North America,USA: Iowa,Illumina NovaSeq 6000,rna-seq_spleen_control_male_8w_biological_rep3_vial_90232016202,PAIRED,PolyA,TRANSCRIPTOMIC,Rattus norvegicus,ILLUMINA,2023-09-30T00:00:00Z,2023-07-12T20:59:00Z,1,spleen_control_male_8w_biological_rep3_vial_90232016202,male,SRP448906,fischer 344,Spleen Powder,Control - 8 weeks,90232016202
SRR25251805,6 months,RNA-Seq,206,4767074016,PRJNA908279,SAMN36363961,Model organism or animal,1560413275,STANFORD UNIVERSITY,2018-10-04,public,"sra,run.zq,fastq","s3,ncbi,gs","gs.us-east1,s3.us-east-1,ncbi.public",SRX20997739,USA,North America,USA: Iowa,Illumina NovaSeq 6000,rna-seq_blood_control_female_8w_biological_rep5_vial_90266013002,PAIRED,PolyA,TRANSCRIPTOMIC,Rattus norvegicus,ILLUMINA,2023-09-30T00:00:00Z,2023-07-12T20:47:00Z,1,blood_control_female_8w_biological_rep5_vial_90266013002,female,SRP448906,fischer 344,PaxGene RNA,Control - 8 weeks,90266013002
SRR25251806,6 months,RNA-Seq,210,8263057950,PRJNA908279,SAMN36364429,Model organism or animal,2747121067,STANFORD UNIVERSITY,2018-09-05,public,"sra,run.zq,fastq","gs,s3,ncbi","gs.us-east1,ncbi.public,s3.us-east-1",SRX20997738,USA,North America,USA: Iowa,Illumina NovaSeq 6000,rna-seq_spleen_control_male_8w_biological_rep2_vial_90229016202,PAIRED,PolyA,TRANSCRIPTOMIC,Rattus norvegicus,ILLUMINA,2023-09-30T00:00:00Z,2023-07-12T21:00:00Z,1,spleen_control_male_8w_biological_rep2_vial_90229016202,male,SRP448906,fischer 344,Spleen Powder,Control - 8 weeks,90229016202
SRR25251807,6 months,RNA-Seq,210,7062084120,PRJNA908279,SAMN36364428,Model organism or animal,2346011538,STANFORD UNIVERSITY,2018-09-05,public,"fastq,sra,run.zq","s3,gs,ncbi","ncbi.public,gs.us-east1,s3.us-east-1",SRX20997737,USA,North America,USA: Iowa,Illumina NovaSeq 6000,rna-seq_spleen_training_male_8w_biological_rep5_vial_90227016202,PAIRED,PolyA,TRANSCRIPTOMIC,Rattus norvegicus,ILLUMINA,2023-09-30T00:00:00Z,2023-07-12T20:49:00Z,1,spleen_training_male_8w_biological_rep5_vial_90227016202,male,SRP448906,fischer 344,Spleen Powder,Training - 8 weeks,90227016202
SRR25251808,6 months,RNA-Seq,210,7637087430,PRJNA908279,SAMN36364427,Model organism or animal,2534700280,STANFORD UNIVERSITY,2018-09-05,public,"run.zq,fastq,sra","s3,gs,ncbi","ncbi.public,gs.us-east1,s3.us-east-1",SRX20997736,USA,North America,USA: Iowa,Illumina NovaSeq 6000,rna-seq_spleen_training_male_8w_biological_rep4_vial_90225016202,PAIRED,PolyA,TRANSCRIPTOMIC,Rattus norvegicus,ILLUMINA,2023-09-30T00:00:00Z,2023-07-12T21:00:00Z,1,spleen_training_male_8w_biological_rep4_vial_90225016202,male,SRP448906,fischer 344,Spleen Powder,Training - 8 weeks,90225016202
SRR25251809,6 months,RNA-Seq,210,8196560190,PRJNA908279,SAMN36364426,Model organism or animal,2742837568,STANFORD UNIVERSITY,2018-09-04,public,"fastq,sra,run.zq","s3,gs,ncbi","ncbi.public,gs.us-east1,s3.us-east-1",SRX20997735,USA,North America,USA: Iowa,Illumina NovaSeq 6000,rna-seq_spleen_training_male_8w_biological_rep3_vial_90223016202,PAIRED,PolyA,TRANSCRIPTOMIC,Rattus norvegicus,ILLUMINA,2023-09-30T00:00:00Z,2023-07-12T21:04:00Z,1,spleen_training_male_8w_biological_rep3_vial_90223016202,male,SRP448906,fischer 344,Spleen Powder,Training - 8 weeks,90223016202
SRR25251810,6 months,RNA-Seq,210,7634697210,PRJNA908279,SAMN36364425,Model organism or animal,2534933229,STANFORD UNIVERSITY,2018-09-04,public,"run.zq,sra,fastq","s3,gs,ncbi","ncbi.public,s3.us-east-1,gs.us-east1",SRX20997734,USA,North America,USA: Iowa,Illumina NovaSeq 6000,rna-seq_spleen_training_male_8w_biological_rep2_vial_90222016202,PAIRED,PolyA,TRANSCRIPTOMIC,Rattus norvegicus,ILLUMINA,2023-09-30T00:00:00Z,2023-07-12T21:02:00Z,1,spleen_training_male_8w_biological_rep2_vial_90222016202,male,SRP448906,fischer 344,Spleen Powder,Training - 8 weeks,90222016202
SRR25251819,6 months,RNA-Seq,206,6600864180,PRJNA908279,SAMN36364527,Model organism or animal,2124622064,STANFORD UNIVERSITY,2018-09-05,public,"run.zq,fastq,sra","s3,gs,ncbi","ncbi.public,gs.us-east1,s3.us-east-1",SRX20997725,USA,North America,USA: Iowa,Illumina NovaSeq 6000,rna-seq_lung_training_male_8w_biological_rep5_vial_90227016603,PAIRED,PolyA,TRANSCRIPTOMIC,Rattus norvegicus,ILLUMINA,2023-09-30T00:00:00Z,2023-07-12T20:50:00Z,1,lung_training_male_8w_biological_rep5_vial_90227016603,male,SRP448906,fischer 344,Lung Powder,Training - 8 weeks,90227016603
SRR25251820,6 months,RNA-Seq,206,7961830166,PRJNA908279,SAMN36364526,Model organism or animal,2555421549,STANFORD UNIVERSITY,2018-09-05,public,"sra,run.zq,fastq","gs,s3,ncbi","ncbi.public,s3.us-east-1,gs.us-east1",SRX20997724,USA,North America,USA: Iowa,Illumina NovaSeq 6000,rna-seq_lung_training_male_8w_biological_rep4_vial_90225016603,PAIRED,PolyA,TRANSCRIPTOMIC,Rattus norvegicus,ILLUMINA,2023-09-30T00:00:00Z,2023-07-12T21:02:00Z,1,lung_training_male_8w_biological_rep4_vial_90225016603,male,SRP448906,fischer 344,Lung Powder,Training - 8 weeks,90225016603
SRR25251821,6 months,RNA-Seq,206,6789928714,PRJNA908279,SAMN36364525,Model organism or animal,2196265718,STANFORD UNIVERSITY,2018-09-04,public,"sra,run.zq,fastq","s3,ncbi,gs","s3.us-east-1,gs.us-east1,ncbi.public",SRX20997723,USA,North America,USA: Iowa,Illumina NovaSeq 6000,rna-seq_lung_training_male_8w_biological_rep3_vial_90223016603,PAIRED,PolyA,TRANSCRIPTOMIC,Rattus norvegicus,ILLUMINA,2023-09-30T00:00:00Z,2023-07-12T20:50:00Z,1,lung_training_male_8w_biological_rep3_vial_90223016603,male,SRP448906,fischer 344,Lung Powder,Training - 8 weeks,90223016603
SRR25251825,6 months,RNA-Seq,206,6660571220,PRJNA908279,SAMN36364541,Model organism or animal,2126798819,STANFORD UNIVERSITY,2018-10-04,public,"sra,run.zq,fastq","s3,ncbi,gs","gs.us-east1,s3.us-east-1,ncbi.public",SRX20997719,USA,North America,USA: Iowa,Illumina NovaSeq 6000,rna-seq_lung_training_female_8w_biological_rep5_vial_90267016603,PAIRED,PolyA,TRANSCRIPTOMIC,Rattus norvegicus,ILLUMINA,2023-09-30T00:00:00Z,2023-07-12T20:55:00Z,1,lung_training_female_8w_biological_rep5_vial_90267016603,female,SRP448906,fischer 344,Lung Powder,Training - 8 weeks,90267016603
SRR25251826,6 months,RNA-Seq,206,8575998360,PRJNA908279,SAMN36364540,Model organism or animal,2748215283,STANFORD UNIVERSITY,2018-10-04,public,"run.zq,sra,fastq","gs,s3,ncbi","ncbi.public,s3.us-east-1,gs.us-east1",SRX20997718,USA,North America,USA: Iowa,Illumina NovaSeq 6000,rna-seq_lung_control_female_8w_biological_rep5_vial_90266016603,PAIRED,PolyA,TRANSCRIPTOMIC,Rattus norvegicus,ILLUMINA,2023-09-30T00:00:00Z,2023-07-12T21:01:00Z,1,lung_control_female_8w_biological_rep5_vial_90266016603,female,SRP448906,fischer 344,Lung Powder,Control - 8 weeks,90266016603
SRR25251828,6 months,RNA-Seq,206,8432027020,PRJNA908279,SAMN36364539,Model organism or animal,2700164824,STANFORD UNIVERSITY,2018-10-04,public,"sra,run.zq,fastq","gs,s3,ncbi","ncbi.public,s3.us-east-1,gs.us-east1",SRX20997716,USA,North America,USA: Iowa,Illumina NovaSeq 6000,rna-seq_lung_control_female_8w_biological_rep4_vial_90265016603,PAIRED,PolyA,TRANSCRIPTOMIC,Rattus norvegicus,ILLUMINA,2023-09-30T00:00:00Z,2023-07-12T21:02:00Z,1,lung_control_female_8w_biological_rep4_vial_90265016603,female,SRP448906,fischer 344,Lung Powder,Control - 8 weeks,90265016603
SRR25251829,6 months,RNA-Seq,206,6525303586,PRJNA908279,SAMN36364538,Model organism or animal,2086824767,STANFORD UNIVERSITY,2018-10-03,public,"fastq,sra,run.zq","s3,ncbi,gs","ncbi.public,s3.us-east-1,gs.us-east1",SRX20997715,USA,North America,USA: Iowa,Illumina NovaSeq 6000,rna-seq_lung_training_female_8w_biological_rep4_vial_90259016603,PAIRED,PolyA,TRANSCRIPTOMIC,Rattus norvegicus,ILLUMINA,2023-09-30T00:00:00Z,2023-07-12T20:50:00Z,1,lung_training_female_8w_biological_rep4_vial_90259016603,female,SRP448906,fischer 344,Lung Powder,Training - 8 weeks,90259016603
SRR25251830,6 months,RNA-Seq,206,7048788108,PRJNA908279,SAMN36364537,Model organism or animal,2262062188,STANFORD UNIVERSITY,2018-10-03,public,"fastq,sra,run.zq","s3,ncbi,gs","ncbi.public,gs.us-east1,s3.us-east-1",SRX20997714,USA,North America,USA: Iowa,Illumina NovaSeq 6000,rna-seq_lung_training_female_8w_biological_rep3_vial_90258016603,PAIRED,PolyA,TRANSCRIPTOMIC,Rattus norvegicus,ILLUMINA,2023-09-30T00:00:00Z,2023-07-12T20:50:00Z,1,lung_training_female_8w_biological_rep3_vial_90258016603,female,SRP448906,fischer 344,Lung Powder,Training - 8 weeks,90258016603
SRR25251831,6 months,RNA-Seq,206,7685147034,PRJNA908279,SAMN36364536,Model organism or animal,2456409390,STANFORD UNIVERSITY,2018-10-02,public,"run.zq,fastq,sra","ncbi,gs,s3","ncbi.public,gs.us-east1,s3.us-east-1",SRX20997713,USA,North America,USA: Iowa,Illumina NovaSeq 6000,rna-seq_lung_training_female_8w_biological_rep2_vial_90254016603,PAIRED,PolyA,TRANSCRIPTOMIC,Rattus norvegicus,ILLUMINA,2023-09-30T00:00:00Z,2023-07-12T21:02:00Z,1,lung_training_female_8w_biological_rep2_vial_90254016603,female,SRP448906,fischer 344,Lung Powder,Training - 8 weeks,90254016603
SRR25251832,6 months,RNA-Seq,206,6904585018,PRJNA908279,SAMN36364535,Model organism or animal,2205368013,STANFORD UNIVERSITY,2018-10-01,public,"sra,fastq,run.zq","ncbi,gs,s3","gs.us-east1,ncbi.public,s3.us-east-1",SRX20997712,USA,North America,USA: Iowa,Illumina NovaSeq 6000,rna-seq_lung_control_female_8w_biological_rep3_vial_90252016603,PAIRED,PolyA,TRANSCRIPTOMIC,Rattus norvegicus,ILLUMINA,2023-09-30T00:00:00Z,2023-07-12T20:51:00Z,1,lung_control_female_8w_biological_rep3_vial_90252016603,female,SRP448906,fischer 344,Lung Powder,Control - 8 weeks,90252016603
SRR25251833,6 months,RNA-Seq,206,7979533394,PRJNA908279,SAMN36364534,Model organism or animal,2541209073,STANFORD UNIVERSITY,2018-10-01,public,"sra,run.zq,fastq","s3,ncbi,gs","s3.us-east-1,ncbi.public,gs.us-east1",SRX20997711,USA,North America,USA: Iowa,Illumina NovaSeq 6000,rna-seq_lung_training_female_8w_biological_rep1_vial_90251016603,PAIRED,PolyA,TRANSCRIPTOMIC,Rattus norvegicus,ILLUMINA,2023-09-30T00:00:00Z,2023-07-12T21:06:00Z,1,lung_training_female_8w_biological_rep1_vial_90251016603,female,SRP448906,fischer 344,Lung Powder,Training - 8 weeks,90251016603
SRR25251834,6 months,RNA-Seq,206,6734243618,PRJNA908279,SAMN36364533,Model organism or animal,2157162579,STANFORD UNIVERSITY,2018-10-05,public,"sra,fastq,run.zq","gs,ncbi,s3","ncbi.public,s3.us-east-1,gs.us-east1",SRX20997710,USA,North America,USA: Iowa,Illumina NovaSeq 6000,rna-seq_lung_control_female_8w_biological_rep2_vial_90248016603,PAIRED,PolyA,TRANSCRIPTOMIC,Rattus norvegicus,ILLUMINA,2023-09-30T00:00:00Z,2023-07-12T20:50:00Z,1,lung_control_female_8w_biological_rep2_vial_90248016603,female,SRP448906,fischer 344,Lung Powder,Control - 8 weeks,90248016603
SRR25251835,6 months,RNA-Seq,210,7525727160,PRJNA908279,SAMN36364098,Model organism or animal,2511382084,STANFORD UNIVERSITY,2018-09-05,public,"run.zq,fastq,sra","ncbi,gs,s3","gs.us-east1,s3.us-east-1,ncbi.public",SRX20997709,USA,North America,USA: Iowa,Illumina NovaSeq 6000,rna-seq_hypoth_training_male_8w_biological_rep5_vial_90227015402,PAIRED,PolyA,TRANSCRIPTOMIC,Rattus norvegicus,ILLUMINA,2023-09-30T00:00:00Z,2023-07-12T21:01:00Z,1,hypoth_training_male_8w_biological_rep5_vial_90227015402,male,SRP448906,fischer 344,Hypothalamus Powder,Training - 8 weeks,90227015402
SRR25251836,6 months,RNA-Seq,206,9441651560,PRJNA908279,SAMN36364532,Model organism or animal,3024475093,STANFORD UNIVERSITY,2018-10-01,public,"run.zq,sra,fastq","ncbi,gs,s3","s3.us-east-1,ncbi.public,gs.us-east1",SRX20997580,USA,North America,USA: Iowa,Illumina NovaSeq 6000,rna-seq_lung_control_female_8w_biological_rep1_vial_90245016603,PAIRED,PolyA,TRANSCRIPTOMIC,Rattus norvegicus,ILLUMINA,2023-09-30T00:00:00Z,2023-07-12T21:04:00Z,1,lung_control_female_8w_biological_rep1_vial_90245016603,female,SRP448906,fischer 344,Lung Powder,Control - 8 weeks,90245016603
SRR25251837,6 months,RNA-Seq,210,7178002440,PRJNA908279,SAMN36364097,Model organism or animal,2396046734,STANFORD UNIVERSITY,2018-09-05,public,"sra,fastq,run.zq","s3,gs,ncbi","ncbi.public,s3.us-east-1,gs.us-east1",SRX20997708,USA,North America,USA: Iowa,Illumina NovaSeq 6000,rna-seq_hypoth_training_male_8w_biological_rep4_vial_90225015402,PAIRED,PolyA,TRANSCRIPTOMIC,Rattus norvegicus,ILLUMINA,2023-09-30T00:00:00Z,2023-07-12T20:49:00Z,1,hypoth_training_male_8w_biological_rep4_vial_90225015402,male,SRP448906,fischer 344,Hypothalamus Powder,Training - 8 weeks,90225015402
SRR25251839,6 months,RNA-Seq,210,7249588710,PRJNA908279,SAMN36364096,Model organism or animal,2415763271,STANFORD UNIVERSITY,2018-09-04,public,"fastq,run.zq,sra","ncbi,gs,s3","s3.us-east-1,ncbi.public,gs.us-east1",SRX20997706,USA,North America,USA: Iowa,Illumina NovaSeq 6000,rna-seq_hypoth_training_male_8w_biological_rep3_vial_90223015402,PAIRED,PolyA,TRANSCRIPTOMIC,Rattus norvegicus,ILLUMINA,2023-09-30T00:00:00Z,2023-07-12T20:58:00Z,1,hypoth_training_male_8w_biological_rep3_vial_90223015402,male,SRP448906,fischer 344,Hypothalamus Powder,Training - 8 weeks,90223015402
SRR25251840,6 months,RNA-Seq,210,7627050900,PRJNA908279,SAMN36364095,Model organism or animal,2543415876,STANFORD UNIVERSITY,2018-09-04,public,"run.zq,fastq,sra","gs,ncbi,s3","ncbi.public,gs.us-east1,s3.us-east-1",SRX20997705,USA,North America,USA: Iowa,Illumina NovaSeq 6000,rna-seq_hypoth_training_male_8w_biological_rep2_vial_90222015402,PAIRED,PolyA,TRANSCRIPTOMIC,Rattus norvegicus,ILLUMINA,2023-09-30T00:00:00Z,2023-07-12T20:58:00Z,1,hypoth_training_male_8w_biological_rep2_vial_90222015402,male,SRP448906,fischer 344,Hypothalamus Powder,Training - 8 weeks,90222015402
SRR25251841,6 months,RNA-Seq,210,6912192630,PRJNA908279,SAMN36364094,Model organism or animal,2308455938,STANFORD UNIVERSITY,2018-09-03,public,"run.zq,fastq,sra","ncbi,gs,s3","s3.us-east-1,ncbi.public,gs.us-east1",SRX20997704,USA,North America,USA: Iowa,Illumina NovaSeq 6000,rna-seq_hypoth_training_male_8w_biological_rep1_vial_90218015402,PAIRED,PolyA,TRANSCRIPTOMIC,Rattus norvegicus,ILLUMINA,2023-09-30T00:00:00Z,2023-07-12T20:56:00Z,1,hypoth_training_male_8w_biological_rep1_vial_90218015402,male,SRP448906,fischer 344,Hypothalamus Powder,Training - 8 weeks,90218015402
SRR25251842,6 months,RNA-Seq,210,9359898660,PRJNA908279,SAMN36364093,Model organism or animal,3106936015,STANFORD UNIVERSITY,2018-09-03,public,"fastq,run.zq,sra","s3,ncbi,gs","s3.us-east-1,ncbi.public,gs.us-east1",SRX20997703,USA,North America,USA: Iowa,Illumina NovaSeq 6000,rna-seq_hypoth_control_male_8w_biological_rep1_vial_90217015402,PAIRED,PolyA,TRANSCRIPTOMIC,Rattus norvegicus,ILLUMINA,2023-09-30T00:00:00Z,2023-07-12T21:06:00Z,1,hypoth_control_male_8w_biological_rep1_vial_90217015402,male,SRP448906,fischer 344,Hypothalamus Powder,Control - 8 weeks,90217015402
SRR25250918,6 months,RNA-Seq,206,6628774914,PRJNA908279,SAMN36364187,Model organism or animal,2215839168,STANFORD UNIVERSITY,2019-02-26,public,"fastq,sra,run.zq","s3,ncbi,gs","gs.us-east1,s3.us-east-1,ncbi.public",SRX20997192,USA,North America,USA: Iowa,Illumina NovaSeq 6000,rna-seq_skm-gn_training_female_1w_biological_rep5_vial_90571015512,PAIRED,PolyA,TRANSCRIPTOMIC,Rattus norvegicus,ILLUMINA,2023-09-30T00:00:00Z,2023-07-12T20:56:00Z,1,skm-gn_training_female_1w_biological_rep5_vial_90571015512,female,SRP448906,fischer 344,Gastrocnemius Powder,Training - 1 week,90571015512
SRR25250922,6 months,RNA-Seq,206,6235558406,PRJNA908279,SAMN36364184,Model organism or animal,2072387529,STANFORD UNIVERSITY,2019-02-25,public,"run.zq,sra,fastq","gs,s3,ncbi","gs.us-east1,s3.us-east-1,ncbi.public",SRX20997188,USA,North America,USA: Iowa,Illumina NovaSeq 6000,rna-seq_skm-gn_training_female_1w_biological_rep2_vial_90560015512,PAIRED,PolyA,TRANSCRIPTOMIC,Rattus norvegicus,ILLUMINA,2023-09-30T00:00:00Z,2023-07-12T21:12:00Z,1,skm-gn_training_female_1w_biological_rep2_vial_90560015512,female,SRP448906,fischer 344,Gastrocnemius Powder,Training - 1 week,90560015512
SRR25250924,6 months,RNA-Seq,206,8115785708,PRJNA908279,SAMN36364183,Model organism or animal,2704051397,STANFORD UNIVERSITY,2019-02-26,public,"run.zq,fastq,sra","s3,gs,ncbi","ncbi.public,gs.us-east1,s3.us-east-1",SRX20997853,USA,North America,USA: Iowa,Illumina NovaSeq 6000,rna-seq_skm-gn_training_female_1w_biological_rep1_vial_90559015512,PAIRED,PolyA,TRANSCRIPTOMIC,Rattus norvegicus,ILLUMINA,2023-09-30T00:00:00Z,2023-07-12T20:51:00Z,1,skm-gn_training_female_1w_biological_rep1_vial_90559015512,female,SRP448906,fischer 344,Gastrocnemius Powder,Training - 1 week,90559015512
SRR25250929,6 months,RNA-Seq,206,6066745114,PRJNA908279,SAMN36363932,Model organism or animal,2025216278,STANFORD UNIVERSITY,not available,public,"sra,run.zq,fastq","gs,ncbi,s3","ncbi.public,s3.us-east-1,gs.us-east1",SRX20997182,uncalculated,uncalculated,not available,Illumina NovaSeq 6000,rna-seq_adrnl_female_reference_6_vial_80041996024,PAIRED,PolyA,TRANSCRIPTOMIC,Rattus norvegicus,ILLUMINA,2023-09-30T00:00:00Z,2023-07-12T20:49:00Z,1,adrnl_female_reference_6_vial_80041996024,female,SRP448906,fischer 344,Adrenal Powder,Reference,80041996024
SRR25250944,6 months,RNA-Seq,210,7318146150,PRJNA908279,SAMN36364142,Model organism or animal,2441081487,STANFORD UNIVERSITY,2019-03-05,public,"fastq,sra,run.zq","gs,ncbi,s3","gs.us-east1,ncbi.public,s3.us-east-1",SRX20997167,USA,North America,USA: Iowa,Illumina NovaSeq 6000,rna-seq_hypoth_training_female_2w_biological_rep5_vial_90587015402,PAIRED,PolyA,TRANSCRIPTOMIC,Rattus norvegicus,ILLUMINA,2023-09-30T00:00:00Z,2023-07-12T20:50:00Z,1,hypoth_training_female_2w_biological_rep5_vial_90587015402,female,SRP448906,fischer 344,Hypothalamus Powder,Training - 2 weeks,90587015402
SRR25250945,6 months,RNA-Seq,210,7566963810,PRJNA908279,SAMN36364141,Model organism or animal,2538110066,STANFORD UNIVERSITY,2019-03-06,public,"fastq,sra,run.zq","ncbi,s3,gs","gs.us-east1,s3.us-east-1,ncbi.public",SRX20997166,USA,North America,USA: Iowa,Illumina NovaSeq 6000,rna-seq_hypoth_training_female_2w_biological_rep4_vial_90585015402,PAIRED,PolyA,TRANSCRIPTOMIC,Rattus norvegicus,ILLUMINA,2023-09-30T00:00:00Z,2023-07-12T20:51:00Z,1,hypoth_training_female_2w_biological_rep4_vial_90585015402,female,SRP448906,fischer 344,Hypothalamus Powder,Training - 2 weeks,90585015402
SRR25250946,6 months,RNA-Seq,210,7159878180,PRJNA908279,SAMN36364140,Model organism or animal,2395891676,STANFORD UNIVERSITY,2019-03-05,public,"run.zq,fastq,sra","s3,ncbi,gs","gs.us-east1,ncbi.public,s3.us-east-1",SRX20997165,USA,North America,USA: Iowa,Illumina NovaSeq 6000,rna-seq_hypoth_training_female_2w_biological_rep3_vial_90581015402,PAIRED,PolyA,TRANSCRIPTOMIC,Rattus norvegicus,ILLUMINA,2023-09-30T00:00:00Z,2023-07-12T21:12:00Z,1,hypoth_training_female_2w_biological_rep3_vial_90581015402,female,SRP448906,fischer 344,Hypothalamus Powder,Training - 2 weeks,90581015402
SRR25250947,6 months,RNA-Seq,210,6487095510,PRJNA908279,SAMN36364139,Model organism or animal,2161540905,STANFORD UNIVERSITY,2019-03-04,public,"fastq,sra,run.zq","ncbi,gs,s3","ncbi.public,gs.us-east1,s3.us-east-1",SRX20997164,USA,North America,USA: Iowa,Illumina NovaSeq 6000,rna-seq_hypoth_training_female_2w_biological_rep2_vial_90578015402,PAIRED,PolyA,TRANSCRIPTOMIC,Rattus norvegicus,ILLUMINA,2023-09-30T00:00:00Z,2023-07-12T20:54:00Z,1,hypoth_training_female_2w_biological_rep2_vial_90578015402,female,SRP448906,fischer 344,Hypothalamus Powder,Training - 2 weeks,90578015402
SRR25250949,6 months,RNA-Seq,206,9374937842,PRJNA908279,SAMN36363928,Model organism or animal,3130647113,STANFORD UNIVERSITY,not available,public,"fastq,sra,run.zq","ncbi,s3,gs","s3.us-east-1,gs.us-east1,ncbi.public",SRX20997162,uncalculated,uncalculated,not available,Illumina NovaSeq 6000,rna-seq_heart_female_reference_4_vial_80033995819,PAIRED,PolyA,TRANSCRIPTOMIC,Rattus norvegicus,ILLUMINA,2023-09-30T00:00:00Z,2023-07-12T20:53:00Z,1,heart_female_reference_4_vial_80033995819,female,SRP448906,fischer 344,Heart Powder,Reference,80033995819
SRR25250961,6 months,RNA-Seq,210,7038531360,PRJNA908279,SAMN36364088,Model organism or animal,2357085724,STANFORD UNIVERSITY,2019-03-04,public,"sra,fastq,run.zq","ncbi,s3,gs","ncbi.public,s3.us-east-1,gs.us-east1",SRX20997150,USA,North America,USA: Iowa,Illumina NovaSeq 6000,rna-seq_cortex_training_female_2w_biological_rep1_vial_90576015302,PAIRED,PolyA,TRANSCRIPTOMIC,Rattus norvegicus,ILLUMINA,2023-09-30T00:00:00Z,2023-07-12T20:48:00Z,1,cortex_training_female_2w_biological_rep1_vial_90576015302,female,SRP448906,fischer 344,Cortex Powder,Training - 2 weeks,90576015302
SRR25250962,6 months,RNA-Seq,210,6929506290,PRJNA908279,SAMN36364087,Model organism or animal,2314006310,STANFORD UNIVERSITY,2019-02-26,public,"sra,fastq,run.zq","gs,ncbi,s3","gs.us-east1,ncbi.public,s3.us-east-1",SRX20997149,USA,North America,USA: Iowa,Illumina NovaSeq 6000,rna-seq_cortex_training_female_1w_biological_rep5_vial_90571015302,PAIRED,PolyA,TRANSCRIPTOMIC,Rattus norvegicus,ILLUMINA,2023-09-30T00:00:00Z,2023-07-12T20:54:00Z,1,cortex_training_female_1w_biological_rep5_vial_90571015302,female,SRP448906,fischer 344,Cortex Powder,Training - 1 week,90571015302
SRR25250963,6 months,RNA-Seq,206,8691792402,PRJNA908279,SAMN36363925,Model organism or animal,2789293853,STANFORD UNIVERSITY,not available,public,"fastq,sra,run.zq","s3,ncbi,gs","s3.us-east-1,ncbi.public,gs.us-east1",SRX20997148,uncalculated,uncalculated,not available,Illumina NovaSeq 6000,rna-seq_skm-gn_female_reference_3_vial_80001995540,PAIRED,PolyA,TRANSCRIPTOMIC,Rattus norvegicus,ILLUMINA,2023-09-30T00:00:00Z,2023-07-12T20:50:00Z,1,skm-gn_female_reference_3_vial_80001995540,female,SRP448906,fischer 344,Gastrocnemius Powder,Reference,80001995540
SRR25250964,6 months,RNA-Seq,210,6444602220,PRJNA908279,SAMN36364086,Model organism or animal,2152055230,STANFORD UNIVERSITY,2019-02-25,public,"run.zq,sra,fastq","gs,ncbi,s3","s3.us-east-1,ncbi.public,gs.us-east1",SRX20997147,USA,North America,USA: Iowa,Illumina NovaSeq 6000,rna-seq_cortex_training_female_1w_biological_rep4_vial_90567015302,PAIRED,PolyA,TRANSCRIPTOMIC,Rattus norvegicus,ILLUMINA,2023-09-30T00:00:00Z,2023-07-12T20:46:00Z,1,cortex_training_female_1w_biological_rep4_vial_90567015302,female,SRP448906,fischer 344,Cortex Powder,Training - 1 week,90567015302
SRR25250965,6 months,RNA-Seq,210,7670560170,PRJNA908279,SAMN36364085,Model organism or animal,2564386846,STANFORD UNIVERSITY,2019-02-27,public,"sra,run.zq,fastq","ncbi,s3,gs","ncbi.public,s3.us-east-1,gs.us-east1",SRX20997146,USA,North America,USA: Iowa,Illumina NovaSeq 6000,rna-seq_cortex_training_female_1w_biological_rep3_vial_90564015302,PAIRED,PolyA,TRANSCRIPTOMIC,Rattus norvegicus,ILLUMINA,2023-09-30T00:00:00Z,2023-07-12T20:50:00Z,1,cortex_training_female_1w_biological_rep3_vial_90564015302,female,SRP448906,fischer 344,Cortex Powder,Training - 1 week,90564015302
SRR25250975,6 months,RNA-Seq,210,6600160980,PRJNA908279,SAMN36364072,Model organism or animal,2201494757,STANFORD UNIVERSITY,2018-12-06,public,"run.zq,fastq,sra","gs,ncbi,s3","s3.us-east-1,gs.us-east1,ncbi.public",SRX20997136,USA,North America,USA: Iowa,Illumina NovaSeq 6000,rna-seq_cortex_training_female_4w_biological_rep5_vial_90420015302,PAIRED,PolyA,TRANSCRIPTOMIC,Rattus norvegicus,ILLUMINA,2023-09-30T00:00:00Z,2023-07-12T20:46:00Z,1,cortex_training_female_4w_biological_rep5_vial_90420015302,female,SRP448906,fischer 344,Cortex Powder,Training - 4 weeks,90420015302
SRR25250976,6 months,RNA-Seq,210,7171709580,PRJNA908279,SAMN36364071,Model organism or animal,2389796843,STANFORD UNIVERSITY,2018-12-06,public,"run.zq,sra,fastq","s3,ncbi,gs","gs.us-east1,ncbi.public,s3.us-east-1",SRX20997135,USA,North America,USA: Iowa,Illumina NovaSeq 6000,rna-seq_cortex_training_female_4w_biological_rep4_vial_90416015302,PAIRED,PolyA,TRANSCRIPTOMIC,Rattus norvegicus,ILLUMINA,2023-09-30T00:00:00Z,2023-07-12T20:59:00Z,1,cortex_training_female_4w_biological_rep4_vial_90416015302,female,SRP448906,fischer 344,Cortex Powder,Training - 4 weeks,90416015302
SRR25250977,6 months,RNA-Seq,210,8136228450,PRJNA908279,SAMN36364070,Model organism or animal,2719549159,STANFORD UNIVERSITY,2018-12-05,public,"run.zq,sra,fastq","ncbi,gs,s3","s3.us-east-1,ncbi.public,gs.us-east1",SRX20997134,USA,North America,USA: Iowa,Illumina NovaSeq 6000,rna-seq_cortex_training_female_4w_biological_rep3_vial_90412015302,PAIRED,PolyA,TRANSCRIPTOMIC,Rattus norvegicus,ILLUMINA,2023-09-30T00:00:00Z,2023-07-12T20:54:00Z,1,cortex_training_female_4w_biological_rep3_vial_90412015302,female,SRP448906,fischer 344,Cortex Powder,Training - 4 weeks,90412015302
SRR25250978,6 months,RNA-Seq,210,7744656570,PRJNA908279,SAMN36364069,Model organism or animal,2580713964,STANFORD UNIVERSITY,2018-12-04,public,"fastq,run.zq,sra","ncbi,gs,s3","gs.us-east1,s3.us-east-1,ncbi.public",SRX20997133,USA,North America,USA: Iowa,Illumina NovaSeq 6000,rna-seq_cortex_training_female_4w_biological_rep2_vial_90410015302,PAIRED,PolyA,TRANSCRIPTOMIC,Rattus norvegicus,ILLUMINA,2023-09-30T00:00:00Z,2023-07-12T20:52:00Z,1,cortex_training_female_4w_biological_rep2_vial_90410015302,female,SRP448906,fischer 344,Cortex Powder,Training - 4 weeks,90410015302
SRR25250994,6 months,RNA-Seq,206,6580359146,PRJNA908279,SAMN36363922,Model organism or animal,2175735888,STANFORD UNIVERSITY,not available,public,"run.zq,fastq,sra","ncbi,s3,gs","ncbi.public,s3.us-east-1,gs.us-east1",SRX20997117,uncalculated,uncalculated,not available,Illumina NovaSeq 6000,rna-seq_skm-gn_female_reference_3_vial_80001995528,PAIRED,PolyA,TRANSCRIPTOMIC,Rattus norvegicus,ILLUMINA,2023-09-30T00:00:00Z,2023-07-12T20:51:00Z,1,skm-gn_female_reference_3_vial_80001995528,female,SRP448906,fischer 344,Gastrocnemius Powder,Reference,80001995528
SRR25251000,6 months,RNA-Seq,210,6135722460,PRJNA908279,SAMN36363921,Model organism or animal,2035320505,STANFORD UNIVERSITY,not available,public,"run.zq,sra,fastq","s3,ncbi,gs","ncbi.public,gs.us-east1,s3.us-east-1",SRX20997111,uncalculated,uncalculated,not available,Illumina NovaSeq 6000,rna-seq_skm-gn_female_reference_3_vial_80001995510,PAIRED,PolyA,TRANSCRIPTOMIC,Rattus norvegicus,ILLUMINA,2023-09-30T00:00:00Z,2023-07-12T20:50:00Z,1,skm-gn_female_reference_3_vial_80001995510,female,SRP448906,fischer 344,Gastrocnemius Powder,Reference,80001995510
SRR25251005,6 months,RNA-Seq,210,6805050210,PRJNA908279,SAMN36364033,Model organism or animal,2266811976,STANFORD UNIVERSITY,2019-02-26,public,"fastq,sra,run.zq","s3,ncbi,gs","ncbi.public,s3.us-east-1,gs.us-east1",SRX20997106,USA,North America,USA: Iowa,Illumina NovaSeq 6000,rna-seq_hippoc_training_female_1w_biological_rep1_vial_90559015202,PAIRED,PolyA,TRANSCRIPTOMIC,Rattus norvegicus,ILLUMINA,2023-09-30T00:00:00Z,2023-07-12T20:50:00Z,1,hippoc_training_female_1w_biological_rep1_vial_90559015202,female,SRP448906,fischer 344,Hippocampus Powder,Training - 1 week,90559015202
SRR25251006,6 months,RNA-Seq,210,7240895130,PRJNA908279,SAMN36364034,Model organism or animal,2414197579,STANFORD UNIVERSITY,2019-02-25,public,"run.zq,fastq,sra","gs,s3,ncbi","gs.us-east1,ncbi.public,s3.us-east-1",SRX20997105,USA,North America,USA: Iowa,Illumina NovaSeq 6000,rna-seq_hippoc_training_female_1w_biological_rep2_vial_90560015202,PAIRED,PolyA,TRANSCRIPTOMIC,Rattus norvegicus,ILLUMINA,2023-09-30T00:00:00Z,2023-07-12T20:46:00Z,1,hippoc_training_female_1w_biological_rep2_vial_90560015202,female,SRP448906,fischer 344,Hippocampus Powder,Training - 1 week,90560015202
SRR25251007,6 months,RNA-Seq,210,6545292600,PRJNA908279,SAMN36364035,Model organism or animal,2185658517,STANFORD UNIVERSITY,2019-02-27,public,"sra,fastq,run.zq","ncbi,s3,gs","s3.us-east-1,gs.us-east1,ncbi.public",SRX20997104,USA,North America,USA: Iowa,Illumina NovaSeq 6000,rna-seq_hippoc_training_female_1w_biological_rep3_vial_90564015202,PAIRED,PolyA,TRANSCRIPTOMIC,Rattus norvegicus,ILLUMINA,2023-09-30T00:00:00Z,2023-07-12T20:54:00Z,1,hippoc_training_female_1w_biological_rep3_vial_90564015202,female,SRP448906,fischer 344,Hippocampus Powder,Training - 1 week,90564015202
SRR25251008,6 months,RNA-Seq,210,7886780370,PRJNA908279,SAMN36364036,Model organism or animal,2622971947,STANFORD UNIVERSITY,2019-02-25,public,"fastq,sra,run.zq","ncbi,s3,gs","gs.us-east1,s3.us-east-1,ncbi.public",SRX20997103,USA,North America,USA: Iowa,Illumina NovaSeq 6000,rna-seq_hippoc_training_female_1w_biological_rep4_vial_90567015202,PAIRED,PolyA,TRANSCRIPTOMIC,Rattus norvegicus,ILLUMINA,2023-09-30T00:00:00Z,2023-07-12T20:52:00Z,1,hippoc_training_female_1w_biological_rep4_vial_90567015202,female,SRP448906,fischer 344,Hippocampus Powder,Training - 1 week,90567015202
SRR25251010,6 months,RNA-Seq,210,6609998430,PRJNA908279,SAMN36364037,Model organism or animal,2202655835,STANFORD UNIVERSITY,2019-02-26,public,"run.zq,sra,fastq","gs,s3,ncbi","gs.us-east1,s3.us-east-1,ncbi.public",SRX20997101,USA,North America,USA: Iowa,Illumina NovaSeq 6000,rna-seq_hippoc_training_female_1w_biological_rep5_vial_90571015202,PAIRED,PolyA,TRANSCRIPTOMIC,Rattus norvegicus,ILLUMINA,2023-09-30T00:00:00Z,2023-07-12T20:48:00Z,1,hippoc_training_female_1w_biological_rep5_vial_90571015202,female,SRP448906,fischer 344,Hippocampus Powder,Training - 1 week,90571015202
SRR25251011,6 months,RNA-Seq,210,6153407190,PRJNA908279,SAMN36364038,Model organism or animal,2060336815,STANFORD UNIVERSITY,2019-03-04,public,"fastq,sra,run.zq","gs,ncbi,s3","s3.us-east-1,ncbi.public,gs.us-east1",SRX20997100,USA,North America,USA: Iowa,Illumina NovaSeq 6000,rna-seq_hippoc_training_female_2w_biological_rep1_vial_90576015202,PAIRED,PolyA,TRANSCRIPTOMIC,Rattus norvegicus,ILLUMINA,2023-09-30T00:00:00Z,2023-07-12T20:49:00Z,1,hippoc_training_female_2w_biological_rep1_vial_90576015202,female,SRP448906,fischer 344,Hippocampus Powder,Training - 2 weeks,90576015202
SRR25251012,6 months,RNA-Seq,210,7292200440,PRJNA908279,SAMN36364039,Model organism or animal,2429688759,STANFORD UNIVERSITY,2019-03-04,public,"sra,run.zq,fastq","ncbi,s3,gs","s3.us-east-1,ncbi.public,gs.us-east1",SRX20997099,USA,North America,USA: Iowa,Illumina NovaSeq 6000,rna-seq_hippoc_training_female_2w_biological_rep2_vial_90578015202,PAIRED,PolyA,TRANSCRIPTOMIC,Rattus norvegicus,ILLUMINA,2023-09-30T00:00:00Z,2023-07-12T20:51:00Z,1,hippoc_training_female_2w_biological_rep2_vial_90578015202,female,SRP448906,fischer 344,Hippocampus Powder,Training - 2 weeks,90578015202
SRR25251013,6 months,RNA-Seq,210,6473852910,PRJNA908279,SAMN36364040,Model organism or animal,2174643717,STANFORD UNIVERSITY,2019-03-05,public,"run.zq,fastq,sra","s3,gs,ncbi","s3.us-east-1,ncbi.public,gs.us-east1",SRX20997098,USA,North America,USA: Iowa,Illumina NovaSeq 6000,rna-seq_hippoc_training_female_2w_biological_rep3_vial_90581015202,PAIRED,PolyA,TRANSCRIPTOMIC,Rattus norvegicus,ILLUMINA,2023-09-30T00:00:00Z,2023-07-12T20:54:00Z,1,hippoc_training_female_2w_biological_rep3_vial_90581015202,female,SRP448906,fischer 344,Hippocampus Powder,Training - 2 weeks,90581015202
SRR25251014,6 months,RNA-Seq,210,6809533080,PRJNA908279,SAMN36364041,Model organism or animal,2267029655,STANFORD UNIVERSITY,2019-03-06,public,"run.zq,fastq,sra","gs,s3,ncbi","s3.us-east-1,ncbi.public,gs.us-east1",SRX20997097,USA,North America,USA: Iowa,Illumina NovaSeq 6000,rna-seq_hippoc_training_female_2w_biological_rep4_vial_90585015202,PAIRED,PolyA,TRANSCRIPTOMIC,Rattus norvegicus,ILLUMINA,2023-09-30T00:00:00Z,2023-07-12T20:52:00Z,1,hippoc_training_female_2w_biological_rep4_vial_90585015202,female,SRP448906,fischer 344,Hippocampus Powder,Training - 2 weeks,90585015202
SRR25251015,6 months,RNA-Seq,210,6344716770,PRJNA908279,SAMN36364042,Model organism or animal,2119568382,STANFORD UNIVERSITY,2019-03-05,public,"fastq,sra,run.zq","ncbi,s3,gs","s3.us-east-1,gs.us-east1,ncbi.public",SRX20997096,USA,North America,USA: Iowa,Illumina NovaSeq 6000,rna-seq_hippoc_training_female_2w_biological_rep5_vial_90587015202,PAIRED,PolyA,TRANSCRIPTOMIC,Rattus norvegicus,ILLUMINA,2023-09-30T00:00:00Z,2023-07-12T20:50:00Z,1,hippoc_training_female_2w_biological_rep5_vial_90587015202,female,SRP448906,fischer 344,Hippocampus Powder,Training - 2 weeks,90587015202
SRR25251028,6 months,RNA-Seq,210,8956996440,PRJNA908279,SAMN36364720,Model organism or animal,2793541199,STANFORD UNIVERSITY,2019-03-05,public,"run.zq,sra,fastq","s3,ncbi,gs","ncbi.public,s3.us-east-1,gs.us-east1",SRX20997082,USA,North America,USA: Iowa,Illumina NovaSeq 6000,rna-seq_bat_training_female_2w_biological_rep5_vial_90587016902,PAIRED,PolyA,TRANSCRIPTOMIC,Rattus norvegicus,ILLUMINA,2023-09-30T00:00:00Z,2023-07-12T20:52:00Z,1,bat_training_female_2w_biological_rep5_vial_90587016902,female,SRP448906,fischer 344,Brown Adipose Powder,Training - 2 weeks,90587016902
SRR25251029,6 months,RNA-Seq,210,7620308220,PRJNA908279,SAMN36364719,Model organism or animal,2379011226,STANFORD UNIVERSITY,2019-03-06,public,"run.zq,fastq,sra","gs,ncbi,s3","s3.us-east-1,ncbi.public,gs.us-east1",SRX20997081,USA,North America,USA: Iowa,Illumina NovaSeq 6000,rna-seq_bat_training_female_2w_biological_rep4_vial_90585016902,PAIRED,PolyA,TRANSCRIPTOMIC,Rattus norvegicus,ILLUMINA,2023-09-30T00:00:00Z,2023-07-12T20:52:00Z,1,bat_training_female_2w_biological_rep4_vial_90585016902,female,SRP448906,fischer 344,Brown Adipose Powder,Training - 2 weeks,90585016902
SRR25251030,6 months,RNA-Seq,206,5388948670,PRJNA908279,SAMN36363990,Model organism or animal,1756787709,STANFORD UNIVERSITY,2019-03-05,public,"sra,run.zq,fastq","ncbi,s3,gs","gs.us-east1,ncbi.public,s3.us-east-1",SRX20997080,USA,North America,USA: Iowa,Illumina NovaSeq 6000,rna-seq_blood_training_female_2w_biological_rep3_vial_90581013001,PAIRED,PolyA,TRANSCRIPTOMIC,Rattus norvegicus,ILLUMINA,2023-09-30T00:00:00Z,2023-07-12T20:48:00Z,1,blood_training_female_2w_biological_rep3_vial_90581013001,female,SRP448906,fischer 344,PaxGene RNA,Training - 2 weeks,90581013001
SRR25251033,6 months,RNA-Seq,210,9122079540,PRJNA908279,SAMN36364700,Model organism or animal,2838153866,STANFORD UNIVERSITY,2018-12-06,public,"run.zq,fastq,sra","gs,ncbi,s3","gs.us-east1,ncbi.public,s3.us-east-1",SRX20997077,USA,North America,USA: Iowa,Illumina NovaSeq 6000,rna-seq_bat_training_female_4w_biological_rep5_vial_90420016902,PAIRED,PolyA,TRANSCRIPTOMIC,Rattus norvegicus,ILLUMINA,2023-09-30T00:00:00Z,2023-07-12T20:53:00Z,1,bat_training_female_4w_biological_rep5_vial_90420016902,female,SRP448906,fischer 344,Brown Adipose Powder,Training - 4 weeks,90420016902
SRR25251034,6 months,RNA-Seq,210,7163578380,PRJNA908279,SAMN36364699,Model organism or animal,2240348887,STANFORD UNIVERSITY,2018-12-06,public,"run.zq,fastq,sra","s3,ncbi,gs","gs.us-east1,ncbi.public,s3.us-east-1",SRX20997076,USA,North America,USA: Iowa,Illumina NovaSeq 6000,rna-seq_bat_training_female_4w_biological_rep4_vial_90416016902,PAIRED,PolyA,TRANSCRIPTOMIC,Rattus norvegicus,ILLUMINA,2023-09-30T00:00:00Z,2023-07-12T20:50:00Z,1,bat_training_female_4w_biological_rep4_vial_90416016902,female,SRP448906,fischer 344,Brown Adipose Powder,Training - 4 weeks,90416016902
SRR25251035,6 months,RNA-Seq,206,6439704406,PRJNA908279,SAMN36363988,Model organism or animal,2073457551,STANFORD UNIVERSITY,2019-03-04,public,"sra,run.zq,fastq","s3,gs,ncbi","ncbi.public,gs.us-east1,s3.us-east-1",SRX20997075,USA,North America,USA: Iowa,Illumina NovaSeq 6000,rna-seq_blood_training_female_2w_biological_rep1_vial_90576013001,PAIRED,PolyA,TRANSCRIPTOMIC,Rattus norvegicus,ILLUMINA,2023-09-30T00:00:00Z,2023-07-12T20:52:00Z,1,blood_training_female_2w_biological_rep1_vial_90576013001,female,SRP448906,fischer 344,PaxGene RNA,Training - 2 weeks,90576013001
SRR25251041,6 months,RNA-Seq,206,6378181476,PRJNA908279,SAMN36363989,Model organism or animal,2056482354,STANFORD UNIVERSITY,2019-03-04,public,"fastq,run.zq,sra","gs,ncbi,s3","gs.us-east1,ncbi.public,s3.us-east-1",SRX20997069,USA,North America,USA: Iowa,Illumina NovaSeq 6000,rna-seq_blood_training_female_2w_biological_rep2_vial_90578013001,PAIRED,PolyA,TRANSCRIPTOMIC,Rattus norvegicus,ILLUMINA,2023-09-30T00:00:00Z,2023-07-12T20:49:00Z,1,blood_training_female_2w_biological_rep2_vial_90578013001,female,SRP448906,fischer 344,PaxGene RNA,Training - 2 weeks,90578013001
SRR25251046,6 months,RNA-Seq,210,7861683900,PRJNA908279,SAMN36364464,Model organism or animal,2605338648,STANFORD UNIVERSITY,2019-02-25,public,"fastq,run.zq,sra","s3,ncbi,gs","gs.us-east1,s3.us-east-1,ncbi.public",SRX20997064,USA,North America,USA: Iowa,Illumina NovaSeq 6000,rna-seq_spleen_training_female_1w_biological_rep2_vial_90560016202,PAIRED,PolyA,TRANSCRIPTOMIC,Rattus norvegicus,ILLUMINA,2023-09-30T00:00:00Z,2023-07-12T20:49:00Z,1,spleen_training_female_1w_biological_rep2_vial_90560016202,female,SRP448906,fischer 344,Spleen Powder,Training - 1 week,90560016202
SRR25251047,6 months,RNA-Seq,210,7446495420,PRJNA908279,SAMN36364463,Model organism or animal,2472467932,STANFORD UNIVERSITY,2019-02-26,public,"run.zq,fastq,sra","gs,s3,ncbi","gs.us-east1,ncbi.public,s3.us-east-1",SRX20997063,USA,North America,USA: Iowa,Illumina NovaSeq 6000,rna-seq_spleen_training_female_1w_biological_rep1_vial_90559016202,PAIRED,PolyA,TRANSCRIPTOMIC,Rattus norvegicus,ILLUMINA,2023-09-30T00:00:00Z,2023-07-12T20:54:00Z,1,spleen_training_female_1w_biological_rep1_vial_90559016202,female,SRP448906,fischer 344,Spleen Powder,Training - 1 week,90559016202
SRR25251061,6 months,RNA-Seq,210,7094101350,PRJNA908279,SAMN36364472,Model organism or animal,2371436064,STANFORD UNIVERSITY,2019-03-05,public,"sra,fastq,run.zq","s3,gs,ncbi","ncbi.public,gs.us-east1,s3.us-east-1",SRX20997049,USA,North America,USA: Iowa,Illumina NovaSeq 6000,rna-seq_spleen_training_female_2w_biological_rep5_vial_90587016202,PAIRED,PolyA,TRANSCRIPTOMIC,Rattus norvegicus,ILLUMINA,2023-09-30T00:00:00Z,2023-07-12T20:53:00Z,1,spleen_training_female_2w_biological_rep5_vial_90587016202,female,SRP448906,fischer 344,Spleen Powder,Training - 2 weeks,90587016202
SRR25251062,6 months,RNA-Seq,210,7173687360,PRJNA908279,SAMN36364471,Model organism or animal,2394625566,STANFORD UNIVERSITY,2019-03-06,public,"run.zq,sra,fastq","gs,ncbi,s3","gs.us-east1,s3.us-east-1,ncbi.public",SRX20997048,USA,North America,USA: Iowa,Illumina NovaSeq 6000,rna-seq_spleen_training_female_2w_biological_rep4_vial_90585016202,PAIRED,PolyA,TRANSCRIPTOMIC,Rattus norvegicus,ILLUMINA,2023-09-30T00:00:00Z,2023-07-12T20:55:00Z,1,spleen_training_female_2w_biological_rep4_vial_90585016202,female,SRP448906,fischer 344,Spleen Powder,Training - 2 weeks,90585016202
SRR25251063,6 months,RNA-Seq,210,6396950700,PRJNA908279,SAMN36364470,Model organism or animal,2124473651,STANFORD UNIVERSITY,2019-03-05,public,"run.zq,sra,fastq","gs,ncbi,s3","s3.us-east-1,ncbi.public,gs.us-east1",SRX20997047,USA,North America,USA: Iowa,Illumina NovaSeq 6000,rna-seq_spleen_training_female_2w_biological_rep3_vial_90581016202,PAIRED,PolyA,TRANSCRIPTOMIC,Rattus norvegicus,ILLUMINA,2023-09-30T00:00:00Z,2023-07-12T20:50:00Z,1,spleen_training_female_2w_biological_rep3_vial_90581016202,female,SRP448906,fischer 344,Spleen Powder,Training - 2 weeks,90581016202
SRR25251065,6 months,RNA-Seq,210,7389344760,PRJNA908279,SAMN36364469,Model organism or animal,2450917058,STANFORD UNIVERSITY,2019-03-04,public,"run.zq,fastq,sra","ncbi,gs,s3","ncbi.public,gs.us-east1,s3.us-east-1",SRX20997045,USA,North America,USA: Iowa,Illumina NovaSeq 6000,rna-seq_spleen_training_female_2w_biological_rep2_vial_90578016202,PAIRED,PolyA,TRANSCRIPTOMIC,Rattus norvegicus,ILLUMINA,2023-09-30T00:00:00Z,2023-07-12T20:52:00Z,1,spleen_training_female_2w_biological_rep2_vial_90578016202,female,SRP448906,fischer 344,Spleen Powder,Training - 2 weeks,90578016202
SRR25251066,6 months,RNA-Seq,210,7001871870,PRJNA908279,SAMN36364468,Model organism or animal,2328951518,STANFORD UNIVERSITY,2019-03-04,public,"sra,fastq,run.zq","ncbi,gs,s3","ncbi.public,gs.us-east1,s3.us-east-1",SRX20997044,USA,North America,USA: Iowa,Illumina NovaSeq 6000,rna-seq_spleen_training_female_2w_biological_rep1_vial_90576016202,PAIRED,PolyA,TRANSCRIPTOMIC,Rattus norvegicus,ILLUMINA,2023-09-30T00:00:00Z,2023-07-12T20:58:00Z,1,spleen_training_female_2w_biological_rep1_vial_90576016202,female,SRP448906,fischer 344,Spleen Powder,Training - 2 weeks,90576016202
SRR25251067,6 months,RNA-Seq,210,6993423360,PRJNA908279,SAMN36364467,Model organism or animal,2327344755,STANFORD UNIVERSITY,2019-02-26,public,"run.zq,fastq,sra","s3,gs,ncbi","s3.us-east-1,gs.us-east1,ncbi.public",SRX20997645,USA,North America,USA: Iowa,Illumina NovaSeq 6000,rna-seq_spleen_training_female_1w_biological_rep5_vial_90571016202,PAIRED,PolyA,TRANSCRIPTOMIC,Rattus norvegicus,ILLUMINA,2023-09-30T00:00:00Z,2023-07-12T20:49:00Z,1,spleen_training_female_1w_biological_rep5_vial_90571016202,female,SRP448906,fischer 344,Spleen Powder,Training - 1 week,90571016202
SRR25251068,6 months,RNA-Seq,206,8094031902,PRJNA908279,SAMN36364618,Model organism or animal,2601179278,STANFORD UNIVERSITY,2019-03-04,public,"run.zq,sra,fastq","ncbi,gs,s3","ncbi.public,gs.us-east1,s3.us-east-1",SRX20997042,USA,North America,USA: Iowa,Illumina NovaSeq 6000,rna-seq_smlint_training_female_2w_biological_rep2_vial_90578016702,PAIRED,PolyA,TRANSCRIPTOMIC,Rattus norvegicus,ILLUMINA,2023-09-30T00:00:00Z,2023-07-12T20:50:00Z,1,smlint_training_female_2w_biological_rep2_vial_90578016702,female,SRP448906,fischer 344,Small Intestine Powder,Training - 2 weeks,90578016702
SRR25251069,6 months,RNA-Seq,206,7131628124,PRJNA908279,SAMN36364617,Model organism or animal,2292824676,STANFORD UNIVERSITY,2019-03-04,public,"fastq,run.zq,sra","s3,gs,ncbi","s3.us-east-1,ncbi.public,gs.us-east1",SRX20997041,USA,North America,USA: Iowa,Illumina NovaSeq 6000,rna-seq_smlint_training_female_2w_biological_rep1_vial_90576016702,PAIRED,PolyA,TRANSCRIPTOMIC,Rattus norvegicus,ILLUMINA,2023-09-30T00:00:00Z,2023-07-12T20:58:00Z,1,smlint_training_female_2w_biological_rep1_vial_90576016702,female,SRP448906,fischer 344,Small Intestine Powder,Training - 2 weeks,90576016702
SRR25251070,6 months,RNA-Seq,206,7885501398,PRJNA908279,SAMN36364616,Model organism or animal,2525940201,STANFORD UNIVERSITY,2019-02-26,public,"fastq,sra,run.zq","ncbi,gs,s3","ncbi.public,s3.us-east-1,gs.us-east1",SRX20997040,USA,North America,USA: Iowa,Illumina NovaSeq 6000,rna-seq_smlint_training_female_1w_biological_rep5_vial_90571016702,PAIRED,PolyA,TRANSCRIPTOMIC,Rattus norvegicus,ILLUMINA,2023-09-30T00:00:00Z,2023-07-12T20:49:00Z,1,smlint_training_female_1w_biological_rep5_vial_90571016702,female,SRP448906,fischer 344,Small Intestine Powder,Training - 1 week,90571016702
SRR25251071,6 months,RNA-Seq,206,9354694222,PRJNA908279,SAMN36364615,Model organism or animal,3004243056,STANFORD UNIVERSITY,2019-02-25,public,"run.zq,fastq,sra","gs,s3,ncbi","gs.us-east1,s3.us-east-1,ncbi.public",SRX20997039,USA,North America,USA: Iowa,Illumina NovaSeq 6000,rna-seq_smlint_training_female_1w_biological_rep4_vial_90567016702,PAIRED,PolyA,TRANSCRIPTOMIC,Rattus norvegicus,ILLUMINA,2023-09-30T00:00:00Z,2023-07-12T20:50:00Z,1,smlint_training_female_1w_biological_rep4_vial_90567016702,female,SRP448906,fischer 344,Small Intestine Powder,Training - 1 week,90567016702
SRR25251072,6 months,RNA-Seq,206,7539038856,PRJNA908279,SAMN36364614,Model organism or animal,2425189915,STANFORD UNIVERSITY,2019-02-27,public,"run.zq,sra,fastq","ncbi,s3,gs","s3.us-east-1,ncbi.public,gs.us-east1",SRX20997038,USA,North America,USA: Iowa,Illumina NovaSeq 6000,rna-seq_smlint_training_female_1w_biological_rep3_vial_90564016702,PAIRED,PolyA,TRANSCRIPTOMIC,Rattus norvegicus,ILLUMINA,2023-09-30T00:00:00Z,2023-07-12T20:49:00Z,1,smlint_training_female_1w_biological_rep3_vial_90564016702,female,SRP448906,fischer 344,Small Intestine Powder,Training - 1 week,90564016702
SRR25251073,6 months,RNA-Seq,206,7087129446,PRJNA908279,SAMN36364613,Model organism or animal,2278644990,STANFORD UNIVERSITY,2019-02-25,public,"fastq,sra,run.zq","s3,gs,ncbi","ncbi.public,s3.us-east-1,gs.us-east1",SRX20997037,USA,North America,USA: Iowa,Illumina NovaSeq 6000,rna-seq_smlint_training_female_1w_biological_rep2_vial_90560016702,PAIRED,PolyA,TRANSCRIPTOMIC,Rattus norvegicus,ILLUMINA,2023-09-30T00:00:00Z,2023-07-12T20:50:00Z,1,smlint_training_female_1w_biological_rep2_vial_90560016702,female,SRP448906,fischer 344,Small Intestine Powder,Training - 1 week,90560016702
SRR25251074,6 months,RNA-Seq,206,8032024254,PRJNA908279,SAMN36364612,Model organism or animal,2578679156,STANFORD UNIVERSITY,2019-02-26,public,"run.zq,sra,fastq","gs,ncbi,s3","gs.us-east1,s3.us-east-1,ncbi.public",SRX20997036,USA,North America,USA: Iowa,Illumina NovaSeq 6000,rna-seq_smlint_training_female_1w_biological_rep1_vial_90559016702,PAIRED,PolyA,TRANSCRIPTOMIC,Rattus norvegicus,ILLUMINA,2023-09-30T00:00:00Z,2023-07-12T20:49:00Z,1,smlint_training_female_1w_biological_rep1_vial_90559016702,female,SRP448906,fischer 344,Small Intestine Powder,Training - 1 week,90559016702
SRR25251083,6 months,RNA-Seq,206,8058359294,PRJNA908279,SAMN36364601,Model organism or animal,2581861793,STANFORD UNIVERSITY,2018-12-06,public,"fastq,sra,run.zq","ncbi,s3,gs","s3.us-east-1,gs.us-east1,ncbi.public",SRX20997026,USA,North America,USA: Iowa,Illumina NovaSeq 6000,rna-seq_smlint_training_female_4w_biological_rep5_vial_90420016702,PAIRED,PolyA,TRANSCRIPTOMIC,Rattus norvegicus,ILLUMINA,2023-09-30T00:00:00Z,2023-07-12T20:53:00Z,1,smlint_training_female_4w_biological_rep5_vial_90420016702,female,SRP448906,fischer 344,Small Intestine Powder,Training - 4 weeks,90420016702
SRR25251085,6 months,RNA-Seq,206,5795090442,PRJNA908279,SAMN36364600,Model organism or animal,1857069143,STANFORD UNIVERSITY,2018-12-06,public,"run.zq,fastq,sra","s3,gs,ncbi","gs.us-east1,ncbi.public,s3.us-east-1",SRX20997025,USA,North America,USA: Iowa,Illumina NovaSeq 6000,rna-seq_smlint_training_female_4w_biological_rep4_vial_90416016702,PAIRED,PolyA,TRANSCRIPTOMIC,Rattus norvegicus,ILLUMINA,2023-09-30T00:00:00Z,2023-07-12T20:48:00Z,1,smlint_training_female_4w_biological_rep4_vial_90416016702,female,SRP448906,fischer 344,Small Intestine Powder,Training - 4 weeks,90416016702
SRR25251087,6 months,RNA-Seq,206,7305905154,PRJNA908279,SAMN36364599,Model organism or animal,2337986713,STANFORD UNIVERSITY,2018-12-05,public,"run.zq,fastq,sra","gs,s3,ncbi","ncbi.public,s3.us-east-1,gs.us-east1",SRX20997023,USA,North America,USA: Iowa,Illumina NovaSeq 6000,rna-seq_smlint_training_female_4w_biological_rep3_vial_90412016702,PAIRED,PolyA,TRANSCRIPTOMIC,Rattus norvegicus,ILLUMINA,2023-09-30T00:00:00Z,2023-07-12T20:50:00Z,1,smlint_training_female_4w_biological_rep3_vial_90412016702,female,SRP448906,fischer 344,Small Intestine Powder,Training - 4 weeks,90412016702
SRR25251088,6 months,RNA-Seq,206,7809455056,PRJNA908279,SAMN36364598,Model organism or animal,2503071158,STANFORD UNIVERSITY,2018-12-04,public,"fastq,run.zq,sra","gs,s3,ncbi","ncbi.public,gs.us-east1,s3.us-east-1",SRX20997022,USA,North America,USA: Iowa,Illumina NovaSeq 6000,rna-seq_smlint_training_female_4w_biological_rep2_vial_90410016702,PAIRED,PolyA,TRANSCRIPTOMIC,Rattus norvegicus,ILLUMINA,2023-09-30T00:00:00Z,2023-07-12T20:54:00Z,1,smlint_training_female_4w_biological_rep2_vial_90410016702,female,SRP448906,fischer 344,Small Intestine Powder,Training - 4 weeks,90410016702
SRR25251089,6 months,RNA-Seq,206,6943558364,PRJNA908279,SAMN36364597,Model organism or animal,2234100090,STANFORD UNIVERSITY,2018-12-04,public,"fastq,sra,run.zq","s3,ncbi,gs","ncbi.public,gs.us-east1,s3.us-east-1",SRX20997805,USA,North America,USA: Iowa,Illumina NovaSeq 6000,rna-seq_smlint_training_female_4w_biological_rep1_vial_90406016702,PAIRED,PolyA,TRANSCRIPTOMIC,Rattus norvegicus,ILLUMINA,2023-09-30T00:00:00Z,2023-07-12T20:51:00Z,1,smlint_training_female_4w_biological_rep1_vial_90406016702,female,SRP448906,fischer 344,Small Intestine Powder,Training - 4 weeks,90406016702
SRR25251091,6 months,RNA-Seq,206,7432403162,PRJNA908279,SAMN36364398,Model organism or animal,2373076169,STANFORD UNIVERSITY,2018-12-04,public,"sra,run.zq,fastq","s3,ncbi,gs","gs.us-east1,ncbi.public,s3.us-east-1",SRX20997019,USA,North America,USA: Iowa,Illumina NovaSeq 6000,rna-seq_colon_training_female_4w_biological_rep1_vial_90406016102,PAIRED,PolyA,TRANSCRIPTOMIC,Rattus norvegicus,ILLUMINA,2023-09-30T00:00:00Z,2023-07-12T20:48:00Z,1,colon_training_female_4w_biological_rep1_vial_90406016102,female,SRP448906,fischer 344,Colon Powder,Training - 4 weeks,90406016102
SRR25251104,6 months,RNA-Seq,210,6947794140,PRJNA908279,SAMN36363912,Model organism or animal,2314188997,STANFORD UNIVERSITY,not available,public,"sra,fastq,run.zq","gs,s3,ncbi","gs.us-east1,s3.us-east-1,ncbi.public",SRX20997006,uncalculated,uncalculated,not available,Illumina NovaSeq 6000,rna-seq_hippoc_female_reference_2_vial_80035995205,PAIRED,PolyA,TRANSCRIPTOMIC,Rattus norvegicus,ILLUMINA,2023-09-30T00:00:00Z,2023-07-12T20:48:00Z,1,hippoc_female_reference_2_vial_80035995205,female,SRP448906,fischer 344,Hippocampus Powder,Reference,80035995205
SRR25251110,6 months,RNA-Seq,206,11829290028,PRJNA908279,SAMN36364365,Model organism or animal,3918499273,STANFORD UNIVERSITY,2019-02-27,public,"run.zq,fastq,sra","gs,s3,ncbi","gs.us-east1,s3.us-east-1,ncbi.public",SRX20997000,USA,North America,USA: Iowa,Illumina NovaSeq 6000,rna-seq_adrnl_training_female_1w_biological_rep3_vial_90564016002,PAIRED,PolyA,TRANSCRIPTOMIC,Rattus norvegicus,ILLUMINA,2023-09-30T00:00:00Z,2023-07-12T20:51:00Z,1,adrnl_training_female_1w_biological_rep3_vial_90564016002,female,SRP448906,fischer 344,Adrenal Powder,Training - 1 week,90564016002
SRR25251111,6 months,RNA-Seq,206,8450140806,PRJNA908279,SAMN36364364,Model organism or animal,2823100772,STANFORD UNIVERSITY,2019-02-25,public,"sra,fastq,run.zq","s3,gs,ncbi","ncbi.public,gs.us-east1,s3.us-east-1",SRX20996999,USA,North America,USA: Iowa,Illumina NovaSeq 6000,rna-seq_adrnl_training_female_1w_biological_rep2_vial_90560016002,PAIRED,PolyA,TRANSCRIPTOMIC,Rattus norvegicus,ILLUMINA,2023-09-30T00:00:00Z,2023-07-12T20:50:00Z,1,adrnl_training_female_1w_biological_rep2_vial_90560016002,female,SRP448906,fischer 344,Adrenal Powder,Training - 1 week,90560016002
SRR25251112,6 months,RNA-Seq,206,9114591952,PRJNA908279,SAMN36364363,Model organism or animal,3019898963,STANFORD UNIVERSITY,2019-02-26,public,"sra,run.zq,fastq","ncbi,s3,gs","s3.us-east-1,gs.us-east1,ncbi.public",SRX20996998,USA,North America,USA: Iowa,Illumina NovaSeq 6000,rna-seq_adrnl_training_female_1w_biological_rep1_vial_90559016002,PAIRED,PolyA,TRANSCRIPTOMIC,Rattus norvegicus,ILLUMINA,2023-09-30T00:00:00Z,2023-07-12T20:53:00Z,1,adrnl_training_female_1w_biological_rep1_vial_90559016002,female,SRP448906,fischer 344,Adrenal Powder,Training - 1 week,90559016002
SRR25251127,6 months,RNA-Seq,210,7040532030,PRJNA908279,SAMN36364322,Model organism or animal,2202177200,STANFORD UNIVERSITY,2019-03-05,public,"run.zq,fastq,sra","s3,ncbi,gs","ncbi.public,gs.us-east1,s3.us-east-1",SRX20996983,USA,North America,USA: Iowa,Illumina NovaSeq 6000,rna-seq_kidney_training_female_2w_biological_rep5_vial_90587015902,PAIRED,PolyA,TRANSCRIPTOMIC,Rattus norvegicus,ILLUMINA,2023-09-30T00:00:00Z,2023-07-12T20:53:00Z,1,kidney_training_female_2w_biological_rep5_vial_90587015902,female,SRP448906,fischer 344,Kidney Powder,Training - 2 weeks,90587015902
SRR25251128,6 months,RNA-Seq,210,7351912470,PRJNA908279,SAMN36364321,Model organism or animal,2291870773,STANFORD UNIVERSITY,2019-03-06,public,"sra,fastq,run.zq","gs,s3,ncbi","ncbi.public,gs.us-east1,s3.us-east-1",SRX20996982,USA,North America,USA: Iowa,Illumina NovaSeq 6000,rna-seq_kidney_training_female_2w_biological_rep4_vial_90585015902,PAIRED,PolyA,TRANSCRIPTOMIC,Rattus norvegicus,ILLUMINA,2023-09-30T00:00:00Z,2023-07-12T20:51:00Z,1,kidney_training_female_2w_biological_rep4_vial_90585015902,female,SRP448906,fischer 344,Kidney Powder,Training - 2 weeks,90585015902
SRR25251129,6 months,RNA-Seq,210,6667705800,PRJNA908279,SAMN36364320,Model organism or animal,2078873267,STANFORD UNIVERSITY,2019-03-05,public,"run.zq,sra,fastq","s3,ncbi,gs","gs.us-east1,ncbi.public,s3.us-east-1",SRX20996981,USA,North America,USA: Iowa,Illumina NovaSeq 6000,rna-seq_kidney_training_female_2w_biological_rep3_vial_90581015902,PAIRED,PolyA,TRANSCRIPTOMIC,Rattus norvegicus,ILLUMINA,2023-09-30T00:00:00Z,2023-07-12T20:49:00Z,1,kidney_training_female_2w_biological_rep3_vial_90581015902,female,SRP448906,fischer 344,Kidney Powder,Training - 2 weeks,90581015902
SRR25251130,6 months,RNA-Seq,210,8409246720,PRJNA908279,SAMN36364319,Model organism or animal,2613113354,STANFORD UNIVERSITY,2019-03-04,public,"fastq,sra,run.zq","s3,ncbi,gs","ncbi.public,gs.us-east1,s3.us-east-1",SRX20996980,USA,North America,USA: Iowa,Illumina NovaSeq 6000,rna-seq_kidney_training_female_2w_biological_rep2_vial_90578015902,PAIRED,PolyA,TRANSCRIPTOMIC,Rattus norvegicus,ILLUMINA,2023-09-30T00:00:00Z,2023-07-12T20:52:00Z,1,kidney_training_female_2w_biological_rep2_vial_90578015902,female,SRP448906,fischer 344,Kidney Powder,Training - 2 weeks,90578015902
SRR25251131,6 months,RNA-Seq,210,7656029430,PRJNA908279,SAMN36364318,Model organism or animal,2390204169,STANFORD UNIVERSITY,2019-03-04,public,"run.zq,fastq,sra","gs,s3,ncbi","s3.us-east-1,gs.us-east1,ncbi.public",SRX20996979,USA,North America,USA: Iowa,Illumina NovaSeq 6000,rna-seq_kidney_training_female_2w_biological_rep1_vial_90576015902,PAIRED,PolyA,TRANSCRIPTOMIC,Rattus norvegicus,ILLUMINA,2023-09-30T00:00:00Z,2023-07-12T20:48:00Z,1,kidney_training_female_2w_biological_rep1_vial_90576015902,female,SRP448906,fischer 344,Kidney Powder,Training - 2 weeks,90576015902
SRR25251133,6 months,RNA-Seq,210,7187930610,PRJNA908279,SAMN36364317,Model organism or animal,2245538777,STANFORD UNIVERSITY,2019-02-26,public,"fastq,run.zq,sra","gs,ncbi,s3","s3.us-east-1,ncbi.public,gs.us-east1",SRX20996977,USA,North America,USA: Iowa,Illumina NovaSeq 6000,rna-seq_kidney_training_female_1w_biological_rep5_vial_90571015902,PAIRED,PolyA,TRANSCRIPTOMIC,Rattus norvegicus,ILLUMINA,2023-09-30T00:00:00Z,2023-07-12T20:52:00Z,1,kidney_training_female_1w_biological_rep5_vial_90571015902,female,SRP448906,fischer 344,Kidney Powder,Training - 1 week,90571015902
SRR25251134,6 months,RNA-Seq,210,7699787970,PRJNA908279,SAMN36364316,Model organism or animal,2403295085,STANFORD UNIVERSITY,2019-02-25,public,"run.zq,sra,fastq","s3,gs,ncbi","ncbi.public,s3.us-east-1,gs.us-east1",SRX20996976,USA,North America,USA: Iowa,Illumina NovaSeq 6000,rna-seq_kidney_training_female_1w_biological_rep4_vial_90567015902,PAIRED,PolyA,TRANSCRIPTOMIC,Rattus norvegicus,ILLUMINA,2023-09-30T00:00:00Z,2023-07-12T20:49:00Z,1,kidney_training_female_1w_biological_rep4_vial_90567015902,female,SRP448906,fischer 344,Kidney Powder,Training - 1 week,90567015902
SRR25251135,6 months,RNA-Seq,210,7950021450,PRJNA908279,SAMN36364315,Model organism or animal,2473974294,STANFORD UNIVERSITY,2019-02-27,public,"run.zq,fastq,sra","gs,s3,ncbi","s3.us-east-1,gs.us-east1,ncbi.public",SRX20996975,USA,North America,USA: Iowa,Illumina NovaSeq 6000,rna-seq_kidney_training_female_1w_biological_rep3_vial_90564015902,PAIRED,PolyA,TRANSCRIPTOMIC,Rattus norvegicus,ILLUMINA,2023-09-30T00:00:00Z,2023-07-12T20:51:00Z,1,kidney_training_female_1w_biological_rep3_vial_90564015902,female,SRP448906,fischer 344,Kidney Powder,Training - 1 week,90564015902
SRR25251140,6 months,RNA-Seq,206,7717116380,PRJNA908279,SAMN36363924,Model organism or animal,2463551552,STANFORD UNIVERSITY,not available,public,"sra,fastq,run.zq","s3,ncbi,gs","s3.us-east-1,ncbi.public,gs.us-east1",SRX20997405,uncalculated,uncalculated,not available,Illumina NovaSeq 6000,rna-seq_skm-gn_female_reference_3_vial_80001995533,PAIRED,PolyA,TRANSCRIPTOMIC,Rattus norvegicus,ILLUMINA,2023-09-30T00:00:00Z,2023-07-12T20:50:00Z,1,skm-gn_female_reference_3_vial_80001995533,female,SRP448906,fischer 344,Gastrocnemius Powder,Reference,80001995533
SRR25251153,6 months,RNA-Seq,210,7456691550,PRJNA908279,SAMN36364302,Model organism or animal,2329423150,STANFORD UNIVERSITY,2018-12-06,public,"fastq,sra,run.zq","s3,ncbi,gs","gs.us-east1,s3.us-east-1,ncbi.public",SRX20997391,USA,North America,USA: Iowa,Illumina NovaSeq 6000,rna-seq_kidney_training_female_4w_biological_rep5_vial_90420015902,PAIRED,PolyA,TRANSCRIPTOMIC,Rattus norvegicus,ILLUMINA,2023-09-30T00:00:00Z,2023-07-12T20:52:00Z,1,kidney_training_female_4w_biological_rep5_vial_90420015902,female,SRP448906,fischer 344,Kidney Powder,Training - 4 weeks,90420015902
SRR25251155,6 months,RNA-Seq,210,7373314200,PRJNA908279,SAMN36364301,Model organism or animal,2303449485,STANFORD UNIVERSITY,2018-12-06,public,"run.zq,sra,fastq","gs,ncbi,s3","ncbi.public,s3.us-east-1,gs.us-east1",SRX20997389,USA,North America,USA: Iowa,Illumina NovaSeq 6000,rna-seq_kidney_training_female_4w_biological_rep4_vial_90416015902,PAIRED,PolyA,TRANSCRIPTOMIC,Rattus norvegicus,ILLUMINA,2023-09-30T00:00:00Z,2023-07-12T20:51:00Z,1,kidney_training_female_4w_biological_rep4_vial_90416015902,female,SRP448906,fischer 344,Kidney Powder,Training - 4 weeks,90416015902
SRR25251156,6 months,RNA-Seq,210,6871336920,PRJNA908279,SAMN36364691,Model organism or animal,2146504045,STANFORD UNIVERSITY,2018-12-05,public,"sra,run.zq,fastq","ncbi,gs,s3","ncbi.public,gs.us-east1,s3.us-east-1",SRX20997388,USA,North America,USA: Iowa,Illumina NovaSeq 6000,rna-seq_kidney_training_female_4w_biological_rep3_vial_90412015902,PAIRED,PolyA,TRANSCRIPTOMIC,Rattus norvegicus,ILLUMINA,2023-09-30T00:00:00Z,2023-07-12T20:50:00Z,1,kidney_training_female_4w_biological_rep3_vial_90412015902,female,SRP448906,fischer 344,Kidney Powder,Training - 4 weeks,90412015902
SRR25251157,6 months,RNA-Seq,210,8663225970,PRJNA908279,SAMN36364690,Model organism or animal,2703006982,STANFORD UNIVERSITY,2018-12-04,public,"fastq,run.zq,sra","s3,ncbi,gs","s3.us-east-1,ncbi.public,gs.us-east1",SRX20997387,USA,North America,USA: Iowa,Illumina NovaSeq 6000,rna-seq_kidney_training_female_4w_biological_rep2_vial_90410015902,PAIRED,PolyA,TRANSCRIPTOMIC,Rattus norvegicus,ILLUMINA,2023-09-30T00:00:00Z,2023-07-12T20:51:00Z,1,kidney_training_female_4w_biological_rep2_vial_90410015902,female,SRP448906,fischer 344,Kidney Powder,Training - 4 weeks,90410015902
SRR25251158,6 months,RNA-Seq,210,7233590700,PRJNA908279,SAMN36364689,Model organism or animal,2261688861,STANFORD UNIVERSITY,2018-12-04,public,"sra,run.zq,fastq","s3,ncbi,gs","ncbi.public,s3.us-east-1,gs.us-east1",SRX20997386,USA,North America,USA: Iowa,Illumina NovaSeq 6000,rna-seq_kidney_training_female_4w_biological_rep1_vial_90406015902,PAIRED,PolyA,TRANSCRIPTOMIC,Rattus norvegicus,ILLUMINA,2023-09-30T00:00:00Z,2023-07-12T20:52:00Z,1,kidney_training_female_4w_biological_rep1_vial_90406015902,female,SRP448906,fischer 344,Kidney Powder,Training - 4 weeks,90406015902
SRR25251175,6 months,RNA-Seq,206,7053978278,PRJNA908279,SAMN36364800,Model organism or animal,2258102213,STANFORD UNIVERSITY,2018-12-06,public,"sra,run.zq,fastq","s3,ncbi,gs","ncbi.public,s3.us-east-1,gs.us-east1",SRX20997369,USA,North America,USA: Iowa,Illumina NovaSeq 6000,rna-seq_venacv_training_female_4w_biological_rep5_vial_90420016502,PAIRED,PolyA,TRANSCRIPTOMIC,Rattus norvegicus,ILLUMINA,2023-09-30T00:00:00Z,2023-07-12T20:55:00Z,1,venacv_training_female_4w_biological_rep5_vial_90420016502,female,SRP448906,fischer 344,Vena Cava Powder,Training - 4 weeks,90420016502
SRR25251176,6 months,RNA-Seq,206,7465526520,PRJNA908279,SAMN36364799,Model organism or animal,2387625871,STANFORD UNIVERSITY,2018-12-06,public,"run.zq,sra,fastq","s3,gs,ncbi","s3.us-east-1,ncbi.public,gs.us-east1",SRX20997368,USA,North America,USA: Iowa,Illumina NovaSeq 6000,rna-seq_venacv_training_female_4w_biological_rep4_vial_90416016502,PAIRED,PolyA,TRANSCRIPTOMIC,Rattus norvegicus,ILLUMINA,2023-09-30T00:00:00Z,2023-07-12T20:51:00Z,1,venacv_training_female_4w_biological_rep4_vial_90416016502,female,SRP448906,fischer 344,Vena Cava Powder,Training - 4 weeks,90416016502
SRR25251178,6 months,RNA-Seq,206,7182518364,PRJNA908279,SAMN36364798,Model organism or animal,2302866052,STANFORD UNIVERSITY,2018-12-05,public,"run.zq,sra,fastq","s3,gs,ncbi","s3.us-east-1,ncbi.public,gs.us-east1",SRX20997366,USA,North America,USA: Iowa,Illumina NovaSeq 6000,rna-seq_venacv_training_female_4w_biological_rep3_vial_90412016502,PAIRED,PolyA,TRANSCRIPTOMIC,Rattus norvegicus,ILLUMINA,2023-09-30T00:00:00Z,2023-07-12T20:50:00Z,1,venacv_training_female_4w_biological_rep3_vial_90412016502,female,SRP448906,fischer 344,Vena Cava Powder,Training - 4 weeks,90412016502
SRR25251179,6 months,RNA-Seq,206,6874823992,PRJNA908279,SAMN36364797,Model organism or animal,2192241178,STANFORD UNIVERSITY,2018-12-04,public,"fastq,run.zq,sra","s3,ncbi,gs","ncbi.public,s3.us-east-1,gs.us-east1",SRX20997365,USA,North America,USA: Iowa,Illumina NovaSeq 6000,rna-seq_venacv_training_female_4w_biological_rep2_vial_90410016502,PAIRED,PolyA,TRANSCRIPTOMIC,Rattus norvegicus,ILLUMINA,2023-09-30T00:00:00Z,2023-07-12T20:50:00Z,1,venacv_training_female_4w_biological_rep2_vial_90410016502,female,SRP448906,fischer 344,Vena Cava Powder,Training - 4 weeks,90410016502
SRR25251180,6 months,RNA-Seq,206,6686013662,PRJNA908279,SAMN36364796,Model organism or animal,2152956054,STANFORD UNIVERSITY,2018-12-04,public,"run.zq,fastq,sra","ncbi,s3,gs","ncbi.public,gs.us-east1,s3.us-east-1",SRX20997364,USA,North America,USA: Iowa,Illumina NovaSeq 6000,rna-seq_venacv_training_female_4w_biological_rep1_vial_90406016502,PAIRED,PolyA,TRANSCRIPTOMIC,Rattus norvegicus,ILLUMINA,2023-09-30T00:00:00Z,2023-07-12T20:51:00Z,1,venacv_training_female_4w_biological_rep1_vial_90406016502,female,SRP448906,fischer 344,Vena Cava Powder,Training - 4 weeks,90406016502
SRR25251197,6 months,RNA-Seq,206,5791715338,PRJNA908279,SAMN36363992,Model organism or animal,1867100112,STANFORD UNIVERSITY,2019-03-05,public,"fastq,run.zq,sra","s3,gs,ncbi","ncbi.public,gs.us-east1,s3.us-east-1",SRX20997347,USA,North America,USA: Iowa,Illumina NovaSeq 6000,rna-seq_blood_training_female_2w_biological_rep5_vial_90587013001,PAIRED,PolyA,TRANSCRIPTOMIC,Rattus norvegicus,ILLUMINA,2023-09-30T00:00:00Z,2023-07-12T20:50:00Z,1,blood_training_female_2w_biological_rep5_vial_90587013001,female,SRP448906,fischer 344,PaxGene RNA,Training - 2 weeks,90587013001
SRR25251203,6 months,RNA-Seq,210,7707488250,PRJNA908279,SAMN36364718,Model organism or animal,2413824339,STANFORD UNIVERSITY,2019-03-05,public,"run.zq,fastq,sra","ncbi,gs,s3","gs.us-east1,s3.us-east-1,ncbi.public",SRX20997341,USA,North America,USA: Iowa,Illumina NovaSeq 6000,rna-seq_bat_training_female_2w_biological_rep3_vial_90581016902,PAIRED,PolyA,TRANSCRIPTOMIC,Rattus norvegicus,ILLUMINA,2023-09-30T00:00:00Z,2023-07-12T20:53:00Z,1,bat_training_female_2w_biological_rep3_vial_90581016902,female,SRP448906,fischer 344,Brown Adipose Powder,Training - 2 weeks,90581016902
SRR25251204,6 months,RNA-Seq,210,8126422920,PRJNA908279,SAMN36364717,Model organism or animal,2532649438,STANFORD UNIVERSITY,2019-03-04,public,"sra,run.zq,fastq","gs,ncbi,s3","gs.us-east1,s3.us-east-1,ncbi.public",SRX20997340,USA,North America,USA: Iowa,Illumina NovaSeq 6000,rna-seq_bat_training_female_2w_biological_rep2_vial_90578016902,PAIRED,PolyA,TRANSCRIPTOMIC,Rattus norvegicus,ILLUMINA,2023-09-30T00:00:00Z,2023-07-12T20:56:00Z,1,bat_training_female_2w_biological_rep2_vial_90578016902,female,SRP448906,fischer 344,Brown Adipose Powder,Training - 2 weeks,90578016902
SRR25251205,6 months,RNA-Seq,210,6811409850,PRJNA908279,SAMN36364716,Model organism or animal,2128488869,STANFORD UNIVERSITY,2019-03-04,public,"run.zq,fastq,sra","s3,gs,ncbi","ncbi.public,gs.us-east1,s3.us-east-1",SRX20997339,USA,North America,USA: Iowa,Illumina NovaSeq 6000,rna-seq_bat_training_female_2w_biological_rep1_vial_90576016902,PAIRED,PolyA,TRANSCRIPTOMIC,Rattus norvegicus,ILLUMINA,2023-09-30T00:00:00Z,2023-07-12T20:48:00Z,1,bat_training_female_2w_biological_rep1_vial_90576016902,female,SRP448906,fischer 344,Brown Adipose Powder,Training - 2 weeks,90576016902
SRR25251208,6 months,RNA-Seq,210,7328174070,PRJNA908279,SAMN36364715,Model organism or animal,2278566574,STANFORD UNIVERSITY,2019-02-26,public,"fastq,sra,run.zq","gs,s3,ncbi","ncbi.public,s3.us-east-1,gs.us-east1",SRX20997336,USA,North America,USA: Iowa,Illumina NovaSeq 6000,rna-seq_bat_training_female_1w_biological_rep5_vial_90571016902,PAIRED,PolyA,TRANSCRIPTOMIC,Rattus norvegicus,ILLUMINA,2023-09-30T00:00:00Z,2023-07-12T20:52:00Z,1,bat_training_female_1w_biological_rep5_vial_90571016902,female,SRP448906,fischer 344,Brown Adipose Powder,Training - 1 week,90571016902
SRR25251209,6 months,RNA-Seq,210,9634754010,PRJNA908279,SAMN36364714,Model organism or animal,2997573917,STANFORD UNIVERSITY,2019-02-25,public,"sra,run.zq,fastq","gs,ncbi,s3","ncbi.public,s3.us-east-1,gs.us-east1",SRX20997335,USA,North America,USA: Iowa,Illumina NovaSeq 6000,rna-seq_bat_training_female_1w_biological_rep4_vial_90567016902,PAIRED,PolyA,TRANSCRIPTOMIC,Rattus norvegicus,ILLUMINA,2023-09-30T00:00:00Z,2023-07-12T20:52:00Z,1,bat_training_female_1w_biological_rep4_vial_90567016902,female,SRP448906,fischer 344,Brown Adipose Powder,Training - 1 week,90567016902
SRR25251210,6 months,RNA-Seq,210,8415761130,PRJNA908279,SAMN36364713,Model organism or animal,2633466921,STANFORD UNIVERSITY,2019-02-27,public,"sra,run.zq,fastq","s3,ncbi,gs","ncbi.public,gs.us-east1,s3.us-east-1",SRX20997334,USA,North America,USA: Iowa,Illumina NovaSeq 6000,rna-seq_bat_training_female_1w_biological_rep3_vial_90564016902,PAIRED,PolyA,TRANSCRIPTOMIC,Rattus norvegicus,ILLUMINA,2023-09-30T00:00:00Z,2023-07-12T20:56:00Z,1,bat_training_female_1w_biological_rep3_vial_90564016902,female,SRP448906,fischer 344,Brown Adipose Powder,Training - 1 week,90564016902
SRR25251211,6 months,RNA-Seq,210,11647213830,PRJNA908279,SAMN36364712,Model organism or animal,3634038172,STANFORD UNIVERSITY,2019-02-25,public,"sra,run.zq,fastq","gs,ncbi,s3","ncbi.public,s3.us-east-1,gs.us-east1",SRX20997333,USA,North America,USA: Iowa,Illumina NovaSeq 6000,rna-seq_bat_training_female_1w_biological_rep2_vial_90560016902,PAIRED,PolyA,TRANSCRIPTOMIC,Rattus norvegicus,ILLUMINA,2023-09-30T00:00:00Z,2023-07-12T20:59:00Z,1,bat_training_female_1w_biological_rep2_vial_90560016902,female,SRP448906,fischer 344,Brown Adipose Powder,Training - 1 week,90560016902
SRR25251212,6 months,RNA-Seq,210,7630514010,PRJNA908279,SAMN36364711,Model organism or animal,2379220911,STANFORD UNIVERSITY,2019-02-26,public,"run.zq,sra,fastq","ncbi,s3,gs","ncbi.public,s3.us-east-1,gs.us-east1",SRX20997332,USA,North America,USA: Iowa,Illumina NovaSeq 6000,rna-seq_bat_training_female_1w_biological_rep1_vial_90559016902,PAIRED,PolyA,TRANSCRIPTOMIC,Rattus norvegicus,ILLUMINA,2023-09-30T00:00:00Z,2023-07-12T20:53:00Z,1,bat_training_female_1w_biological_rep1_vial_90559016902,female,SRP448906,fischer 344,Brown Adipose Powder,Training - 1 week,90559016902
SRR25251214,6 months,RNA-Seq,206,11878601484,PRJNA908279,SAMN36363991,Model organism or animal,3812394345,STANFORD UNIVERSITY,2019-03-06,public,"run.zq,fastq,sra","gs,ncbi,s3","gs.us-east1,ncbi.public,s3.us-east-1",SRX20997091,USA,North America,USA: Iowa,Illumina NovaSeq 6000,rna-seq_blood_training_female_2w_biological_rep4_vial_90585013001,PAIRED,PolyA,TRANSCRIPTOMIC,Rattus norvegicus,ILLUMINA,2023-09-30T00:00:00Z,2023-07-12T20:58:00Z,1,blood_training_female_2w_biological_rep4_vial_90585013001,female,SRP448906,fischer 344,PaxGene RNA,Training - 2 weeks,90585013001
SRR25251218,6 months,RNA-Seq,210,7339977330,PRJNA908279,SAMN36364242,Model organism or animal,2440333777,STANFORD UNIVERSITY,2019-03-05,public,"sra,run.zq,fastq","gs,s3,ncbi","s3.us-east-1,ncbi.public,gs.us-east1",SRX20997327,USA,North America,USA: Iowa,Illumina NovaSeq 6000,rna-seq_skm-vl_training_female_2w_biological_rep5_vial_90587015603,PAIRED,PolyA,TRANSCRIPTOMIC,Rattus norvegicus,ILLUMINA,2023-09-30T00:00:00Z,2023-07-12T20:58:00Z,1,skm-vl_training_female_2w_biological_rep5_vial_90587015603,female,SRP448906,fischer 344,Vastus Lateralis Powder,Training - 2 weeks,90587015603
SRR25251219,6 months,RNA-Seq,210,6227584440,PRJNA908279,SAMN36364241,Model organism or animal,2080706704,STANFORD UNIVERSITY,2019-03-06,public,"fastq,run.zq,sra","gs,ncbi,s3","gs.us-east1,s3.us-east-1,ncbi.public",SRX20997326,USA,North America,USA: Iowa,Illumina NovaSeq 6000,rna-seq_skm-vl_training_female_2w_biological_rep4_vial_90585015603,PAIRED,PolyA,TRANSCRIPTOMIC,Rattus norvegicus,ILLUMINA,2023-09-30T00:00:00Z,2023-07-12T20:46:00Z,1,skm-vl_training_female_2w_biological_rep4_vial_90585015603,female,SRP448906,fischer 344,Vastus Lateralis Powder,Training - 2 weeks,90585015603
SRR25251220,6 months,RNA-Seq,210,6412654920,PRJNA908279,SAMN36364240,Model organism or animal,2137362093,STANFORD UNIVERSITY,2019-03-05,public,"run.zq,sra,fastq","s3,ncbi,gs","ncbi.public,s3.us-east-1,gs.us-east1",SRX20997324,USA,North America,USA: Iowa,Illumina NovaSeq 6000,rna-seq_skm-vl_training_female_2w_biological_rep3_vial_90581015603,PAIRED,PolyA,TRANSCRIPTOMIC,Rattus norvegicus,ILLUMINA,2023-09-30T00:00:00Z,2023-07-12T20:46:00Z,1,skm-vl_training_female_2w_biological_rep3_vial_90581015603,female,SRP448906,fischer 344,Vastus Lateralis Powder,Training - 2 weeks,90581015603
SRR25251221,6 months,RNA-Seq,210,5883551940,PRJNA908279,SAMN36364239,Model organism or animal,1957014475,STANFORD UNIVERSITY,2019-03-04,public,"sra,fastq,run.zq","gs,s3,ncbi","s3.us-east-1,gs.us-east1,ncbi.public",SRX20997323,USA,North America,USA: Iowa,Illumina NovaSeq 6000,rna-seq_skm-vl_training_female_2w_biological_rep2_vial_90578015603,PAIRED,PolyA,TRANSCRIPTOMIC,Rattus norvegicus,ILLUMINA,2023-09-30T00:00:00Z,2023-07-12T20:46:00Z,1,skm-vl_training_female_2w_biological_rep2_vial_90578015603,female,SRP448906,fischer 344,Vastus Lateralis Powder,Training - 2 weeks,90578015603
SRR25251222,6 months,RNA-Seq,210,6955941720,PRJNA908279,SAMN36364238,Model organism or animal,2310615111,STANFORD UNIVERSITY,2019-03-04,public,"run.zq,fastq,sra","gs,ncbi,s3","ncbi.public,s3.us-east-1,gs.us-east1",SRX20997322,USA,North America,USA: Iowa,Illumina NovaSeq 6000,rna-seq_skm-vl_training_female_2w_biological_rep1_vial_90576015603,PAIRED,PolyA,TRANSCRIPTOMIC,Rattus norvegicus,ILLUMINA,2023-09-30T00:00:00Z,2023-07-12T20:48:00Z,1,skm-vl_training_female_2w_biological_rep1_vial_90576015603,female,SRP448906,fischer 344,Vastus Lateralis Powder,Training - 2 weeks,90576015603
SRR25251223,6 months,RNA-Seq,210,8701686420,PRJNA908279,SAMN36363940,Model organism or animal,2719138746,STANFORD UNIVERSITY,not available,public,"run.zq,sra,fastq","s3,ncbi,gs","s3.us-east-1,ncbi.public,gs.us-east1",SRX20997321,uncalculated,uncalculated,not available,Illumina NovaSeq 6000,rna-seq_bat_female_reference_9_vial_80031996905,PAIRED,PolyA,TRANSCRIPTOMIC,Rattus norvegicus,ILLUMINA,2023-09-30T00:00:00Z,2023-07-12T20:57:00Z,1,bat_female_reference_9_vial_80031996905,female,SRP448906,fischer 344,Brown Adipose Powder,Reference,80031996905
SRR25251224,6 months,RNA-Seq,210,7684919760,PRJNA908279,SAMN36364237,Model organism or animal,2540132030,STANFORD UNIVERSITY,2019-02-26,public,"sra,run.zq,fastq","gs,s3,ncbi","s3.us-east-1,gs.us-east1,ncbi.public",SRX20997320,USA,North America,USA: Iowa,Illumina NovaSeq 6000,rna-seq_skm-vl_training_female_1w_biological_rep5_vial_90571015603,PAIRED,PolyA,TRANSCRIPTOMIC,Rattus norvegicus,ILLUMINA,2023-09-30T00:00:00Z,2023-07-12T20:56:00Z,1,skm-vl_training_female_1w_biological_rep5_vial_90571015603,female,SRP448906,fischer 344,Vastus Lateralis Powder,Training - 1 week,90571015603
SRR25251225,6 months,RNA-Seq,210,6402639180,PRJNA908279,SAMN36364236,Model organism or animal,2138001691,STANFORD UNIVERSITY,2019-02-25,public,"fastq,sra,run.zq","s3,ncbi,gs","ncbi.public,gs.us-east1,s3.us-east-1",SRX20997319,USA,North America,USA: Iowa,Illumina NovaSeq 6000,rna-seq_skm-vl_training_female_1w_biological_rep4_vial_90567015603,PAIRED,PolyA,TRANSCRIPTOMIC,Rattus norvegicus,ILLUMINA,2023-09-30T00:00:00Z,2023-07-12T20:47:00Z,1,skm-vl_training_female_1w_biological_rep4_vial_90567015603,female,SRP448906,fischer 344,Vastus Lateralis Powder,Training - 1 week,90567015603
SRR25251226,6 months,RNA-Seq,210,6260027760,PRJNA908279,SAMN36364235,Model organism or animal,2077176470,STANFORD UNIVERSITY,2019-02-27,public,"run.zq,fastq,sra","gs,ncbi,s3","gs.us-east1,ncbi.public,s3.us-east-1",SRX20997318,USA,North America,USA: Iowa,Illumina NovaSeq 6000,rna-seq_skm-vl_training_female_1w_biological_rep3_vial_90564015603,PAIRED,PolyA,TRANSCRIPTOMIC,Rattus norvegicus,ILLUMINA,2023-09-30T00:00:00Z,2023-07-12T20:46:00Z,1,skm-vl_training_female_1w_biological_rep3_vial_90564015603,female,SRP448906,fischer 344,Vastus Lateralis Powder,Training - 1 week,90564015603
SRR25251227,6 months,RNA-Seq,210,6793662540,PRJNA908279,SAMN36364234,Model organism or animal,2260396765,STANFORD UNIVERSITY,2019-02-25,public,"sra,fastq,run.zq","ncbi,gs,s3","gs.us-east1,s3.us-east-1,ncbi.public",SRX20997317,USA,North America,USA: Iowa,Illumina NovaSeq 6000,rna-seq_skm-vl_training_female_1w_biological_rep2_vial_90560015603,PAIRED,PolyA,TRANSCRIPTOMIC,Rattus norvegicus,ILLUMINA,2023-09-30T00:00:00Z,2023-07-12T20:54:00Z,1,skm-vl_training_female_1w_biological_rep2_vial_90560015603,female,SRP448906,fischer 344,Vastus Lateralis Powder,Training - 1 week,90560015603
SRR25251228,6 months,RNA-Seq,210,6253785300,PRJNA908279,SAMN36364233,Model organism or animal,2071009757,STANFORD UNIVERSITY,2019-02-26,public,"run.zq,sra,fastq","s3,gs,ncbi","s3.us-east-1,ncbi.public,gs.us-east1",SRX20997316,USA,North America,USA: Iowa,Illumina NovaSeq 6000,rna-seq_skm-vl_training_female_1w_biological_rep1_vial_90559015603,PAIRED,PolyA,TRANSCRIPTOMIC,Rattus norvegicus,ILLUMINA,2023-09-30T00:00:00Z,2023-07-12T20:51:00Z,1,skm-vl_training_female_1w_biological_rep1_vial_90559015603,female,SRP448906,fischer 344,Vastus Lateralis Powder,Training - 1 week,90559015603
SRR25251239,6 months,RNA-Seq,206,6197781302,PRJNA908279,SAMN36363986,Model organism or animal,2005192415,STANFORD UNIVERSITY,2019-02-25,public,"run.zq,sra,fastq","s3,ncbi,gs","s3.us-east-1,gs.us-east1,ncbi.public",SRX20997304,USA,North America,USA: Iowa,Illumina NovaSeq 6000,rna-seq_blood_training_female_1w_biological_rep4_vial_90567013001,PAIRED,PolyA,TRANSCRIPTOMIC,Rattus norvegicus,ILLUMINA,2023-09-30T00:00:00Z,2023-07-12T20:46:00Z,1,blood_training_female_1w_biological_rep4_vial_90567013001,female,SRP448906,fischer 344,PaxGene RNA,Training - 1 week,90567013001
SRR25251248,6 months,RNA-Seq,210,7039533270,PRJNA908279,SAMN36364671,Model organism or animal,2340628378,STANFORD UNIVERSITY,2019-03-05,public,"run.zq,fastq,sra","gs,s3,ncbi","s3.us-east-1,gs.us-east1,ncbi.public",SRX20997295,USA,North America,USA: Iowa,Illumina NovaSeq 6000,rna-seq_liver_training_female_2w_biological_rep5_vial_90587016803,PAIRED,PolyA,TRANSCRIPTOMIC,Rattus norvegicus,ILLUMINA,2023-09-30T00:00:00Z,2023-07-12T20:52:00Z,1,liver_training_female_2w_biological_rep5_vial_90587016803,female,SRP448906,fischer 344,Liver Powder,Training - 2 weeks,90587016803
SRR25251249,6 months,RNA-Seq,210,7089204150,PRJNA908279,SAMN36364670,Model organism or animal,2350629906,STANFORD UNIVERSITY,2019-03-06,public,"sra,run.zq,fastq","gs,s3,ncbi","ncbi.public,gs.us-east1,s3.us-east-1",SRX20997294,USA,North America,USA: Iowa,Illumina NovaSeq 6000,rna-seq_liver_training_female_2w_biological_rep4_vial_90585016803,PAIRED,PolyA,TRANSCRIPTOMIC,Rattus norvegicus,ILLUMINA,2023-09-30T00:00:00Z,2023-07-12T20:51:00Z,1,liver_training_female_2w_biological_rep4_vial_90585016803,female,SRP448906,fischer 344,Liver Powder,Training - 2 weeks,90585016803
SRR25251250,6 months,RNA-Seq,206,5932356482,PRJNA908279,SAMN36363985,Model organism or animal,1909678607,STANFORD UNIVERSITY,2019-02-27,public,"fastq,sra,run.zq","s3,ncbi,gs","s3.us-east-1,gs.us-east1,ncbi.public",SRX20997293,USA,North America,USA: Iowa,Illumina NovaSeq 6000,rna-seq_blood_training_female_1w_biological_rep3_vial_90564013001,PAIRED,PolyA,TRANSCRIPTOMIC,Rattus norvegicus,ILLUMINA,2023-09-30T00:00:00Z,2023-07-12T20:53:00Z,1,blood_training_female_1w_biological_rep3_vial_90564013001,female,SRP448906,fischer 344,PaxGene RNA,Training - 1 week,90564013001
SRR25251251,6 months,RNA-Seq,210,6667219650,PRJNA908279,SAMN36364669,Model organism or animal,2226863815,STANFORD UNIVERSITY,2019-03-05,public,"fastq,sra,run.zq","ncbi,s3,gs","ncbi.public,s3.us-east-1,gs.us-east1",SRX20997292,USA,North America,USA: Iowa,Illumina NovaSeq 6000,rna-seq_liver_training_female_2w_biological_rep3_vial_90581016803,PAIRED,PolyA,TRANSCRIPTOMIC,Rattus norvegicus,ILLUMINA,2023-09-30T00:00:00Z,2023-07-12T20:49:00Z,1,liver_training_female_2w_biological_rep3_vial_90581016803,female,SRP448906,fischer 344,Liver Powder,Training - 2 weeks,90581016803
SRR25251252,6 months,RNA-Seq,210,7345103430,PRJNA908279,SAMN36364668,Model organism or animal,2433412563,STANFORD UNIVERSITY,2019-03-04,public,"run.zq,sra,fastq","gs,ncbi,s3","ncbi.public,s3.us-east-1,gs.us-east1",SRX20997291,USA,North America,USA: Iowa,Illumina NovaSeq 6000,rna-seq_liver_training_female_2w_biological_rep2_vial_90578016803,PAIRED,PolyA,TRANSCRIPTOMIC,Rattus norvegicus,ILLUMINA,2023-09-30T00:00:00Z,2023-07-12T20:56:00Z,1,liver_training_female_2w_biological_rep2_vial_90578016803,female,SRP448906,fischer 344,Liver Powder,Training - 2 weeks,90578016803
SRR25251253,6 months,RNA-Seq,210,6503030940,PRJNA908279,SAMN36364667,Model organism or animal,2161552260,STANFORD UNIVERSITY,2019-03-04,public,"sra,run.zq,fastq","gs,ncbi,s3","ncbi.public,s3.us-east-1,gs.us-east1",SRX20997290,USA,North America,USA: Iowa,Illumina NovaSeq 6000,rna-seq_liver_training_female_2w_biological_rep1_vial_90576016803,PAIRED,PolyA,TRANSCRIPTOMIC,Rattus norvegicus,ILLUMINA,2023-09-30T00:00:00Z,2023-07-12T20:52:00Z,1,liver_training_female_2w_biological_rep1_vial_90576016803,female,SRP448906,fischer 344,Liver Powder,Training - 2 weeks,90576016803
SRR25251254,6 months,RNA-Seq,210,6494607840,PRJNA908279,SAMN36364666,Model organism or animal,2149689257,STANFORD UNIVERSITY,2019-02-26,public,"sra,fastq,run.zq","gs,s3,ncbi","ncbi.public,gs.us-east1,s3.us-east-1",SRX20997289,USA,North America,USA: Iowa,Illumina NovaSeq 6000,rna-seq_liver_training_female_1w_biological_rep5_vial_90571016803,PAIRED,PolyA,TRANSCRIPTOMIC,Rattus norvegicus,ILLUMINA,2023-09-30T00:00:00Z,2023-07-12T20:56:00Z,1,liver_training_female_1w_biological_rep5_vial_90571016803,female,SRP448906,fischer 344,Liver Powder,Training - 1 week,90571016803
SRR25251255,6 months,RNA-Seq,210,8189135640,PRJNA908279,SAMN36364665,Model organism or animal,2706128246,STANFORD UNIVERSITY,2019-02-25,public,"run.zq,sra,fastq","ncbi,gs,s3","gs.us-east1,s3.us-east-1,ncbi.public",SRX20997288,USA,North America,USA: Iowa,Illumina NovaSeq 6000,rna-seq_liver_training_female_1w_biological_rep4_vial_90567016803,PAIRED,PolyA,TRANSCRIPTOMIC,Rattus norvegicus,ILLUMINA,2023-09-30T00:00:00Z,2023-07-12T20:56:00Z,1,liver_training_female_1w_biological_rep4_vial_90567016803,female,SRP448906,fischer 344,Liver Powder,Training - 1 week,90567016803
SRR25251281,6 months,RNA-Seq,210,7756243950,PRJNA908279,SAMN36364770,Model organism or animal,2422014540,STANFORD UNIVERSITY,2019-03-05,public,"sra,fastq,run.zq","gs,ncbi,s3","ncbi.public,s3.us-east-1,gs.us-east1",SRX20997262,USA,North America,USA: Iowa,Illumina NovaSeq 6000,rna-seq_wat_training_female_2w_biological_rep5_vial_90587017005,PAIRED,PolyA,TRANSCRIPTOMIC,Rattus norvegicus,ILLUMINA,2023-09-30T00:00:00Z,2023-07-12T20:57:00Z,1,wat_training_female_2w_biological_rep5_vial_90587017005,female,SRP448906,fischer 344,White Adipose Powder,Training - 2 weeks,90587017005
SRR25251282,6 months,RNA-Seq,210,8109251010,PRJNA908279,SAMN36364769,Model organism or animal,2538273672,STANFORD UNIVERSITY,2019-03-06,public,"run.zq,fastq,sra","gs,ncbi,s3","gs.us-east1,s3.us-east-1,ncbi.public",SRX20997261,USA,North America,USA: Iowa,Illumina NovaSeq 6000,rna-seq_wat_training_female_2w_biological_rep4_vial_90585017005,PAIRED,PolyA,TRANSCRIPTOMIC,Rattus norvegicus,ILLUMINA,2023-09-30T00:00:00Z,2023-07-12T20:57:00Z,1,wat_training_female_2w_biological_rep4_vial_90585017005,female,SRP448906,fischer 344,White Adipose Powder,Training - 2 weeks,90585017005
SRR25251284,6 months,RNA-Seq,210,8755526430,PRJNA908279,SAMN36364768,Model organism or animal,2719722615,STANFORD UNIVERSITY,2019-03-05,public,"run.zq,sra,fastq","ncbi,gs,s3","ncbi.public,gs.us-east1,s3.us-east-1",SRX20997259,USA,North America,USA: Iowa,Illumina NovaSeq 6000,rna-seq_wat_training_female_2w_biological_rep3_vial_90581017005,PAIRED,PolyA,TRANSCRIPTOMIC,Rattus norvegicus,ILLUMINA,2023-09-30T00:00:00Z,2023-07-12T20:56:00Z,1,wat_training_female_2w_biological_rep3_vial_90581017005,female,SRP448906,fischer 344,White Adipose Powder,Training - 2 weeks,90581017005
SRR25251285,6 months,RNA-Seq,210,8360425920,PRJNA908279,SAMN36364767,Model organism or animal,2605677832,STANFORD UNIVERSITY,2019-03-04,public,"sra,run.zq,fastq","ncbi,gs,s3","ncbi.public,s3.us-east-1,gs.us-east1",SRX20997258,USA,North America,USA: Iowa,Illumina NovaSeq 6000,rna-seq_wat_training_female_2w_biological_rep2_vial_90578017005,PAIRED,PolyA,TRANSCRIPTOMIC,Rattus norvegicus,ILLUMINA,2023-09-30T00:00:00Z,2023-07-12T20:54:00Z,1,wat_training_female_2w_biological_rep2_vial_90578017005,female,SRP448906,fischer 344,White Adipose Powder,Training - 2 weeks,90578017005
SRR25251286,6 months,RNA-Seq,210,6831046320,PRJNA908279,SAMN36364766,Model organism or animal,2126212320,STANFORD UNIVERSITY,2019-03-04,public,"fastq,run.zq,sra","ncbi,gs,s3","s3.us-east-1,ncbi.public,gs.us-east1",SRX20997257,USA,North America,USA: Iowa,Illumina NovaSeq 6000,rna-seq_wat_training_female_2w_biological_rep1_vial_90576017005,PAIRED,PolyA,TRANSCRIPTOMIC,Rattus norvegicus,ILLUMINA,2023-09-30T00:00:00Z,2023-07-12T20:56:00Z,1,wat_training_female_2w_biological_rep1_vial_90576017005,female,SRP448906,fischer 344,White Adipose Powder,Training - 2 weeks,90576017005
SRR25251287,6 months,RNA-Seq,210,8631829710,PRJNA908279,SAMN36364765,Model organism or animal,2680481802,STANFORD UNIVERSITY,2019-02-26,public,"run.zq,sra,fastq","s3,gs,ncbi","s3.us-east-1,ncbi.public,gs.us-east1",SRX20997256,USA,North America,USA: Iowa,Illumina NovaSeq 6000,rna-seq_wat_training_female_1w_biological_rep5_vial_90571017005,PAIRED,PolyA,TRANSCRIPTOMIC,Rattus norvegicus,ILLUMINA,2023-09-30T00:00:00Z,2023-07-12T20:56:00Z,1,wat_training_female_1w_biological_rep5_vial_90571017005,female,SRP448906,fischer 344,White Adipose Powder,Training - 1 week,90571017005
SRR25251288,6 months,RNA-Seq,210,8498903490,PRJNA908279,SAMN36364764,Model organism or animal,2654130304,STANFORD UNIVERSITY,2019-02-25,public,"fastq,sra,run.zq","s3,ncbi,gs","ncbi.public,gs.us-east1,s3.us-east-1",SRX20997255,USA,North America,USA: Iowa,Illumina NovaSeq 6000,rna-seq_wat_training_female_1w_biological_rep4_vial_90567017005,PAIRED,PolyA,TRANSCRIPTOMIC,Rattus norvegicus,ILLUMINA,2023-09-30T00:00:00Z,2023-07-12T20:54:00Z,1,wat_training_female_1w_biological_rep4_vial_90567017005,female,SRP448906,fischer 344,White Adipose Powder,Training - 1 week,90567017005
SRR25251289,6 months,RNA-Seq,210,8037158430,PRJNA908279,SAMN36364763,Model organism or animal,2500684750,STANFORD UNIVERSITY,2019-02-27,public,"sra,run.zq,fastq","gs,ncbi,s3","gs.us-east1,ncbi.public,s3.us-east-1",SRX20997254,USA,North America,USA: Iowa,Illumina NovaSeq 6000,rna-seq_wat_training_female_1w_biological_rep3_vial_90564017005,PAIRED,PolyA,TRANSCRIPTOMIC,Rattus norvegicus,ILLUMINA,2023-09-30T00:00:00Z,2023-07-12T20:53:00Z,1,wat_training_female_1w_biological_rep3_vial_90564017005,female,SRP448906,fischer 344,White Adipose Powder,Training - 1 week,90564017005
SRR25251290,6 months,RNA-Seq,210,7442280300,PRJNA908279,SAMN36364762,Model organism or animal,2322950534,STANFORD UNIVERSITY,2019-02-25,public,"fastq,run.zq,sra","gs,s3,ncbi","ncbi.public,gs.us-east1,s3.us-east-1",SRX20997253,USA,North America,USA: Iowa,Illumina NovaSeq 6000,rna-seq_wat_training_female_1w_biological_rep2_vial_90560017005,PAIRED,PolyA,TRANSCRIPTOMIC,Rattus norvegicus,ILLUMINA,2023-09-30T00:00:00Z,2023-07-12T20:57:00Z,1,wat_training_female_1w_biological_rep2_vial_90560017005,female,SRP448906,fischer 344,White Adipose Powder,Training - 1 week,90560017005
SRR25251291,6 months,RNA-Seq,210,9048415530,PRJNA908279,SAMN36364761,Model organism or animal,2825830517,STANFORD UNIVERSITY,2019-02-26,public,"run.zq,sra,fastq","s3,ncbi,gs","gs.us-east1,s3.us-east-1,ncbi.public",SRX20997252,USA,North America,USA: Iowa,Illumina NovaSeq 6000,rna-seq_wat_training_female_1w_biological_rep1_vial_90559017005,PAIRED,PolyA,TRANSCRIPTOMIC,Rattus norvegicus,ILLUMINA,2023-09-30T00:00:00Z,2023-07-12T20:59:00Z,1,wat_training_female_1w_biological_rep1_vial_90559017005,female,SRP448906,fischer 344,White Adipose Powder,Training - 1 week,90559017005
SRR25251303,6 months,RNA-Seq,210,8476294050,PRJNA908279,SAMN36364750,Model organism or animal,2634128732,STANFORD UNIVERSITY,2018-12-06,public,"fastq,sra,run.zq","s3,ncbi,gs","s3.us-east-1,gs.us-east1,ncbi.public",SRX20997240,USA,North America,USA: Iowa,Illumina NovaSeq 6000,rna-seq_wat_training_female_4w_biological_rep5_vial_90420017005,PAIRED,PolyA,TRANSCRIPTOMIC,Rattus norvegicus,ILLUMINA,2023-09-30T00:00:00Z,2023-07-12T20:56:00Z,1,wat_training_female_4w_biological_rep5_vial_90420017005,female,SRP448906,fischer 344,White Adipose Powder,Training - 4 weeks,90420017005
SRR25251304,6 months,RNA-Seq,210,6938367030,PRJNA908279,SAMN36364749,Model organism or animal,2165747817,STANFORD UNIVERSITY,2018-12-06,public,"fastq,sra,run.zq","ncbi,gs,s3","s3.us-east-1,gs.us-east1,ncbi.public",SRX20997239,USA,North America,USA: Iowa,Illumina NovaSeq 6000,rna-seq_wat_training_female_4w_biological_rep4_vial_90416017005,PAIRED,PolyA,TRANSCRIPTOMIC,Rattus norvegicus,ILLUMINA,2023-09-30T00:00:00Z,2023-07-12T20:48:00Z,1,wat_training_female_4w_biological_rep4_vial_90416017005,female,SRP448906,fischer 344,White Adipose Powder,Training - 4 weeks,90416017005
SRR25251306,6 months,RNA-Seq,210,8255105460,PRJNA908279,SAMN36364748,Model organism or animal,2561820454,STANFORD UNIVERSITY,2018-12-05,public,"run.zq,sra,fastq","gs,s3,ncbi","gs.us-east1,ncbi.public,s3.us-east-1",SRX20997237,USA,North America,USA: Iowa,Illumina NovaSeq 6000,rna-seq_wat_training_female_4w_biological_rep3_vial_90412017005,PAIRED,PolyA,TRANSCRIPTOMIC,Rattus norvegicus,ILLUMINA,2023-09-30T00:00:00Z,2023-07-12T20:56:00Z,1,wat_training_female_4w_biological_rep3_vial_90412017005,female,SRP448906,fischer 344,White Adipose Powder,Training - 4 weeks,90412017005
SRR25251307,6 months,RNA-Seq,210,6437914560,PRJNA908279,SAMN36364747,Model organism or animal,2010525537,STANFORD UNIVERSITY,2018-12-04,public,"run.zq,sra,fastq","ncbi,s3,gs","gs.us-east1,ncbi.public,s3.us-east-1",SRX20997236,USA,North America,USA: Iowa,Illumina NovaSeq 6000,rna-seq_wat_training_female_4w_biological_rep2_vial_90410017005,PAIRED,PolyA,TRANSCRIPTOMIC,Rattus norvegicus,ILLUMINA,2023-09-30T00:00:00Z,2023-07-12T20:55:00Z,1,wat_training_female_4w_biological_rep2_vial_90410017005,female,SRP448906,fischer 344,White Adipose Powder,Training - 4 weeks,90410017005
SRR25251308,6 months,RNA-Seq,206,6008535694,PRJNA908279,SAMN36364271,Model organism or animal,2019663405,STANFORD UNIVERSITY,2018-12-06,public,"sra,fastq,run.zq","gs,ncbi,s3","ncbi.public,gs.us-east1,s3.us-east-1",SRX20997235,USA,North America,USA: Iowa,Illumina NovaSeq 6000,rna-seq_heart_training_female_4w_biological_rep4_vial_90416015803,PAIRED,PolyA,TRANSCRIPTOMIC,Rattus norvegicus,ILLUMINA,2023-09-30T00:00:00Z,2023-07-12T20:49:00Z,1,heart_training_female_4w_biological_rep4_vial_90416015803,female,SRP448906,fischer 344,Heart Powder,Training - 4 weeks,90416015803
SRR25251309,6 months,RNA-Seq,210,8692578510,PRJNA908279,SAMN36364746,Model organism or animal,2713734600,STANFORD UNIVERSITY,2018-12-04,public,"sra,fastq,run.zq","gs,s3,ncbi","ncbi.public,gs.us-east1,s3.us-east-1",SRX20997355,USA,North America,USA: Iowa,Illumina NovaSeq 6000,rna-seq_wat_training_female_4w_biological_rep1_vial_90406017005,PAIRED,PolyA,TRANSCRIPTOMIC,Rattus norvegicus,ILLUMINA,2023-09-30T00:00:00Z,2023-07-12T20:59:00Z,1,wat_training_female_4w_biological_rep1_vial_90406017005,female,SRP448906,fischer 344,White Adipose Powder,Training - 4 weeks,90406017005
SRR25251310,6 months,RNA-Seq,206,8921971858,PRJNA908279,SAMN36364270,Model organism or animal,2985670129,STANFORD UNIVERSITY,2018-12-05,public,"sra,run.zq,fastq","gs,s3,ncbi","s3.us-east-1,gs.us-east1,ncbi.public",SRX20997234,USA,North America,USA: Iowa,Illumina NovaSeq 6000,rna-seq_heart_training_female_4w_biological_rep3_vial_90412015803,PAIRED,PolyA,TRANSCRIPTOMIC,Rattus norvegicus,ILLUMINA,2023-09-30T00:00:00Z,2023-07-12T21:00:00Z,1,heart_training_female_4w_biological_rep3_vial_90412015803,female,SRP448906,fischer 344,Heart Powder,Training - 4 weeks,90412015803
SRR25251311,6 months,RNA-Seq,206,7695593088,PRJNA908279,SAMN36364269,Model organism or animal,2579468970,STANFORD UNIVERSITY,2018-12-04,public,"sra,fastq,run.zq","s3,gs,ncbi","gs.us-east1,s3.us-east-1,ncbi.public",SRX20997233,USA,North America,USA: Iowa,Illumina NovaSeq 6000,rna-seq_heart_training_female_4w_biological_rep2_vial_90410015803,PAIRED,PolyA,TRANSCRIPTOMIC,Rattus norvegicus,ILLUMINA,2023-09-30T00:00:00Z,2023-07-12T20:57:00Z,1,heart_training_female_4w_biological_rep2_vial_90410015803,female,SRP448906,fischer 344,Heart Powder,Training - 4 weeks,90410015803
SRR25251312,6 months,RNA-Seq,206,7984830272,PRJNA908279,SAMN36364268,Model organism or animal,2690911103,STANFORD UNIVERSITY,2018-12-04,public,"fastq,sra,run.zq","ncbi,s3,gs","gs.us-east1,ncbi.public,s3.us-east-1",SRX20997232,USA,North America,USA: Iowa,Illumina NovaSeq 6000,rna-seq_heart_training_female_4w_biological_rep1_vial_90406015803,PAIRED,PolyA,TRANSCRIPTOMIC,Rattus norvegicus,ILLUMINA,2023-09-30T00:00:00Z,2023-07-12T20:56:00Z,1,heart_training_female_4w_biological_rep1_vial_90406015803,female,SRP448906,fischer 344,Heart Powder,Training - 4 weeks,90406015803
SRR25251321,6 months,RNA-Seq,210,7768272540,PRJNA908279,SAMN36363942,Model organism or animal,2430182334,STANFORD UNIVERSITY,not available,public,"run.zq,sra,fastq","s3,gs,ncbi","ncbi.public,gs.us-east1,s3.us-east-1",SRX20997223,uncalculated,uncalculated,not available,Illumina NovaSeq 6000,rna-seq_wat_female_reference_10_vial_80005997012,PAIRED,PolyA,TRANSCRIPTOMIC,Rattus norvegicus,ILLUMINA,2023-09-30T00:00:00Z,2023-07-12T20:57:00Z,1,wat_female_reference_10_vial_80005997012,female,SRP448906,fischer 344,White Adipose Powder,Reference,80005997012
SRR25251346,6 months,RNA-Seq,206,6510511344,PRJNA908279,SAMN36364192,Model organism or animal,2160722083,STANFORD UNIVERSITY,2019-03-05,public,"sra,fastq,run.zq","ncbi,gs,s3","s3.us-east-1,gs.us-east1,ncbi.public",SRX20997198,USA,North America,USA: Iowa,Illumina NovaSeq 6000,rna-seq_skm-gn_training_female_2w_biological_rep5_vial_90587015512,PAIRED,PolyA,TRANSCRIPTOMIC,Rattus norvegicus,ILLUMINA,2023-09-30T00:00:00Z,2023-07-12T20:48:00Z,1,skm-gn_training_female_2w_biological_rep5_vial_90587015512,female,SRP448906,fischer 344,Gastrocnemius Powder,Training - 2 weeks,90587015512
SRR25251347,6 months,RNA-Seq,206,6114892052,PRJNA908279,SAMN36364191,Model organism or animal,2036105906,STANFORD UNIVERSITY,2019-03-06,public,"sra,fastq,run.zq","ncbi,gs,s3","gs.us-east1,ncbi.public,s3.us-east-1",SRX20997197,USA,North America,USA: Iowa,Illumina NovaSeq 6000,rna-seq_skm-gn_training_female_2w_biological_rep4_vial_90585015512,PAIRED,PolyA,TRANSCRIPTOMIC,Rattus norvegicus,ILLUMINA,2023-09-30T00:00:00Z,2023-07-12T20:47:00Z,1,skm-gn_training_female_2w_biological_rep4_vial_90585015512,female,SRP448906,fischer 344,Gastrocnemius Powder,Training - 2 weeks,90585015512
SRR25251348,6 months,RNA-Seq,206,7549901236,PRJNA908279,SAMN36364190,Model organism or animal,2533016883,STANFORD UNIVERSITY,2019-03-05,public,"fastq,sra,run.zq","s3,ncbi,gs","gs.us-east1,s3.us-east-1,ncbi.public",SRX20997195,USA,North America,USA: Iowa,Illumina NovaSeq 6000,rna-seq_skm-gn_training_female_2w_biological_rep3_vial_90581015512,PAIRED,PolyA,TRANSCRIPTOMIC,Rattus norvegicus,ILLUMINA,2023-09-30T00:00:00Z,2023-07-12T20:56:00Z,1,skm-gn_training_female_2w_biological_rep3_vial_90581015512,female,SRP448906,fischer 344,Gastrocnemius Powder,Training - 2 weeks,90581015512
SRR25251349,6 months,RNA-Seq,206,5991780478,PRJNA908279,SAMN36364189,Model organism or animal,1994707819,STANFORD UNIVERSITY,2019-03-04,public,"fastq,sra,run.zq","gs,s3,ncbi","s3.us-east-1,ncbi.public,gs.us-east1",SRX20997194,USA,North America,USA: Iowa,Illumina NovaSeq 6000,rna-seq_skm-gn_training_female_2w_biological_rep2_vial_90578015512,PAIRED,PolyA,TRANSCRIPTOMIC,Rattus norvegicus,ILLUMINA,2023-09-30T00:00:00Z,2023-07-12T20:49:00Z,1,skm-gn_training_female_2w_biological_rep2_vial_90578015512,female,SRP448906,fischer 344,Gastrocnemius Powder,Training - 2 weeks,90578015512
SRR25251350,6 months,RNA-Seq,206,6341122488,PRJNA908279,SAMN36364188,Model organism or animal,2104587288,STANFORD UNIVERSITY,2019-03-04,public,"run.zq,fastq,sra","s3,ncbi,gs","s3.us-east-1,ncbi.public,gs.us-east1",SRX20997193,USA,North America,USA: Iowa,Illumina NovaSeq 6000,rna-seq_skm-gn_training_female_2w_biological_rep1_vial_90576015512,PAIRED,PolyA,TRANSCRIPTOMIC,Rattus norvegicus,ILLUMINA,2023-09-30T00:00:00Z,2023-07-12T20:49:00Z,1,skm-gn_training_female_2w_biological_rep1_vial_90576015512,female,SRP448906,fischer 344,Gastrocnemius Powder,Training - 2 weeks,90576015512
SRR25251351,6 months,RNA-Seq,210,9240038220,PRJNA908279,SAMN36364314,Model organism or animal,2885800284,STANFORD UNIVERSITY,2019-02-25,public,"run.zq,fastq,sra","ncbi,s3,gs","gs.us-east1,ncbi.public,s3.us-east-1",SRX20997629,USA,North America,USA: Iowa,Illumina NovaSeq 6000,rna-seq_kidney_training_female_1w_biological_rep2_vial_90560015902,PAIRED,PolyA,TRANSCRIPTOMIC,Rattus norvegicus,ILLUMINA,2023-09-30T00:00:00Z,2023-07-12T20:55:00Z,1,kidney_training_female_1w_biological_rep2_vial_90560015902,female,SRP448906,fischer 344,Kidney Powder,Training - 1 week,90560015902
SRR25251352,6 months,RNA-Seq,210,7613616570,PRJNA908279,SAMN36364313,Model organism or animal,2363205495,STANFORD UNIVERSITY,2019-02-26,public,"run.zq,fastq,sra","ncbi,gs,s3","s3.us-east-1,ncbi.public,gs.us-east1",SRX20997403,USA,North America,USA: Iowa,Illumina NovaSeq 6000,rna-seq_kidney_training_female_1w_biological_rep1_vial_90559015902,PAIRED,PolyA,TRANSCRIPTOMIC,Rattus norvegicus,ILLUMINA,2023-09-30T00:00:00Z,2023-07-12T20:56:00Z,1,kidney_training_female_1w_biological_rep1_vial_90559015902,female,SRP448906,fischer 344,Kidney Powder,Training - 1 week,90559015902
SRR25251353,6 months,RNA-Seq,206,10590971498,PRJNA908279,SAMN36363984,Model organism or animal,3413575591,STANFORD UNIVERSITY,2019-02-25,public,"sra,fastq,run.zq","ncbi,s3,gs","s3.us-east-1,ncbi.public,gs.us-east1",SRX20997627,USA,North America,USA: Iowa,Illumina NovaSeq 6000,rna-seq_blood_training_female_1w_biological_rep2_vial_90560013001,PAIRED,PolyA,TRANSCRIPTOMIC,Rattus norvegicus,ILLUMINA,2023-09-30T00:00:00Z,2023-07-12T21:01:00Z,1,blood_training_female_1w_biological_rep2_vial_90560013001,female,SRP448906,fischer 344,PaxGene RNA,Training - 1 week,90560013001
SRR25251362,6 months,RNA-Seq,210,6778644390,PRJNA908279,SAMN36364651,Model organism or animal,2243681428,STANFORD UNIVERSITY,2018-12-06,public,"run.zq,sra,fastq","gs,s3,ncbi","gs.us-east1,s3.us-east-1,ncbi.public",SRX20997618,USA,North America,USA: Iowa,Illumina NovaSeq 6000,rna-seq_liver_training_female_4w_biological_rep5_vial_90420016803,PAIRED,PolyA,TRANSCRIPTOMIC,Rattus norvegicus,ILLUMINA,2023-09-30T00:00:00Z,2023-07-12T21:04:00Z,1,liver_training_female_4w_biological_rep5_vial_90420016803,female,SRP448906,fischer 344,Liver Powder,Training - 4 weeks,90420016803
SRR25251363,6 months,RNA-Seq,210,7039431630,PRJNA908279,SAMN36364650,Model organism or animal,2332617743,STANFORD UNIVERSITY,2018-12-06,public,"run.zq,sra,fastq","ncbi,gs,s3","s3.us-east-1,ncbi.public,gs.us-east1",SRX20997617,USA,North America,USA: Iowa,Illumina NovaSeq 6000,rna-seq_liver_training_female_4w_biological_rep4_vial_90416016803,PAIRED,PolyA,TRANSCRIPTOMIC,Rattus norvegicus,ILLUMINA,2023-09-30T00:00:00Z,2023-07-12T20:56:00Z,1,liver_training_female_4w_biological_rep4_vial_90416016803,female,SRP448906,fischer 344,Liver Powder,Training - 4 weeks,90416016803
SRR25251364,6 months,RNA-Seq,206,6101312326,PRJNA908279,SAMN36363983,Model organism or animal,1980376434,STANFORD UNIVERSITY,2019-02-26,public,"run.zq,fastq,sra","gs,ncbi,s3","ncbi.public,gs.us-east1,s3.us-east-1",SRX20997616,USA,North America,USA: Iowa,Illumina NovaSeq 6000,rna-seq_blood_training_female_1w_biological_rep1_vial_90559013001,PAIRED,PolyA,TRANSCRIPTOMIC,Rattus norvegicus,ILLUMINA,2023-09-30T00:00:00Z,2023-07-12T20:50:00Z,1,blood_training_female_1w_biological_rep1_vial_90559013001,female,SRP448906,fischer 344,PaxGene RNA,Training - 1 week,90559013001
SRR25251365,6 months,RNA-Seq,210,6743530920,PRJNA908279,SAMN36364649,Model organism or animal,2226682334,STANFORD UNIVERSITY,2018-12-05,public,"fastq,sra,run.zq","s3,gs,ncbi","gs.us-east1,s3.us-east-1,ncbi.public",SRX20997615,USA,North America,USA: Iowa,Illumina NovaSeq 6000,rna-seq_liver_training_female_4w_biological_rep3_vial_90412016803,PAIRED,PolyA,TRANSCRIPTOMIC,Rattus norvegicus,ILLUMINA,2023-09-30T00:00:00Z,2023-07-12T20:51:00Z,1,liver_training_female_4w_biological_rep3_vial_90412016803,female,SRP448906,fischer 344,Liver Powder,Training - 4 weeks,90412016803
SRR25251366,6 months,RNA-Seq,210,7102640790,PRJNA908279,SAMN36364648,Model organism or animal,2355552927,STANFORD UNIVERSITY,2018-12-04,public,"sra,run.zq,fastq","s3,ncbi,gs","gs.us-east1,ncbi.public,s3.us-east-1",SRX20997614,USA,North America,USA: Iowa,Illumina NovaSeq 6000,rna-seq_liver_training_female_4w_biological_rep2_vial_90410016803,PAIRED,PolyA,TRANSCRIPTOMIC,Rattus norvegicus,ILLUMINA,2023-09-30T00:00:00Z,2023-07-12T20:57:00Z,1,liver_training_female_4w_biological_rep2_vial_90410016803,female,SRP448906,fischer 344,Liver Powder,Training - 4 weeks,90410016803
SRR25251367,6 months,RNA-Seq,210,7030877280,PRJNA908279,SAMN36364647,Model organism or animal,2332742696,STANFORD UNIVERSITY,2018-12-04,public,"run.zq,sra,fastq","ncbi,gs,s3","ncbi.public,gs.us-east1,s3.us-east-1",SRX20997613,USA,North America,USA: Iowa,Illumina NovaSeq 6000,rna-seq_liver_training_female_4w_biological_rep1_vial_90406016803,PAIRED,PolyA,TRANSCRIPTOMIC,Rattus norvegicus,ILLUMINA,2023-09-30T00:00:00Z,2023-07-12T20:53:00Z,1,liver_training_female_4w_biological_rep1_vial_90406016803,female,SRP448906,fischer 344,Liver Powder,Training - 4 weeks,90406016803
SRR25251397,6 months,RNA-Seq,206,7123744916,PRJNA908279,SAMN36364621,Model organism or animal,2289366109,STANFORD UNIVERSITY,2019-03-05,public,"sra,run.zq,fastq","s3,gs,ncbi","ncbi.public,gs.us-east1,s3.us-east-1",SRX20997583,USA,North America,USA: Iowa,Illumina NovaSeq 6000,rna-seq_smlint_training_female_2w_biological_rep5_vial_90587016702,PAIRED,PolyA,TRANSCRIPTOMIC,Rattus norvegicus,ILLUMINA,2023-09-30T00:00:00Z,2023-07-12T20:55:00Z,1,smlint_training_female_2w_biological_rep5_vial_90587016702,female,SRP448906,fischer 344,Small Intestine Powder,Training - 2 weeks,90587016702
SRR25251398,6 months,RNA-Seq,206,7383307388,PRJNA908279,SAMN36364620,Model organism or animal,2373659193,STANFORD UNIVERSITY,2019-03-06,public,"fastq,sra,run.zq","ncbi,s3,gs","gs.us-east1,s3.us-east-1,ncbi.public",SRX20997582,USA,North America,USA: Iowa,Illumina NovaSeq 6000,rna-seq_smlint_training_female_2w_biological_rep4_vial_90585016702,PAIRED,PolyA,TRANSCRIPTOMIC,Rattus norvegicus,ILLUMINA,2023-09-30T00:00:00Z,2023-07-12T20:57:00Z,1,smlint_training_female_2w_biological_rep4_vial_90585016702,female,SRP448906,fischer 344,Small Intestine Powder,Training - 2 weeks,90585016702
SRR25251400,6 months,RNA-Seq,206,7300861244,PRJNA908279,SAMN36364619,Model organism or animal,2353850175,STANFORD UNIVERSITY,2019-03-05,public,"run.zq,sra,fastq","s3,ncbi,gs","ncbi.public,s3.us-east-1,gs.us-east1",SRX20997043,USA,North America,USA: Iowa,Illumina NovaSeq 6000,rna-seq_smlint_training_female_2w_biological_rep3_vial_90581016702,PAIRED,PolyA,TRANSCRIPTOMIC,Rattus norvegicus,ILLUMINA,2023-09-30T00:00:00Z,2023-07-12T20:59:00Z,1,smlint_training_female_2w_biological_rep3_vial_90581016702,female,SRP448906,fischer 344,Small Intestine Powder,Training - 2 weeks,90581016702
SRR25251403,6 months,RNA-Seq,206,5560763588,PRJNA908279,SAMN36363971,Model organism or animal,1799213304,STANFORD UNIVERSITY,2018-12-06,public,"sra,run.zq,fastq","gs,s3,ncbi","gs.us-east1,s3.us-east-1,ncbi.public",SRX20997577,USA,North America,USA: Iowa,Illumina NovaSeq 6000,rna-seq_blood_training_female_4w_biological_rep4_vial_90416013001,PAIRED,PolyA,TRANSCRIPTOMIC,Rattus norvegicus,ILLUMINA,2023-09-30T00:00:00Z,2023-07-12T20:49:00Z,1,blood_training_female_4w_biological_rep4_vial_90416013001,female,SRP448906,fischer 344,PaxGene RNA,Training - 4 weeks,90416013001
SRR25251411,6 months,RNA-Seq,206,7634923204,PRJNA908279,SAMN36364521,Model organism or animal,2464817934,STANFORD UNIVERSITY,2019-03-05,public,"fastq,run.zq,sra","gs,s3,ncbi","ncbi.public,gs.us-east1,s3.us-east-1",SRX20997569,USA,North America,USA: Iowa,Illumina NovaSeq 6000,rna-seq_ovary_training_female_2w_biological_rep5_vial_90587016402,PAIRED,PolyA,TRANSCRIPTOMIC,Rattus norvegicus,ILLUMINA,2023-09-30T00:00:00Z,2023-07-12T20:58:00Z,1,ovary_training_female_2w_biological_rep5_vial_90587016402,female,SRP448906,fischer 344,Ovaries Powder,Training - 2 weeks,90587016402
SRR25251412,6 months,RNA-Seq,206,11281845646,PRJNA908279,SAMN36364520,Model organism or animal,3608663042,STANFORD UNIVERSITY,2019-03-06,public,"sra,run.zq,fastq","s3,ncbi,gs","ncbi.public,s3.us-east-1,gs.us-east1",SRX20997568,USA,North America,USA: Iowa,Illumina NovaSeq 6000,rna-seq_ovary_training_female_2w_biological_rep4_vial_90585016402,PAIRED,PolyA,TRANSCRIPTOMIC,Rattus norvegicus,ILLUMINA,2023-09-30T00:00:00Z,2023-07-12T21:01:00Z,1,ovary_training_female_2w_biological_rep4_vial_90585016402,female,SRP448906,fischer 344,Ovaries Powder,Training - 2 weeks,90585016402
SRR25251413,6 months,RNA-Seq,206,5498211688,PRJNA908279,SAMN36363970,Model organism or animal,1796965606,STANFORD UNIVERSITY,2018-12-05,public,"sra,fastq,run.zq","s3,ncbi,gs","gs.us-east1,s3.us-east-1,ncbi.public",SRX20997567,USA,North America,USA: Iowa,Illumina NovaSeq 6000,rna-seq_blood_training_female_4w_biological_rep3_vial_90412013001,PAIRED,PolyA,TRANSCRIPTOMIC,Rattus norvegicus,ILLUMINA,2023-09-30T00:00:00Z,2023-07-12T20:46:00Z,1,blood_training_female_4w_biological_rep3_vial_90412013001,female,SRP448906,fischer 344,PaxGene RNA,Training - 4 weeks,90412013001
SRR25251414,6 months,RNA-Seq,206,7985647062,PRJNA908279,SAMN36364519,Model organism or animal,2557930879,STANFORD UNIVERSITY,2019-03-05,public,"fastq,sra,run.zq","s3,gs,ncbi","ncbi.public,gs.us-east1,s3.us-east-1",SRX20997566,USA,North America,USA: Iowa,Illumina NovaSeq 6000,rna-seq_ovary_training_female_2w_biological_rep3_vial_90581016402,PAIRED,PolyA,TRANSCRIPTOMIC,Rattus norvegicus,ILLUMINA,2023-09-30T00:00:00Z,2023-07-12T20:55:00Z,1,ovary_training_female_2w_biological_rep3_vial_90581016402,female,SRP448906,fischer 344,Ovaries Powder,Training - 2 weeks,90581016402
SRR25251415,6 months,RNA-Seq,206,7263926062,PRJNA908279,SAMN36364518,Model organism or animal,2343344645,STANFORD UNIVERSITY,2019-03-04,public,"sra,fastq,run.zq","gs,s3,ncbi","gs.us-east1,s3.us-east-1,ncbi.public",SRX20997565,USA,North America,USA: Iowa,Illumina NovaSeq 6000,rna-seq_ovary_training_female_2w_biological_rep2_vial_90578016402,PAIRED,PolyA,TRANSCRIPTOMIC,Rattus norvegicus,ILLUMINA,2023-09-30T00:00:00Z,2023-07-12T21:00:00Z,1,ovary_training_female_2w_biological_rep2_vial_90578016402,female,SRP448906,fischer 344,Ovaries Powder,Training - 2 weeks,90578016402
SRR25251416,6 months,RNA-Seq,206,7947736882,PRJNA908279,SAMN36364517,Model organism or animal,2561722239,STANFORD UNIVERSITY,2019-03-04,public,"fastq,run.zq,sra","s3,ncbi,gs","ncbi.public,s3.us-east-1,gs.us-east1",SRX20997564,USA,North America,USA: Iowa,Illumina NovaSeq 6000,rna-seq_ovary_training_female_2w_biological_rep1_vial_90576016402,PAIRED,PolyA,TRANSCRIPTOMIC,Rattus norvegicus,ILLUMINA,2023-09-30T00:00:00Z,2023-07-12T20:58:00Z,1,ovary_training_female_2w_biological_rep1_vial_90576016402,female,SRP448906,fischer 344,Ovaries Powder,Training - 2 weeks,90576016402
SRR25251417,6 months,RNA-Seq,206,7748303544,PRJNA908279,SAMN36364516,Model organism or animal,2484412939,STANFORD UNIVERSITY,2019-02-26,public,"fastq,run.zq,sra","gs,s3,ncbi","ncbi.public,s3.us-east-1,gs.us-east1",SRX20997563,USA,North America,USA: Iowa,Illumina NovaSeq 6000,rna-seq_ovary_training_female_1w_biological_rep5_vial_90571016402,PAIRED,PolyA,TRANSCRIPTOMIC,Rattus norvegicus,ILLUMINA,2023-09-30T00:00:00Z,2023-07-12T20:57:00Z,1,ovary_training_female_1w_biological_rep5_vial_90571016402,female,SRP448906,fischer 344,Ovaries Powder,Training - 1 week,90571016402
SRR25251418,6 months,RNA-Seq,206,6560597566,PRJNA908279,SAMN36364515,Model organism or animal,2124176108,STANFORD UNIVERSITY,2019-02-25,public,"fastq,run.zq,sra","s3,gs,ncbi","ncbi.public,s3.us-east-1,gs.us-east1",SRX20997562,USA,North America,USA: Iowa,Illumina NovaSeq 6000,rna-seq_ovary_training_female_1w_biological_rep4_vial_90567016402,PAIRED,PolyA,TRANSCRIPTOMIC,Rattus norvegicus,ILLUMINA,2023-09-30T00:00:00Z,2023-07-12T20:54:00Z,1,ovary_training_female_1w_biological_rep4_vial_90567016402,female,SRP448906,fischer 344,Ovaries Powder,Training - 1 week,90567016402
SRR25251419,6 months,RNA-Seq,206,7155828180,PRJNA908279,SAMN36364514,Model organism or animal,2300672631,STANFORD UNIVERSITY,2019-02-27,public,"run.zq,sra,fastq","s3,gs,ncbi","gs.us-east1,ncbi.public,s3.us-east-1",SRX20997561,USA,North America,USA: Iowa,Illumina NovaSeq 6000,rna-seq_ovary_training_female_1w_biological_rep3_vial_90564016402,PAIRED,PolyA,TRANSCRIPTOMIC,Rattus norvegicus,ILLUMINA,2023-09-30T00:00:00Z,2023-07-12T20:47:00Z,1,ovary_training_female_1w_biological_rep3_vial_90564016402,female,SRP448906,fischer 344,Ovaries Powder,Training - 1 week,90564016402
SRR25251420,6 months,RNA-Seq,206,6408639812,PRJNA908279,SAMN36364513,Model organism or animal,2056320776,STANFORD UNIVERSITY,2019-02-25,public,"sra,run.zq,fastq","ncbi,s3,gs","s3.us-east-1,ncbi.public,gs.us-east1",SRX20997560,USA,North America,USA: Iowa,Illumina NovaSeq 6000,rna-seq_ovary_training_female_1w_biological_rep2_vial_90560016402,PAIRED,PolyA,TRANSCRIPTOMIC,Rattus norvegicus,ILLUMINA,2023-09-30T00:00:00Z,2023-07-12T20:51:00Z,1,ovary_training_female_1w_biological_rep2_vial_90560016402,female,SRP448906,fischer 344,Ovaries Powder,Training - 1 week,90560016402
SRR25251421,6 months,RNA-Seq,206,8847562392,PRJNA908279,SAMN36364512,Model organism or animal,2834536864,STANFORD UNIVERSITY,2019-02-26,public,"sra,run.zq,fastq","s3,gs,ncbi","gs.us-east1,ncbi.public,s3.us-east-1",SRX20997559,USA,North America,USA: Iowa,Illumina NovaSeq 6000,rna-seq_ovary_training_female_1w_biological_rep1_vial_90559016402,PAIRED,PolyA,TRANSCRIPTOMIC,Rattus norvegicus,ILLUMINA,2023-09-30T00:00:00Z,2023-07-12T21:03:00Z,1,ovary_training_female_1w_biological_rep1_vial_90559016402,female,SRP448906,fischer 344,Ovaries Powder,Training - 1 week,90559016402
SRR25251422,6 months,RNA-Seq,206,8438741384,PRJNA908279,SAMN36364511,Model organism or animal,2704025774,STANFORD UNIVERSITY,2018-12-06,public,"fastq,run.zq,sra","ncbi,s3,gs","ncbi.public,s3.us-east-1,gs.us-east1",SRX20997558,USA,North America,USA: Iowa,Illumina NovaSeq 6000,rna-seq_ovary_training_female_4w_biological_rep5_vial_90420016402,PAIRED,PolyA,TRANSCRIPTOMIC,Rattus norvegicus,ILLUMINA,2023-09-30T00:00:00Z,2023-07-12T20:58:00Z,1,ovary_training_female_4w_biological_rep5_vial_90420016402,female,SRP448906,fischer 344,Ovaries Powder,Training - 4 weeks,90420016402
SRR25251423,6 months,RNA-Seq,206,7933028070,PRJNA908279,SAMN36364510,Model organism or animal,2565985311,STANFORD UNIVERSITY,2018-12-06,public,"sra,fastq,run.zq","gs,s3,ncbi","gs.us-east1,ncbi.public,s3.us-east-1",SRX20997557,USA,North America,USA: Iowa,Illumina NovaSeq 6000,rna-seq_ovary_training_female_4w_biological_rep4_vial_90416016402,PAIRED,PolyA,TRANSCRIPTOMIC,Rattus norvegicus,ILLUMINA,2023-09-30T00:00:00Z,2023-07-12T20:58:00Z,1,ovary_training_female_4w_biological_rep4_vial_90416016402,female,SRP448906,fischer 344,Ovaries Powder,Training - 4 weeks,90416016402
SRR25251424,6 months,RNA-Seq,206,6000241722,PRJNA908279,SAMN36363969,Model organism or animal,1941998103,STANFORD UNIVERSITY,2018-12-04,public,"sra,fastq,run.zq","ncbi,s3,gs","s3.us-east-1,gs.us-east1,ncbi.public",SRX20997781,USA,North America,USA: Iowa,Illumina NovaSeq 6000,rna-seq_blood_training_female_4w_biological_rep2_vial_90410013001,PAIRED,PolyA,TRANSCRIPTOMIC,Rattus norvegicus,ILLUMINA,2023-09-30T00:00:00Z,2023-07-12T20:49:00Z,1,blood_training_female_4w_biological_rep2_vial_90410013001,female,SRP448906,fischer 344,PaxGene RNA,Training - 4 weeks,90410013001
SRR25251429,6 months,RNA-Seq,206,9098312390,PRJNA908279,SAMN36364571,Model organism or animal,2905797469,STANFORD UNIVERSITY,2019-03-05,public,"sra,fastq,run.zq","gs,s3,ncbi","s3.us-east-1,ncbi.public,gs.us-east1",SRX20997551,USA,North America,USA: Iowa,Illumina NovaSeq 6000,rna-seq_lung_training_female_2w_biological_rep5_vial_90587016603,PAIRED,PolyA,TRANSCRIPTOMIC,Rattus norvegicus,ILLUMINA,2023-09-30T00:00:00Z,2023-07-12T21:01:00Z,1,lung_training_female_2w_biological_rep5_vial_90587016603,female,SRP448906,fischer 344,Lung Powder,Training - 2 weeks,90587016603
SRR25251430,6 months,RNA-Seq,206,6941893472,PRJNA908279,SAMN36364570,Model organism or animal,2219058141,STANFORD UNIVERSITY,2019-03-06,public,"sra,run.zq,fastq","gs,ncbi,s3","s3.us-east-1,ncbi.public,gs.us-east1",SRX20997550,USA,North America,USA: Iowa,Illumina NovaSeq 6000,rna-seq_lung_training_female_2w_biological_rep4_vial_90585016603,PAIRED,PolyA,TRANSCRIPTOMIC,Rattus norvegicus,ILLUMINA,2023-09-30T00:00:00Z,2023-07-12T20:50:00Z,1,lung_training_female_2w_biological_rep4_vial_90585016603,female,SRP448906,fischer 344,Lung Powder,Training - 2 weeks,90585016603
SRR25251432,6 months,RNA-Seq,206,10352808718,PRJNA908279,SAMN36364569,Model organism or animal,3316614814,STANFORD UNIVERSITY,2019-03-05,public,"fastq,run.zq,sra","ncbi,gs,s3","s3.us-east-1,ncbi.public,gs.us-east1",SRX20997548,USA,North America,USA: Iowa,Illumina NovaSeq 6000,rna-seq_lung_training_female_2w_biological_rep3_vial_90581016603,PAIRED,PolyA,TRANSCRIPTOMIC,Rattus norvegicus,ILLUMINA,2023-09-30T00:00:00Z,2023-07-12T20:59:00Z,1,lung_training_female_2w_biological_rep3_vial_90581016603,female,SRP448906,fischer 344,Lung Powder,Training - 2 weeks,90581016603
SRR25251433,6 months,RNA-Seq,206,7885842740,PRJNA908279,SAMN36364568,Model organism or animal,2525022236,STANFORD UNIVERSITY,2019-03-04,public,"sra,run.zq,fastq","gs,s3,ncbi","ncbi.public,s3.us-east-1,gs.us-east1",SRX20997547,USA,North America,USA: Iowa,Illumina NovaSeq 6000,rna-seq_lung_training_female_2w_biological_rep2_vial_90578016603,PAIRED,PolyA,TRANSCRIPTOMIC,Rattus norvegicus,ILLUMINA,2023-09-30T00:00:00Z,2023-07-12T20:57:00Z,1,lung_training_female_2w_biological_rep2_vial_90578016603,female,SRP448906,fischer 344,Lung Powder,Training - 2 weeks,90578016603
SRR25251434,6 months,RNA-Seq,206,7471023218,PRJNA908279,SAMN36364547,Model organism or animal,2396973339,STANFORD UNIVERSITY,2018-12-04,public,"run.zq,fastq,sra","ncbi,s3,gs","gs.us-east1,ncbi.public,s3.us-east-1",SRX20997546,USA,North America,USA: Iowa,Illumina NovaSeq 6000,rna-seq_lung_training_female_4w_biological_rep1_vial_90406016603,PAIRED,PolyA,TRANSCRIPTOMIC,Rattus norvegicus,ILLUMINA,2023-09-30T00:00:00Z,2023-07-12T20:58:00Z,1,lung_training_female_4w_biological_rep1_vial_90406016603,female,SRP448906,fischer 344,Lung Powder,Training - 4 weeks,90406016603
SRR25251437,6 months,RNA-Seq,206,7995477588,PRJNA908279,SAMN36364564,Model organism or animal,2560816764,STANFORD UNIVERSITY,2019-02-27,public,"fastq,run.zq,sra","ncbi,gs,s3","ncbi.public,gs.us-east1,s3.us-east-1",SRX20997543,USA,North America,USA: Iowa,Illumina NovaSeq 6000,rna-seq_lung_training_female_1w_biological_rep3_vial_90564016603,PAIRED,PolyA,TRANSCRIPTOMIC,Rattus norvegicus,ILLUMINA,2023-09-30T00:00:00Z,2023-07-12T20:58:00Z,1,lung_training_female_1w_biological_rep3_vial_90564016603,female,SRP448906,fischer 344,Lung Powder,Training - 1 week,90564016603
SRR25251438,6 months,RNA-Seq,206,8318038156,PRJNA908279,SAMN36364563,Model organism or animal,2668210080,STANFORD UNIVERSITY,2019-02-25,public,"run.zq,fastq,sra","s3,gs,ncbi","ncbi.public,gs.us-east1,s3.us-east-1",SRX20997542,USA,North America,USA: Iowa,Illumina NovaSeq 6000,rna-seq_lung_training_female_1w_biological_rep2_vial_90560016603,PAIRED,PolyA,TRANSCRIPTOMIC,Rattus norvegicus,ILLUMINA,2023-09-30T00:00:00Z,2023-07-12T21:00:00Z,1,lung_training_female_1w_biological_rep2_vial_90560016603,female,SRP448906,fischer 344,Lung Powder,Training - 1 week,90560016603
SRR25251439,6 months,RNA-Seq,206,7196806112,PRJNA908279,SAMN36364562,Model organism or animal,2300230073,STANFORD UNIVERSITY,2019-02-26,public,"run.zq,sra,fastq","ncbi,gs,s3","s3.us-east-1,gs.us-east1,ncbi.public",SRX20997541,USA,North America,USA: Iowa,Illumina NovaSeq 6000,rna-seq_lung_training_female_1w_biological_rep1_vial_90559016603,PAIRED,PolyA,TRANSCRIPTOMIC,Rattus norvegicus,ILLUMINA,2023-09-30T00:00:00Z,2023-07-12T20:53:00Z,1,lung_training_female_1w_biological_rep1_vial_90559016603,female,SRP448906,fischer 344,Lung Powder,Training - 1 week,90559016603
SRR25251452,6 months,RNA-Seq,206,8586417428,PRJNA908279,SAMN36364354,Model organism or animal,2873796338,STANFORD UNIVERSITY,2019-01-21,public,"run.zq,sra,fastq","gs,s3,ncbi","s3.us-east-1,gs.us-east1,ncbi.public",SRX20997528,USA,North America,USA: Iowa,Illumina NovaSeq 6000,rna-seq_adrnl_training_male_1w_biological_rep2_vial_90422016002,PAIRED,PolyA,TRANSCRIPTOMIC,Rattus norvegicus,ILLUMINA,2023-09-30T00:00:00Z,2023-07-12T21:02:00Z,1,adrnl_training_male_1w_biological_rep2_vial_90422016002,male,SRP448906,fischer 344,Adrenal Powder,Training - 1 week,90422016002
SRR25251453,6 months,RNA-Seq,206,6996699154,PRJNA908279,SAMN36364353,Model organism or animal,2336291823,STANFORD UNIVERSITY,2019-01-21,public,"sra,fastq,run.zq","gs,s3,ncbi","gs.us-east1,ncbi.public,s3.us-east-1",SRX20997527,USA,North America,USA: Iowa,Illumina NovaSeq 6000,rna-seq_adrnl_training_male_1w_biological_rep1_vial_90421016002,PAIRED,PolyA,TRANSCRIPTOMIC,Rattus norvegicus,ILLUMINA,2023-09-30T00:00:00Z,2023-07-12T20:49:00Z,1,adrnl_training_male_1w_biological_rep1_vial_90421016002,male,SRP448906,fischer 344,Adrenal Powder,Training - 1 week,90421016002
SRR25251454,6 months,RNA-Seq,206,6639835054,PRJNA908279,SAMN36364352,Model organism or animal,2207229481,STANFORD UNIVERSITY,2018-12-06,public,"fastq,sra,run.zq","ncbi,gs,s3","gs.us-east1,s3.us-east-1,ncbi.public",SRX20997526,USA,North America,USA: Iowa,Illumina NovaSeq 6000,rna-seq_adrnl_training_female_4w_biological_rep5_vial_90420016002,PAIRED,PolyA,TRANSCRIPTOMIC,Rattus norvegicus,ILLUMINA,2023-09-30T00:00:00Z,2023-07-12T20:50:00Z,1,adrnl_training_female_4w_biological_rep5_vial_90420016002,female,SRP448906,fischer 344,Adrenal Powder,Training - 4 weeks,90420016002
SRR25251455,6 months,RNA-Seq,206,9977505352,PRJNA908279,SAMN36364351,Model organism or animal,3325035073,STANFORD UNIVERSITY,2018-12-06,public,"fastq,sra,run.zq","s3,gs,ncbi","gs.us-east1,s3.us-east-1,ncbi.public",SRX20997525,USA,North America,USA: Iowa,Illumina NovaSeq 6000,rna-seq_adrnl_training_female_4w_biological_rep4_vial_90416016002,PAIRED,PolyA,TRANSCRIPTOMIC,Rattus norvegicus,ILLUMINA,2023-09-30T00:00:00Z,2023-07-12T21:01:00Z,1,adrnl_training_female_4w_biological_rep4_vial_90416016002,female,SRP448906,fischer 344,Adrenal Powder,Training - 4 weeks,90416016002
SRR25251456,6 months,RNA-Seq,206,7568787934,PRJNA908279,SAMN36364350,Model organism or animal,2529595764,STANFORD UNIVERSITY,2018-12-05,public,"sra,fastq,run.zq","ncbi,s3,gs","ncbi.public,s3.us-east-1,gs.us-east1",SRX20997524,USA,North America,USA: Iowa,Illumina NovaSeq 6000,rna-seq_adrnl_training_female_4w_biological_rep3_vial_90412016002,PAIRED,PolyA,TRANSCRIPTOMIC,Rattus norvegicus,ILLUMINA,2023-09-30T00:00:00Z,2023-07-12T21:01:00Z,1,adrnl_training_female_4w_biological_rep3_vial_90412016002,female,SRP448906,fischer 344,Adrenal Powder,Training - 4 weeks,90412016002
SRR25251457,6 months,RNA-Seq,206,9153510708,PRJNA908279,SAMN36364349,Model organism or animal,3039847483,STANFORD UNIVERSITY,2018-12-04,public,"sra,fastq,run.zq","gs,s3,ncbi","ncbi.public,gs.us-east1,s3.us-east-1",SRX20997523,USA,North America,USA: Iowa,Illumina NovaSeq 6000,rna-seq_adrnl_training_female_4w_biological_rep2_vial_90410016002,PAIRED,PolyA,TRANSCRIPTOMIC,Rattus norvegicus,ILLUMINA,2023-09-30T00:00:00Z,2023-07-12T21:01:00Z,1,adrnl_training_female_4w_biological_rep2_vial_90410016002,female,SRP448906,fischer 344,Adrenal Powder,Training - 4 weeks,90410016002
SRR25251458,6 months,RNA-Seq,206,6732612922,PRJNA908279,SAMN36364348,Model organism or animal,2252371249,STANFORD UNIVERSITY,2018-12-04,public,"fastq,sra,run.zq","gs,ncbi,s3","ncbi.public,s3.us-east-1,gs.us-east1",SRX20997522,USA,North America,USA: Iowa,Illumina NovaSeq 6000,rna-seq_adrnl_training_female_4w_biological_rep1_vial_90406016002,PAIRED,PolyA,TRANSCRIPTOMIC,Rattus norvegicus,ILLUMINA,2023-09-30T00:00:00Z,2023-07-12T21:00:00Z,1,adrnl_training_female_4w_biological_rep1_vial_90406016002,female,SRP448906,fischer 344,Adrenal Powder,Training - 4 weeks,90406016002
SRR25251460,6 months,RNA-Seq,206,6031879614,PRJNA908279,SAMN36364347,Model organism or animal,1999058472,STANFORD UNIVERSITY,2018-11-15,public,"sra,fastq,run.zq","gs,s3,ncbi","s3.us-east-1,ncbi.public,gs.us-east1",SRX20997520,USA,North America,USA: Iowa,Illumina NovaSeq 6000,rna-seq_adrnl_training_male_4w_biological_rep5_vial_90292016002,PAIRED,PolyA,TRANSCRIPTOMIC,Rattus norvegicus,ILLUMINA,2023-09-30T00:00:00Z,2023-07-12T20:49:00Z,1,adrnl_training_male_4w_biological_rep5_vial_90292016002,male,SRP448906,fischer 344,Adrenal Powder,Training - 4 weeks,90292016002
SRR25251461,6 months,RNA-Seq,206,7145279332,PRJNA908279,SAMN36364346,Model organism or animal,2376884362,STANFORD UNIVERSITY,2018-11-15,public,"fastq,run.zq,sra","s3,gs,ncbi","ncbi.public,s3.us-east-1,gs.us-east1",SRX20997519,USA,North America,USA: Iowa,Illumina NovaSeq 6000,rna-seq_adrnl_training_male_4w_biological_rep4_vial_90289016002,PAIRED,PolyA,TRANSCRIPTOMIC,Rattus norvegicus,ILLUMINA,2023-09-30T00:00:00Z,2023-07-12T20:51:00Z,1,adrnl_training_male_4w_biological_rep4_vial_90289016002,male,SRP448906,fischer 344,Adrenal Powder,Training - 4 weeks,90289016002
SRR25251472,6 months,RNA-Seq,210,7634567430,PRJNA908279,SAMN36364025,Model organism or animal,2532726329,STANFORD UNIVERSITY,2019-01-21,public,"fastq,sra,run.zq","gs,s3,ncbi","s3.us-east-1,ncbi.public,gs.us-east1",SRX20997508,USA,North America,USA: Iowa,Illumina NovaSeq 6000,rna-seq_hippoc_training_male_1w_biological_rep3_vial_90423015202,PAIRED,PolyA,TRANSCRIPTOMIC,Rattus norvegicus,ILLUMINA,2023-09-30T00:00:00Z,2023-07-12T21:00:00Z,1,hippoc_training_male_1w_biological_rep3_vial_90423015202,male,SRP448906,fischer 344,Hippocampus Powder,Training - 1 week,90423015202
SRR25251474,6 months,RNA-Seq,210,7837468380,PRJNA908279,SAMN36364026,Model organism or animal,2607886739,STANFORD UNIVERSITY,2019-01-22,public,"fastq,sra,run.zq","gs,s3,ncbi","gs.us-east1,s3.us-east-1,ncbi.public",SRX20997507,USA,North America,USA: Iowa,Illumina NovaSeq 6000,rna-seq_hippoc_training_male_1w_biological_rep4_vial_90426015202,PAIRED,PolyA,TRANSCRIPTOMIC,Rattus norvegicus,ILLUMINA,2023-09-30T00:00:00Z,2023-07-12T21:00:00Z,1,hippoc_training_male_1w_biological_rep4_vial_90426015202,male,SRP448906,fischer 344,Hippocampus Powder,Training - 1 week,90426015202
SRR25251475,6 months,RNA-Seq,206,9085019004,PRJNA908279,SAMN36363919,Model organism or animal,2913571521,STANFORD UNIVERSITY,not available,public,"run.zq,fastq,sra","gs,ncbi,s3","ncbi.public,s3.us-east-1,gs.us-east1",SRX20997506,uncalculated,uncalculated,not available,Illumina NovaSeq 6000,rna-seq_skm-gn_male_reference_3_vial_80000885540,PAIRED,PolyA,TRANSCRIPTOMIC,Rattus norvegicus,ILLUMINA,2023-09-30T00:00:00Z,2023-07-12T21:02:00Z,1,skm-gn_male_reference_3_vial_80000885540,male,SRP448906,fischer 344,Gastrocnemius Powder,Reference,80000885540
SRR25251476,6 months,RNA-Seq,210,6693034740,PRJNA908279,SAMN36364027,Model organism or animal,2224694196,STANFORD UNIVERSITY,2019-01-22,public,"run.zq,fastq,sra","s3,ncbi,gs","s3.us-east-1,ncbi.public,gs.us-east1",SRX20997505,USA,North America,USA: Iowa,Illumina NovaSeq 6000,rna-seq_hippoc_training_male_1w_biological_rep5_vial_90430015202,PAIRED,PolyA,TRANSCRIPTOMIC,Rattus norvegicus,ILLUMINA,2023-09-30T00:00:00Z,2023-07-12T20:54:00Z,1,hippoc_training_male_1w_biological_rep5_vial_90430015202,male,SRP448906,fischer 344,Hippocampus Powder,Training - 1 week,90430015202
SRR25251477,6 months,RNA-Seq,210,6987745800,PRJNA908279,SAMN36364028,Model organism or animal,2328806695,STANFORD UNIVERSITY,2019-01-28,public,"fastq,run.zq,sra","gs,s3,ncbi","gs.us-east1,ncbi.public,s3.us-east-1",SRX20997504,USA,North America,USA: Iowa,Illumina NovaSeq 6000,rna-seq_hippoc_training_male_2w_biological_rep1_vial_90439015202,PAIRED,PolyA,TRANSCRIPTOMIC,Rattus norvegicus,ILLUMINA,2023-09-30T00:00:00Z,2023-07-12T20:52:00Z,1,hippoc_training_male_2w_biological_rep1_vial_90439015202,male,SRP448906,fischer 344,Hippocampus Powder,Training - 2 weeks,90439015202
SRR25251478,6 months,RNA-Seq,210,6752230590,PRJNA908279,SAMN36364024,Model organism or animal,2258612423,STANFORD UNIVERSITY,2019-01-21,public,"sra,fastq,run.zq","ncbi,s3,gs","s3.us-east-1,ncbi.public,gs.us-east1",SRX20997503,USA,North America,USA: Iowa,Illumina NovaSeq 6000,rna-seq_hippoc_training_male_1w_biological_rep2_vial_90422015202,PAIRED,PolyA,TRANSCRIPTOMIC,Rattus norvegicus,ILLUMINA,2023-09-30T00:00:00Z,2023-07-12T20:52:00Z,1,hippoc_training_male_1w_biological_rep2_vial_90422015202,male,SRP448906,fischer 344,Hippocampus Powder,Training - 1 week,90422015202
SRR25251479,6 months,RNA-Seq,210,6902614110,PRJNA908279,SAMN36364023,Model organism or animal,2292033627,STANFORD UNIVERSITY,2019-01-21,public,"fastq,sra,run.zq","ncbi,s3,gs","ncbi.public,s3.us-east-1,gs.us-east1",SRX20997502,USA,North America,USA: Iowa,Illumina NovaSeq 6000,rna-seq_hippoc_training_male_1w_biological_rep1_vial_90421015202,PAIRED,PolyA,TRANSCRIPTOMIC,Rattus norvegicus,ILLUMINA,2023-09-30T00:00:00Z,2023-07-12T20:56:00Z,1,hippoc_training_male_1w_biological_rep1_vial_90421015202,male,SRP448906,fischer 344,Hippocampus Powder,Training - 1 week,90421015202
SRR25251480,6 months,RNA-Seq,210,6421244550,PRJNA908279,SAMN36364022,Model organism or animal,2134558687,STANFORD UNIVERSITY,2018-12-06,public,"run.zq,fastq,sra","gs,ncbi,s3","gs.us-east1,s3.us-east-1,ncbi.public",SRX20997501,USA,North America,USA: Iowa,Illumina NovaSeq 6000,rna-seq_hippoc_training_female_4w_biological_rep5_vial_90420015202,PAIRED,PolyA,TRANSCRIPTOMIC,Rattus norvegicus,ILLUMINA,2023-09-30T00:00:00Z,2023-07-12T20:59:00Z,1,hippoc_training_female_4w_biological_rep5_vial_90420015202,female,SRP448906,fischer 344,Hippocampus Powder,Training - 4 weeks,90420015202
SRR25251481,6 months,RNA-Seq,210,6607123950,PRJNA908279,SAMN36364021,Model organism or animal,2204327584,STANFORD UNIVERSITY,2018-12-06,public,"run.zq,sra,fastq","s3,gs,ncbi","gs.us-east1,s3.us-east-1,ncbi.public",SRX20997500,USA,North America,USA: Iowa,Illumina NovaSeq 6000,rna-seq_hippoc_training_female_4w_biological_rep4_vial_90416015202,PAIRED,PolyA,TRANSCRIPTOMIC,Rattus norvegicus,ILLUMINA,2023-09-30T00:00:00Z,2023-07-12T20:52:00Z,1,hippoc_training_female_4w_biological_rep4_vial_90416015202,female,SRP448906,fischer 344,Hippocampus Powder,Training - 4 weeks,90416015202
SRR25251482,6 months,RNA-Seq,210,6852771030,PRJNA908279,SAMN36364020,Model organism or animal,2277352160,STANFORD UNIVERSITY,2018-12-05,public,"fastq,run.zq,sra","gs,s3,ncbi","s3.us-east-1,ncbi.public,gs.us-east1",SRX20997499,USA,North America,USA: Iowa,Illumina NovaSeq 6000,rna-seq_hippoc_training_female_4w_biological_rep3_vial_90412015202,PAIRED,PolyA,TRANSCRIPTOMIC,Rattus norvegicus,ILLUMINA,2023-09-30T00:00:00Z,2023-07-12T20:49:00Z,1,hippoc_training_female_4w_biological_rep3_vial_90412015202,female,SRP448906,fischer 344,Hippocampus Powder,Training - 4 weeks,90412015202
SRR25251483,6 months,RNA-Seq,210,6913878930,PRJNA908279,SAMN36364019,Model organism or animal,2307620645,STANFORD UNIVERSITY,2018-12-04,public,"run.zq,sra,fastq","ncbi,s3,gs","s3.us-east-1,gs.us-east1,ncbi.public",SRX20997498,USA,North America,USA: Iowa,Illumina NovaSeq 6000,rna-seq_hippoc_training_female_4w_biological_rep2_vial_90410015202,PAIRED,PolyA,TRANSCRIPTOMIC,Rattus norvegicus,ILLUMINA,2023-09-30T00:00:00Z,2023-07-12T21:02:00Z,1,hippoc_training_female_4w_biological_rep2_vial_90410015202,female,SRP448906,fischer 344,Hippocampus Powder,Training - 4 weeks,90410015202
SRR25251484,6 months,RNA-Seq,210,7026868590,PRJNA908279,SAMN36364018,Model organism or animal,2351216299,STANFORD UNIVERSITY,2018-12-04,public,"fastq,sra,run.zq","s3,gs,ncbi","ncbi.public,s3.us-east-1,gs.us-east1",SRX20997497,USA,North America,USA: Iowa,Illumina NovaSeq 6000,rna-seq_hippoc_training_female_4w_biological_rep1_vial_90406015202,PAIRED,PolyA,TRANSCRIPTOMIC,Rattus norvegicus,ILLUMINA,2023-09-30T00:00:00Z,2023-07-12T20:49:00Z,1,hippoc_training_female_4w_biological_rep1_vial_90406015202,female,SRP448906,fischer 344,Hippocampus Powder,Training - 4 weeks,90406015202
SRR25251485,6 months,RNA-Seq,210,7552613670,PRJNA908279,SAMN36364017,Model organism or animal,2517847195,STANFORD UNIVERSITY,2018-11-15,public,"run.zq,sra,fastq","s3,ncbi,gs","gs.us-east1,s3.us-east-1,ncbi.public",SRX20997496,USA,North America,USA: Iowa,Illumina NovaSeq 6000,rna-seq_hippoc_training_male_4w_biological_rep5_vial_90292015202,PAIRED,PolyA,TRANSCRIPTOMIC,Rattus norvegicus,ILLUMINA,2023-09-30T00:00:00Z,2023-07-12T20:59:00Z,1,hippoc_training_male_4w_biological_rep5_vial_90292015202,male,SRP448906,fischer 344,Hippocampus Powder,Training - 4 weeks,90292015202
SRR25251486,6 months,RNA-Seq,206,6469027270,PRJNA908279,SAMN36363918,Model organism or animal,2139462987,STANFORD UNIVERSITY,not available,public,"run.zq,sra,fastq","s3,ncbi,gs","gs.us-east1,s3.us-east-1,ncbi.public",SRX20997495,uncalculated,uncalculated,not available,Illumina NovaSeq 6000,rna-seq_skm-gn_male_reference_3_vial_80000885537,PAIRED,PolyA,TRANSCRIPTOMIC,Rattus norvegicus,ILLUMINA,2023-09-30T00:00:00Z,2023-07-12T20:50:00Z,1,skm-gn_male_reference_3_vial_80000885537,male,SRP448906,fischer 344,Gastrocnemius Powder,Reference,80000885537
SRR25251487,6 months,RNA-Seq,210,6641386290,PRJNA908279,SAMN36364016,Model organism or animal,2209519355,STANFORD UNIVERSITY,2018-11-15,public,"run.zq,fastq,sra","s3,ncbi,gs","s3.us-east-1,ncbi.public,gs.us-east1",SRX20997494,USA,North America,USA: Iowa,Illumina NovaSeq 6000,rna-seq_hippoc_training_male_4w_biological_rep4_vial_90289015202,PAIRED,PolyA,TRANSCRIPTOMIC,Rattus norvegicus,ILLUMINA,2023-09-30T00:00:00Z,2023-07-12T20:56:00Z,1,hippoc_training_male_4w_biological_rep4_vial_90289015202,male,SRP448906,fischer 344,Hippocampus Powder,Training - 4 weeks,90289015202
SRR25251488,6 months,RNA-Seq,210,6654417840,PRJNA908279,SAMN36364015,Model organism or animal,2215483067,STANFORD UNIVERSITY,2018-11-13,public,"sra,run.zq,fastq","ncbi,gs,s3","ncbi.public,s3.us-east-1,gs.us-east1",SRX20997493,USA,North America,USA: Iowa,Illumina NovaSeq 6000,rna-seq_hippoc_training_male_4w_biological_rep3_vial_90283015202,PAIRED,PolyA,TRANSCRIPTOMIC,Rattus norvegicus,ILLUMINA,2023-09-30T00:00:00Z,2023-07-12T20:56:00Z,1,hippoc_training_male_4w_biological_rep3_vial_90283015202,male,SRP448906,fischer 344,Hippocampus Powder,Training - 4 weeks,90283015202
SRR25251489,6 months,RNA-Seq,210,6439334160,PRJNA908279,SAMN36364014,Model organism or animal,2156074722,STANFORD UNIVERSITY,2018-11-13,public,"sra,run.zq,fastq","gs,s3,ncbi","s3.us-east-1,gs.us-east1,ncbi.public",SRX20997492,USA,North America,USA: Iowa,Illumina NovaSeq 6000,rna-seq_hippoc_training_male_4w_biological_rep2_vial_90281015202,PAIRED,PolyA,TRANSCRIPTOMIC,Rattus norvegicus,ILLUMINA,2023-09-30T00:00:00Z,2023-07-12T20:49:00Z,1,hippoc_training_male_4w_biological_rep2_vial_90281015202,male,SRP448906,fischer 344,Hippocampus Powder,Training - 4 weeks,90281015202
SRR25251490,6 months,RNA-Seq,210,7154849310,PRJNA908279,SAMN36364013,Model organism or animal,2378760784,STANFORD UNIVERSITY,2018-11-13,public,"fastq,sra,run.zq","ncbi,s3,gs","s3.us-east-1,ncbi.public,gs.us-east1",SRX20997491,USA,North America,USA: Iowa,Illumina NovaSeq 6000,rna-seq_hippoc_training_male_4w_biological_rep1_vial_90280015202,PAIRED,PolyA,TRANSCRIPTOMIC,Rattus norvegicus,ILLUMINA,2023-09-30T00:00:00Z,2023-07-12T20:50:00Z,1,hippoc_training_male_4w_biological_rep1_vial_90280015202,male,SRP448906,fischer 344,Hippocampus Powder,Training - 4 weeks,90280015202
SRR25251503,6 months,RNA-Seq,210,7544681760,PRJNA908279,SAMN36363911,Model organism or animal,2521286476,STANFORD UNIVERSITY,not available,public,"run.zq,sra,fastq","gs,ncbi,s3","gs.us-east1,ncbi.public,s3.us-east-1",SRX20997325,uncalculated,uncalculated,not available,Illumina NovaSeq 6000,rna-seq_hippoc_male_reference_2_vial_80034885207,PAIRED,PolyA,TRANSCRIPTOMIC,Rattus norvegicus,ILLUMINA,2023-09-30T00:00:00Z,2023-07-12T20:58:00Z,1,hippoc_male_reference_2_vial_80034885207,male,SRP448906,fischer 344,Hippocampus Powder,Reference,80034885207
SRR25251505,6 months,RNA-Seq,206,6953978462,PRJNA908279,SAMN36364285,Model organism or animal,2325400586,STANFORD UNIVERSITY,2019-02-27,public,"sra,run.zq,fastq","ncbi,s3,gs","s3.us-east-1,ncbi.public,gs.us-east1",SRX20997476,USA,North America,USA: Iowa,Illumina NovaSeq 6000,rna-seq_heart_training_female_1w_biological_rep3_vial_90564015803,PAIRED,PolyA,TRANSCRIPTOMIC,Rattus norvegicus,ILLUMINA,2023-09-30T00:00:00Z,2023-07-12T20:48:00Z,1,heart_training_female_1w_biological_rep3_vial_90564015803,female,SRP448906,fischer 344,Heart Powder,Training - 1 week,90564015803
SRR25251506,6 months,RNA-Seq,206,7552710870,PRJNA908279,SAMN36364284,Model organism or animal,2528780474,STANFORD UNIVERSITY,2019-02-25,public,"sra,fastq,run.zq","s3,gs,ncbi","ncbi.public,s3.us-east-1,gs.us-east1",SRX20997475,USA,North America,USA: Iowa,Illumina NovaSeq 6000,rna-seq_heart_training_female_1w_biological_rep2_vial_90560015803,PAIRED,PolyA,TRANSCRIPTOMIC,Rattus norvegicus,ILLUMINA,2023-09-30T00:00:00Z,2023-07-12T21:00:00Z,1,heart_training_female_1w_biological_rep2_vial_90560015803,female,SRP448906,fischer 344,Heart Powder,Training - 1 week,90560015803
SRR25251507,6 months,RNA-Seq,206,8825998312,PRJNA908279,SAMN36364283,Model organism or animal,2951777853,STANFORD UNIVERSITY,2019-02-26,public,"fastq,sra,run.zq","ncbi,s3,gs","gs.us-east1,ncbi.public,s3.us-east-1",SRX20997474,USA,North America,USA: Iowa,Illumina NovaSeq 6000,rna-seq_heart_training_female_1w_biological_rep1_vial_90559015803,PAIRED,PolyA,TRANSCRIPTOMIC,Rattus norvegicus,ILLUMINA,2023-09-30T00:00:00Z,2023-07-12T21:02:00Z,1,heart_training_female_1w_biological_rep1_vial_90559015803,female,SRP448906,fischer 344,Heart Powder,Training - 1 week,90559015803
SRR25251519,6 months,RNA-Seq,206,8591883844,PRJNA908279,SAMN36364292,Model organism or animal,2865711740,STANFORD UNIVERSITY,2019-03-05,public,"fastq,run.zq,sra","s3,gs,ncbi","s3.us-east-1,ncbi.public,gs.us-east1",SRX20997462,USA,North America,USA: Iowa,Illumina NovaSeq 6000,rna-seq_heart_training_female_2w_biological_rep5_vial_90587015803,PAIRED,PolyA,TRANSCRIPTOMIC,Rattus norvegicus,ILLUMINA,2023-09-30T00:00:00Z,2023-07-12T20:59:00Z,1,heart_training_female_2w_biological_rep5_vial_90587015803,female,SRP448906,fischer 344,Heart Powder,Training - 2 weeks,90587015803
SRR25251520,6 months,RNA-Seq,206,7118339682,PRJNA908279,SAMN36364291,Model organism or animal,2368350940,STANFORD UNIVERSITY,2019-03-06,public,"run.zq,fastq,sra","gs,ncbi,s3","s3.us-east-1,gs.us-east1,ncbi.public",SRX20997461,USA,North America,USA: Iowa,Illumina NovaSeq 6000,rna-seq_heart_training_female_2w_biological_rep4_vial_90585015803,PAIRED,PolyA,TRANSCRIPTOMIC,Rattus norvegicus,ILLUMINA,2023-09-30T00:00:00Z,2023-07-12T20:47:00Z,1,heart_training_female_2w_biological_rep4_vial_90585015803,female,SRP448906,fischer 344,Heart Powder,Training - 2 weeks,90585015803
SRR25251521,6 months,RNA-Seq,210,7245177030,PRJNA908279,SAMN36364225,Model organism or animal,2414236081,STANFORD UNIVERSITY,2019-01-21,public,"fastq,run.zq,sra","gs,s3,ncbi","s3.us-east-1,gs.us-east1,ncbi.public",SRX20997460,USA,North America,USA: Iowa,Illumina NovaSeq 6000,rna-seq_skm-vl_training_male_1w_biological_rep3_vial_90423015603,PAIRED,PolyA,TRANSCRIPTOMIC,Rattus norvegicus,ILLUMINA,2023-09-30T00:00:00Z,2023-07-12T21:00:00Z,1,skm-vl_training_male_1w_biological_rep3_vial_90423015603,male,SRP448906,fischer 344,Vastus Lateralis Powder,Training - 1 week,90423015603
SRR25251523,6 months,RNA-Seq,210,6457017000,PRJNA908279,SAMN36364224,Model organism or animal,2135963748,STANFORD UNIVERSITY,2019-01-21,public,"sra,fastq,run.zq","gs,ncbi,s3","s3.us-east-1,gs.us-east1,ncbi.public",SRX20997458,USA,North America,USA: Iowa,Illumina NovaSeq 6000,rna-seq_skm-vl_training_male_1w_biological_rep2_vial_90422015603,PAIRED,PolyA,TRANSCRIPTOMIC,Rattus norvegicus,ILLUMINA,2023-09-30T00:00:00Z,2023-07-12T20:56:00Z,1,skm-vl_training_male_1w_biological_rep2_vial_90422015603,male,SRP448906,fischer 344,Vastus Lateralis Powder,Training - 1 week,90422015603
SRR25251524,6 months,RNA-Seq,210,7995435420,PRJNA908279,SAMN36364222,Model organism or animal,2659403277,STANFORD UNIVERSITY,2018-12-06,public,"sra,run.zq,fastq","ncbi,s3,gs","ncbi.public,gs.us-east1,s3.us-east-1",SRX20997456,USA,North America,USA: Iowa,Illumina NovaSeq 6000,rna-seq_skm-vl_training_female_4w_biological_rep5_vial_90420015603,PAIRED,PolyA,TRANSCRIPTOMIC,Rattus norvegicus,ILLUMINA,2023-09-30T00:00:00Z,2023-07-12T21:01:00Z,1,skm-vl_training_female_4w_biological_rep5_vial_90420015603,female,SRP448906,fischer 344,Vastus Lateralis Powder,Training - 4 weeks,90420015603
SRR25251525,6 months,RNA-Seq,210,7889232750,PRJNA908279,SAMN36364221,Model organism or animal,2630834938,STANFORD UNIVERSITY,2018-12-06,public,"run.zq,sra,fastq","ncbi,gs,s3","s3.us-east-1,ncbi.public,gs.us-east1",SRX20997455,USA,North America,USA: Iowa,Illumina NovaSeq 6000,rna-seq_skm-vl_training_female_4w_biological_rep4_vial_90416015603,PAIRED,PolyA,TRANSCRIPTOMIC,Rattus norvegicus,ILLUMINA,2023-09-30T00:00:00Z,2023-07-12T20:58:00Z,1,skm-vl_training_female_4w_biological_rep4_vial_90416015603,female,SRP448906,fischer 344,Vastus Lateralis Powder,Training - 4 weeks,90416015603
SRR25251526,6 months,RNA-Seq,210,6658832040,PRJNA908279,SAMN36364220,Model organism or animal,2220860369,STANFORD UNIVERSITY,2018-12-05,public,"sra,run.zq,fastq","s3,ncbi,gs","gs.us-east1,ncbi.public,s3.us-east-1",SRX20997454,USA,North America,USA: Iowa,Illumina NovaSeq 6000,rna-seq_skm-vl_training_female_4w_biological_rep3_vial_90412015603,PAIRED,PolyA,TRANSCRIPTOMIC,Rattus norvegicus,ILLUMINA,2023-09-30T00:00:00Z,2023-07-12T20:47:00Z,1,skm-vl_training_female_4w_biological_rep3_vial_90412015603,female,SRP448906,fischer 344,Vastus Lateralis Powder,Training - 4 weeks,90412015603
SRR25251527,6 months,RNA-Seq,210,6849117450,PRJNA908279,SAMN36364223,Model organism or animal,2272255489,STANFORD UNIVERSITY,2019-01-21,public,"fastq,sra,run.zq","s3,gs,ncbi","gs.us-east1,ncbi.public,s3.us-east-1",SRX20997457,USA,North America,USA: Iowa,Illumina NovaSeq 6000,rna-seq_skm-vl_training_male_1w_biological_rep1_vial_90421015603,PAIRED,PolyA,TRANSCRIPTOMIC,Rattus norvegicus,ILLUMINA,2023-09-30T00:00:00Z,2023-07-12T21:07:00Z,1,skm-vl_training_male_1w_biological_rep1_vial_90421015603,male,SRP448906,fischer 344,Vastus Lateralis Powder,Training - 1 week,90421015603
SRR25251528,6 months,RNA-Seq,210,8122874340,PRJNA908279,SAMN36364219,Model organism or animal,2697365223,STANFORD UNIVERSITY,2018-12-04,public,"sra,fastq,run.zq","gs,s3,ncbi","gs.us-east1,s3.us-east-1,ncbi.public",SRX20997453,USA,North America,USA: Iowa,Illumina NovaSeq 6000,rna-seq_skm-vl_training_female_4w_biological_rep2_vial_90410015603,PAIRED,PolyA,TRANSCRIPTOMIC,Rattus norvegicus,ILLUMINA,2023-09-30T00:00:00Z,2023-07-12T21:01:00Z,1,skm-vl_training_female_4w_biological_rep2_vial_90410015603,female,SRP448906,fischer 344,Vastus Lateralis Powder,Training - 4 weeks,90410015603
SRR25251529,6 months,RNA-Seq,210,6909808080,PRJNA908279,SAMN36364218,Model organism or animal,2295451578,STANFORD UNIVERSITY,2018-12-04,public,"sra,run.zq,fastq","s3,ncbi,gs","s3.us-east-1,gs.us-east1,ncbi.public",SRX20997452,USA,North America,USA: Iowa,Illumina NovaSeq 6000,rna-seq_skm-vl_training_female_4w_biological_rep1_vial_90406015603,PAIRED,PolyA,TRANSCRIPTOMIC,Rattus norvegicus,ILLUMINA,2023-09-30T00:00:00Z,2023-07-12T20:59:00Z,1,skm-vl_training_female_4w_biological_rep1_vial_90406015603,female,SRP448906,fischer 344,Vastus Lateralis Powder,Training - 4 weeks,90406015603
SRR25251530,6 months,RNA-Seq,210,6783106260,PRJNA908279,SAMN36363938,Model organism or animal,2238687764,STANFORD UNIVERSITY,not available,public,"sra,run.zq,fastq","gs,s3,ncbi","gs.us-east1,ncbi.public,s3.us-east-1",SRX20997451,uncalculated,uncalculated,not available,Illumina NovaSeq 6000,rna-seq_liver_female_reference_8_vial_80003996809,PAIRED,PolyA,TRANSCRIPTOMIC,Rattus norvegicus,ILLUMINA,2023-09-30T00:00:00Z,2023-07-12T20:58:00Z,1,liver_female_reference_8_vial_80003996809,female,SRP448906,fischer 344,Liver Powder,Reference,80003996809
SRR25251531,6 months,RNA-Seq,210,6180941340,PRJNA908279,SAMN36364217,Model organism or animal,2063466074,STANFORD UNIVERSITY,2018-11-15,public,"run.zq,sra,fastq","ncbi,s3,gs","gs.us-east1,s3.us-east-1,ncbi.public",SRX20997450,USA,North America,USA: Iowa,Illumina NovaSeq 6000,rna-seq_skm-vl_training_male_4w_biological_rep5_vial_90292015603,PAIRED,PolyA,TRANSCRIPTOMIC,Rattus norvegicus,ILLUMINA,2023-09-30T00:00:00Z,2023-07-12T20:50:00Z,1,skm-vl_training_male_4w_biological_rep5_vial_90292015603,male,SRP448906,fischer 344,Vastus Lateralis Powder,Training - 4 weeks,90292015603
SRR25251532,6 months,RNA-Seq,210,5965881810,PRJNA908279,SAMN36364216,Model organism or animal,1988536457,STANFORD UNIVERSITY,2018-11-15,public,"fastq,run.zq,sra","s3,ncbi,gs","gs.us-east1,s3.us-east-1,ncbi.public",SRX20997449,USA,North America,USA: Iowa,Illumina NovaSeq 6000,rna-seq_skm-vl_training_male_4w_biological_rep4_vial_90289015603,PAIRED,PolyA,TRANSCRIPTOMIC,Rattus norvegicus,ILLUMINA,2023-09-30T00:00:00Z,2023-07-12T20:49:00Z,1,skm-vl_training_male_4w_biological_rep4_vial_90289015603,male,SRP448906,fischer 344,Vastus Lateralis Powder,Training - 4 weeks,90289015603
SRR25251533,6 months,RNA-Seq,210,7587139560,PRJNA908279,SAMN36364215,Model organism or animal,2520686186,STANFORD UNIVERSITY,2018-11-13,public,"fastq,run.zq,sra","gs,s3,ncbi","s3.us-east-1,gs.us-east1,ncbi.public",SRX20997448,USA,North America,USA: Iowa,Illumina NovaSeq 6000,rna-seq_skm-vl_training_male_4w_biological_rep3_vial_90283015603,PAIRED,PolyA,TRANSCRIPTOMIC,Rattus norvegicus,ILLUMINA,2023-09-30T00:00:00Z,2023-07-12T21:00:00Z,1,skm-vl_training_male_4w_biological_rep3_vial_90283015603,male,SRP448906,fischer 344,Vastus Lateralis Powder,Training - 4 weeks,90283015603
SRR25251534,6 months,RNA-Seq,210,6308280510,PRJNA908279,SAMN36364214,Model organism or animal,2104254934,STANFORD UNIVERSITY,2018-11-13,public,"fastq,run.zq,sra","gs,ncbi,s3","gs.us-east1,ncbi.public,s3.us-east-1",SRX20997447,USA,North America,USA: Iowa,Illumina NovaSeq 6000,rna-seq_skm-vl_training_male_4w_biological_rep2_vial_90281015603,PAIRED,PolyA,TRANSCRIPTOMIC,Rattus norvegicus,ILLUMINA,2023-09-30T00:00:00Z,2023-07-12T20:49:00Z,1,skm-vl_training_male_4w_biological_rep2_vial_90281015603,male,SRP448906,fischer 344,Vastus Lateralis Powder,Training - 4 weeks,90281015603
SRR25251535,6 months,RNA-Seq,210,6448379070,PRJNA908279,SAMN36364213,Model organism or animal,2152542202,STANFORD UNIVERSITY,2018-11-13,public,"fastq,run.zq,sra","ncbi,gs,s3","ncbi.public,s3.us-east-1,gs.us-east1",SRX20997446,USA,North America,USA: Iowa,Illumina NovaSeq 6000,rna-seq_skm-vl_training_male_4w_biological_rep1_vial_90280015603,PAIRED,PolyA,TRANSCRIPTOMIC,Rattus norvegicus,ILLUMINA,2023-09-30T00:00:00Z,2023-07-12T20:49:00Z,1,skm-vl_training_male_4w_biological_rep1_vial_90280015603,male,SRP448906,fischer 344,Vastus Lateralis Powder,Training - 4 weeks,90280015603
SRR25251541,6 months,RNA-Seq,210,7374770340,PRJNA908279,SAMN36363937,Model organism or animal,2440804986,STANFORD UNIVERSITY,not available,public,"fastq,run.zq,sra","gs,s3,ncbi","ncbi.public,s3.us-east-1,gs.us-east1",SRX20997440,uncalculated,uncalculated,not available,Illumina NovaSeq 6000,rna-seq_liver_female_reference_8_vial_80003996808,PAIRED,PolyA,TRANSCRIPTOMIC,Rattus norvegicus,ILLUMINA,2023-09-30T00:00:00Z,2023-07-12T20:58:00Z,1,liver_female_reference_8_vial_80003996808,female,SRP448906,fischer 344,Liver Powder,Reference,80003996808
SRR25251542,6 months,RNA-Seq,210,6969123000,PRJNA908279,SAMN36363935,Model organism or animal,2305198862,STANFORD UNIVERSITY,not available,public,"sra,run.zq,fastq","gs,ncbi,s3","s3.us-east-1,gs.us-east1,ncbi.public",SRX20997439,uncalculated,uncalculated,not available,Illumina NovaSeq 6000,rna-seq_liver_male_reference_8_vial_80002886808,PAIRED,PolyA,TRANSCRIPTOMIC,Rattus norvegicus,ILLUMINA,2023-09-30T00:00:00Z,2023-07-12T21:00:00Z,1,liver_male_reference_8_vial_80002886808,male,SRP448906,fischer 344,Liver Powder,Reference,80002886808
SRR25251543,6 months,RNA-Seq,206,8349479318,PRJNA908279,SAMN36364186,Model organism or animal,2778384483,STANFORD UNIVERSITY,2019-02-25,public,"sra,fastq,run.zq","gs,s3,ncbi","ncbi.public,s3.us-east-1,gs.us-east1",SRX20997438,USA,North America,USA: Iowa,Illumina NovaSeq 6000,rna-seq_skm-gn_training_female_1w_biological_rep4_vial_90567015512,PAIRED,PolyA,TRANSCRIPTOMIC,Rattus norvegicus,ILLUMINA,2023-09-30T00:00:00Z,2023-07-12T21:00:00Z,1,skm-gn_training_female_1w_biological_rep4_vial_90567015512,female,SRP448906,fischer 344,Gastrocnemius Powder,Training - 1 week,90567015512
SRR25251544,6 months,RNA-Seq,210,7711667250,PRJNA908279,SAMN36364138,Model organism or animal,2569277979,STANFORD UNIVERSITY,2019-03-04,public,"run.zq,fastq,sra","s3,gs,ncbi","gs.us-east1,ncbi.public,s3.us-east-1",SRX20997437,USA,North America,USA: Iowa,Illumina NovaSeq 6000,rna-seq_hypoth_training_female_2w_biological_rep1_vial_90576015402,PAIRED,PolyA,TRANSCRIPTOMIC,Rattus norvegicus,ILLUMINA,2023-09-30T00:00:00Z,2023-07-12T20:56:00Z,1,hypoth_training_female_2w_biological_rep1_vial_90576015402,female,SRP448906,fischer 344,Hypothalamus Powder,Training - 2 weeks,90576015402
SRR25251545,6 months,RNA-Seq,206,6335674406,PRJNA908279,SAMN36364185,Model organism or animal,2108025917,STANFORD UNIVERSITY,2019-02-27,public,"fastq,sra,run.zq","gs,ncbi,s3","s3.us-east-1,ncbi.public,gs.us-east1",SRX20997211,USA,North America,USA: Iowa,Illumina NovaSeq 6000,rna-seq_skm-gn_training_female_1w_biological_rep3_vial_90564015512,PAIRED,PolyA,TRANSCRIPTOMIC,Rattus norvegicus,ILLUMINA,2023-09-30T00:00:00Z,2023-07-12T20:48:00Z,1,skm-gn_training_female_1w_biological_rep3_vial_90564015512,female,SRP448906,fischer 344,Gastrocnemius Powder,Training - 1 week,90564015512
SRR25251546,6 months,RNA-Seq,210,6663098820,PRJNA908279,SAMN36364137,Model organism or animal,2210598660,STANFORD UNIVERSITY,2019-02-26,public,"run.zq,sra,fastq","s3,ncbi,gs","gs.us-east1,s3.us-east-1,ncbi.public",SRX20997436,USA,North America,USA: Iowa,Illumina NovaSeq 6000,rna-seq_hypoth_training_female_1w_biological_rep5_vial_90571015402,PAIRED,PolyA,TRANSCRIPTOMIC,Rattus norvegicus,ILLUMINA,2023-09-30T00:00:00Z,2023-07-12T20:53:00Z,1,hypoth_training_female_1w_biological_rep5_vial_90571015402,female,SRP448906,fischer 344,Hypothalamus Powder,Training - 1 week,90571015402
SRR25251547,6 months,RNA-Seq,210,8103433170,PRJNA908279,SAMN36363930,Model organism or animal,2526724484,STANFORD UNIVERSITY,not available,public,"sra,run.zq,fastq","gs,ncbi,s3","gs.us-east1,ncbi.public,s3.us-east-1",SRX20997435,uncalculated,uncalculated,not available,Illumina NovaSeq 6000,rna-seq_kidney_female_reference_5_vial_80029995909,PAIRED,PolyA,TRANSCRIPTOMIC,Rattus norvegicus,ILLUMINA,2023-09-30T00:00:00Z,2023-07-12T21:01:00Z,1,kidney_female_reference_5_vial_80029995909,female,SRP448906,fischer 344,Kidney Powder,Reference,80029995909
SRR25251548,6 months,RNA-Seq,210,8104848990,PRJNA908279,SAMN36364136,Model organism or animal,2714029180,STANFORD UNIVERSITY,2019-02-25,public,"fastq,sra,run.zq","ncbi,gs,s3","s3.us-east-1,ncbi.public,gs.us-east1",SRX20997434,USA,North America,USA: Iowa,Illumina NovaSeq 6000,rna-seq_hypoth_training_female_1w_biological_rep4_vial_90567015402,PAIRED,PolyA,TRANSCRIPTOMIC,Rattus norvegicus,ILLUMINA,2023-09-30T00:00:00Z,2023-07-12T21:01:00Z,1,hypoth_training_female_1w_biological_rep4_vial_90567015402,female,SRP448906,fischer 344,Hypothalamus Powder,Training - 1 week,90567015402
SRR25251549,6 months,RNA-Seq,210,7082782560,PRJNA908279,SAMN36364135,Model organism or animal,2358323538,STANFORD UNIVERSITY,2019-02-27,public,"sra,fastq,run.zq","s3,ncbi,gs","ncbi.public,gs.us-east1,s3.us-east-1",SRX20997433,USA,North America,USA: Iowa,Illumina NovaSeq 6000,rna-seq_hypoth_training_female_1w_biological_rep3_vial_90564015402,PAIRED,PolyA,TRANSCRIPTOMIC,Rattus norvegicus,ILLUMINA,2023-09-30T00:00:00Z,2023-07-12T20:47:00Z,1,hypoth_training_female_1w_biological_rep3_vial_90564015402,female,SRP448906,fischer 344,Hypothalamus Powder,Training - 1 week,90564015402
SRR25251550,6 months,RNA-Seq,210,7763711340,PRJNA908279,SAMN36364134,Model organism or animal,2590676480,STANFORD UNIVERSITY,2019-02-25,public,"run.zq,fastq,sra","s3,ncbi,gs","gs.us-east1,ncbi.public,s3.us-east-1",SRX20997432,USA,North America,USA: Iowa,Illumina NovaSeq 6000,rna-seq_hypoth_training_female_1w_biological_rep2_vial_90560015402,PAIRED,PolyA,TRANSCRIPTOMIC,Rattus norvegicus,ILLUMINA,2023-09-30T00:00:00Z,2023-07-12T21:01:00Z,1,hypoth_training_female_1w_biological_rep2_vial_90560015402,female,SRP448906,fischer 344,Hypothalamus Powder,Training - 1 week,90560015402
SRR25251551,6 months,RNA-Seq,210,6659595180,PRJNA908279,SAMN36364133,Model organism or animal,2215020912,STANFORD UNIVERSITY,2019-02-26,public,"sra,run.zq,fastq","ncbi,gs,s3","s3.us-east-1,gs.us-east1,ncbi.public",SRX20997431,USA,North America,USA: Iowa,Illumina NovaSeq 6000,rna-seq_hypoth_training_female_1w_biological_rep1_vial_90559015402,PAIRED,PolyA,TRANSCRIPTOMIC,Rattus norvegicus,ILLUMINA,2023-09-30T00:00:00Z,2023-07-12T20:51:00Z,1,hypoth_training_female_1w_biological_rep1_vial_90559015402,female,SRP448906,fischer 344,Hypothalamus Powder,Training - 1 week,90559015402
SRR25251552,6 months,RNA-Seq,210,6515101950,PRJNA908279,SAMN36364132,Model organism or animal,2162701138,STANFORD UNIVERSITY,2019-01-30,public,"run.zq,sra,fastq","s3,gs,ncbi","s3.us-east-1,ncbi.public,gs.us-east1",SRX20997430,USA,North America,USA: Iowa,Illumina NovaSeq 6000,rna-seq_hypoth_training_male_2w_biological_rep5_vial_90450015402,PAIRED,PolyA,TRANSCRIPTOMIC,Rattus norvegicus,ILLUMINA,2023-09-30T00:00:00Z,2023-07-12T20:53:00Z,1,hypoth_training_male_2w_biological_rep5_vial_90450015402,male,SRP448906,fischer 344,Hypothalamus Powder,Training - 2 weeks,90450015402
SRR25251553,6 months,RNA-Seq,210,7168412160,PRJNA908279,SAMN36364131,Model organism or animal,2382516622,STANFORD UNIVERSITY,2019-01-30,public,"fastq,run.zq,sra","ncbi,gs,s3","s3.us-east-1,gs.us-east1,ncbi.public",SRX20997429,USA,North America,USA: Iowa,Illumina NovaSeq 6000,rna-seq_hypoth_training_male_2w_biological_rep4_vial_90449015402,PAIRED,PolyA,TRANSCRIPTOMIC,Rattus norvegicus,ILLUMINA,2023-09-30T00:00:00Z,2023-07-12T20:54:00Z,1,hypoth_training_male_2w_biological_rep4_vial_90449015402,male,SRP448906,fischer 344,Hypothalamus Powder,Training - 2 weeks,90449015402
SRR25251554,6 months,RNA-Seq,210,6476447250,PRJNA908279,SAMN36364130,Model organism or animal,2151847183,STANFORD UNIVERSITY,2019-01-29,public,"run.zq,fastq,sra","ncbi,s3,gs","s3.us-east-1,ncbi.public,gs.us-east1",SRX20997428,USA,North America,USA: Iowa,Illumina NovaSeq 6000,rna-seq_hypoth_training_male_2w_biological_rep3_vial_90444015402,PAIRED,PolyA,TRANSCRIPTOMIC,Rattus norvegicus,ILLUMINA,2023-09-30T00:00:00Z,2023-07-12T20:53:00Z,1,hypoth_training_male_2w_biological_rep3_vial_90444015402,male,SRP448906,fischer 344,Hypothalamus Powder,Training - 2 weeks,90444015402
SRR25251555,6 months,RNA-Seq,210,6181971810,PRJNA908279,SAMN36364129,Model organism or animal,2063993121,STANFORD UNIVERSITY,2019-01-29,public,"sra,fastq,run.zq","s3,ncbi,gs","gs.us-east1,s3.us-east-1,ncbi.public",SRX20997427,USA,North America,USA: Iowa,Illumina NovaSeq 6000,rna-seq_hypoth_training_male_2w_biological_rep2_vial_90441015402,PAIRED,PolyA,TRANSCRIPTOMIC,Rattus norvegicus,ILLUMINA,2023-09-30T00:00:00Z,2023-07-12T20:49:00Z,1,hypoth_training_male_2w_biological_rep2_vial_90441015402,male,SRP448906,fischer 344,Hypothalamus Powder,Training - 2 weeks,90441015402
SRR25251556,6 months,RNA-Seq,210,6965369670,PRJNA908279,SAMN36364128,Model organism or animal,2323426341,STANFORD UNIVERSITY,2019-01-28,public,"sra,fastq,run.zq","ncbi,s3,gs","gs.us-east1,s3.us-east-1,ncbi.public",SRX20997426,USA,North America,USA: Iowa,Illumina NovaSeq 6000,rna-seq_hypoth_training_male_2w_biological_rep1_vial_90439015402,PAIRED,PolyA,TRANSCRIPTOMIC,Rattus norvegicus,ILLUMINA,2023-09-30T00:00:00Z,2023-07-12T20:50:00Z,1,hypoth_training_male_2w_biological_rep1_vial_90439015402,male,SRP448906,fischer 344,Hypothalamus Powder,Training - 2 weeks,90439015402
SRR25251557,6 months,RNA-Seq,210,7904800050,PRJNA908279,SAMN36364127,Model organism or animal,2626056402,STANFORD UNIVERSITY,2019-01-22,public,"run.zq,fastq,sra","ncbi,s3,gs","s3.us-east-1,gs.us-east1,ncbi.public",SRX20997425,USA,North America,USA: Iowa,Illumina NovaSeq 6000,rna-seq_hypoth_training_male_1w_biological_rep5_vial_90430015402,PAIRED,PolyA,TRANSCRIPTOMIC,Rattus norvegicus,ILLUMINA,2023-09-30T00:00:00Z,2023-07-12T21:01:00Z,1,hypoth_training_male_1w_biological_rep5_vial_90430015402,male,SRP448906,fischer 344,Hypothalamus Powder,Training - 1 week,90430015402
SRR25251558,6 months,RNA-Seq,210,7729344630,PRJNA908279,SAMN36363929,Model organism or animal,2417265460,STANFORD UNIVERSITY,not available,public,"sra,run.zq,fastq","ncbi,gs,s3","gs.us-east1,ncbi.public,s3.us-east-1",SRX20997424,uncalculated,uncalculated,not available,Illumina NovaSeq 6000,rna-seq_kidney_male_reference_5_vial_80028885909,PAIRED,PolyA,TRANSCRIPTOMIC,Rattus norvegicus,ILLUMINA,2023-09-30T00:00:00Z,2023-07-12T20:58:00Z,1,kidney_male_reference_5_vial_80028885909,male,SRP448906,fischer 344,Kidney Powder,Reference,80028885909
SRR25251559,6 months,RNA-Seq,210,6091531110,PRJNA908279,SAMN36364124,Model organism or animal,2020337083,STANFORD UNIVERSITY,2019-01-21,public,"sra,fastq,run.zq","ncbi,s3,gs","ncbi.public,gs.us-east1,s3.us-east-1",SRX20997423,USA,North America,USA: Iowa,Illumina NovaSeq 6000,rna-seq_hypoth_training_male_1w_biological_rep2_vial_90422015402,PAIRED,PolyA,TRANSCRIPTOMIC,Rattus norvegicus,ILLUMINA,2023-09-30T00:00:00Z,2023-07-12T20:49:00Z,1,hypoth_training_male_1w_biological_rep2_vial_90422015402,male,SRP448906,fischer 344,Hypothalamus Powder,Training - 1 week,90422015402
SRR25251560,6 months,RNA-Seq,210,6800477040,PRJNA908279,SAMN36364123,Model organism or animal,2260764667,STANFORD UNIVERSITY,2019-01-21,public,"run.zq,fastq,sra","s3,gs,ncbi","ncbi.public,s3.us-east-1,gs.us-east1",SRX20997422,USA,North America,USA: Iowa,Illumina NovaSeq 6000,rna-seq_hypoth_training_male_1w_biological_rep1_vial_90421015402,PAIRED,PolyA,TRANSCRIPTOMIC,Rattus norvegicus,ILLUMINA,2023-09-30T00:00:00Z,2023-07-12T20:49:00Z,1,hypoth_training_male_1w_biological_rep1_vial_90421015402,male,SRP448906,fischer 344,Hypothalamus Powder,Training - 1 week,90421015402
SRR25251561,6 months,RNA-Seq,210,7651134540,PRJNA908279,SAMN36364122,Model organism or animal,2550893747,STANFORD UNIVERSITY,2018-12-06,public,"sra,run.zq,fastq","gs,ncbi,s3","gs.us-east1,s3.us-east-1,ncbi.public",SRX20997421,USA,North America,USA: Iowa,Illumina NovaSeq 6000,rna-seq_hypoth_training_female_4w_biological_rep5_vial_90420015402,PAIRED,PolyA,TRANSCRIPTOMIC,Rattus norvegicus,ILLUMINA,2023-09-30T00:00:00Z,2023-07-12T21:02:00Z,1,hypoth_training_female_4w_biological_rep5_vial_90420015402,female,SRP448906,fischer 344,Hypothalamus Powder,Training - 4 weeks,90420015402
SRR25251562,6 months,RNA-Seq,210,6729978150,PRJNA908279,SAMN36363909,Model organism or animal,2254408695,STANFORD UNIVERSITY,not available,public,"sra,run.zq,fastq","s3,ncbi,gs","gs.us-east1,s3.us-east-1,ncbi.public",SRX20997420,uncalculated,uncalculated,not available,Illumina NovaSeq 6000,rna-seq_hippoc_male_reference_2_vial_80034885205,PAIRED,PolyA,TRANSCRIPTOMIC,Rattus norvegicus,ILLUMINA,2023-09-30T00:00:00Z,2023-07-12T20:56:00Z,1,hippoc_male_reference_2_vial_80034885205,male,SRP448906,fischer 344,Hippocampus Powder,Reference,80034885205
SRR25251565,6 months,RNA-Seq,210,7249364430,PRJNA908279,SAMN36364121,Model organism or animal,2418556070,STANFORD UNIVERSITY,2018-12-06,public,"run.zq,sra,fastq","gs,s3,ncbi","gs.us-east1,ncbi.public,s3.us-east-1",SRX20997417,USA,North America,USA: Iowa,Illumina NovaSeq 6000,rna-seq_hypoth_training_female_4w_biological_rep4_vial_90416015402,PAIRED,PolyA,TRANSCRIPTOMIC,Rattus norvegicus,ILLUMINA,2023-09-30T00:00:00Z,2023-07-12T21:00:00Z,1,hypoth_training_female_4w_biological_rep4_vial_90416015402,female,SRP448906,fischer 344,Hypothalamus Powder,Training - 4 weeks,90416015402
SRR25251566,6 months,RNA-Seq,210,7193595570,PRJNA908279,SAMN36364120,Model organism or animal,2405601549,STANFORD UNIVERSITY,2018-12-05,public,"run.zq,fastq,sra","s3,ncbi,gs","gs.us-east1,s3.us-east-1,ncbi.public",SRX20997416,USA,North America,USA: Iowa,Illumina NovaSeq 6000,rna-seq_hypoth_training_female_4w_biological_rep3_vial_90412015402,PAIRED,PolyA,TRANSCRIPTOMIC,Rattus norvegicus,ILLUMINA,2023-09-30T00:00:00Z,2023-07-12T20:51:00Z,1,hypoth_training_female_4w_biological_rep3_vial_90412015402,female,SRP448906,fischer 344,Hypothalamus Powder,Training - 4 weeks,90412015402
SRR25251567,6 months,RNA-Seq,210,7591253250,PRJNA908279,SAMN36364119,Model organism or animal,2524985006,STANFORD UNIVERSITY,2018-12-04,public,"sra,run.zq,fastq","gs,s3,ncbi","gs.us-east1,ncbi.public,s3.us-east-1",SRX20997415,USA,North America,USA: Iowa,Illumina NovaSeq 6000,rna-seq_hypoth_training_female_4w_biological_rep2_vial_90410015402,PAIRED,PolyA,TRANSCRIPTOMIC,Rattus norvegicus,ILLUMINA,2023-09-30T00:00:00Z,2023-07-12T21:00:00Z,1,hypoth_training_female_4w_biological_rep2_vial_90410015402,female,SRP448906,fischer 344,Hypothalamus Powder,Training - 4 weeks,90410015402
SRR25251568,6 months,RNA-Seq,210,6929276550,PRJNA908279,SAMN36364118,Model organism or animal,2302979964,STANFORD UNIVERSITY,2018-12-04,public,"fastq,sra,run.zq","ncbi,s3,gs","s3.us-east-1,gs.us-east1,ncbi.public",SRX20997414,USA,North America,USA: Iowa,Illumina NovaSeq 6000,rna-seq_hypoth_training_female_4w_biological_rep1_vial_90406015402,PAIRED,PolyA,TRANSCRIPTOMIC,Rattus norvegicus,ILLUMINA,2023-09-30T00:00:00Z,2023-07-12T20:50:00Z,1,hypoth_training_female_4w_biological_rep1_vial_90406015402,female,SRP448906,fischer 344,Hypothalamus Powder,Training - 4 weeks,90406015402
SRR25251569,6 months,RNA-Seq,206,7225087852,PRJNA908279,SAMN36363917,Model organism or animal,2305505444,STANFORD UNIVERSITY,not available,public,"fastq,run.zq,sra","gs,s3,ncbi","ncbi.public,s3.us-east-1,gs.us-east1",SRX20997413,uncalculated,uncalculated,not available,Illumina NovaSeq 6000,rna-seq_skm-gn_male_reference_3_vial_80000885533,PAIRED,PolyA,TRANSCRIPTOMIC,Rattus norvegicus,ILLUMINA,2023-09-30T00:00:00Z,2023-07-12T20:58:00Z,1,skm-gn_male_reference_3_vial_80000885533,male,SRP448906,fischer 344,Gastrocnemius Powder,Reference,80000885533
SRR25251570,6 months,RNA-Seq,206,5792222716,PRJNA908279,SAMN36363908,Model organism or animal,1860222901,STANFORD UNIVERSITY,not available,public,"run.zq,fastq,sra","s3,gs,ncbi","gs.us-east1,ncbi.public,s3.us-east-1",SRX20997412,uncalculated,uncalculated,not available,Illumina NovaSeq 6000,rna-seq_blood_female_reference_1_vial_80007993006,PAIRED,PolyA,TRANSCRIPTOMIC,Rattus norvegicus,ILLUMINA,2023-09-30T00:00:00Z,2023-07-12T20:50:00Z,1,blood_female_reference_1_vial_80007993006,female,SRP448906,fischer 344,PaxGene RNA,Reference,80007993006
SRR25251571,6 months,RNA-Seq,206,5735576012,PRJNA908279,SAMN36363907,Model organism or animal,1845028310,STANFORD UNIVERSITY,not available,public,"fastq,run.zq,sra","ncbi,s3,gs","s3.us-east-1,gs.us-east1,ncbi.public",SRX20997411,uncalculated,uncalculated,not available,Illumina NovaSeq 6000,rna-seq_blood_male_reference_1_vial_80006883006,PAIRED,PolyA,TRANSCRIPTOMIC,Rattus norvegicus,ILLUMINA,2023-09-30T00:00:00Z,2023-07-12T20:53:00Z,1,blood_male_reference_1_vial_80006883006,male,SRP448906,fischer 344,PaxGene RNA,Reference,80006883006
SRR25251573,6 months,RNA-Seq,210,7680065190,PRJNA908279,SAMN36364453,Model organism or animal,2555237350,STANFORD UNIVERSITY,2019-01-21,public,"sra,run.zq,fastq","ncbi,gs,s3","ncbi.public,s3.us-east-1,gs.us-east1",SRX20997909,USA,North America,USA: Iowa,Illumina NovaSeq 6000,rna-seq_spleen_training_male_1w_biological_rep1_vial_90421016202,PAIRED,PolyA,TRANSCRIPTOMIC,Rattus norvegicus,ILLUMINA,2023-09-30T00:00:00Z,2023-07-12T20:59:00Z,1,spleen_training_male_1w_biological_rep1_vial_90421016202,male,SRP448906,fischer 344,Spleen Powder,Training - 1 week,90421016202
SRR25251582,6 months,RNA-Seq,206,7531554052,PRJNA908279,SAMN36364416,Model organism or animal,2416783066,STANFORD UNIVERSITY,2019-02-25,public,"sra,fastq,run.zq","s3,ncbi,gs","s3.us-east-1,gs.us-east1,ncbi.public",SRX20997683,USA,North America,USA: Iowa,Illumina NovaSeq 6000,rna-seq_colon_training_female_1w_biological_rep4_vial_90567016102,PAIRED,PolyA,TRANSCRIPTOMIC,Rattus norvegicus,ILLUMINA,2023-09-30T00:00:00Z,2023-07-12T20:58:00Z,1,colon_training_female_1w_biological_rep4_vial_90567016102,female,SRP448906,fischer 344,Colon Powder,Training - 1 week,90567016102
SRR25251583,6 months,RNA-Seq,206,7028078928,PRJNA908279,SAMN36364415,Model organism or animal,2247569325,STANFORD UNIVERSITY,2019-02-27,public,"fastq,run.zq,sra","gs,ncbi,s3","s3.us-east-1,gs.us-east1,ncbi.public",SRX20997682,USA,North America,USA: Iowa,Illumina NovaSeq 6000,rna-seq_colon_training_female_1w_biological_rep3_vial_90564016102,PAIRED,PolyA,TRANSCRIPTOMIC,Rattus norvegicus,ILLUMINA,2023-09-30T00:00:00Z,2023-07-12T20:48:00Z,1,colon_training_female_1w_biological_rep3_vial_90564016102,female,SRP448906,fischer 344,Colon Powder,Training - 1 week,90564016102
SRR25251584,6 months,RNA-Seq,206,7579346464,PRJNA908279,SAMN36364414,Model organism or animal,2422031076,STANFORD UNIVERSITY,2019-02-25,public,"run.zq,sra,fastq","ncbi,s3,gs","s3.us-east-1,ncbi.public,gs.us-east1",SRX20997681,USA,North America,USA: Iowa,Illumina NovaSeq 6000,rna-seq_colon_training_female_1w_biological_rep2_vial_90560016102,PAIRED,PolyA,TRANSCRIPTOMIC,Rattus norvegicus,ILLUMINA,2023-09-30T00:00:00Z,2023-07-12T21:00:00Z,1,colon_training_female_1w_biological_rep2_vial_90560016102,female,SRP448906,fischer 344,Colon Powder,Training - 1 week,90560016102
SRR25251593,6 months,RNA-Seq,206,7027759010,PRJNA908279,SAMN36364792,Model organism or animal,2253032746,STANFORD UNIVERSITY,2018-11-13,public,"run.zq,sra,fastq","gs,ncbi,s3","gs.us-east1,ncbi.public,s3.us-east-1",SRX20997672,USA,North America,USA: Iowa,Illumina NovaSeq 6000,rna-seq_venacv_training_male_4w_biological_rep2_vial_90281016502,PAIRED,PolyA,TRANSCRIPTOMIC,Rattus norvegicus,ILLUMINA,2023-09-30T00:00:00Z,2023-07-12T20:58:00Z,1,venacv_training_male_4w_biological_rep2_vial_90281016502,male,SRP448906,fischer 344,Vena Cava Powder,Training - 4 weeks,90281016502
SRR25251594,6 months,RNA-Seq,206,7931081576,PRJNA908279,SAMN36364791,Model organism or animal,2536618122,STANFORD UNIVERSITY,2018-11-13,public,"run.zq,fastq,sra","s3,ncbi,gs","ncbi.public,gs.us-east1,s3.us-east-1",SRX20997671,USA,North America,USA: Iowa,Illumina NovaSeq 6000,rna-seq_venacv_training_male_4w_biological_rep1_vial_90280016502,PAIRED,PolyA,TRANSCRIPTOMIC,Rattus norvegicus,ILLUMINA,2023-09-30T00:00:00Z,2023-07-12T21:01:00Z,1,venacv_training_male_4w_biological_rep1_vial_90280016502,male,SRP448906,fischer 344,Vena Cava Powder,Training - 4 weeks,90280016502
SRR25251597,6 months,RNA-Seq,210,7680919470,PRJNA908279,SAMN36364706,Model organism or animal,2394776541,STANFORD UNIVERSITY,2019-01-28,public,"run.zq,sra,fastq","ncbi,s3,gs","s3.us-east-1,gs.us-east1,ncbi.public",SRX20997668,USA,North America,USA: Iowa,Illumina NovaSeq 6000,rna-seq_bat_training_male_2w_biological_rep1_vial_90439016902,PAIRED,PolyA,TRANSCRIPTOMIC,Rattus norvegicus,ILLUMINA,2023-09-30T00:00:00Z,2023-07-12T21:00:00Z,1,bat_training_male_2w_biological_rep1_vial_90439016902,male,SRP448906,fischer 344,Brown Adipose Powder,Training - 2 weeks,90439016902
SRR25251598,6 months,RNA-Seq,210,7548015300,PRJNA908279,SAMN36364705,Model organism or animal,2349515373,STANFORD UNIVERSITY,2019-01-22,public,"fastq,sra,run.zq","gs,s3,ncbi","ncbi.public,gs.us-east1,s3.us-east-1",SRX20997667,USA,North America,USA: Iowa,Illumina NovaSeq 6000,rna-seq_bat_training_male_1w_biological_rep5_vial_90430016902,PAIRED,PolyA,TRANSCRIPTOMIC,Rattus norvegicus,ILLUMINA,2023-09-30T00:00:00Z,2023-07-12T20:58:00Z,1,bat_training_male_1w_biological_rep5_vial_90430016902,male,SRP448906,fischer 344,Brown Adipose Powder,Training - 1 week,90430016902
SRR25251599,6 months,RNA-Seq,210,7447645170,PRJNA908279,SAMN36364704,Model organism or animal,2317225770,STANFORD UNIVERSITY,2019-01-22,public,"sra,fastq,run.zq","gs,s3,ncbi","gs.us-east1,s3.us-east-1,ncbi.public",SRX20997666,USA,North America,USA: Iowa,Illumina NovaSeq 6000,rna-seq_bat_training_male_1w_biological_rep4_vial_90426016902,PAIRED,PolyA,TRANSCRIPTOMIC,Rattus norvegicus,ILLUMINA,2023-09-30T00:00:00Z,2023-07-12T21:05:00Z,1,bat_training_male_1w_biological_rep4_vial_90426016902,male,SRP448906,fischer 344,Brown Adipose Powder,Training - 1 week,90426016902
SRR25251600,6 months,RNA-Seq,210,8828518020,PRJNA908279,SAMN36364703,Model organism or animal,2746874885,STANFORD UNIVERSITY,2019-01-21,public,"fastq,run.zq,sra","ncbi,s3,gs","s3.us-east-1,ncbi.public,gs.us-east1",SRX20997665,USA,North America,USA: Iowa,Illumina NovaSeq 6000,rna-seq_bat_training_male_1w_biological_rep3_vial_90423016902,PAIRED,PolyA,TRANSCRIPTOMIC,Rattus norvegicus,ILLUMINA,2023-09-30T00:00:00Z,2023-07-12T21:01:00Z,1,bat_training_male_1w_biological_rep3_vial_90423016902,male,SRP448906,fischer 344,Brown Adipose Powder,Training - 1 week,90423016902
SRR25251604,6 months,RNA-Seq,210,7931906430,PRJNA908279,SAMN36364698,Model organism or animal,2465606195,STANFORD UNIVERSITY,2018-12-05,public,"sra,fastq,run.zq","s3,ncbi,gs","ncbi.public,gs.us-east1,s3.us-east-1",SRX20997661,USA,North America,USA: Iowa,Illumina NovaSeq 6000,rna-seq_bat_training_female_4w_biological_rep3_vial_90412016902,PAIRED,PolyA,TRANSCRIPTOMIC,Rattus norvegicus,ILLUMINA,2023-09-30T00:00:00Z,2023-07-12T21:02:00Z,1,bat_training_female_4w_biological_rep3_vial_90412016902,female,SRP448906,fischer 344,Brown Adipose Powder,Training - 4 weeks,90412016902
SRR25251605,6 months,RNA-Seq,210,8995726320,PRJNA908279,SAMN36364697,Model organism or animal,2812929209,STANFORD UNIVERSITY,2018-12-04,public,"run.zq,sra,fastq","s3,gs,ncbi","gs.us-east1,s3.us-east-1,ncbi.public",SRX20997660,USA,North America,USA: Iowa,Illumina NovaSeq 6000,rna-seq_bat_training_female_4w_biological_rep2_vial_90410016902,PAIRED,PolyA,TRANSCRIPTOMIC,Rattus norvegicus,ILLUMINA,2023-09-30T00:00:00Z,2023-07-12T21:03:00Z,1,bat_training_female_4w_biological_rep2_vial_90410016902,female,SRP448906,fischer 344,Brown Adipose Powder,Training - 4 weeks,90410016902
SRR25251606,6 months,RNA-Seq,210,8957293170,PRJNA908279,SAMN36364696,Model organism or animal,2799404668,STANFORD UNIVERSITY,2018-12-04,public,"fastq,run.zq,sra","gs,s3,ncbi","gs.us-east1,s3.us-east-1,ncbi.public",SRX20997659,USA,North America,USA: Iowa,Illumina NovaSeq 6000,rna-seq_bat_training_female_4w_biological_rep1_vial_90406016902,PAIRED,PolyA,TRANSCRIPTOMIC,Rattus norvegicus,ILLUMINA,2023-09-30T00:00:00Z,2023-07-12T21:01:00Z,1,bat_training_female_4w_biological_rep1_vial_90406016902,female,SRP448906,fischer 344,Brown Adipose Powder,Training - 4 weeks,90406016902
SRR25251607,6 months,RNA-Seq,210,8888666850,PRJNA908279,SAMN36364695,Model organism or animal,2765387281,STANFORD UNIVERSITY,2018-11-15,public,"fastq,sra,run.zq","gs,s3,ncbi","ncbi.public,gs.us-east1,s3.us-east-1",SRX20997658,USA,North America,USA: Iowa,Illumina NovaSeq 6000,rna-seq_bat_training_male_4w_biological_rep5_vial_90292016902,PAIRED,PolyA,TRANSCRIPTOMIC,Rattus norvegicus,ILLUMINA,2023-09-30T00:00:00Z,2023-07-12T21:04:00Z,1,bat_training_male_4w_biological_rep5_vial_90292016902,male,SRP448906,fischer 344,Brown Adipose Powder,Training - 4 weeks,90292016902
SRR25251608,6 months,RNA-Seq,210,9734548320,PRJNA908279,SAMN36364694,Model organism or animal,3036880334,STANFORD UNIVERSITY,2018-11-15,public,"run.zq,sra,fastq","gs,ncbi,s3","ncbi.public,s3.us-east-1,gs.us-east1",SRX20997657,USA,North America,USA: Iowa,Illumina NovaSeq 6000,rna-seq_bat_training_male_4w_biological_rep4_vial_90289016902,PAIRED,PolyA,TRANSCRIPTOMIC,Rattus norvegicus,ILLUMINA,2023-09-30T00:00:00Z,2023-07-12T21:00:00Z,1,bat_training_male_4w_biological_rep4_vial_90289016902,male,SRP448906,fischer 344,Brown Adipose Powder,Training - 4 weeks,90289016902
SRR25251611,6 months,RNA-Seq,206,7000334436,PRJNA908279,SAMN36363987,Model organism or animal,2258710964,STANFORD UNIVERSITY,2019-02-26,public,"run.zq,fastq,sra","s3,ncbi,gs","s3.us-east-1,gs.us-east1,ncbi.public",SRX20997654,USA,North America,USA: Iowa,Illumina NovaSeq 6000,rna-seq_blood_training_female_1w_biological_rep5_vial_90571013001,PAIRED,PolyA,TRANSCRIPTOMIC,Rattus norvegicus,ILLUMINA,2023-09-30T00:00:00Z,2023-07-12T20:55:00Z,1,blood_training_female_1w_biological_rep5_vial_90571013001,female,SRP448906,fischer 344,PaxGene RNA,Training - 1 week,90571013001
SRR25251612,6 months,RNA-Seq,210,6043224390,PRJNA908279,SAMN36363915,Model organism or animal,2014713842,STANFORD UNIVERSITY,not available,public,"fastq,sra,run.zq","gs,ncbi,s3","s3.us-east-1,gs.us-east1,ncbi.public",SRX20997653,uncalculated,uncalculated,not available,Illumina NovaSeq 6000,rna-seq_skm-gn_male_reference_3_vial_80000885510,PAIRED,PolyA,TRANSCRIPTOMIC,Rattus norvegicus,ILLUMINA,2023-09-30T00:00:00Z,2023-07-12T20:53:00Z,1,skm-gn_male_reference_3_vial_80000885510,male,SRP448906,fischer 344,Gastrocnemius Powder,Reference,80000885510
SRR25251618,6 months,RNA-Seq,210,6698002080,PRJNA908279,SAMN36364664,Model organism or animal,2228572580,STANFORD UNIVERSITY,2019-02-27,public,"run.zq,sra,fastq","s3,ncbi,gs","gs.us-east1,ncbi.public,s3.us-east-1",SRX20997647,USA,North America,USA: Iowa,Illumina NovaSeq 6000,rna-seq_liver_training_female_1w_biological_rep3_vial_90564016803,PAIRED,PolyA,TRANSCRIPTOMIC,Rattus norvegicus,ILLUMINA,2023-09-30T00:00:00Z,2023-07-12T20:52:00Z,1,liver_training_female_1w_biological_rep3_vial_90564016803,female,SRP448906,fischer 344,Liver Powder,Training - 1 week,90564016803
SRR25251619,6 months,RNA-Seq,210,8596276710,PRJNA908279,SAMN36364663,Model organism or animal,2856920152,STANFORD UNIVERSITY,2019-02-25,public,"sra,fastq,run.zq","s3,gs,ncbi","ncbi.public,s3.us-east-1,gs.us-east1",SRX20997646,USA,North America,USA: Iowa,Illumina NovaSeq 6000,rna-seq_liver_training_female_1w_biological_rep2_vial_90560016803,PAIRED,PolyA,TRANSCRIPTOMIC,Rattus norvegicus,ILLUMINA,2023-09-30T00:00:00Z,2023-07-12T21:03:00Z,1,liver_training_female_1w_biological_rep2_vial_90560016803,female,SRP448906,fischer 344,Liver Powder,Training - 1 week,90560016803
SRR25251620,6 months,RNA-Seq,210,7282040640,PRJNA908279,SAMN36364662,Model organism or animal,2413081344,STANFORD UNIVERSITY,2019-02-26,public,"run.zq,sra,fastq","s3,ncbi,gs","gs.us-east1,s3.us-east-1,ncbi.public",SRX20997307,USA,North America,USA: Iowa,Illumina NovaSeq 6000,rna-seq_liver_training_female_1w_biological_rep1_vial_90559016803,PAIRED,PolyA,TRANSCRIPTOMIC,Rattus norvegicus,ILLUMINA,2023-09-30T00:00:00Z,2023-07-12T20:59:00Z,1,liver_training_female_1w_biological_rep1_vial_90559016803,female,SRP448906,fischer 344,Liver Powder,Training - 1 week,90559016803
SRR25251621,6 months,RNA-Seq,210,6826449210,PRJNA908279,SAMN36364466,Model organism or animal,2269988102,STANFORD UNIVERSITY,2019-02-25,public,"fastq,sra,run.zq","s3,gs,ncbi","ncbi.public,s3.us-east-1,gs.us-east1",SRX20997644,USA,North America,USA: Iowa,Illumina NovaSeq 6000,rna-seq_spleen_training_female_1w_biological_rep4_vial_90567016202,PAIRED,PolyA,TRANSCRIPTOMIC,Rattus norvegicus,ILLUMINA,2023-09-30T00:00:00Z,2023-07-12T20:54:00Z,1,spleen_training_female_1w_biological_rep4_vial_90567016202,female,SRP448906,fischer 344,Spleen Powder,Training - 1 week,90567016202
SRR25251622,6 months,RNA-Seq,210,7862697150,PRJNA908279,SAMN36364465,Model organism or animal,2620987624,STANFORD UNIVERSITY,2019-02-27,public,"sra,run.zq,fastq","ncbi,s3,gs","ncbi.public,s3.us-east-1,gs.us-east1",SRX20997643,USA,North America,USA: Iowa,Illumina NovaSeq 6000,rna-seq_spleen_training_female_1w_biological_rep3_vial_90564016202,PAIRED,PolyA,TRANSCRIPTOMIC,Rattus norvegicus,ILLUMINA,2023-09-30T00:00:00Z,2023-07-12T20:57:00Z,1,spleen_training_female_1w_biological_rep3_vial_90564016202,female,SRP448906,fischer 344,Spleen Powder,Training - 1 week,90564016202
SRR25251623,6 months,RNA-Seq,210,6587840280,PRJNA908279,SAMN36364444,Model organism or animal,2191790960,STANFORD UNIVERSITY,2018-11-13,public,"run.zq,fastq,sra","ncbi,s3,gs","gs.us-east1,ncbi.public,s3.us-east-1",SRX20997642,USA,North America,USA: Iowa,Illumina NovaSeq 6000,rna-seq_spleen_training_male_4w_biological_rep2_vial_90281016202,PAIRED,PolyA,TRANSCRIPTOMIC,Rattus norvegicus,ILLUMINA,2023-09-30T00:00:00Z,2023-07-12T20:51:00Z,1,spleen_training_male_4w_biological_rep2_vial_90281016202,male,SRP448906,fischer 344,Spleen Powder,Training - 4 weeks,90281016202
SRR25251624,6 months,RNA-Seq,210,9016829010,PRJNA908279,SAMN36364443,Model organism or animal,3006327568,STANFORD UNIVERSITY,2018-11-13,public,"sra,fastq,run.zq","gs,s3,ncbi","ncbi.public,gs.us-east1,s3.us-east-1",SRX20997641,USA,North America,USA: Iowa,Illumina NovaSeq 6000,rna-seq_spleen_training_male_4w_biological_rep1_vial_90280016202,PAIRED,PolyA,TRANSCRIPTOMIC,Rattus norvegicus,ILLUMINA,2023-09-30T00:00:00Z,2023-07-12T21:00:00Z,1,spleen_training_male_4w_biological_rep1_vial_90280016202,male,SRP448906,fischer 344,Spleen Powder,Training - 4 weeks,90280016202
SRR25251626,6 months,RNA-Seq,210,7758874620,PRJNA908279,SAMN36364461,Model organism or animal,2584094929,STANFORD UNIVERSITY,2019-01-30,public,"sra,run.zq,fastq","ncbi,gs,s3","gs.us-east1,s3.us-east-1,ncbi.public",SRX20997639,USA,North America,USA: Iowa,Illumina NovaSeq 6000,rna-seq_spleen_training_male_2w_biological_rep4_vial_90449016202,PAIRED,PolyA,TRANSCRIPTOMIC,Rattus norvegicus,ILLUMINA,2023-09-30T00:00:00Z,2023-07-12T21:00:00Z,1,spleen_training_male_2w_biological_rep4_vial_90449016202,male,SRP448906,fischer 344,Spleen Powder,Training - 2 weeks,90449016202
SRR25251627,6 months,RNA-Seq,210,8325194010,PRJNA908279,SAMN36364460,Model organism or animal,2762217839,STANFORD UNIVERSITY,2019-01-29,public,"run.zq,fastq,sra","s3,gs,ncbi","ncbi.public,gs.us-east1,s3.us-east-1",SRX20997638,USA,North America,USA: Iowa,Illumina NovaSeq 6000,rna-seq_spleen_training_male_2w_biological_rep3_vial_90444016202,PAIRED,PolyA,TRANSCRIPTOMIC,Rattus norvegicus,ILLUMINA,2023-09-30T00:00:00Z,2023-07-12T21:03:00Z,1,spleen_training_male_2w_biological_rep3_vial_90444016202,male,SRP448906,fischer 344,Spleen Powder,Training - 2 weeks,90444016202
SRR25251628,6 months,RNA-Seq,206,5887265760,PRJNA908279,SAMN36363964,Model organism or animal,1901600895,STANFORD UNIVERSITY,2018-11-13,public,"sra,fastq,run.zq","s3,ncbi,gs","s3.us-east-1,gs.us-east1,ncbi.public",SRX20997637,USA,North America,USA: Iowa,Illumina NovaSeq 6000,rna-seq_blood_training_male_4w_biological_rep2_vial_90281013001,PAIRED,PolyA,TRANSCRIPTOMIC,Rattus norvegicus,ILLUMINA,2023-09-30T00:00:00Z,2023-07-12T20:47:00Z,1,blood_training_male_4w_biological_rep2_vial_90281013001,male,SRP448906,fischer 344,PaxGene RNA,Training - 4 weeks,90281013001
SRR25251629,6 months,RNA-Seq,210,10404996840,PRJNA908279,SAMN36364459,Model organism or animal,3442834954,STANFORD UNIVERSITY,2019-01-29,public,"fastq,run.zq,sra","ncbi,gs,s3","s3.us-east-1,ncbi.public,gs.us-east1",SRX20997636,USA,North America,USA: Iowa,Illumina NovaSeq 6000,rna-seq_spleen_training_male_2w_biological_rep2_vial_90441016202,PAIRED,PolyA,TRANSCRIPTOMIC,Rattus norvegicus,ILLUMINA,2023-09-30T00:00:00Z,2023-07-12T21:02:00Z,1,spleen_training_male_2w_biological_rep2_vial_90441016202,male,SRP448906,fischer 344,Spleen Powder,Training - 2 weeks,90441016202
SRR25251630,6 months,RNA-Seq,210,8618401050,PRJNA908279,SAMN36364458,Model organism or animal,2861667452,STANFORD UNIVERSITY,2019-01-28,public,"run.zq,sra,fastq","ncbi,s3,gs","ncbi.public,gs.us-east1,s3.us-east-1",SRX20997635,USA,North America,USA: Iowa,Illumina NovaSeq 6000,rna-seq_spleen_training_male_2w_biological_rep1_vial_90439016202,PAIRED,PolyA,TRANSCRIPTOMIC,Rattus norvegicus,ILLUMINA,2023-09-30T00:00:00Z,2023-07-12T21:01:00Z,1,spleen_training_male_2w_biological_rep1_vial_90439016202,male,SRP448906,fischer 344,Spleen Powder,Training - 2 weeks,90439016202
SRR25251632,6 months,RNA-Seq,210,7409630130,PRJNA908279,SAMN36364457,Model organism or animal,2478844700,STANFORD UNIVERSITY,2019-01-22,public,"fastq,run.zq,sra","s3,ncbi,gs","gs.us-east1,s3.us-east-1,ncbi.public",SRX20997633,USA,North America,USA: Iowa,Illumina NovaSeq 6000,rna-seq_spleen_training_male_1w_biological_rep5_vial_90430016202,PAIRED,PolyA,TRANSCRIPTOMIC,Rattus norvegicus,ILLUMINA,2023-09-30T00:00:00Z,2023-07-12T20:59:00Z,1,spleen_training_male_1w_biological_rep5_vial_90430016202,male,SRP448906,fischer 344,Spleen Powder,Training - 1 week,90430016202
SRR25251633,6 months,RNA-Seq,210,7217568330,PRJNA908279,SAMN36364456,Model organism or animal,2408611962,STANFORD UNIVERSITY,2019-01-22,public,"sra,fastq,run.zq","s3,gs,ncbi","ncbi.public,s3.us-east-1,gs.us-east1",SRX20997632,USA,North America,USA: Iowa,Illumina NovaSeq 6000,rna-seq_spleen_training_male_1w_biological_rep4_vial_90426016202,PAIRED,PolyA,TRANSCRIPTOMIC,Rattus norvegicus,ILLUMINA,2023-09-30T00:00:00Z,2023-07-12T20:49:00Z,1,spleen_training_male_1w_biological_rep4_vial_90426016202,male,SRP448906,fischer 344,Spleen Powder,Training - 1 week,90426016202
SRR25251634,6 months,RNA-Seq,210,8232748860,PRJNA908279,SAMN36364455,Model organism or animal,2743774241,STANFORD UNIVERSITY,2019-01-21,public,"fastq,sra,run.zq","gs,ncbi,s3","ncbi.public,s3.us-east-1,gs.us-east1",SRX20997631,USA,North America,USA: Iowa,Illumina NovaSeq 6000,rna-seq_spleen_training_male_1w_biological_rep3_vial_90423016202,PAIRED,PolyA,TRANSCRIPTOMIC,Rattus norvegicus,ILLUMINA,2023-09-30T00:00:00Z,2023-07-12T21:00:00Z,1,spleen_training_male_1w_biological_rep3_vial_90423016202,male,SRP448906,fischer 344,Spleen Powder,Training - 1 week,90423016202
SRR25251635,6 months,RNA-Seq,210,8313599070,PRJNA908279,SAMN36364454,Model organism or animal,2746056872,STANFORD UNIVERSITY,2019-01-21,public,"run.zq,sra,fastq","ncbi,s3,gs","gs.us-east1,ncbi.public,s3.us-east-1",SRX20997630,USA,North America,USA: Iowa,Illumina NovaSeq 6000,rna-seq_spleen_training_male_1w_biological_rep2_vial_90422016202,PAIRED,PolyA,TRANSCRIPTOMIC,Rattus norvegicus,ILLUMINA,2023-09-30T00:00:00Z,2023-07-12T21:02:00Z,1,spleen_training_male_1w_biological_rep2_vial_90422016202,male,SRP448906,fischer 344,Spleen Powder,Training - 1 week,90422016202
SRR25251636,6 months,RNA-Seq,210,7403122020,PRJNA908279,SAMN36364081,Model organism or animal,2473692804,STANFORD UNIVERSITY,2019-01-30,public,"fastq,sra,run.zq","s3,gs,ncbi","ncbi.public,gs.us-east1,s3.us-east-1",SRX20997410,USA,North America,USA: Iowa,Illumina NovaSeq 6000,rna-seq_cortex_training_male_2w_biological_rep4_vial_90449015302,PAIRED,PolyA,TRANSCRIPTOMIC,Rattus norvegicus,ILLUMINA,2023-09-30T00:00:00Z,2023-07-12T21:02:00Z,1,cortex_training_male_2w_biological_rep4_vial_90449015302,male,SRP448906,fischer 344,Cortex Powder,Training - 2 weeks,90449015302
SRR25251637,6 months,RNA-Seq,210,6617787540,PRJNA908279,SAMN36364452,Model organism or animal,2197049415,STANFORD UNIVERSITY,2018-12-06,public,"run.zq,fastq,sra","gs,ncbi,s3","ncbi.public,gs.us-east1,s3.us-east-1",SRX20997908,USA,North America,USA: Iowa,Illumina NovaSeq 6000,rna-seq_spleen_training_female_4w_biological_rep5_vial_90420016202,PAIRED,PolyA,TRANSCRIPTOMIC,Rattus norvegicus,ILLUMINA,2023-09-30T00:00:00Z,2023-07-12T20:52:00Z,1,spleen_training_female_4w_biological_rep5_vial_90420016202,female,SRP448906,fischer 344,Spleen Powder,Training - 4 weeks,90420016202
SRR25251638,6 months,RNA-Seq,210,7863768990,PRJNA908279,SAMN36364451,Model organism or animal,2606919991,STANFORD UNIVERSITY,2018-12-06,public,"fastq,run.zq,sra","gs,s3,ncbi","ncbi.public,gs.us-east1,s3.us-east-1",SRX20997907,USA,North America,USA: Iowa,Illumina NovaSeq 6000,rna-seq_spleen_training_female_4w_biological_rep4_vial_90416016202,PAIRED,PolyA,TRANSCRIPTOMIC,Rattus norvegicus,ILLUMINA,2023-09-30T00:00:00Z,2023-07-12T20:59:00Z,1,spleen_training_female_4w_biological_rep4_vial_90416016202,female,SRP448906,fischer 344,Spleen Powder,Training - 4 weeks,90416016202
SRR25251639,6 months,RNA-Seq,210,7458375120,PRJNA908279,SAMN36364450,Model organism or animal,2484855445,STANFORD UNIVERSITY,2018-12-05,public,"sra,fastq,run.zq","s3,ncbi,gs","gs.us-east1,ncbi.public,s3.us-east-1",SRX20997906,USA,North America,USA: Iowa,Illumina NovaSeq 6000,rna-seq_spleen_training_female_4w_biological_rep3_vial_90412016202,PAIRED,PolyA,TRANSCRIPTOMIC,Rattus norvegicus,ILLUMINA,2023-09-30T00:00:00Z,2023-07-12T21:01:00Z,1,spleen_training_female_4w_biological_rep3_vial_90412016202,female,SRP448906,fischer 344,Spleen Powder,Training - 4 weeks,90412016202
SRR25251640,6 months,RNA-Seq,206,6235256822,PRJNA908279,SAMN36363963,Model organism or animal,2027943534,STANFORD UNIVERSITY,2018-11-13,public,"run.zq,fastq,sra","ncbi,s3,gs","ncbi.public,s3.us-east-1,gs.us-east1",SRX20997905,USA,North America,USA: Iowa,Illumina NovaSeq 6000,rna-seq_blood_training_male_4w_biological_rep1_vial_90280013001,PAIRED,PolyA,TRANSCRIPTOMIC,Rattus norvegicus,ILLUMINA,2023-09-30T00:00:00Z,2023-07-12T20:50:00Z,1,blood_training_male_4w_biological_rep1_vial_90280013001,male,SRP448906,fischer 344,PaxGene RNA,Training - 4 weeks,90280013001
SRR25251641,6 months,RNA-Seq,210,8079199380,PRJNA908279,SAMN36364449,Model organism or animal,2674511881,STANFORD UNIVERSITY,2018-12-04,public,"run.zq,fastq,sra","gs,ncbi,s3","gs.us-east1,s3.us-east-1,ncbi.public",SRX20997904,USA,North America,USA: Iowa,Illumina NovaSeq 6000,rna-seq_spleen_training_female_4w_biological_rep2_vial_90410016202,PAIRED,PolyA,TRANSCRIPTOMIC,Rattus norvegicus,ILLUMINA,2023-09-30T00:00:00Z,2023-07-12T20:59:00Z,1,spleen_training_female_4w_biological_rep2_vial_90410016202,female,SRP448906,fischer 344,Spleen Powder,Training - 4 weeks,90410016202
SRR25251642,6 months,RNA-Seq,210,7275510060,PRJNA908279,SAMN36364448,Model organism or animal,2421395826,STANFORD UNIVERSITY,2018-12-04,public,"fastq,sra,run.zq","s3,gs,ncbi","s3.us-east-1,gs.us-east1,ncbi.public",SRX20997903,USA,North America,USA: Iowa,Illumina NovaSeq 6000,rna-seq_spleen_training_female_4w_biological_rep1_vial_90406016202,PAIRED,PolyA,TRANSCRIPTOMIC,Rattus norvegicus,ILLUMINA,2023-09-30T00:00:00Z,2023-07-12T21:05:00Z,1,spleen_training_female_4w_biological_rep1_vial_90406016202,female,SRP448906,fischer 344,Spleen Powder,Training - 4 weeks,90406016202
SRR25251643,6 months,RNA-Seq,210,7467002130,PRJNA908279,SAMN36364447,Model organism or animal,2494868636,STANFORD UNIVERSITY,2018-11-15,public,"fastq,run.zq,sra","s3,gs,ncbi","gs.us-east1,s3.us-east-1,ncbi.public",SRX20997902,USA,North America,USA: Iowa,Illumina NovaSeq 6000,rna-seq_spleen_training_male_4w_biological_rep5_vial_90292016202,PAIRED,PolyA,TRANSCRIPTOMIC,Rattus norvegicus,ILLUMINA,2023-09-30T00:00:00Z,2023-07-12T21:01:00Z,1,spleen_training_male_4w_biological_rep5_vial_90292016202,male,SRP448906,fischer 344,Spleen Powder,Training - 4 weeks,90292016202
SRR25251644,6 months,RNA-Seq,210,6866377770,PRJNA908279,SAMN36364446,Model organism or animal,2287074154,STANFORD UNIVERSITY,2018-11-15,public,"fastq,run.zq,sra","s3,gs,ncbi","s3.us-east-1,ncbi.public,gs.us-east1",SRX20997757,USA,North America,USA: Iowa,Illumina NovaSeq 6000,rna-seq_spleen_training_male_4w_biological_rep4_vial_90289016202,PAIRED,PolyA,TRANSCRIPTOMIC,Rattus norvegicus,ILLUMINA,2023-09-30T00:00:00Z,2023-07-12T20:51:00Z,1,spleen_training_male_4w_biological_rep4_vial_90289016202,male,SRP448906,fischer 344,Spleen Powder,Training - 4 weeks,90289016202
SRR25251645,6 months,RNA-Seq,206,7458528082,PRJNA908279,SAMN36364400,Model organism or animal,2411638656,STANFORD UNIVERSITY,2018-12-05,public,"sra,run.zq,fastq","s3,gs,ncbi","ncbi.public,gs.us-east1,s3.us-east-1",SRX20997900,USA,North America,USA: Iowa,Illumina NovaSeq 6000,rna-seq_colon_training_female_4w_biological_rep3_vial_90412016102,PAIRED,PolyA,TRANSCRIPTOMIC,Rattus norvegicus,ILLUMINA,2023-09-30T00:00:00Z,2023-07-12T21:03:00Z,1,colon_training_female_4w_biological_rep3_vial_90412016102,female,SRP448906,fischer 344,Colon Powder,Training - 4 weeks,90412016102
SRR25251646,6 months,RNA-Seq,206,6585967496,PRJNA908279,SAMN36364421,Model organism or animal,2107827486,STANFORD UNIVERSITY,2019-03-06,public,"sra,fastq,run.zq","s3,gs,ncbi","ncbi.public,s3.us-east-1,gs.us-east1",SRX20997899,USA,North America,USA: Iowa,Illumina NovaSeq 6000,rna-seq_colon_training_female_2w_biological_rep4_vial_90585016102,PAIRED,PolyA,TRANSCRIPTOMIC,Rattus norvegicus,ILLUMINA,2023-09-30T00:00:00Z,2023-07-12T20:48:00Z,1,colon_training_female_2w_biological_rep4_vial_90585016102,female,SRP448906,fischer 344,Colon Powder,Training - 2 weeks,90585016102
SRR25251647,6 months,RNA-Seq,206,7401035748,PRJNA908279,SAMN36364420,Model organism or animal,2374628533,STANFORD UNIVERSITY,2019-03-05,public,"run.zq,sra,fastq","gs,ncbi,s3","gs.us-east1,s3.us-east-1,ncbi.public",SRX20997898,USA,North America,USA: Iowa,Illumina NovaSeq 6000,rna-seq_colon_training_female_2w_biological_rep3_vial_90581016102,PAIRED,PolyA,TRANSCRIPTOMIC,Rattus norvegicus,ILLUMINA,2023-09-30T00:00:00Z,2023-07-12T21:00:00Z,1,colon_training_female_2w_biological_rep3_vial_90581016102,female,SRP448906,fischer 344,Colon Powder,Training - 2 weeks,90581016102
SRR25251649,6 months,RNA-Seq,206,8179177470,PRJNA908279,SAMN36364419,Model organism or animal,2614802310,STANFORD UNIVERSITY,2019-03-04,public,"fastq,sra,run.zq","s3,gs,ncbi","ncbi.public,s3.us-east-1,gs.us-east1",SRX20997896,USA,North America,USA: Iowa,Illumina NovaSeq 6000,rna-seq_colon_training_female_2w_biological_rep2_vial_90578016102,PAIRED,PolyA,TRANSCRIPTOMIC,Rattus norvegicus,ILLUMINA,2023-09-30T00:00:00Z,2023-07-12T20:59:00Z,1,colon_training_female_2w_biological_rep2_vial_90578016102,female,SRP448906,fischer 344,Colon Powder,Training - 2 weeks,90578016102
SRR25251650,6 months,RNA-Seq,206,6817031722,PRJNA908279,SAMN36364418,Model organism or animal,2178462838,STANFORD UNIVERSITY,2019-03-04,public,"sra,run.zq,fastq","ncbi,gs,s3","gs.us-east1,ncbi.public,s3.us-east-1",SRX20997895,USA,North America,USA: Iowa,Illumina NovaSeq 6000,rna-seq_colon_training_female_2w_biological_rep1_vial_90576016102,PAIRED,PolyA,TRANSCRIPTOMIC,Rattus norvegicus,ILLUMINA,2023-09-30T00:00:00Z,2023-07-12T20:50:00Z,1,colon_training_female_2w_biological_rep1_vial_90576016102,female,SRP448906,fischer 344,Colon Powder,Training - 2 weeks,90576016102
SRR25251651,6 months,RNA-Seq,206,7624864224,PRJNA908279,SAMN36364417,Model organism or animal,2446392048,STANFORD UNIVERSITY,2019-02-26,public,"run.zq,sra,fastq","s3,ncbi,gs","s3.us-east-1,ncbi.public,gs.us-east1",SRX20997894,USA,North America,USA: Iowa,Illumina NovaSeq 6000,rna-seq_colon_training_female_1w_biological_rep5_vial_90571016102,PAIRED,PolyA,TRANSCRIPTOMIC,Rattus norvegicus,ILLUMINA,2023-09-30T00:00:00Z,2023-07-12T21:00:00Z,1,colon_training_female_1w_biological_rep5_vial_90571016102,female,SRP448906,fischer 344,Colon Powder,Training - 1 week,90571016102
SRR25251653,6 months,RNA-Seq,206,8435640054,PRJNA908279,SAMN36364413,Model organism or animal,2691994273,STANFORD UNIVERSITY,2019-02-26,public,"run.zq,sra,fastq","ncbi,s3,gs","s3.us-east-1,gs.us-east1,ncbi.public",SRX20997892,USA,North America,USA: Iowa,Illumina NovaSeq 6000,rna-seq_colon_training_female_1w_biological_rep1_vial_90559016102,PAIRED,PolyA,TRANSCRIPTOMIC,Rattus norvegicus,ILLUMINA,2023-09-30T00:00:00Z,2023-07-12T21:00:00Z,1,colon_training_female_1w_biological_rep1_vial_90559016102,female,SRP448906,fischer 344,Colon Powder,Training - 1 week,90559016102
SRR25251654,6 months,RNA-Seq,206,8186677930,PRJNA908279,SAMN36364412,Model organism or animal,2618686984,STANFORD UNIVERSITY,2019-01-30,public,"fastq,run.zq,sra","gs,ncbi,s3","s3.us-east-1,ncbi.public,gs.us-east1",SRX20997891,USA,North America,USA: Iowa,Illumina NovaSeq 6000,rna-seq_colon_training_male_2w_biological_rep5_vial_90450016102,PAIRED,PolyA,TRANSCRIPTOMIC,Rattus norvegicus,ILLUMINA,2023-09-30T00:00:00Z,2023-07-12T21:02:00Z,1,colon_training_male_2w_biological_rep5_vial_90450016102,male,SRP448906,fischer 344,Colon Powder,Training - 2 weeks,90450016102
SRR25251655,6 months,RNA-Seq,206,8749458188,PRJNA908279,SAMN36364411,Model organism or animal,2793277283,STANFORD UNIVERSITY,2019-01-30,public,"run.zq,fastq,sra","s3,gs,ncbi","gs.us-east1,s3.us-east-1,ncbi.public",SRX20997890,USA,North America,USA: Iowa,Illumina NovaSeq 6000,rna-seq_colon_training_male_2w_biological_rep4_vial_90449016102,PAIRED,PolyA,TRANSCRIPTOMIC,Rattus norvegicus,ILLUMINA,2023-09-30T00:00:00Z,2023-07-12T21:02:00Z,1,colon_training_male_2w_biological_rep4_vial_90449016102,male,SRP448906,fischer 344,Colon Powder,Training - 2 weeks,90449016102
SRR25251656,6 months,RNA-Seq,206,7000304978,PRJNA908279,SAMN36364410,Model organism or animal,2243577245,STANFORD UNIVERSITY,2019-01-29,public,"run.zq,fastq,sra","ncbi,gs,s3","gs.us-east1,ncbi.public,s3.us-east-1",SRX20997889,USA,North America,USA: Iowa,Illumina NovaSeq 6000,rna-seq_colon_training_male_2w_biological_rep3_vial_90444016102,PAIRED,PolyA,TRANSCRIPTOMIC,Rattus norvegicus,ILLUMINA,2023-09-30T00:00:00Z,2023-07-12T20:50:00Z,1,colon_training_male_2w_biological_rep3_vial_90444016102,male,SRP448906,fischer 344,Colon Powder,Training - 2 weeks,90444016102
SRR25251657,6 months,RNA-Seq,206,7081267098,PRJNA908279,SAMN36364409,Model organism or animal,2269140096,STANFORD UNIVERSITY,2019-01-29,public,"run.zq,sra,fastq","ncbi,gs,s3","gs.us-east1,ncbi.public,s3.us-east-1",SRX20997888,USA,North America,USA: Iowa,Illumina NovaSeq 6000,rna-seq_colon_training_male_2w_biological_rep2_vial_90441016102,PAIRED,PolyA,TRANSCRIPTOMIC,Rattus norvegicus,ILLUMINA,2023-09-30T00:00:00Z,2023-07-12T20:50:00Z,1,colon_training_male_2w_biological_rep2_vial_90441016102,male,SRP448906,fischer 344,Colon Powder,Training - 2 weeks,90441016102
SRR25251658,6 months,RNA-Seq,206,6629074232,PRJNA908279,SAMN36364408,Model organism or animal,2114989521,STANFORD UNIVERSITY,2019-01-28,public,"run.zq,sra,fastq","gs,s3,ncbi","s3.us-east-1,ncbi.public,gs.us-east1",SRX20997887,USA,North America,USA: Iowa,Illumina NovaSeq 6000,rna-seq_colon_training_male_2w_biological_rep1_vial_90439016102,PAIRED,PolyA,TRANSCRIPTOMIC,Rattus norvegicus,ILLUMINA,2023-09-30T00:00:00Z,2023-07-12T20:49:00Z,1,colon_training_male_2w_biological_rep1_vial_90439016102,male,SRP448906,fischer 344,Colon Powder,Training - 2 weeks,90439016102
SRR25251660,6 months,RNA-Seq,206,6878198066,PRJNA908279,SAMN36364407,Model organism or animal,2200732629,STANFORD UNIVERSITY,2019-01-22,public,"sra,run.zq,fastq","s3,ncbi,gs","ncbi.public,s3.us-east-1,gs.us-east1",SRX20997885,USA,North America,USA: Iowa,Illumina NovaSeq 6000,rna-seq_colon_training_male_1w_biological_rep5_vial_90430016102,PAIRED,PolyA,TRANSCRIPTOMIC,Rattus norvegicus,ILLUMINA,2023-09-30T00:00:00Z,2023-07-12T20:55:00Z,1,colon_training_male_1w_biological_rep5_vial_90430016102,male,SRP448906,fischer 344,Colon Powder,Training - 1 week,90430016102
SRR25251661,6 months,RNA-Seq,206,7088155326,PRJNA908279,SAMN36364406,Model organism or animal,2267683537,STANFORD UNIVERSITY,2019-01-22,public,"sra,fastq,run.zq","ncbi,s3,gs","s3.us-east-1,gs.us-east1,ncbi.public",SRX20997884,USA,North America,USA: Iowa,Illumina NovaSeq 6000,rna-seq_colon_training_male_1w_biological_rep4_vial_90426016102,PAIRED,PolyA,TRANSCRIPTOMIC,Rattus norvegicus,ILLUMINA,2023-09-30T00:00:00Z,2023-07-12T20:49:00Z,1,colon_training_male_1w_biological_rep4_vial_90426016102,male,SRP448906,fischer 344,Colon Powder,Training - 1 week,90426016102
SRR25251662,6 months,RNA-Seq,206,6956377126,PRJNA908279,SAMN36364405,Model organism or animal,2222506653,STANFORD UNIVERSITY,2019-01-21,public,"sra,fastq,run.zq","s3,ncbi,gs","ncbi.public,gs.us-east1,s3.us-east-1",SRX20997883,USA,North America,USA: Iowa,Illumina NovaSeq 6000,rna-seq_colon_training_male_1w_biological_rep3_vial_90423016102,PAIRED,PolyA,TRANSCRIPTOMIC,Rattus norvegicus,ILLUMINA,2023-09-30T00:00:00Z,2023-07-12T20:51:00Z,1,colon_training_male_1w_biological_rep3_vial_90423016102,male,SRP448906,fischer 344,Colon Powder,Training - 1 week,90423016102
SRR25251663,6 months,RNA-Seq,206,6933776042,PRJNA908279,SAMN36364404,Model organism or animal,2223886918,STANFORD UNIVERSITY,2019-01-21,public,"run.zq,sra,fastq","ncbi,s3,gs","ncbi.public,s3.us-east-1,gs.us-east1",SRX20997882,USA,North America,USA: Iowa,Illumina NovaSeq 6000,rna-seq_colon_training_male_1w_biological_rep2_vial_90422016102,PAIRED,PolyA,TRANSCRIPTOMIC,Rattus norvegicus,ILLUMINA,2023-09-30T00:00:00Z,2023-07-12T20:58:00Z,1,colon_training_male_1w_biological_rep2_vial_90422016102,male,SRP448906,fischer 344,Colon Powder,Training - 1 week,90422016102
SRR25251664,6 months,RNA-Seq,206,7664941112,PRJNA908279,SAMN36364403,Model organism or animal,2455141079,STANFORD UNIVERSITY,2019-01-21,public,"run.zq,sra,fastq","ncbi,s3,gs","ncbi.public,s3.us-east-1,gs.us-east1",SRX20997881,USA,North America,USA: Iowa,Illumina NovaSeq 6000,rna-seq_colon_training_male_1w_biological_rep1_vial_90421016102,PAIRED,PolyA,TRANSCRIPTOMIC,Rattus norvegicus,ILLUMINA,2023-09-30T00:00:00Z,2023-07-12T20:59:00Z,1,colon_training_male_1w_biological_rep1_vial_90421016102,male,SRP448906,fischer 344,Colon Powder,Training - 1 week,90421016102
SRR25251665,6 months,RNA-Seq,206,7570808794,PRJNA908279,SAMN36364402,Model organism or animal,2420641793,STANFORD UNIVERSITY,2018-12-06,public,"fastq,sra,run.zq","s3,gs,ncbi","ncbi.public,gs.us-east1,s3.us-east-1",SRX20997880,USA,North America,USA: Iowa,Illumina NovaSeq 6000,rna-seq_colon_training_female_4w_biological_rep5_vial_90420016102,PAIRED,PolyA,TRANSCRIPTOMIC,Rattus norvegicus,ILLUMINA,2023-09-30T00:00:00Z,2023-07-12T21:01:00Z,1,colon_training_female_4w_biological_rep5_vial_90420016102,female,SRP448906,fischer 344,Colon Powder,Training - 4 weeks,90420016102
SRR25251668,6 months,RNA-Seq,206,7572851902,PRJNA908279,SAMN36364399,Model organism or animal,2420817013,STANFORD UNIVERSITY,2018-12-04,public,"sra,run.zq,fastq","gs,ncbi,s3","s3.us-east-1,ncbi.public,gs.us-east1",SRX20997021,USA,North America,USA: Iowa,Illumina NovaSeq 6000,rna-seq_colon_training_female_4w_biological_rep2_vial_90410016102,PAIRED,PolyA,TRANSCRIPTOMIC,Rattus norvegicus,ILLUMINA,2023-09-30T00:00:00Z,2023-07-12T21:01:00Z,1,colon_training_female_4w_biological_rep2_vial_90410016102,female,SRP448906,fischer 344,Colon Powder,Training - 4 weeks,90410016102
SRR25251669,6 months,RNA-Seq,206,7138760256,PRJNA908279,SAMN36364361,Model organism or animal,2367174614,STANFORD UNIVERSITY,2019-01-30,public,"sra,fastq,run.zq","ncbi,s3,gs","ncbi.public,gs.us-east1,s3.us-east-1",SRX20997876,USA,North America,USA: Iowa,Illumina NovaSeq 6000,rna-seq_adrnl_training_male_2w_biological_rep4_vial_90449016002,PAIRED,PolyA,TRANSCRIPTOMIC,Rattus norvegicus,ILLUMINA,2023-09-30T00:00:00Z,2023-07-12T20:50:00Z,1,adrnl_training_male_2w_biological_rep4_vial_90449016002,male,SRP448906,fischer 344,Adrenal Powder,Training - 2 weeks,90449016002
SRR25251670,6 months,RNA-Seq,206,6530926768,PRJNA908279,SAMN36364360,Model organism or animal,2172246741,STANFORD UNIVERSITY,2019-01-29,public,"sra,fastq,run.zq","s3,gs,ncbi","ncbi.public,gs.us-east1,s3.us-east-1",SRX20997875,USA,North America,USA: Iowa,Illumina NovaSeq 6000,rna-seq_adrnl_training_male_2w_biological_rep3_vial_90444016002,PAIRED,PolyA,TRANSCRIPTOMIC,Rattus norvegicus,ILLUMINA,2023-09-30T00:00:00Z,2023-07-12T20:50:00Z,1,adrnl_training_male_2w_biological_rep3_vial_90444016002,male,SRP448906,fischer 344,Adrenal Powder,Training - 2 weeks,90444016002
SRR25251679,6 months,RNA-Seq,206,7133141812,PRJNA908279,SAMN36364372,Model organism or animal,2383069907,STANFORD UNIVERSITY,2019-03-05,public,"fastq,run.zq,sra","gs,ncbi,s3","gs.us-east1,ncbi.public,s3.us-east-1",SRX20997866,USA,North America,USA: Iowa,Illumina NovaSeq 6000,rna-seq_adrnl_training_female_2w_biological_rep5_vial_90587016002,PAIRED,PolyA,TRANSCRIPTOMIC,Rattus norvegicus,ILLUMINA,2023-09-30T00:00:00Z,2023-07-12T20:50:00Z,1,adrnl_training_female_2w_biological_rep5_vial_90587016002,female,SRP448906,fischer 344,Adrenal Powder,Training - 2 weeks,90587016002
SRR25251680,6 months,RNA-Seq,206,6359029862,PRJNA908279,SAMN36364371,Model organism or animal,2123114959,STANFORD UNIVERSITY,2019-03-06,public,"run.zq,sra,fastq","s3,gs,ncbi","ncbi.public,s3.us-east-1,gs.us-east1",SRX20997865,USA,North America,USA: Iowa,Illumina NovaSeq 6000,rna-seq_adrnl_training_female_2w_biological_rep4_vial_90585016002,PAIRED,PolyA,TRANSCRIPTOMIC,Rattus norvegicus,ILLUMINA,2023-09-30T00:00:00Z,2023-07-12T20:49:00Z,1,adrnl_training_female_2w_biological_rep4_vial_90585016002,female,SRP448906,fischer 344,Adrenal Powder,Training - 2 weeks,90585016002
SRR25251681,6 months,RNA-Seq,206,6690030250,PRJNA908279,SAMN36364370,Model organism or animal,2232841178,STANFORD UNIVERSITY,2019-03-05,public,"sra,fastq,run.zq","s3,ncbi,gs","gs.us-east1,ncbi.public,s3.us-east-1",SRX20997864,USA,North America,USA: Iowa,Illumina NovaSeq 6000,rna-seq_adrnl_training_female_2w_biological_rep3_vial_90581016002,PAIRED,PolyA,TRANSCRIPTOMIC,Rattus norvegicus,ILLUMINA,2023-09-30T00:00:00Z,2023-07-12T20:56:00Z,1,adrnl_training_female_2w_biological_rep3_vial_90581016002,female,SRP448906,fischer 344,Adrenal Powder,Training - 2 weeks,90581016002
SRR25251682,6 months,RNA-Seq,206,7069499966,PRJNA908279,SAMN36364369,Model organism or animal,2350347695,STANFORD UNIVERSITY,2019-03-04,public,"run.zq,sra,fastq","s3,gs,ncbi","ncbi.public,gs.us-east1,s3.us-east-1",SRX20997863,USA,North America,USA: Iowa,Illumina NovaSeq 6000,rna-seq_adrnl_training_female_2w_biological_rep2_vial_90578016002,PAIRED,PolyA,TRANSCRIPTOMIC,Rattus norvegicus,ILLUMINA,2023-09-30T00:00:00Z,2023-07-12T21:01:00Z,1,adrnl_training_female_2w_biological_rep2_vial_90578016002,female,SRP448906,fischer 344,Adrenal Powder,Training - 2 weeks,90578016002
SRR25251683,6 months,RNA-Seq,206,11128987054,PRJNA908279,SAMN36364368,Model organism or animal,3700587674,STANFORD UNIVERSITY,2019-03-04,public,"sra,run.zq,fastq","ncbi,s3,gs","gs.us-east1,s3.us-east-1,ncbi.public",SRX20997862,USA,North America,USA: Iowa,Illumina NovaSeq 6000,rna-seq_adrnl_training_female_2w_biological_rep1_vial_90576016002,PAIRED,PolyA,TRANSCRIPTOMIC,Rattus norvegicus,ILLUMINA,2023-09-30T00:00:00Z,2023-07-12T20:58:00Z,1,adrnl_training_female_2w_biological_rep1_vial_90576016002,female,SRP448906,fischer 344,Adrenal Powder,Training - 2 weeks,90576016002
SRR25251685,6 months,RNA-Seq,206,7601716416,PRJNA908279,SAMN36364367,Model organism or animal,2543268301,STANFORD UNIVERSITY,2019-02-26,public,"fastq,sra,run.zq","s3,gs,ncbi","ncbi.public,s3.us-east-1,gs.us-east1",SRX20997860,USA,North America,USA: Iowa,Illumina NovaSeq 6000,rna-seq_adrnl_training_female_1w_biological_rep5_vial_90571016002,PAIRED,PolyA,TRANSCRIPTOMIC,Rattus norvegicus,ILLUMINA,2023-09-30T00:00:00Z,2023-07-12T21:02:00Z,1,adrnl_training_female_1w_biological_rep5_vial_90571016002,female,SRP448906,fischer 344,Adrenal Powder,Training - 1 week,90571016002
SRR25251686,6 months,RNA-Seq,206,7624060000,PRJNA908279,SAMN36364366,Model organism or animal,2551712880,STANFORD UNIVERSITY,2019-02-25,public,"fastq,run.zq,sra","gs,s3,ncbi","s3.us-east-1,ncbi.public,gs.us-east1",SRX20997859,USA,North America,USA: Iowa,Illumina NovaSeq 6000,rna-seq_adrnl_training_female_1w_biological_rep4_vial_90567016002,PAIRED,PolyA,TRANSCRIPTOMIC,Rattus norvegicus,ILLUMINA,2023-09-30T00:00:00Z,2023-07-12T21:01:00Z,1,adrnl_training_female_1w_biological_rep4_vial_90567016002,female,SRP448906,fischer 344,Adrenal Powder,Training - 1 week,90567016002
SRR25251687,6 months,RNA-Seq,206,6890296652,PRJNA908279,SAMN36364345,Model organism or animal,2282976836,STANFORD UNIVERSITY,2018-11-13,public,"run.zq,sra,fastq","ncbi,gs,s3","gs.us-east1,s3.us-east-1,ncbi.public",SRX20997858,USA,North America,USA: Iowa,Illumina NovaSeq 6000,rna-seq_adrnl_training_male_4w_biological_rep3_vial_90283016002,PAIRED,PolyA,TRANSCRIPTOMIC,Rattus norvegicus,ILLUMINA,2023-09-30T00:00:00Z,2023-07-12T21:04:00Z,1,adrnl_training_male_4w_biological_rep3_vial_90283016002,male,SRP448906,fischer 344,Adrenal Powder,Training - 4 weeks,90283016002
SRR25251688,6 months,RNA-Seq,206,7481995808,PRJNA908279,SAMN36364344,Model organism or animal,2498253968,STANFORD UNIVERSITY,2018-11-13,public,"run.zq,fastq,sra","s3,ncbi,gs","s3.us-east-1,gs.us-east1,ncbi.public",SRX20997857,USA,North America,USA: Iowa,Illumina NovaSeq 6000,rna-seq_adrnl_training_male_4w_biological_rep2_vial_90281016002,PAIRED,PolyA,TRANSCRIPTOMIC,Rattus norvegicus,ILLUMINA,2023-09-30T00:00:00Z,2023-07-12T21:02:00Z,1,adrnl_training_male_4w_biological_rep2_vial_90281016002,male,SRP448906,fischer 344,Adrenal Powder,Training - 4 weeks,90281016002
SRR25251689,6 months,RNA-Seq,206,7170466334,PRJNA908279,SAMN36364343,Model organism or animal,2395084552,STANFORD UNIVERSITY,2018-11-13,public,"sra,run.zq,fastq","s3,ncbi,gs","ncbi.public,s3.us-east-1,gs.us-east1",SRX20997856,USA,North America,USA: Iowa,Illumina NovaSeq 6000,rna-seq_adrnl_training_male_4w_biological_rep1_vial_90280016002,PAIRED,PolyA,TRANSCRIPTOMIC,Rattus norvegicus,ILLUMINA,2023-09-30T00:00:00Z,2023-07-12T20:52:00Z,1,adrnl_training_male_4w_biological_rep1_vial_90280016002,male,SRP448906,fischer 344,Adrenal Powder,Training - 4 weeks,90280016002
SRR25251690,6 months,RNA-Seq,206,7357930866,PRJNA908279,SAMN36364359,Model organism or animal,2457811514,STANFORD UNIVERSITY,2019-01-29,public,"run.zq,sra,fastq","ncbi,gs,s3","ncbi.public,s3.us-east-1,gs.us-east1",SRX20997855,USA,North America,USA: Iowa,Illumina NovaSeq 6000,rna-seq_adrnl_training_male_2w_biological_rep2_vial_90441016002,PAIRED,PolyA,TRANSCRIPTOMIC,Rattus norvegicus,ILLUMINA,2023-09-30T00:00:00Z,2023-07-12T21:01:00Z,1,adrnl_training_male_2w_biological_rep2_vial_90441016002,male,SRP448906,fischer 344,Adrenal Powder,Training - 2 weeks,90441016002
SRR25251691,6 months,RNA-Seq,206,8343701018,PRJNA908279,SAMN36364358,Model organism or animal,2779864381,STANFORD UNIVERSITY,2019-01-28,public,"fastq,run.zq,sra","s3,ncbi,gs","gs.us-east1,s3.us-east-1,ncbi.public",SRX20997854,USA,North America,USA: Iowa,Illumina NovaSeq 6000,rna-seq_adrnl_training_male_2w_biological_rep1_vial_90439016002,PAIRED,PolyA,TRANSCRIPTOMIC,Rattus norvegicus,ILLUMINA,2023-09-30T00:00:00Z,2023-07-12T21:00:00Z,1,adrnl_training_male_2w_biological_rep1_vial_90439016002,male,SRP448906,fischer 344,Adrenal Powder,Training - 2 weeks,90439016002
SRR25251693,6 months,RNA-Seq,206,8682664336,PRJNA908279,SAMN36364182,Model organism or animal,2894798630,STANFORD UNIVERSITY,2019-01-30,public,"sra,fastq,run.zq","s3,ncbi,gs","gs.us-east1,ncbi.public,s3.us-east-1",SRX20997852,USA,North America,USA: Iowa,Illumina NovaSeq 6000,rna-seq_skm-gn_training_male_2w_biological_rep5_vial_90450015512,PAIRED,PolyA,TRANSCRIPTOMIC,Rattus norvegicus,ILLUMINA,2023-09-30T00:00:00Z,2023-07-12T20:57:00Z,1,skm-gn_training_male_2w_biological_rep5_vial_90450015512,male,SRP448906,fischer 344,Gastrocnemius Powder,Training - 2 weeks,90450015512
SRR25251694,6 months,RNA-Seq,206,7829086650,PRJNA908279,SAMN36364181,Model organism or animal,2599919730,STANFORD UNIVERSITY,2019-01-30,public,"sra,run.zq,fastq","s3,gs,ncbi","s3.us-east-1,ncbi.public,gs.us-east1",SRX20997851,USA,North America,USA: Iowa,Illumina NovaSeq 6000,rna-seq_skm-gn_training_male_2w_biological_rep4_vial_90449015512,PAIRED,PolyA,TRANSCRIPTOMIC,Rattus norvegicus,ILLUMINA,2023-09-30T00:00:00Z,2023-07-12T21:05:00Z,1,skm-gn_training_male_2w_biological_rep4_vial_90449015512,male,SRP448906,fischer 344,Gastrocnemius Powder,Training - 2 weeks,90449015512
SRR25251695,6 months,RNA-Seq,206,6926281144,PRJNA908279,SAMN36364180,Model organism or animal,2308449128,STANFORD UNIVERSITY,2019-01-29,public,"fastq,run.zq,sra","ncbi,gs,s3","gs.us-east1,ncbi.public,s3.us-east-1",SRX20997850,USA,North America,USA: Iowa,Illumina NovaSeq 6000,rna-seq_skm-gn_training_male_2w_biological_rep3_vial_90444015512,PAIRED,PolyA,TRANSCRIPTOMIC,Rattus norvegicus,ILLUMINA,2023-09-30T00:00:00Z,2023-07-12T20:53:00Z,1,skm-gn_training_male_2w_biological_rep3_vial_90444015512,male,SRP448906,fischer 344,Gastrocnemius Powder,Training - 2 weeks,90444015512
SRR25251696,6 months,RNA-Seq,206,6837011456,PRJNA908279,SAMN36364179,Model organism or animal,2277667405,STANFORD UNIVERSITY,2019-01-29,public,"sra,fastq,run.zq","ncbi,s3,gs","gs.us-east1,ncbi.public,s3.us-east-1",SRX20997849,USA,North America,USA: Iowa,Illumina NovaSeq 6000,rna-seq_skm-gn_training_male_2w_biological_rep2_vial_90441015512,PAIRED,PolyA,TRANSCRIPTOMIC,Rattus norvegicus,ILLUMINA,2023-09-30T00:00:00Z,2023-07-12T20:49:00Z,1,skm-gn_training_male_2w_biological_rep2_vial_90441015512,male,SRP448906,fischer 344,Gastrocnemius Powder,Training - 2 weeks,90441015512
SRR25251697,6 months,RNA-Seq,206,6728446160,PRJNA908279,SAMN36364178,Model organism or animal,2230536570,STANFORD UNIVERSITY,2019-01-28,public,"run.zq,sra,fastq","gs,s3,ncbi","ncbi.public,gs.us-east1,s3.us-east-1",SRX20997848,USA,North America,USA: Iowa,Illumina NovaSeq 6000,rna-seq_skm-gn_training_male_2w_biological_rep1_vial_90439015512,PAIRED,PolyA,TRANSCRIPTOMIC,Rattus norvegicus,ILLUMINA,2023-09-30T00:00:00Z,2023-07-12T20:50:00Z,1,skm-gn_training_male_2w_biological_rep1_vial_90439015512,male,SRP448906,fischer 344,Gastrocnemius Powder,Training - 2 weeks,90439015512
SRR25251698,6 months,RNA-Seq,206,7152633326,PRJNA908279,SAMN36364177,Model organism or animal,2380423096,STANFORD UNIVERSITY,2019-01-22,public,"sra,run.zq,fastq","ncbi,gs,s3","s3.us-east-1,gs.us-east1,ncbi.public",SRX20997847,USA,North America,USA: Iowa,Illumina NovaSeq 6000,rna-seq_skm-gn_training_male_1w_biological_rep5_vial_90430015512,PAIRED,PolyA,TRANSCRIPTOMIC,Rattus norvegicus,ILLUMINA,2023-09-30T00:00:00Z,2023-07-12T20:51:00Z,1,skm-gn_training_male_1w_biological_rep5_vial_90430015512,male,SRP448906,fischer 344,Gastrocnemius Powder,Training - 1 week,90430015512
SRR25251699,6 months,RNA-Seq,206,7241285426,PRJNA908279,SAMN36363934,Model organism or animal,2315883725,STANFORD UNIVERSITY,not available,public,"run.zq,sra,fastq","ncbi,gs,s3","ncbi.public,gs.us-east1,s3.us-east-1",SRX20997846,uncalculated,uncalculated,not available,Illumina NovaSeq 6000,rna-seq_lung_female_reference_7_vial_80027996619,PAIRED,PolyA,TRANSCRIPTOMIC,Rattus norvegicus,ILLUMINA,2023-09-30T00:00:00Z,2023-07-12T21:03:00Z,1,lung_female_reference_7_vial_80027996619,female,SRP448906,fischer 344,Lung Powder,Reference,80027996619
SRR25251700,6 months,RNA-Seq,206,6771367702,PRJNA908279,SAMN36364176,Model organism or animal,2253395117,STANFORD UNIVERSITY,2019-01-22,public,"sra,run.zq,fastq","gs,s3,ncbi","s3.us-east-1,gs.us-east1,ncbi.public",SRX20997845,USA,North America,USA: Iowa,Illumina NovaSeq 6000,rna-seq_skm-gn_training_male_1w_biological_rep4_vial_90426015512,PAIRED,PolyA,TRANSCRIPTOMIC,Rattus norvegicus,ILLUMINA,2023-09-30T00:00:00Z,2023-07-12T20:54:00Z,1,skm-gn_training_male_1w_biological_rep4_vial_90426015512,male,SRP448906,fischer 344,Gastrocnemius Powder,Training - 1 week,90426015512
SRR25251701,6 months,RNA-Seq,206,6918096352,PRJNA908279,SAMN36364175,Model organism or animal,2296606701,STANFORD UNIVERSITY,2019-01-21,public,"fastq,run.zq,sra","gs,s3,ncbi","ncbi.public,gs.us-east1,s3.us-east-1",SRX20997844,USA,North America,USA: Iowa,Illumina NovaSeq 6000,rna-seq_skm-gn_training_male_1w_biological_rep3_vial_90423015512,PAIRED,PolyA,TRANSCRIPTOMIC,Rattus norvegicus,ILLUMINA,2023-09-30T00:00:00Z,2023-07-12T20:58:00Z,1,skm-gn_training_male_1w_biological_rep3_vial_90423015512,male,SRP448906,fischer 344,Gastrocnemius Powder,Training - 1 week,90423015512
SRR25251702,6 months,RNA-Seq,206,7374885490,PRJNA908279,SAMN36364174,Model organism or animal,2461520206,STANFORD UNIVERSITY,2019-01-21,public,"sra,run.zq,fastq","ncbi,s3,gs","gs.us-east1,s3.us-east-1,ncbi.public",SRX20997843,USA,North America,USA: Iowa,Illumina NovaSeq 6000,rna-seq_skm-gn_training_male_1w_biological_rep2_vial_90422015512,PAIRED,PolyA,TRANSCRIPTOMIC,Rattus norvegicus,ILLUMINA,2023-09-30T00:00:00Z,2023-07-12T21:01:00Z,1,skm-gn_training_male_1w_biological_rep2_vial_90422015512,male,SRP448906,fischer 344,Gastrocnemius Powder,Training - 1 week,90422015512
SRR25251703,6 months,RNA-Seq,206,7744235868,PRJNA908279,SAMN36364173,Model organism or animal,2580175655,STANFORD UNIVERSITY,2019-01-21,public,"fastq,sra,run.zq","s3,ncbi,gs","s3.us-east-1,gs.us-east1,ncbi.public",SRX20997842,USA,North America,USA: Iowa,Illumina NovaSeq 6000,rna-seq_skm-gn_training_male_1w_biological_rep1_vial_90421015512,PAIRED,PolyA,TRANSCRIPTOMIC,Rattus norvegicus,ILLUMINA,2023-09-30T00:00:00Z,2023-07-12T21:04:00Z,1,skm-gn_training_male_1w_biological_rep1_vial_90421015512,male,SRP448906,fischer 344,Gastrocnemius Powder,Training - 1 week,90421015512
SRR25251704,6 months,RNA-Seq,206,7040190698,PRJNA908279,SAMN36364172,Model organism or animal,2351230473,STANFORD UNIVERSITY,2018-12-06,public,"sra,fastq,run.zq","gs,ncbi,s3","s3.us-east-1,ncbi.public,gs.us-east1",SRX20997841,USA,North America,USA: Iowa,Illumina NovaSeq 6000,rna-seq_skm-gn_training_female_4w_biological_rep5_vial_90420015512,PAIRED,PolyA,TRANSCRIPTOMIC,Rattus norvegicus,ILLUMINA,2023-09-30T00:00:00Z,2023-07-12T20:49:00Z,1,skm-gn_training_female_4w_biological_rep5_vial_90420015512,female,SRP448906,fischer 344,Gastrocnemius Powder,Training - 4 weeks,90420015512
SRR25251705,6 months,RNA-Seq,206,6865143434,PRJNA908279,SAMN36364171,Model organism or animal,2285261335,STANFORD UNIVERSITY,2018-12-06,public,"fastq,sra,run.zq","s3,gs,ncbi","gs.us-east1,ncbi.public,s3.us-east-1",SRX20997840,USA,North America,USA: Iowa,Illumina NovaSeq 6000,rna-seq_skm-gn_training_female_4w_biological_rep4_vial_90416015512,PAIRED,PolyA,TRANSCRIPTOMIC,Rattus norvegicus,ILLUMINA,2023-09-30T00:00:00Z,2023-07-12T20:50:00Z,1,skm-gn_training_female_4w_biological_rep4_vial_90416015512,female,SRP448906,fischer 344,Gastrocnemius Powder,Training - 4 weeks,90416015512
SRR25251706,6 months,RNA-Seq,206,6863467830,PRJNA908279,SAMN36364170,Model organism or animal,2305857822,STANFORD UNIVERSITY,2018-12-05,public,"sra,fastq,run.zq","s3,ncbi,gs","s3.us-east-1,ncbi.public,gs.us-east1",SRX20997839,USA,North America,USA: Iowa,Illumina NovaSeq 6000,rna-seq_skm-gn_training_female_4w_biological_rep3_vial_90412015512,PAIRED,PolyA,TRANSCRIPTOMIC,Rattus norvegicus,ILLUMINA,2023-09-30T00:00:00Z,2023-07-12T20:53:00Z,1,skm-gn_training_female_4w_biological_rep3_vial_90412015512,female,SRP448906,fischer 344,Gastrocnemius Powder,Training - 4 weeks,90412015512
SRR25251707,6 months,RNA-Seq,206,7209545358,PRJNA908279,SAMN36364169,Model organism or animal,2394513547,STANFORD UNIVERSITY,2018-12-04,public,"run.zq,fastq,sra","ncbi,s3,gs","gs.us-east1,ncbi.public,s3.us-east-1",SRX20997838,USA,North America,USA: Iowa,Illumina NovaSeq 6000,rna-seq_skm-gn_training_female_4w_biological_rep2_vial_90410015512,PAIRED,PolyA,TRANSCRIPTOMIC,Rattus norvegicus,ILLUMINA,2023-09-30T00:00:00Z,2023-07-12T20:52:00Z,1,skm-gn_training_female_4w_biological_rep2_vial_90410015512,female,SRP448906,fischer 344,Gastrocnemius Powder,Training - 4 weeks,90410015512
SRR25251708,6 months,RNA-Seq,206,8251292302,PRJNA908279,SAMN36364168,Model organism or animal,2741958481,STANFORD UNIVERSITY,2018-12-04,public,"fastq,sra,run.zq","ncbi,s3,gs","ncbi.public,s3.us-east-1,gs.us-east1",SRX20997837,USA,North America,USA: Iowa,Illumina NovaSeq 6000,rna-seq_skm-gn_training_female_4w_biological_rep1_vial_90406015512,PAIRED,PolyA,TRANSCRIPTOMIC,Rattus norvegicus,ILLUMINA,2023-09-30T00:00:00Z,2023-07-12T21:02:00Z,1,skm-gn_training_female_4w_biological_rep1_vial_90406015512,female,SRP448906,fischer 344,Gastrocnemius Powder,Training - 4 weeks,90406015512
SRR25251709,6 months,RNA-Seq,206,6507887728,PRJNA908279,SAMN36364167,Model organism or animal,2152136237,STANFORD UNIVERSITY,2018-11-15,public,"sra,fastq,run.zq","ncbi,s3,gs","gs.us-east1,ncbi.public,s3.us-east-1",SRX20997836,USA,North America,USA: Iowa,Illumina NovaSeq 6000,rna-seq_skm-gn_training_male_4w_biological_rep5_vial_90292015512,PAIRED,PolyA,TRANSCRIPTOMIC,Rattus norvegicus,ILLUMINA,2023-09-30T00:00:00Z,2023-07-12T20:52:00Z,1,skm-gn_training_male_4w_biological_rep5_vial_90292015512,male,SRP448906,fischer 344,Gastrocnemius Powder,Training - 4 weeks,90292015512
SRR25251710,6 months,RNA-Seq,206,6680020916,PRJNA908279,SAMN36363931,Model organism or animal,2230536890,STANFORD UNIVERSITY,not available,public,"run.zq,sra,fastq","s3,gs,ncbi","gs.us-east1,ncbi.public,s3.us-east-1",SRX20997835,uncalculated,uncalculated,not available,Illumina NovaSeq 6000,rna-seq_adrnl_male_reference_6_vial_80040886026,PAIRED,PolyA,TRANSCRIPTOMIC,Rattus norvegicus,ILLUMINA,2023-09-30T00:00:00Z,2023-07-12T20:54:00Z,1,adrnl_male_reference_6_vial_80040886026,male,SRP448906,fischer 344,Adrenal Powder,Reference,80040886026
SRR25251713,6 months,RNA-Seq,206,7504713076,PRJNA908279,SAMN36364164,Model organism or animal,2474677967,STANFORD UNIVERSITY,2018-11-13,public,"fastq,sra,run.zq","s3,gs,ncbi","gs.us-east1,ncbi.public,s3.us-east-1",SRX20997832,USA,North America,USA: Iowa,Illumina NovaSeq 6000,rna-seq_skm-gn_training_male_4w_biological_rep2_vial_90281015512,PAIRED,PolyA,TRANSCRIPTOMIC,Rattus norvegicus,ILLUMINA,2023-09-30T00:00:00Z,2023-07-12T20:57:00Z,1,skm-gn_training_male_4w_biological_rep2_vial_90281015512,male,SRP448906,fischer 344,Gastrocnemius Powder,Training - 4 weeks,90281015512
SRR25251714,6 months,RNA-Seq,206,8958007438,PRJNA908279,SAMN36364163,Model organism or animal,2962442214,STANFORD UNIVERSITY,2018-11-13,public,"sra,fastq,run.zq","gs,ncbi,s3","s3.us-east-1,ncbi.public,gs.us-east1",SRX20997831,USA,North America,USA: Iowa,Illumina NovaSeq 6000,rna-seq_skm-gn_training_male_4w_biological_rep1_vial_90280015512,PAIRED,PolyA,TRANSCRIPTOMIC,Rattus norvegicus,ILLUMINA,2023-09-30T00:00:00Z,2023-07-12T21:03:00Z,1,skm-gn_training_male_4w_biological_rep1_vial_90280015512,male,SRP448906,fischer 344,Gastrocnemius Powder,Training - 4 weeks,90280015512
SRR25251716,6 months,RNA-Seq,206,5887962246,PRJNA908279,SAMN36364290,Model organism or animal,1979665415,STANFORD UNIVERSITY,2019-03-05,public,"run.zq,sra,fastq","gs,s3,ncbi","gs.us-east1,s3.us-east-1,ncbi.public",SRX20997829,USA,North America,USA: Iowa,Illumina NovaSeq 6000,rna-seq_heart_training_female_2w_biological_rep3_vial_90581015803,PAIRED,PolyA,TRANSCRIPTOMIC,Rattus norvegicus,ILLUMINA,2023-09-30T00:00:00Z,2023-07-12T20:49:00Z,1,heart_training_female_2w_biological_rep3_vial_90581015803,female,SRP448906,fischer 344,Heart Powder,Training - 2 weeks,90581015803
SRR25251717,6 months,RNA-Seq,206,6877485718,PRJNA908279,SAMN36364289,Model organism or animal,2304339878,STANFORD UNIVERSITY,2019-03-04,public,"fastq,sra,run.zq","s3,gs,ncbi","gs.us-east1,ncbi.public,s3.us-east-1",SRX20997828,USA,North America,USA: Iowa,Illumina NovaSeq 6000,rna-seq_heart_training_female_2w_biological_rep2_vial_90578015803,PAIRED,PolyA,TRANSCRIPTOMIC,Rattus norvegicus,ILLUMINA,2023-09-30T00:00:00Z,2023-07-12T21:03:00Z,1,heart_training_female_2w_biological_rep2_vial_90578015803,female,SRP448906,fischer 344,Heart Powder,Training - 2 weeks,90578015803
SRR25251718,6 months,RNA-Seq,206,8048704486,PRJNA908279,SAMN36364288,Model organism or animal,2705504542,STANFORD UNIVERSITY,2019-03-04,public,"sra,run.zq,fastq","s3,gs,ncbi","gs.us-east1,ncbi.public,s3.us-east-1",SRX20997827,USA,North America,USA: Iowa,Illumina NovaSeq 6000,rna-seq_heart_training_female_2w_biological_rep1_vial_90576015803,PAIRED,PolyA,TRANSCRIPTOMIC,Rattus norvegicus,ILLUMINA,2023-09-30T00:00:00Z,2023-07-12T21:03:00Z,1,heart_training_female_2w_biological_rep1_vial_90576015803,female,SRP448906,fischer 344,Heart Powder,Training - 2 weeks,90576015803
SRR25251720,6 months,RNA-Seq,206,7603434044,PRJNA908279,SAMN36364287,Model organism or animal,2529295705,STANFORD UNIVERSITY,2019-02-26,public,"run.zq,fastq,sra","ncbi,gs,s3","gs.us-east1,s3.us-east-1,ncbi.public",SRX20997825,USA,North America,USA: Iowa,Illumina NovaSeq 6000,rna-seq_heart_training_female_1w_biological_rep5_vial_90571015803,PAIRED,PolyA,TRANSCRIPTOMIC,Rattus norvegicus,ILLUMINA,2023-09-30T00:00:00Z,2023-07-12T21:02:00Z,1,heart_training_female_1w_biological_rep5_vial_90571015803,female,SRP448906,fischer 344,Heart Powder,Training - 1 week,90571015803
SRR25251721,6 months,RNA-Seq,206,8780371784,PRJNA908279,SAMN36364286,Model organism or animal,2934905132,STANFORD UNIVERSITY,2019-02-25,public,"run.zq,sra,fastq","ncbi,gs,s3","ncbi.public,gs.us-east1,s3.us-east-1",SRX20997824,USA,North America,USA: Iowa,Illumina NovaSeq 6000,rna-seq_heart_training_female_1w_biological_rep4_vial_90567015803,PAIRED,PolyA,TRANSCRIPTOMIC,Rattus norvegicus,ILLUMINA,2023-09-30T00:00:00Z,2023-07-12T20:58:00Z,1,heart_training_female_1w_biological_rep4_vial_90567015803,female,SRP448906,fischer 344,Heart Powder,Training - 1 week,90567015803
SRR25251723,6 months,RNA-Seq,206,8107478552,PRJNA908279,SAMN36364267,Model organism or animal,2695200788,STANFORD UNIVERSITY,2018-11-15,public,"fastq,run.zq,sra","ncbi,s3,gs","ncbi.public,gs.us-east1,s3.us-east-1",SRX20997822,USA,North America,USA: Iowa,Illumina NovaSeq 6000,rna-seq_heart_training_male_4w_biological_rep5_vial_90292015803,PAIRED,PolyA,TRANSCRIPTOMIC,Rattus norvegicus,ILLUMINA,2023-09-30T00:00:00Z,2023-07-12T21:06:00Z,1,heart_training_male_4w_biological_rep5_vial_90292015803,male,SRP448906,fischer 344,Heart Powder,Training - 4 weeks,90292015803
SRR25251724,6 months,RNA-Seq,206,6844781776,PRJNA908279,SAMN36364266,Model organism or animal,2300647833,STANFORD UNIVERSITY,2018-11-15,public,"sra,run.zq,fastq","s3,gs,ncbi","gs.us-east1,ncbi.public,s3.us-east-1",SRX20997821,USA,North America,USA: Iowa,Illumina NovaSeq 6000,rna-seq_heart_training_male_4w_biological_rep4_vial_90289015803,PAIRED,PolyA,TRANSCRIPTOMIC,Rattus norvegicus,ILLUMINA,2023-09-30T00:00:00Z,2023-07-12T20:51:00Z,1,heart_training_male_4w_biological_rep4_vial_90289015803,male,SRP448906,fischer 344,Heart Powder,Training - 4 weeks,90289015803
SRR25251725,6 months,RNA-Seq,206,8352202432,PRJNA908279,SAMN36364265,Model organism or animal,2794680521,STANFORD UNIVERSITY,2018-11-13,public,"fastq,sra,run.zq","ncbi,gs,s3","s3.us-east-1,gs.us-east1,ncbi.public",SRX20997820,USA,North America,USA: Iowa,Illumina NovaSeq 6000,rna-seq_heart_training_male_4w_biological_rep3_vial_90283015803,PAIRED,PolyA,TRANSCRIPTOMIC,Rattus norvegicus,ILLUMINA,2023-09-30T00:00:00Z,2023-07-12T21:04:00Z,1,heart_training_male_4w_biological_rep3_vial_90283015803,male,SRP448906,fischer 344,Heart Powder,Training - 4 weeks,90283015803
SRR25251726,6 months,RNA-Seq,206,7803385678,PRJNA908279,SAMN36364264,Model organism or animal,2623635291,STANFORD UNIVERSITY,2018-11-13,public,"fastq,sra,run.zq","s3,gs,ncbi","gs.us-east1,ncbi.public,s3.us-east-1",SRX20997819,USA,North America,USA: Iowa,Illumina NovaSeq 6000,rna-seq_heart_training_male_4w_biological_rep2_vial_90281015803,PAIRED,PolyA,TRANSCRIPTOMIC,Rattus norvegicus,ILLUMINA,2023-09-30T00:00:00Z,2023-07-12T21:00:00Z,1,heart_training_male_4w_biological_rep2_vial_90281015803,male,SRP448906,fischer 344,Heart Powder,Training - 4 weeks,90281015803
SRR25251727,6 months,RNA-Seq,206,7392328128,PRJNA908279,SAMN36364263,Model organism or animal,2482668071,STANFORD UNIVERSITY,2018-11-13,public,"sra,fastq,run.zq","ncbi,s3,gs","ncbi.public,s3.us-east-1,gs.us-east1",SRX20997818,USA,North America,USA: Iowa,Illumina NovaSeq 6000,rna-seq_heart_training_male_4w_biological_rep1_vial_90280015803,PAIRED,PolyA,TRANSCRIPTOMIC,Rattus norvegicus,ILLUMINA,2023-09-30T00:00:00Z,2023-07-12T21:02:00Z,1,heart_training_male_4w_biological_rep1_vial_90280015803,male,SRP448906,fischer 344,Heart Powder,Training - 4 weeks,90280015803
SRR25251728,6 months,RNA-Seq,206,8658758242,PRJNA908279,SAMN36364282,Model organism or animal,2906663301,STANFORD UNIVERSITY,2019-01-30,public,"fastq,run.zq,sra","s3,ncbi,gs","s3.us-east-1,gs.us-east1,ncbi.public",SRX20997817,USA,North America,USA: Iowa,Illumina NovaSeq 6000,rna-seq_heart_training_male_2w_biological_rep5_vial_90450015803,PAIRED,PolyA,TRANSCRIPTOMIC,Rattus norvegicus,ILLUMINA,2023-09-30T00:00:00Z,2023-07-12T21:05:00Z,1,heart_training_male_2w_biological_rep5_vial_90450015803,male,SRP448906,fischer 344,Heart Powder,Training - 2 weeks,90450015803
SRR25251729,6 months,RNA-Seq,206,8518759200,PRJNA908279,SAMN36364281,Model organism or animal,2859289309,STANFORD UNIVERSITY,2019-01-30,public,"fastq,run.zq,sra","ncbi,gs,s3","s3.us-east-1,ncbi.public,gs.us-east1",SRX20997816,USA,North America,USA: Iowa,Illumina NovaSeq 6000,rna-seq_heart_training_male_2w_biological_rep4_vial_90449015803,PAIRED,PolyA,TRANSCRIPTOMIC,Rattus norvegicus,ILLUMINA,2023-09-30T00:00:00Z,2023-07-12T21:05:00Z,1,heart_training_male_2w_biological_rep4_vial_90449015803,male,SRP448906,fischer 344,Heart Powder,Training - 2 weeks,90449015803
SRR25251730,6 months,RNA-Seq,206,8408925562,PRJNA908279,SAMN36364280,Model organism or animal,2815097378,STANFORD UNIVERSITY,2019-01-29,public,"run.zq,sra,fastq","s3,gs,ncbi","ncbi.public,s3.us-east-1,gs.us-east1",SRX20997815,USA,North America,USA: Iowa,Illumina NovaSeq 6000,rna-seq_heart_training_male_2w_biological_rep3_vial_90444015803,PAIRED,PolyA,TRANSCRIPTOMIC,Rattus norvegicus,ILLUMINA,2023-09-30T00:00:00Z,2023-07-12T21:03:00Z,1,heart_training_male_2w_biological_rep3_vial_90444015803,male,SRP448906,fischer 344,Heart Powder,Training - 2 weeks,90444015803
SRR25251731,6 months,RNA-Seq,206,8446635304,PRJNA908279,SAMN36364279,Model organism or animal,2865147596,STANFORD UNIVERSITY,2019-01-29,public,"sra,run.zq,fastq","gs,ncbi,s3","gs.us-east1,s3.us-east-1,ncbi.public",SRX20997814,USA,North America,USA: Iowa,Illumina NovaSeq 6000,rna-seq_heart_training_male_2w_biological_rep2_vial_90441015803,PAIRED,PolyA,TRANSCRIPTOMIC,Rattus norvegicus,ILLUMINA,2023-09-30T00:00:00Z,2023-07-12T21:03:00Z,1,heart_training_male_2w_biological_rep2_vial_90441015803,male,SRP448906,fischer 344,Heart Powder,Training - 2 weeks,90441015803
SRR25251732,6 months,RNA-Seq,206,8739622924,PRJNA908279,SAMN36364278,Model organism or animal,2932029966,STANFORD UNIVERSITY,2019-01-28,public,"run.zq,sra,fastq","gs,s3,ncbi","ncbi.public,gs.us-east1,s3.us-east-1",SRX20997813,USA,North America,USA: Iowa,Illumina NovaSeq 6000,rna-seq_heart_training_male_2w_biological_rep1_vial_90439015803,PAIRED,PolyA,TRANSCRIPTOMIC,Rattus norvegicus,ILLUMINA,2023-09-30T00:00:00Z,2023-07-12T21:03:00Z,1,heart_training_male_2w_biological_rep1_vial_90439015803,male,SRP448906,fischer 344,Heart Powder,Training - 2 weeks,90439015803
SRR25251734,6 months,RNA-Seq,206,7788831984,PRJNA908279,SAMN36364277,Model organism or animal,2600688723,STANFORD UNIVERSITY,2019-01-22,public,"sra,run.zq,fastq","s3,gs,ncbi","gs.us-east1,s3.us-east-1,ncbi.public",SRX20997811,USA,North America,USA: Iowa,Illumina NovaSeq 6000,rna-seq_heart_training_male_1w_biological_rep5_vial_90430015803,PAIRED,PolyA,TRANSCRIPTOMIC,Rattus norvegicus,ILLUMINA,2023-09-30T00:00:00Z,2023-07-12T21:03:00Z,1,heart_training_male_1w_biological_rep5_vial_90430015803,male,SRP448906,fischer 344,Heart Powder,Training - 1 week,90430015803
SRR25251735,6 months,RNA-Seq,206,8663095778,PRJNA908279,SAMN36364276,Model organism or animal,2891511647,STANFORD UNIVERSITY,2019-01-22,public,"run.zq,sra,fastq","s3,gs,ncbi","gs.us-east1,ncbi.public,s3.us-east-1",SRX20997810,USA,North America,USA: Iowa,Illumina NovaSeq 6000,rna-seq_heart_training_male_1w_biological_rep4_vial_90426015803,PAIRED,PolyA,TRANSCRIPTOMIC,Rattus norvegicus,ILLUMINA,2023-09-30T00:00:00Z,2023-07-12T21:02:00Z,1,heart_training_male_1w_biological_rep4_vial_90426015803,male,SRP448906,fischer 344,Heart Powder,Training - 1 week,90426015803
SRR25251736,6 months,RNA-Seq,206,8610346594,PRJNA908279,SAMN36364275,Model organism or animal,2861330318,STANFORD UNIVERSITY,2019-01-21,public,"run.zq,fastq,sra","s3,ncbi,gs","ncbi.public,gs.us-east1,s3.us-east-1",SRX20997809,USA,North America,USA: Iowa,Illumina NovaSeq 6000,rna-seq_heart_training_male_1w_biological_rep3_vial_90423015803,PAIRED,PolyA,TRANSCRIPTOMIC,Rattus norvegicus,ILLUMINA,2023-09-30T00:00:00Z,2023-07-12T21:03:00Z,1,heart_training_male_1w_biological_rep3_vial_90423015803,male,SRP448906,fischer 344,Heart Powder,Training - 1 week,90423015803
SRR25251737,6 months,RNA-Seq,206,7862815030,PRJNA908279,SAMN36364274,Model organism or animal,2646955866,STANFORD UNIVERSITY,2019-01-21,public,"sra,fastq,run.zq","gs,s3,ncbi","ncbi.public,gs.us-east1,s3.us-east-1",SRX20997808,USA,North America,USA: Iowa,Illumina NovaSeq 6000,rna-seq_heart_training_male_1w_biological_rep2_vial_90422015803,PAIRED,PolyA,TRANSCRIPTOMIC,Rattus norvegicus,ILLUMINA,2023-09-30T00:00:00Z,2023-07-12T21:03:00Z,1,heart_training_male_1w_biological_rep2_vial_90422015803,male,SRP448906,fischer 344,Heart Powder,Training - 1 week,90422015803
SRR25251738,6 months,RNA-Seq,206,7894617104,PRJNA908279,SAMN36364273,Model organism or animal,2638751322,STANFORD UNIVERSITY,2019-01-21,public,"sra,fastq,run.zq","gs,s3,ncbi","gs.us-east1,s3.us-east-1,ncbi.public",SRX20997807,USA,North America,USA: Iowa,Illumina NovaSeq 6000,rna-seq_heart_training_male_1w_biological_rep1_vial_90421015803,PAIRED,PolyA,TRANSCRIPTOMIC,Rattus norvegicus,ILLUMINA,2023-09-30T00:00:00Z,2023-07-12T21:01:00Z,1,heart_training_male_1w_biological_rep1_vial_90421015803,male,SRP448906,fischer 344,Heart Powder,Training - 1 week,90421015803
SRR25251739,6 months,RNA-Seq,206,9827693500,PRJNA908279,SAMN36364272,Model organism or animal,3299968480,STANFORD UNIVERSITY,2018-12-06,public,"fastq,run.zq,sra","ncbi,gs,s3","s3.us-east-1,gs.us-east1,ncbi.public",SRX20997806,USA,North America,USA: Iowa,Illumina NovaSeq 6000,rna-seq_heart_training_female_4w_biological_rep5_vial_90420015803,PAIRED,PolyA,TRANSCRIPTOMIC,Rattus norvegicus,ILLUMINA,2023-09-30T00:00:00Z,2023-07-12T21:05:00Z,1,heart_training_female_4w_biological_rep5_vial_90420015803,female,SRP448906,fischer 344,Heart Powder,Training - 4 weeks,90420015803
SRR25251740,6 months,RNA-Seq,206,8072785062,PRJNA908279,SAMN36364596,Model organism or animal,2582702277,STANFORD UNIVERSITY,2018-11-15,public,"run.zq,sra,fastq","s3,gs,ncbi","ncbi.public,gs.us-east1,s3.us-east-1",SRX20997804,USA,North America,USA: Iowa,Illumina NovaSeq 6000,rna-seq_smlint_training_male_4w_biological_rep5_vial_90292016702,PAIRED,PolyA,TRANSCRIPTOMIC,Rattus norvegicus,ILLUMINA,2023-09-30T00:00:00Z,2023-07-12T21:00:00Z,1,smlint_training_male_4w_biological_rep5_vial_90292016702,male,SRP448906,fischer 344,Small Intestine Powder,Training - 4 weeks,90292016702
SRR25251741,6 months,RNA-Seq,206,7527701234,PRJNA908279,SAMN36364595,Model organism or animal,2430297973,STANFORD UNIVERSITY,2018-11-15,public,"run.zq,sra,fastq","s3,gs,ncbi","gs.us-east1,ncbi.public,s3.us-east-1",SRX20997803,USA,North America,USA: Iowa,Illumina NovaSeq 6000,rna-seq_smlint_training_male_4w_biological_rep4_vial_90289016702,PAIRED,PolyA,TRANSCRIPTOMIC,Rattus norvegicus,ILLUMINA,2023-09-30T00:00:00Z,2023-07-12T21:01:00Z,1,smlint_training_male_4w_biological_rep4_vial_90289016702,male,SRP448906,fischer 344,Small Intestine Powder,Training - 4 weeks,90289016702
SRR25251742,6 months,RNA-Seq,206,7662215938,PRJNA908279,SAMN36364594,Model organism or animal,2460955746,STANFORD UNIVERSITY,2018-11-13,public,"sra,fastq,run.zq","gs,s3,ncbi","gs.us-east1,s3.us-east-1,ncbi.public",SRX20997802,USA,North America,USA: Iowa,Illumina NovaSeq 6000,rna-seq_smlint_training_male_4w_biological_rep3_vial_90283016702,PAIRED,PolyA,TRANSCRIPTOMIC,Rattus norvegicus,ILLUMINA,2023-09-30T00:00:00Z,2023-07-12T21:00:00Z,1,smlint_training_male_4w_biological_rep3_vial_90283016702,male,SRP448906,fischer 344,Small Intestine Powder,Training - 4 weeks,90283016702
SRR25251743,6 months,RNA-Seq,206,7079660092,PRJNA908279,SAMN36364593,Model organism or animal,2275201322,STANFORD UNIVERSITY,2018-11-13,public,"sra,fastq,run.zq","ncbi,s3,gs","ncbi.public,gs.us-east1,s3.us-east-1",SRX20997801,USA,North America,USA: Iowa,Illumina NovaSeq 6000,rna-seq_smlint_training_male_4w_biological_rep2_vial_90281016702,PAIRED,PolyA,TRANSCRIPTOMIC,Rattus norvegicus,ILLUMINA,2023-09-30T00:00:00Z,2023-07-12T20:57:00Z,1,smlint_training_male_4w_biological_rep2_vial_90281016702,male,SRP448906,fischer 344,Small Intestine Powder,Training - 4 weeks,90281016702
SRR25251744,6 months,RNA-Seq,206,6794517364,PRJNA908279,SAMN36364592,Model organism or animal,2169300006,STANFORD UNIVERSITY,2018-11-13,public,"sra,run.zq,fastq","s3,gs,ncbi","s3.us-east-1,ncbi.public,gs.us-east1",SRX20997800,USA,North America,USA: Iowa,Illumina NovaSeq 6000,rna-seq_smlint_training_male_4w_biological_rep1_vial_90280016702,PAIRED,PolyA,TRANSCRIPTOMIC,Rattus norvegicus,ILLUMINA,2023-09-30T00:00:00Z,2023-07-12T20:50:00Z,1,smlint_training_male_4w_biological_rep1_vial_90280016702,male,SRP448906,fischer 344,Small Intestine Powder,Training - 4 weeks,90280016702
SRR25251747,6 months,RNA-Seq,206,6738967404,PRJNA908279,SAMN36363977,Model organism or animal,2169225611,STANFORD UNIVERSITY,2019-01-22,public,"fastq,run.zq,sra","s3,ncbi,gs","s3.us-east-1,ncbi.public,gs.us-east1",SRX20997797,USA,North America,USA: Iowa,Illumina NovaSeq 6000,rna-seq_blood_training_male_1w_biological_rep5_vial_90430013001,PAIRED,PolyA,TRANSCRIPTOMIC,Rattus norvegicus,ILLUMINA,2023-09-30T00:00:00Z,2023-07-12T20:50:00Z,1,blood_training_male_1w_biological_rep5_vial_90430013001,male,SRP448906,fischer 344,PaxGene RNA,Training - 1 week,90430013001
SRR25251748,6 months,RNA-Seq,210,6664978320,PRJNA908279,SAMN36363914,Model organism or animal,2216775594,STANFORD UNIVERSITY,not available,public,"sra,fastq,run.zq","ncbi,gs,s3","ncbi.public,gs.us-east1,s3.us-east-1",SRX20997796,uncalculated,uncalculated,not available,Illumina NovaSeq 6000,rna-seq_hippoc_female_reference_2_vial_80035995207,PAIRED,PolyA,TRANSCRIPTOMIC,Rattus norvegicus,ILLUMINA,2023-09-30T00:00:00Z,2023-07-12T20:49:00Z,1,hippoc_female_reference_2_vial_80035995207,female,SRP448906,fischer 344,Hippocampus Powder,Reference,80035995207
SRR25251751,6 months,RNA-Seq,206,7675836452,PRJNA908279,SAMN36364567,Model organism or animal,2457499592,STANFORD UNIVERSITY,2019-03-04,public,"run.zq,sra,fastq","ncbi,s3,gs","s3.us-east-1,gs.us-east1,ncbi.public",SRX20997793,USA,North America,USA: Iowa,Illumina NovaSeq 6000,rna-seq_lung_training_female_2w_biological_rep1_vial_90576016603,PAIRED,PolyA,TRANSCRIPTOMIC,Rattus norvegicus,ILLUMINA,2023-09-30T00:00:00Z,2023-07-12T21:00:00Z,1,lung_training_female_2w_biological_rep1_vial_90576016603,female,SRP448906,fischer 344,Lung Powder,Training - 2 weeks,90576016603
SRR25251752,6 months,RNA-Seq,206,8038543330,PRJNA908279,SAMN36364566,Model organism or animal,2564997125,STANFORD UNIVERSITY,2019-02-26,public,"run.zq,sra,fastq","s3,ncbi,gs","ncbi.public,s3.us-east-1,gs.us-east1",SRX20997792,USA,North America,USA: Iowa,Illumina NovaSeq 6000,rna-seq_lung_training_female_1w_biological_rep5_vial_90571016603,PAIRED,PolyA,TRANSCRIPTOMIC,Rattus norvegicus,ILLUMINA,2023-09-30T00:00:00Z,2023-07-12T21:01:00Z,1,lung_training_female_1w_biological_rep5_vial_90571016603,female,SRP448906,fischer 344,Lung Powder,Training - 1 week,90571016603
SRR25251753,6 months,RNA-Seq,206,7609935610,PRJNA908279,SAMN36364565,Model organism or animal,2436472484,STANFORD UNIVERSITY,2019-02-25,public,"fastq,run.zq,sra","s3,ncbi,gs","gs.us-east1,s3.us-east-1,ncbi.public",SRX20997791,USA,North America,USA: Iowa,Illumina NovaSeq 6000,rna-seq_lung_training_female_1w_biological_rep4_vial_90567016603,PAIRED,PolyA,TRANSCRIPTOMIC,Rattus norvegicus,ILLUMINA,2023-09-30T00:00:00Z,2023-07-12T21:02:00Z,1,lung_training_female_1w_biological_rep4_vial_90567016603,female,SRP448906,fischer 344,Lung Powder,Training - 1 week,90567016603
SRR25251759,6 months,RNA-Seq,206,5102780886,PRJNA908279,SAMN36363976,Model organism or animal,1659987633,STANFORD UNIVERSITY,2019-01-22,public,"sra,run.zq,fastq","s3,gs,ncbi","ncbi.public,s3.us-east-1,gs.us-east1",SRX20997785,USA,North America,USA: Iowa,Illumina NovaSeq 6000,rna-seq_blood_training_male_1w_biological_rep4_vial_90426013001,PAIRED,PolyA,TRANSCRIPTOMIC,Rattus norvegicus,ILLUMINA,2023-09-30T00:00:00Z,2023-07-12T20:48:00Z,1,blood_training_male_1w_biological_rep4_vial_90426013001,male,SRP448906,fischer 344,PaxGene RNA,Training - 1 week,90426013001
SRR25251764,6 months,RNA-Seq,206,7524185226,PRJNA908279,SAMN36364509,Model organism or animal,2430167631,STANFORD UNIVERSITY,2018-12-05,public,"sra,fastq,run.zq","ncbi,gs,s3","ncbi.public,s3.us-east-1,gs.us-east1",SRX20997780,USA,North America,USA: Iowa,Illumina NovaSeq 6000,rna-seq_ovary_training_female_4w_biological_rep3_vial_90412016402,PAIRED,PolyA,TRANSCRIPTOMIC,Rattus norvegicus,ILLUMINA,2023-09-30T00:00:00Z,2023-07-12T21:02:00Z,1,ovary_training_female_4w_biological_rep3_vial_90412016402,female,SRP448906,fischer 344,Ovaries Powder,Training - 4 weeks,90412016402
SRR25251765,6 months,RNA-Seq,206,7205329156,PRJNA908279,SAMN36364508,Model organism or animal,2305447906,STANFORD UNIVERSITY,2018-12-04,public,"fastq,sra,run.zq","ncbi,s3,gs","s3.us-east-1,gs.us-east1,ncbi.public",SRX20997779,USA,North America,USA: Iowa,Illumina NovaSeq 6000,rna-seq_ovary_training_female_4w_biological_rep1_vial_90406016402,PAIRED,PolyA,TRANSCRIPTOMIC,Rattus norvegicus,ILLUMINA,2023-09-30T00:00:00Z,2023-07-12T20:49:00Z,1,ovary_training_female_4w_biological_rep1_vial_90406016402,female,SRP448906,fischer 344,Ovaries Powder,Training - 4 weeks,90406016402
SRR25251767,6 months,RNA-Seq,206,9970934158,PRJNA908279,SAMN36364485,Model organism or animal,3213851880,STANFORD UNIVERSITY,2018-11-13,public,"sra,fastq,run.zq","s3,ncbi,gs","gs.us-east1,ncbi.public,s3.us-east-1",SRX20997777,USA,North America,USA: Iowa,Illumina NovaSeq 6000,rna-seq_testes_training_male_4w_biological_rep3_vial_90283016302,PAIRED,PolyA,TRANSCRIPTOMIC,Rattus norvegicus,ILLUMINA,2023-09-30T00:00:00Z,2023-07-12T21:01:00Z,1,testes_training_male_4w_biological_rep3_vial_90283016302,male,SRP448906,fischer 344,Testes Powder,Training - 4 weeks,90283016302
SRR25251773,6 months,RNA-Seq,206,6062646538,PRJNA908279,SAMN36363968,Model organism or animal,1968521714,STANFORD UNIVERSITY,2018-12-04,public,"sra,fastq,run.zq","ncbi,s3,gs","gs.us-east1,s3.us-east-1,ncbi.public",SRX20997771,USA,North America,USA: Iowa,Illumina NovaSeq 6000,rna-seq_blood_training_female_4w_biological_rep1_vial_90406013001,PAIRED,PolyA,TRANSCRIPTOMIC,Rattus norvegicus,ILLUMINA,2023-09-30T00:00:00Z,2023-07-12T20:51:00Z,1,blood_training_female_4w_biological_rep1_vial_90406013001,female,SRP448906,fischer 344,PaxGene RNA,Training - 4 weeks,90406013001
SRR25251776,6 months,RNA-Seq,206,9483879088,PRJNA908279,SAMN36364497,Model organism or animal,3049495511,STANFORD UNIVERSITY,2019-01-30,public,"run.zq,fastq,sra","s3,gs,ncbi","ncbi.public,gs.us-east1,s3.us-east-1",SRX20997768,USA,North America,USA: Iowa,Illumina NovaSeq 6000,rna-seq_testes_training_male_2w_biological_rep5_vial_90450016302,PAIRED,PolyA,TRANSCRIPTOMIC,Rattus norvegicus,ILLUMINA,2023-09-30T00:00:00Z,2023-07-12T21:01:00Z,1,testes_training_male_2w_biological_rep5_vial_90450016302,male,SRP448906,fischer 344,Testes Powder,Training - 2 weeks,90450016302
SRR25251777,6 months,RNA-Seq,206,9889056986,PRJNA908279,SAMN36364496,Model organism or animal,3201985922,STANFORD UNIVERSITY,2019-01-30,public,"sra,fastq,run.zq","s3,gs,ncbi","s3.us-east-1,gs.us-east1,ncbi.public",SRX20997767,USA,North America,USA: Iowa,Illumina NovaSeq 6000,rna-seq_testes_training_male_2w_biological_rep4_vial_90449016302,PAIRED,PolyA,TRANSCRIPTOMIC,Rattus norvegicus,ILLUMINA,2023-09-30T00:00:00Z,2023-07-12T21:07:00Z,1,testes_training_male_2w_biological_rep4_vial_90449016302,male,SRP448906,fischer 344,Testes Powder,Training - 2 weeks,90449016302
SRR25251778,6 months,RNA-Seq,206,9823875084,PRJNA908279,SAMN36364495,Model organism or animal,3159376346,STANFORD UNIVERSITY,2019-01-29,public,"sra,fastq,run.zq","ncbi,s3,gs","s3.us-east-1,gs.us-east1,ncbi.public",SRX20997766,USA,North America,USA: Iowa,Illumina NovaSeq 6000,rna-seq_testes_training_male_2w_biological_rep3_vial_90444016302,PAIRED,PolyA,TRANSCRIPTOMIC,Rattus norvegicus,ILLUMINA,2023-09-30T00:00:00Z,2023-07-12T21:01:00Z,1,testes_training_male_2w_biological_rep3_vial_90444016302,male,SRP448906,fischer 344,Testes Powder,Training - 2 weeks,90444016302
SRR25251779,6 months,RNA-Seq,206,10338784444,PRJNA908279,SAMN36364494,Model organism or animal,3341776127,STANFORD UNIVERSITY,2019-01-29,public,"run.zq,fastq,sra","s3,gs,ncbi","s3.us-east-1,ncbi.public,gs.us-east1",SRX20997765,USA,North America,USA: Iowa,Illumina NovaSeq 6000,rna-seq_testes_training_male_2w_biological_rep2_vial_90441016302,PAIRED,PolyA,TRANSCRIPTOMIC,Rattus norvegicus,ILLUMINA,2023-09-30T00:00:00Z,2023-07-12T21:04:00Z,1,testes_training_male_2w_biological_rep2_vial_90441016302,male,SRP448906,fischer 344,Testes Powder,Training - 2 weeks,90441016302
SRR25251780,6 months,RNA-Seq,206,10940656910,PRJNA908279,SAMN36364493,Model organism or animal,3527296226,STANFORD UNIVERSITY,2019-01-28,public,"sra,fastq,run.zq","s3,ncbi,gs","s3.us-east-1,ncbi.public,gs.us-east1",SRX20997764,USA,North America,USA: Iowa,Illumina NovaSeq 6000,rna-seq_testes_training_male_2w_biological_rep1_vial_90439016302,PAIRED,PolyA,TRANSCRIPTOMIC,Rattus norvegicus,ILLUMINA,2023-09-30T00:00:00Z,2023-07-12T21:07:00Z,1,testes_training_male_2w_biological_rep1_vial_90439016302,male,SRP448906,fischer 344,Testes Powder,Training - 2 weeks,90439016302
SRR25251781,6 months,RNA-Seq,206,10155415398,PRJNA908279,SAMN36364492,Model organism or animal,3287059393,STANFORD UNIVERSITY,2019-01-22,public,"sra,run.zq,fastq","s3,gs,ncbi","s3.us-east-1,gs.us-east1,ncbi.public",SRX20997763,USA,North America,USA: Iowa,Illumina NovaSeq 6000,rna-seq_testes_training_male_1w_biological_rep5_vial_90430016302,PAIRED,PolyA,TRANSCRIPTOMIC,Rattus norvegicus,ILLUMINA,2023-09-30T00:00:00Z,2023-07-12T21:03:00Z,1,testes_training_male_1w_biological_rep5_vial_90430016302,male,SRP448906,fischer 344,Testes Powder,Training - 1 week,90430016302
SRR25251782,6 months,RNA-Seq,206,9135662868,PRJNA908279,SAMN36364491,Model organism or animal,2933510507,STANFORD UNIVERSITY,2019-01-22,public,"sra,run.zq,fastq","s3,gs,ncbi","gs.us-east1,s3.us-east-1,ncbi.public",SRX20997762,USA,North America,USA: Iowa,Illumina NovaSeq 6000,rna-seq_testes_training_male_1w_biological_rep4_vial_90426016302,PAIRED,PolyA,TRANSCRIPTOMIC,Rattus norvegicus,ILLUMINA,2023-09-30T00:00:00Z,2023-07-12T21:02:00Z,1,testes_training_male_1w_biological_rep4_vial_90426016302,male,SRP448906,fischer 344,Testes Powder,Training - 1 week,90426016302
SRR25251783,6 months,RNA-Seq,206,9215209150,PRJNA908279,SAMN36364490,Model organism or animal,2979722076,STANFORD UNIVERSITY,2019-01-21,public,"sra,fastq,run.zq","s3,ncbi,gs","gs.us-east1,s3.us-east-1,ncbi.public",SRX20997761,USA,North America,USA: Iowa,Illumina NovaSeq 6000,rna-seq_testes_training_male_1w_biological_rep3_vial_90423016302,PAIRED,PolyA,TRANSCRIPTOMIC,Rattus norvegicus,ILLUMINA,2023-09-30T00:00:00Z,2023-07-12T21:05:00Z,1,testes_training_male_1w_biological_rep3_vial_90423016302,male,SRP448906,fischer 344,Testes Powder,Training - 1 week,90423016302
SRR25251784,6 months,RNA-Seq,206,6218042432,PRJNA908279,SAMN36363967,Model organism or animal,1990377292,STANFORD UNIVERSITY,2018-11-15,public,"run.zq,sra,fastq","ncbi,s3,gs","s3.us-east-1,ncbi.public,gs.us-east1",SRX20997760,USA,North America,USA: Iowa,Illumina NovaSeq 6000,rna-seq_blood_training_male_4w_biological_rep5_vial_90292013001,PAIRED,PolyA,TRANSCRIPTOMIC,Rattus norvegicus,ILLUMINA,2023-09-30T00:00:00Z,2023-07-12T20:50:00Z,1,blood_training_male_4w_biological_rep5_vial_90292013001,male,SRP448906,fischer 344,PaxGene RNA,Training - 4 weeks,90292013001
SRR25251785,6 months,RNA-Seq,210,7841598030,PRJNA908279,SAMN36363913,Model organism or animal,2622046716,STANFORD UNIVERSITY,not available,public,"sra,fastq,run.zq","ncbi,gs,s3","gs.us-east1,ncbi.public,s3.us-east-1",SRX20997759,uncalculated,uncalculated,not available,Illumina NovaSeq 6000,rna-seq_hippoc_female_reference_2_vial_80035995206,PAIRED,PolyA,TRANSCRIPTOMIC,Rattus norvegicus,ILLUMINA,2023-09-30T00:00:00Z,2023-07-12T21:03:00Z,1,hippoc_female_reference_2_vial_80035995206,female,SRP448906,fischer 344,Hippocampus Powder,Reference,80035995206
SRR25251786,6 months,RNA-Seq,206,9053167284,PRJNA908279,SAMN36364489,Model organism or animal,2910287122,STANFORD UNIVERSITY,2019-01-21,public,"fastq,run.zq,sra","s3,gs,ncbi","gs.us-east1,s3.us-east-1,ncbi.public",SRX20997758,USA,North America,USA: Iowa,Illumina NovaSeq 6000,rna-seq_testes_training_male_1w_biological_rep2_vial_90422016302,PAIRED,PolyA,TRANSCRIPTOMIC,Rattus norvegicus,ILLUMINA,2023-09-30T00:00:00Z,2023-07-12T21:01:00Z,1,testes_training_male_1w_biological_rep2_vial_90422016302,male,SRP448906,fischer 344,Testes Powder,Training - 1 week,90422016302
SRR25251787,6 months,RNA-Seq,206,9498404972,PRJNA908279,SAMN36364488,Model organism or animal,3055339407,STANFORD UNIVERSITY,2019-01-21,public,"sra,fastq,run.zq","gs,ncbi,s3","gs.us-east1,s3.us-east-1,ncbi.public",SRX20997067,USA,North America,USA: Iowa,Illumina NovaSeq 6000,rna-seq_testes_training_male_1w_biological_rep1_vial_90421016302,PAIRED,PolyA,TRANSCRIPTOMIC,Rattus norvegicus,ILLUMINA,2023-09-30T00:00:00Z,2023-07-12T21:01:00Z,1,testes_training_male_1w_biological_rep1_vial_90421016302,male,SRP448906,fischer 344,Testes Powder,Training - 1 week,90421016302
SRR25251788,6 months,RNA-Seq,210,7513609530,PRJNA908279,SAMN36364445,Model organism or animal,2496273989,STANFORD UNIVERSITY,2018-11-13,public,"run.zq,sra,fastq","s3,gs,ncbi","s3.us-east-1,ncbi.public,gs.us-east1",SRX20997756,USA,North America,USA: Iowa,Illumina NovaSeq 6000,rna-seq_spleen_training_male_4w_biological_rep3_vial_90283016202,PAIRED,PolyA,TRANSCRIPTOMIC,Rattus norvegicus,ILLUMINA,2023-09-30T00:00:00Z,2023-07-12T21:00:00Z,1,spleen_training_male_4w_biological_rep3_vial_90283016202,male,SRP448906,fischer 344,Spleen Powder,Training - 4 weeks,90283016202
SRR25251791,6 months,RNA-Seq,206,7543799928,PRJNA908279,SAMN36364422,Model organism or animal,2410941581,STANFORD UNIVERSITY,2019-03-05,public,"run.zq,fastq,sra","s3,gs,ncbi","ncbi.public,gs.us-east1,s3.us-east-1",SRX20997753,USA,North America,USA: Iowa,Illumina NovaSeq 6000,rna-seq_colon_training_female_2w_biological_rep5_vial_90587016102,PAIRED,PolyA,TRANSCRIPTOMIC,Rattus norvegicus,ILLUMINA,2023-09-30T00:00:00Z,2023-07-12T21:02:00Z,1,colon_training_female_2w_biological_rep5_vial_90587016102,female,SRP448906,fischer 344,Colon Powder,Training - 2 weeks,90587016102
SRR25251811,6 months,RNA-Seq,206,6880229020,PRJNA908279,SAMN36364401,Model organism or animal,2198510188,STANFORD UNIVERSITY,2018-12-06,public,"fastq,sra,run.zq","ncbi,s3,gs","s3.us-east-1,ncbi.public,gs.us-east1",SRX20997901,USA,North America,USA: Iowa,Illumina NovaSeq 6000,rna-seq_colon_training_female_4w_biological_rep4_vial_90416016102,PAIRED,PolyA,TRANSCRIPTOMIC,Rattus norvegicus,ILLUMINA,2023-09-30T00:00:00Z,2023-07-12T20:51:00Z,1,colon_training_female_4w_biological_rep4_vial_90416016102,female,SRP448906,fischer 344,Colon Powder,Training - 4 weeks,90416016102
SRR25251812,6 months,RNA-Seq,206,8089484040,PRJNA908279,SAMN36364553,Model organism or animal,2591311348,STANFORD UNIVERSITY,2019-01-21,public,"fastq,run.zq,sra","ncbi,s3,gs","s3.us-east-1,ncbi.public,gs.us-east1",SRX20997732,USA,North America,USA: Iowa,Illumina NovaSeq 6000,rna-seq_lung_training_male_1w_biological_rep2_vial_90422016603,PAIRED,PolyA,TRANSCRIPTOMIC,Rattus norvegicus,ILLUMINA,2023-09-30T00:00:00Z,2023-07-12T21:02:00Z,1,lung_training_male_1w_biological_rep2_vial_90422016603,male,SRP448906,fischer 344,Lung Powder,Training - 1 week,90422016603
SRR25251813,6 months,RNA-Seq,206,7117299588,PRJNA908279,SAMN36364552,Model organism or animal,2266820197,STANFORD UNIVERSITY,2019-01-21,public,"run.zq,fastq,sra","gs,s3,ncbi","gs.us-east1,ncbi.public,s3.us-east-1",SRX20997731,USA,North America,USA: Iowa,Illumina NovaSeq 6000,rna-seq_lung_training_male_1w_biological_rep1_vial_90421016603,PAIRED,PolyA,TRANSCRIPTOMIC,Rattus norvegicus,ILLUMINA,2023-09-30T00:00:00Z,2023-07-12T20:54:00Z,1,lung_training_male_1w_biological_rep1_vial_90421016603,male,SRP448906,fischer 344,Lung Powder,Training - 1 week,90421016603
SRR25251814,6 months,RNA-Seq,206,8965344746,PRJNA908279,SAMN36364551,Model organism or animal,2862169450,STANFORD UNIVERSITY,2018-12-06,public,"fastq,sra,run.zq","ncbi,s3,gs","s3.us-east-1,ncbi.public,gs.us-east1",SRX20997730,USA,North America,USA: Iowa,Illumina NovaSeq 6000,rna-seq_lung_training_female_4w_biological_rep5_vial_90420016603,PAIRED,PolyA,TRANSCRIPTOMIC,Rattus norvegicus,ILLUMINA,2023-09-30T00:00:00Z,2023-07-12T21:03:00Z,1,lung_training_female_4w_biological_rep5_vial_90420016603,female,SRP448906,fischer 344,Lung Powder,Training - 4 weeks,90420016603
SRR25251815,6 months,RNA-Seq,206,7437060410,PRJNA908279,SAMN36364550,Model organism or animal,2377797860,STANFORD UNIVERSITY,2018-12-06,public,"sra,fastq,run.zq","gs,s3,ncbi","ncbi.public,gs.us-east1,s3.us-east-1",SRX20997729,USA,North America,USA: Iowa,Illumina NovaSeq 6000,rna-seq_lung_training_female_4w_biological_rep4_vial_90416016603,PAIRED,PolyA,TRANSCRIPTOMIC,Rattus norvegicus,ILLUMINA,2023-09-30T00:00:00Z,2023-07-12T20:57:00Z,1,lung_training_female_4w_biological_rep4_vial_90416016603,female,SRP448906,fischer 344,Lung Powder,Training - 4 weeks,90416016603
SRR25251816,6 months,RNA-Seq,206,6168896600,PRJNA908279,SAMN36363973,Model organism or animal,2011327085,STANFORD UNIVERSITY,2019-01-21,public,"sra,run.zq,fastq","gs,s3,ncbi","s3.us-east-1,ncbi.public,gs.us-east1",SRX20997728,USA,North America,USA: Iowa,Illumina NovaSeq 6000,rna-seq_blood_training_male_1w_biological_rep1_vial_90421013002,PAIRED,PolyA,TRANSCRIPTOMIC,Rattus norvegicus,ILLUMINA,2023-09-30T00:00:00Z,2023-07-12T20:49:00Z,1,blood_training_male_1w_biological_rep1_vial_90421013002,male,SRP448906,fischer 344,PaxGene RNA,Training - 1 week,90421013002
SRR25251817,6 months,RNA-Seq,206,7151634432,PRJNA908279,SAMN36364549,Model organism or animal,2280509253,STANFORD UNIVERSITY,2018-12-05,public,"run.zq,sra,fastq","ncbi,gs,s3","s3.us-east-1,gs.us-east1,ncbi.public",SRX20997727,USA,North America,USA: Iowa,Illumina NovaSeq 6000,rna-seq_lung_training_female_4w_biological_rep3_vial_90412016603,PAIRED,PolyA,TRANSCRIPTOMIC,Rattus norvegicus,ILLUMINA,2023-09-30T00:00:00Z,2023-07-12T20:51:00Z,1,lung_training_female_4w_biological_rep3_vial_90412016603,female,SRP448906,fischer 344,Lung Powder,Training - 4 weeks,90412016603
SRR25251818,6 months,RNA-Seq,206,6950325052,PRJNA908279,SAMN36364548,Model organism or animal,2221446977,STANFORD UNIVERSITY,2018-12-04,public,"run.zq,fastq,sra","s3,gs,ncbi","ncbi.public,s3.us-east-1,gs.us-east1",SRX20997726,USA,North America,USA: Iowa,Illumina NovaSeq 6000,rna-seq_lung_training_female_4w_biological_rep2_vial_90410016603,PAIRED,PolyA,TRANSCRIPTOMIC,Rattus norvegicus,ILLUMINA,2023-09-30T00:00:00Z,2023-07-12T20:49:00Z,1,lung_training_female_4w_biological_rep2_vial_90410016603,female,SRP448906,fischer 344,Lung Powder,Training - 4 weeks,90410016603
SRR25251822,6 months,RNA-Seq,206,7505686220,PRJNA908279,SAMN36364544,Model organism or animal,2396122763,STANFORD UNIVERSITY,2018-11-13,public,"fastq,sra,run.zq","ncbi,gs,s3","ncbi.public,s3.us-east-1,gs.us-east1",SRX20997722,USA,North America,USA: Iowa,Illumina NovaSeq 6000,rna-seq_lung_training_male_4w_biological_rep3_vial_90283016603,PAIRED,PolyA,TRANSCRIPTOMIC,Rattus norvegicus,ILLUMINA,2023-09-30T00:00:00Z,2023-07-12T21:01:00Z,1,lung_training_male_4w_biological_rep3_vial_90283016603,male,SRP448906,fischer 344,Lung Powder,Training - 4 weeks,90283016603
SRR25251823,6 months,RNA-Seq,206,9279123946,PRJNA908279,SAMN36364543,Model organism or animal,2966028548,STANFORD UNIVERSITY,2018-11-13,public,"fastq,sra,run.zq","ncbi,s3,gs","ncbi.public,gs.us-east1,s3.us-east-1",SRX20997721,USA,North America,USA: Iowa,Illumina NovaSeq 6000,rna-seq_lung_training_male_4w_biological_rep2_vial_90281016603,PAIRED,PolyA,TRANSCRIPTOMIC,Rattus norvegicus,ILLUMINA,2023-09-30T00:00:00Z,2023-07-12T21:04:00Z,1,lung_training_male_4w_biological_rep2_vial_90281016603,male,SRP448906,fischer 344,Lung Powder,Training - 4 weeks,90281016603
SRR25251824,6 months,RNA-Seq,206,9030797538,PRJNA908279,SAMN36364542,Model organism or animal,2869625538,STANFORD UNIVERSITY,2018-11-13,public,"sra,run.zq,fastq","s3,ncbi,gs","ncbi.public,gs.us-east1,s3.us-east-1",SRX20997720,USA,North America,USA: Iowa,Illumina NovaSeq 6000,rna-seq_lung_training_male_4w_biological_rep1_vial_90280016603,PAIRED,PolyA,TRANSCRIPTOMIC,Rattus norvegicus,ILLUMINA,2023-09-30T00:00:00Z,2023-07-12T20:58:00Z,1,lung_training_male_4w_biological_rep1_vial_90280016603,male,SRP448906,fischer 344,Lung Powder,Training - 4 weeks,90280016603
SRR25251827,6 months,RNA-Seq,206,6229317842,PRJNA908279,SAMN36363972,Model organism or animal,2014262897,STANFORD UNIVERSITY,2018-12-06,public,"run.zq,sra,fastq","ncbi,gs,s3","ncbi.public,gs.us-east1,s3.us-east-1",SRX20997717,USA,North America,USA: Iowa,Illumina NovaSeq 6000,rna-seq_blood_training_female_4w_biological_rep5_vial_90420013001,PAIRED,PolyA,TRANSCRIPTOMIC,Rattus norvegicus,ILLUMINA,2023-09-30T00:00:00Z,2023-07-12T20:51:00Z,1,blood_training_female_4w_biological_rep5_vial_90420013001,female,SRP448906,fischer 344,PaxGene RNA,Training - 4 weeks,90420013001
SRR25251838,6 months,RNA-Seq,206,7313541780,PRJNA908279,SAMN36363926,Model organism or animal,2328817185,STANFORD UNIVERSITY,not available,public,"run.zq,sra,fastq","ncbi,s3,gs","ncbi.public,gs.us-east1,s3.us-east-1",SRX20997707,uncalculated,uncalculated,not available,Illumina NovaSeq 6000,rna-seq_skm-gn_female_reference_3_vial_80001995542,PAIRED,PolyA,TRANSCRIPTOMIC,Rattus norvegicus,ILLUMINA,2023-09-30T00:00:00Z,2023-07-12T21:02:00Z,1,skm-gn_female_reference_3_vial_80001995542,female,SRP448906,fischer 344,Gastrocnemius Powder,Reference,80001995542
SRR25251843,6 months,RNA-Seq,210,7433427960,PRJNA908279,SAMN36364092,Model organism or animal,2480999600,STANFORD UNIVERSITY,2019-03-05,public,"run.zq,fastq,sra","s3,ncbi,gs","s3.us-east-1,ncbi.public,gs.us-east1",SRX20997702,USA,North America,USA: Iowa,Illumina NovaSeq 6000,rna-seq_cortex_training_female_2w_biological_rep5_vial_90587015302,PAIRED,PolyA,TRANSCRIPTOMIC,Rattus norvegicus,ILLUMINA,2023-09-30T00:00:00Z,2023-07-12T21:03:00Z,1,cortex_training_female_2w_biological_rep5_vial_90587015302,female,SRP448906,fischer 344,Cortex Powder,Training - 2 weeks,90587015302
SRR25251844,6 months,RNA-Seq,210,6847542870,PRJNA908279,SAMN36364091,Model organism or animal,2288067654,STANFORD UNIVERSITY,2019-03-06,public,"sra,fastq,run.zq","ncbi,s3,gs","gs.us-east1,ncbi.public,s3.us-east-1",SRX20997701,USA,North America,USA: Iowa,Illumina NovaSeq 6000,rna-seq_cortex_training_female_2w_biological_rep4_vial_90585015302,PAIRED,PolyA,TRANSCRIPTOMIC,Rattus norvegicus,ILLUMINA,2023-09-30T00:00:00Z,2023-07-12T20:51:00Z,1,cortex_training_female_2w_biological_rep4_vial_90585015302,female,SRP448906,fischer 344,Cortex Powder,Training - 2 weeks,90585015302
SRR25251845,6 months,RNA-Seq,210,6485418240,PRJNA908279,SAMN36364090,Model organism or animal,2164166695,STANFORD UNIVERSITY,2019-03-05,public,"fastq,run.zq,sra","s3,gs,ncbi","s3.us-east-1,ncbi.public,gs.us-east1",SRX20997700,USA,North America,USA: Iowa,Illumina NovaSeq 6000,rna-seq_cortex_training_female_2w_biological_rep3_vial_90581015302,PAIRED,PolyA,TRANSCRIPTOMIC,Rattus norvegicus,ILLUMINA,2023-09-30T00:00:00Z,2023-07-12T20:54:00Z,1,cortex_training_female_2w_biological_rep3_vial_90581015302,female,SRP448906,fischer 344,Cortex Powder,Training - 2 weeks,90581015302
SRR25251846,6 months,RNA-Seq,210,7563501540,PRJNA908279,SAMN36364089,Model organism or animal,2516714969,STANFORD UNIVERSITY,2019-03-04,public,"fastq,sra,run.zq","ncbi,s3,gs","s3.us-east-1,ncbi.public,gs.us-east1",SRX20997699,USA,North America,USA: Iowa,Illumina NovaSeq 6000,rna-seq_cortex_training_female_2w_biological_rep2_vial_90578015302,PAIRED,PolyA,TRANSCRIPTOMIC,Rattus norvegicus,ILLUMINA,2023-09-30T00:00:00Z,2023-07-12T21:01:00Z,1,cortex_training_female_2w_biological_rep2_vial_90578015302,female,SRP448906,fischer 344,Cortex Powder,Training - 2 weeks,90578015302
SRR25251847,6 months,RNA-Seq,210,7104069000,PRJNA908279,SAMN36364068,Model organism or animal,2374416419,STANFORD UNIVERSITY,2018-12-04,public,"sra,fastq,run.zq","gs,ncbi,s3","s3.us-east-1,ncbi.public,gs.us-east1",SRX20997698,USA,North America,USA: Iowa,Illumina NovaSeq 6000,rna-seq_cortex_training_female_4w_biological_rep1_vial_90406015302,PAIRED,PolyA,TRANSCRIPTOMIC,Rattus norvegicus,ILLUMINA,2023-09-30T00:00:00Z,2023-07-12T20:52:00Z,1,cortex_training_female_4w_biological_rep1_vial_90406015302,female,SRP448906,fischer 344,Cortex Powder,Training - 4 weeks,90406015302
SRR25251848,6 months,RNA-Seq,210,7477492470,PRJNA908279,SAMN36364067,Model organism or animal,2505049487,STANFORD UNIVERSITY,2018-11-15,public,"sra,fastq,run.zq","s3,ncbi,gs","s3.us-east-1,ncbi.public,gs.us-east1",SRX20997697,USA,North America,USA: Iowa,Illumina NovaSeq 6000,rna-seq_cortex_training_male_4w_biological_rep5_vial_90292015302,PAIRED,PolyA,TRANSCRIPTOMIC,Rattus norvegicus,ILLUMINA,2023-09-30T00:00:00Z,2023-07-12T21:05:00Z,1,cortex_training_male_4w_biological_rep5_vial_90292015302,male,SRP448906,fischer 344,Cortex Powder,Training - 4 weeks,90292015302
SRR25251849,6 months,RNA-Seq,206,8379718058,PRJNA908279,SAMN36363923,Model organism or animal,2710028156,STANFORD UNIVERSITY,not available,public,"run.zq,fastq,sra","ncbi,s3,gs","s3.us-east-1,gs.us-east1,ncbi.public",SRX20997696,uncalculated,uncalculated,not available,Illumina NovaSeq 6000,rna-seq_skm-gn_female_reference_3_vial_80001995532,PAIRED,PolyA,TRANSCRIPTOMIC,Rattus norvegicus,ILLUMINA,2023-09-30T00:00:00Z,2023-07-12T21:03:00Z,1,skm-gn_female_reference_3_vial_80001995532,female,SRP448906,fischer 344,Gastrocnemius Powder,Reference,80001995532
SRR25251850,6 months,RNA-Seq,210,8226666000,PRJNA908279,SAMN36364084,Model organism or animal,2738696844,STANFORD UNIVERSITY,2019-02-25,public,"sra,run.zq,fastq","s3,gs,ncbi","gs.us-east1,ncbi.public,s3.us-east-1",SRX20997695,USA,North America,USA: Iowa,Illumina NovaSeq 6000,rna-seq_cortex_training_female_1w_biological_rep2_vial_90560015302,PAIRED,PolyA,TRANSCRIPTOMIC,Rattus norvegicus,ILLUMINA,2023-09-30T00:00:00Z,2023-07-12T21:03:00Z,1,cortex_training_female_1w_biological_rep2_vial_90560015302,female,SRP448906,fischer 344,Cortex Powder,Training - 1 week,90560015302
SRR25251851,6 months,RNA-Seq,210,7444526880,PRJNA908279,SAMN36364083,Model organism or animal,2483022708,STANFORD UNIVERSITY,2019-02-26,public,"run.zq,fastq,sra","gs,ncbi,s3","gs.us-east1,s3.us-east-1,ncbi.public",SRX20997694,USA,North America,USA: Iowa,Illumina NovaSeq 6000,rna-seq_cortex_training_female_1w_biological_rep1_vial_90559015302,PAIRED,PolyA,TRANSCRIPTOMIC,Rattus norvegicus,ILLUMINA,2023-09-30T00:00:00Z,2023-07-12T21:03:00Z,1,cortex_training_female_1w_biological_rep1_vial_90559015302,female,SRP448906,fischer 344,Cortex Powder,Training - 1 week,90559015302
SRR25251852,6 months,RNA-Seq,210,7219435860,PRJNA908279,SAMN36364082,Model organism or animal,2401351351,STANFORD UNIVERSITY,2019-01-30,public,"run.zq,sra,fastq","s3,gs,ncbi","ncbi.public,s3.us-east-1,gs.us-east1",SRX20997693,USA,North America,USA: Iowa,Illumina NovaSeq 6000,rna-seq_cortex_training_male_2w_biological_rep5_vial_90450015302,PAIRED,PolyA,TRANSCRIPTOMIC,Rattus norvegicus,ILLUMINA,2023-09-30T00:00:00Z,2023-07-12T20:53:00Z,1,cortex_training_male_2w_biological_rep5_vial_90450015302,male,SRP448906,fischer 344,Cortex Powder,Training - 2 weeks,90450015302
