pid,sex,group,training.day1date,training.day2date,training.day3date,training.day4date,training.day5date,training.day6date,training.day7date,training.day8date,training.day9date,training.day10date,training.day11date,training.day12date,training.day13date,training.day14date,training.day15date,training.day16date,training.day17date,training.day18date,training.day19date,training.day20date,training.day21date,training.day22date,training.day23date,training.day24date,training.day25date,training.day26date,training.day27date,training.day28date,training.day29date,training.day30date,training.day31date,training.day32date,training.day33date,training.day34date,training.day35date,training.day36date,training.day37date,training.day38date,training.day39date,training.day40date,training.day1time,training.day2time,training.day3time,training.day4time,training.day5time,training.day6time,training.day7time,training.day8time,training.day9time,training.day10time,training.day11time,training.day12time,training.day13time,training.day14time,training.day15time,training.day16time,training.day17time,training.day18time,training.day19time,training.day20time,training.day21time,training.day22time,training.day23time,training.day24time,training.day25time,training.day26time,training.day27time,training.day28time,training.day29time,training.day30time,training.day31time,training.day32time,training.day33time,training.day34time,training.day35time,training.day36time,training.day37time,training.day38time,training.day39time,training.day40time,training.day1_treadmillspeed,training.day2_treadmillspeed,training.day3_treadmillspeed,training.day4_treadmillspeed,training.day5_treadmillspeed,training.day6_treadmillspeed,training.day7_treadmillspeed,training.day8_treadmillspeed,training.day9_treadmillspeed,training.day10_treadmillspeed,training.day11_treadmillspeed,training.day12_treadmillspeed,training.day13_treadmillspeed,training.day14_treadmillspeed,training.day15_treadmillspeed,training.day16_treadmillspeed,training.day17_treadmillspeed,training.day18_treadmillspeed,training.day19_treadmillspeed,training.day20_treadmillspeed,training.day21_treadmillspeed,training.day22_treadmillspeed,training.day23_treadmillspeed,training.day24_treadmillspeed,training.day25_treadmillspeed,training.day26_treadmillspeed,training.day27_treadmillspeed,training.day28_treadmillspeed,training.day29_treadmillspeed,training.day30_treadmillspeed,training.day31_treadmillspeed,training.day32_treadmillspeed,training.day33_treadmillspeed,training.day34_treadmillspeed,training.day35_treadmillspeed,training.day37_treadmillspeed,training.day38_treadmillspeed,training.day39_treadmillspeed,training.day40_treadmillspeed,training.day1_treadmillincline,training.day2_treadmillincline,training.day3_treadmillincline,training.day4_treadmillincline,training.day5_treadmillincline,training.day6_treadmillincline,training.day7_treadmillincline,training.day8_treadmillincline,training.day9_treadmillincline,training.day10_treadmillincline,training.day11_treadmillincline,training.day12_treadmillincline,training.day13_treadmillincline,training.day14_treadmillincline,training.day15_treadmillincline,training.day16_treadmillincline,training.day17_treadmillincline,training.day18_treadmillincline,training.day19_treadmillincline,training.day20_treadmillincline,training.day21_treadmillincline,training.day22_treadmillincline,training.day23_treadmillincline,training.day24_treadmillincline,training.day25_treadmillincline,training.day26_treadmillincline,training.day27_treadmillincline,training.day28_treadmillincline,training.day29_treadmillincline,training.day30_treadmillincline,training.day31_treadmillincline,training.day32_treadmillincline,training.day33_treadmillincline,training.day34_treadmillincline,training.day35_treadmillincline,training.day37_treadmillincline,training.day38_treadmillincline,training.day39_treadmillincline,training.day40_treadmillincline,training.day1_timeontreadmill,training.day2_timeontreadmill,training.day3_timeontreadmill,training.day4_timeontreadmill,training.day5_timeontreadmill,training.day6_timeontreadmill,training.day7_timeontreadmill,training.day8_timeontreadmill,training.day9_timeontreadmill,training.day10_timeontreadmill,training.day11_timeontreadmill,training.day12_timeontreadmill,training.day13_timeontreadmill,training.day14_timeontreadmill,training.day15_timeontreadmill,training.day16_timeontreadmill,training.day17_timeontreadmill,training.day18_timeontreadmill,training.day19_timeontreadmill,training.day20_timeontreadmill,training.day21_timeontreadmill,training.day22_timeontreadmill,training.day23_timeontreadmill,training.day24_timeontreadmill,training.day25_timeontreadmill,training.day26_timeontreadmill,training.day27_timeontreadmill,training.day28_timeontreadmill,training.day29_timeontreadmill,training.day30_timeontreadmill,training.day31_timeontreadmill,training.day32_timeontreadmill,training.day33_timeontreadmill,training.day34_timeontreadmill,training.day35_timeontreadmill,training.day37_timeontreadmill,training.day38_timeontreadmill,training.day39_timeontreadmill,training.day40_timeontreadmill,training.day1_score,training.day2_score,training.day3_score,training.day4_score,training.day5_score,training.day6_score,training.day7_score,training.day8_score,training.day9_score,training.day10_score,training.day11_score,training.day12_score,training.day13_score,training.day14_score,training.day15_score,training.day16_score,training.day17_score,training.day18_score,training.day19_score,training.day20_score,training.day21_score,training.day22_score,training.day23_score,training.day24_score,training.day25_score,training.day26_score,training.day27_score,training.day28_score,training.day29_score,training.day30_score,training.day31_score,training.day32_score,training.day33_score,training.day34_score,training.day35_score,training.day37_score,training.day38_score,training.day39_score,training.day40_score,training.day1_comments,training.day2_comments,training.day3_comments,training.day4_comments,training.day5_comments,training.day6_comments,training.day7_comments,training.day8_comments,training.day9_comments,training.day10_comments,training.day11_comments,training.day12_comments,training.day13_comments,training.day14_comments,training.day15_comments,training.day16_comments,training.day17_comments,training.day18_comments,training.day19_comments,training.day20_comments,training.day21_comments,training.day22_comments,training.day23_comments,training.day24_comments,training.day25_comments,training.day26_comments,training.day27_comments,training.day28_comments,training.day29_comments,training.day30_comments,training.day31_comments,training.day32_comments,training.day33_comments,training.day34_comments,training.day35_comments,training.day36_comments,training.day37_comments,training.day38_comments,training.day39_comments,training.day40_comments
10700102,female,1w,19FEB2019,20FEB2019,21FEB2019,22FEB2019,23FEB2019,,,,,,,,,,,,,,,,,,,,,,,,,,,,,,,,,,,,10:42,10:06,10:56,10:24,12:58,,,,,,,,,,,,,,,,,,,,,,,,,,,,,,,,,,,,16,16,16,16,16,NA,NA,NA,NA,NA,NA,NA,NA,NA,NA,NA,NA,NA,NA,NA,NA,NA,NA,NA,NA,NA,NA,NA,NA,NA,NA,NA,NA,NA,NA,NA,NA,NA,NA,5,5,5,5,5,NA,NA,NA,NA,NA,NA,NA,NA,NA,NA,NA,NA,NA,NA,NA,NA,NA,NA,NA,NA,NA,NA,NA,NA,NA,NA,NA,NA,NA,NA,NA,NA,NA,NA,20,21,22,23,24,NA,NA,NA,NA,NA,NA,NA,NA,NA,NA,NA,NA,NA,NA,NA,NA,NA,NA,NA,NA,NA,NA,NA,NA,NA,NA,NA,NA,NA,NA,NA,NA,NA,NA,3,3,4,4,4,NA,NA,NA,NA,NA,NA,NA,NA,NA,NA,NA,NA,NA,NA,NA,NA,NA,NA,NA,NA,NA,NA,NA,NA,NA,NA,NA,NA,NA,NA,NA,NA,NA,NA,,,,,,,,,,,,,,,,,,,,,,,,,,,,,,,,,,,,,,,,
10760008,female,1w,20FEB2019,21FEB2019,22FEB2019,23FEB2019,24FEB2019,,,,,,,,,,,,,,,,,,,,,,,,,,,,,,,,,,,,10:11,11:32,11:17,12:20,10:25,,,,,,,,,,,,,,,,,,,,,,,,,,,,,,,,,,,,16,16,16,16,16,NA,NA,NA,NA,NA,NA,NA,NA,NA,NA,NA,NA,NA,NA,NA,NA,NA,NA,NA,NA,NA,NA,NA,NA,NA,NA,NA,NA,NA,NA,NA,NA,NA,NA,5,5,5,5,5,NA,NA,NA,NA,NA,NA,NA,NA,NA,NA,NA,NA,NA,NA,NA,NA,NA,NA,NA,NA,NA,NA,NA,NA,NA,NA,NA,NA,NA,NA,NA,NA,NA,NA,20,21,22,23,24,NA,NA,NA,NA,NA,NA,NA,NA,NA,NA,NA,NA,NA,NA,NA,NA,NA,NA,NA,NA,NA,NA,NA,NA,NA,NA,NA,NA,NA,NA,NA,NA,NA,NA,3,3,3,4,4,NA,NA,NA,NA,NA,NA,NA,NA,NA,NA,NA,NA,NA,NA,NA,NA,NA,NA,NA,NA,NA,NA,NA,NA,NA,NA,NA,NA,NA,NA,NA,NA,NA,NA,,,,,,,,,,,,,,,,,,,,,,,,,,,,,,,,,,,,,,,,
10770666,female,1w,21FEB2019,22FEB2019,23FEB2019,24FEB2019,25FEB2019,,,,,,,,,,,,,,,,,,,,,,,,,,,,,,,,,,,,10:14,12:06,11:35,11:09,10:07,,,,,,,,,,,,,,,,,,,,,,,,,,,,,,,,,,,,16,16,16,16,16,NA,NA,NA,NA,NA,NA,NA,NA,NA,NA,NA,NA,NA,NA,NA,NA,NA,NA,NA,NA,NA,NA,NA,NA,NA,NA,NA,NA,NA,NA,NA,NA,NA,NA,5,5,5,5,5,NA,NA,NA,NA,NA,NA,NA,NA,NA,NA,NA,NA,NA,NA,NA,NA,NA,NA,NA,NA,NA,NA,NA,NA,NA,NA,NA,NA,NA,NA,NA,NA,NA,NA,20,21,22,23,24,NA,NA,NA,NA,NA,NA,NA,NA,NA,NA,NA,NA,NA,NA,NA,NA,NA,NA,NA,NA,NA,NA,NA,NA,NA,NA,NA,NA,NA,NA,NA,NA,NA,NA,4,4,4,4,4,NA,NA,NA,NA,NA,NA,NA,NA,NA,NA,NA,NA,NA,NA,NA,NA,NA,NA,NA,NA,NA,NA,NA,NA,NA,NA,NA,NA,NA,NA,NA,NA,NA,NA,,,,,,,,,,,,,,,,,,,,,,,,,,,,,,,,,,,,,,,,
10780629,female,1w,21FEB2019,22FEB2019,23FEB2019,24FEB2019,25FEB2019,,,,,,,,,,,,,,,,,,,,,,,,,,,,,,,,,,,,10:14,12:06,11:35,11:09,10:07,,,,,,,,,,,,,,,,,,,,,,,,,,,,,,,,,,,,16,16,16,16,16,NA,NA,NA,NA,NA,NA,NA,NA,NA,NA,NA,NA,NA,NA,NA,NA,NA,NA,NA,NA,NA,NA,NA,NA,NA,NA,NA,NA,NA,NA,NA,NA,NA,NA,5,5,5,5,5,NA,NA,NA,NA,NA,NA,NA,NA,NA,NA,NA,NA,NA,NA,NA,NA,NA,NA,NA,NA,NA,NA,NA,NA,NA,NA,NA,NA,NA,NA,NA,NA,NA,NA,20,21,22,23,24,NA,NA,NA,NA,NA,NA,NA,NA,NA,NA,NA,NA,NA,NA,NA,NA,NA,NA,NA,NA,NA,NA,NA,NA,NA,NA,NA,NA,NA,NA,NA,NA,NA,NA,3,4,2,3,4,NA,NA,NA,NA,NA,NA,NA,NA,NA,NA,NA,NA,NA,NA,NA,NA,NA,NA,NA,NA,NA,NA,NA,NA,NA,NA,NA,NA,NA,NA,NA,NA,NA,NA,,,Sat down often,,,,,,,,,,,,,,,,,,,,,,,,,,,,,,,,,,,,,
10784616,female,1w,21FEB2019,22FEB2019,23FEB2019,24FEB2019,25FEB2019,,,,,,,,,,,,,,,,,,,,,,,,,,,,,,,,,,,,10:14,12:06,11:35,11:09,10:07,,,,,,,,,,,,,,,,,,,,,,,,,,,,,,,,,,,,16,16,16,16,16,NA,NA,NA,NA,NA,NA,NA,NA,NA,NA,NA,NA,NA,NA,NA,NA,NA,NA,NA,NA,NA,NA,NA,NA,NA,NA,NA,NA,NA,NA,NA,NA,NA,NA,5,5,5,5,5,NA,NA,NA,NA,NA,NA,NA,NA,NA,NA,NA,NA,NA,NA,NA,NA,NA,NA,NA,NA,NA,NA,NA,NA,NA,NA,NA,NA,NA,NA,NA,NA,NA,NA,20,21,22,23,24,NA,NA,NA,NA,NA,NA,NA,NA,NA,NA,NA,NA,NA,NA,NA,NA,NA,NA,NA,NA,NA,NA,NA,NA,NA,NA,NA,NA,NA,NA,NA,NA,NA,NA,3,3,4,4,3,NA,NA,NA,NA,NA,NA,NA,NA,NA,NA,NA,NA,NA,NA,NA,NA,NA,NA,NA,NA,NA,NA,NA,NA,NA,NA,NA,NA,NA,NA,NA,NA,NA,NA,,,,,,,,,,,,,,,,,,,,,,,,,,,,,,,,,,,,,,,,
10833331,female,1w,21FEB2019,22FEB2019,23FEB2019,24FEB2019,25FEB2019,,,,,,,,,,,,,,,,,,,,,,,,,,,,,,,,,,,,10:14,12:06,11:35,11:09,10:07,,,,,,,,,,,,,,,,,,,,,,,,,,,,,,,,,,,,16,16,16,16,16,NA,NA,NA,NA,NA,NA,NA,NA,NA,NA,NA,NA,NA,NA,NA,NA,NA,NA,NA,NA,NA,NA,NA,NA,NA,NA,NA,NA,NA,NA,NA,NA,NA,NA,5,5,5,5,5,NA,NA,NA,NA,NA,NA,NA,NA,NA,NA,NA,NA,NA,NA,NA,NA,NA,NA,NA,NA,NA,NA,NA,NA,NA,NA,NA,NA,NA,NA,NA,NA,NA,NA,20,21,22,23,24,NA,NA,NA,NA,NA,NA,NA,NA,NA,NA,NA,NA,NA,NA,NA,NA,NA,NA,NA,NA,NA,NA,NA,NA,NA,NA,NA,NA,NA,NA,NA,NA,NA,NA,4,3,4,4,4,NA,NA,NA,NA,NA,NA,NA,NA,NA,NA,NA,NA,NA,NA,NA,NA,NA,NA,NA,NA,NA,NA,NA,NA,NA,NA,NA,NA,NA,NA,NA,NA,NA,NA,,,,,,,,,,,,,,,,,,,,,,,,,,,,,,,,,,,,,,,,
10886028,female,1w,21FEB2019,22FEB2019,23FEB2019,24FEB2019,25FEB2019,,,,,,,,,,,,,,,,,,,,,,,,,,,,,,,,,,,,10:14,12:06,11:35,11:09,10:07,,,,,,,,,,,,,,,,,,,,,,,,,,,,,,,,,,,,16,16,16,16,16,NA,NA,NA,NA,NA,NA,NA,NA,NA,NA,NA,NA,NA,NA,NA,NA,NA,NA,NA,NA,NA,NA,NA,NA,NA,NA,NA,NA,NA,NA,NA,NA,NA,NA,5,5,5,5,5,NA,NA,NA,NA,NA,NA,NA,NA,NA,NA,NA,NA,NA,NA,NA,NA,NA,NA,NA,NA,NA,NA,NA,NA,NA,NA,NA,NA,NA,NA,NA,NA,NA,NA,20,21,22,23,24,NA,NA,NA,NA,NA,NA,NA,NA,NA,NA,NA,NA,NA,NA,NA,NA,NA,NA,NA,NA,NA,NA,NA,NA,NA,NA,NA,NA,NA,NA,NA,NA,NA,NA,4,4,2,3,3,NA,NA,NA,NA,NA,NA,NA,NA,NA,NA,NA,NA,NA,NA,NA,NA,NA,NA,NA,NA,NA,NA,NA,NA,NA,NA,NA,NA,NA,NA,NA,NA,NA,NA,,,Sat and refused to run.,,,,,,,,,,,,,,,,,,,,,,,,,,,,,,,,,,,,,
10901000,female,1w,19FEB2019,20FEB2019,21FEB2019,22FEB2019,23FEB2019,,,,,,,,,,,,,,,,,,,,,,,,,,,,,,,,,,,,10:42,10:00,10:50,10:24,12:58,,,,,,,,,,,,,,,,,,,,,,,,,,,,,,,,,,,,16,16,16,16,16,NA,NA,NA,NA,NA,NA,NA,NA,NA,NA,NA,NA,NA,NA,NA,NA,NA,NA,NA,NA,NA,NA,NA,NA,NA,NA,NA,NA,NA,NA,NA,NA,NA,NA,5,5,5,5,5,NA,NA,NA,NA,NA,NA,NA,NA,NA,NA,NA,NA,NA,NA,NA,NA,NA,NA,NA,NA,NA,NA,NA,NA,NA,NA,NA,NA,NA,NA,NA,NA,NA,NA,20,21,22,23,24,NA,NA,NA,NA,NA,NA,NA,NA,NA,NA,NA,NA,NA,NA,NA,NA,NA,NA,NA,NA,NA,NA,NA,NA,NA,NA,NA,NA,NA,NA,NA,NA,NA,NA,3,3,3,3,4,NA,NA,NA,NA,NA,NA,NA,NA,NA,NA,NA,NA,NA,NA,NA,NA,NA,NA,NA,NA,NA,NA,NA,NA,NA,NA,NA,NA,NA,NA,NA,NA,NA,NA,,,,,,,,,,,,,,,,,,,,,,,,,,,,,,,,,,,,,,,,
10901434,female,1w,19FEB2019,20FEB2019,21FEB2019,22FEB2019,23FEB2019,,,,,,,,,,,,,,,,,,,,,,,,,,,,,,,,,,,,10:42,10:06,10:56,10:24,12:58,,,,,,,,,,,,,,,,,,,,,,,,,,,,,,,,,,,,16,16,16,16,16,NA,NA,NA,NA,NA,NA,NA,NA,NA,NA,NA,NA,NA,NA,NA,NA,NA,NA,NA,NA,NA,NA,NA,NA,NA,NA,NA,NA,NA,NA,NA,NA,NA,NA,5,5,5,5,5,NA,NA,NA,NA,NA,NA,NA,NA,NA,NA,NA,NA,NA,NA,NA,NA,NA,NA,NA,NA,NA,NA,NA,NA,NA,NA,NA,NA,NA,NA,NA,NA,NA,NA,20,21,22,23,24,NA,NA,NA,NA,NA,NA,NA,NA,NA,NA,NA,NA,NA,NA,NA,NA,NA,NA,NA,NA,NA,NA,NA,NA,NA,NA,NA,NA,NA,NA,NA,NA,NA,NA,3,4,4,4,4,NA,NA,NA,NA,NA,NA,NA,NA,NA,NA,NA,NA,NA,NA,NA,NA,NA,NA,NA,NA,NA,NA,NA,NA,NA,NA,NA,NA,NA,NA,NA,NA,NA,NA,,,,,,,,,,,,,,,,,,,,,,,,,,,,,,,,,,,,,,,,
10914331,female,1w,19FEB2019,20FEB2019,21FEB2019,22FEB2019,23FEB2019,,,,,,,,,,,,,,,,,,,,,,,,,,,,,,,,,,,,10:42,10:06,10:56,10:24,12:58,,,,,,,,,,,,,,,,,,,,,,,,,,,,,,,,,,,,16,16,16,16,16,NA,NA,NA,NA,NA,NA,NA,NA,NA,NA,NA,NA,NA,NA,NA,NA,NA,NA,NA,NA,NA,NA,NA,NA,NA,NA,NA,NA,NA,NA,NA,NA,NA,NA,5,5,5,5,5,NA,NA,NA,NA,NA,NA,NA,NA,NA,NA,NA,NA,NA,NA,NA,NA,NA,NA,NA,NA,NA,NA,NA,NA,NA,NA,NA,NA,NA,NA,NA,NA,NA,NA,20,21,22,23,24,NA,NA,NA,NA,NA,NA,NA,NA,NA,NA,NA,NA,NA,NA,NA,NA,NA,NA,NA,NA,NA,NA,NA,NA,NA,NA,NA,NA,NA,NA,NA,NA,NA,NA,3,3,3,3,3,NA,NA,NA,NA,NA,NA,NA,NA,NA,NA,NA,NA,NA,NA,NA,NA,NA,NA,NA,NA,NA,NA,NA,NA,NA,NA,NA,NA,NA,NA,NA,NA,NA,NA,,,,,,,,,,,,,,,,,,,,,,,,,,,,,,,,,,,,,,,,
10934529,female,1w,19FEB2019,20FEB2019,21FEB2019,22FEB2019,23FEB2019,,,,,,,,,,,,,,,,,,,,,,,,,,,,,,,,,,,,10:42,10:06,10:56,10:24,12:58,,,,,,,,,,,,,,,,,,,,,,,,,,,,,,,,,,,,16,16,16,16,16,NA,NA,NA,NA,NA,NA,NA,NA,NA,NA,NA,NA,NA,NA,NA,NA,NA,NA,NA,NA,NA,NA,NA,NA,NA,NA,NA,NA,NA,NA,NA,NA,NA,NA,5,5,5,5,5,NA,NA,NA,NA,NA,NA,NA,NA,NA,NA,NA,NA,NA,NA,NA,NA,NA,NA,NA,NA,NA,NA,NA,NA,NA,NA,NA,NA,NA,NA,NA,NA,NA,NA,20,21,22,23,24,NA,NA,NA,NA,NA,NA,NA,NA,NA,NA,NA,NA,NA,NA,NA,NA,NA,NA,NA,NA,NA,NA,NA,NA,NA,NA,NA,NA,NA,NA,NA,NA,NA,NA,3,3,3,3,2,NA,NA,NA,NA,NA,NA,NA,NA,NA,NA,NA,NA,NA,NA,NA,NA,NA,NA,NA,NA,NA,NA,NA,NA,NA,NA,NA,NA,NA,NA,NA,NA,NA,NA,,,,,,,,,,,,,,,,,,,,,,,,,,,,,,,,,,,,,,,,
10950486,female,1w,20FEB2019,21FEB2019,22FEB2019,23FEB2019,24FEB2019,,,,,,,,,,,,,,,,,,,,,,,,,,,,,,,,,,,,10:11,11:32,11:17,12:20,10:25,,,,,,,,,,,,,,,,,,,,,,,,,,,,,,,,,,,,16,16,16,16,16,NA,NA,NA,NA,NA,NA,NA,NA,NA,NA,NA,NA,NA,NA,NA,NA,NA,NA,NA,NA,NA,NA,NA,NA,NA,NA,NA,NA,NA,NA,NA,NA,NA,NA,5,5,5,5,5,NA,NA,NA,NA,NA,NA,NA,NA,NA,NA,NA,NA,NA,NA,NA,NA,NA,NA,NA,NA,NA,NA,NA,NA,NA,NA,NA,NA,NA,NA,NA,NA,NA,NA,20,21,22,23,24,NA,NA,NA,NA,NA,NA,NA,NA,NA,NA,NA,NA,NA,NA,NA,NA,NA,NA,NA,NA,NA,NA,NA,NA,NA,NA,NA,NA,NA,NA,NA,NA,NA,NA,3,3,4,4,4,NA,NA,NA,NA,NA,NA,NA,NA,NA,NA,NA,NA,NA,NA,NA,NA,NA,NA,NA,NA,NA,NA,NA,NA,NA,NA,NA,NA,NA,NA,NA,NA,NA,NA,,,,,,,,,,,,,,,,,,,,,,,,,,,,,,,,,,,,,,,,
10950648,female,1w,20FEB2019,21FEB2019,22FEB2019,23FEB2019,24FEB2019,,,,,,,,,,,,,,,,,,,,,,,,,,,,,,,,,,,,10:11,11:32,11:17,12:20,10:25,,,,,,,,,,,,,,,,,,,,,,,,,,,,,,,,,,,,16,16,16,16,16,NA,NA,NA,NA,NA,NA,NA,NA,NA,NA,NA,NA,NA,NA,NA,NA,NA,NA,NA,NA,NA,NA,NA,NA,NA,NA,NA,NA,NA,NA,NA,NA,NA,NA,5,5,5,5,5,NA,NA,NA,NA,NA,NA,NA,NA,NA,NA,NA,NA,NA,NA,NA,NA,NA,NA,NA,NA,NA,NA,NA,NA,NA,NA,NA,NA,NA,NA,NA,NA,NA,NA,20,21,22,23,24,NA,NA,NA,NA,NA,NA,NA,NA,NA,NA,NA,NA,NA,NA,NA,NA,NA,NA,NA,NA,NA,NA,NA,NA,NA,NA,NA,NA,NA,NA,NA,NA,NA,NA,3,3,4,4,4,NA,NA,NA,NA,NA,NA,NA,NA,NA,NA,NA,NA,NA,NA,NA,NA,NA,NA,NA,NA,NA,NA,NA,NA,NA,NA,NA,NA,NA,NA,NA,NA,NA,NA,,,,,,,,,,,,,,,,,,,,,,,,,,,,,,,,,,,,,,,,
10953744,female,1w,20FEB2019,21FEB2019,22FEB2019,23FEB2019,24FEB2019,,,,,,,,,,,,,,,,,,,,,,,,,,,,,,,,,,,,10:11,11:32,11:17,12:20,10:25,,,,,,,,,,,,,,,,,,,,,,,,,,,,,,,,,,,,16,16,16,16,16,NA,NA,NA,NA,NA,NA,NA,NA,NA,NA,NA,NA,NA,NA,NA,NA,NA,NA,NA,NA,NA,NA,NA,NA,NA,NA,NA,NA,NA,NA,NA,NA,NA,NA,5,5,5,5,5,NA,NA,NA,NA,NA,NA,NA,NA,NA,NA,NA,NA,NA,NA,NA,NA,NA,NA,NA,NA,NA,NA,NA,NA,NA,NA,NA,NA,NA,NA,NA,NA,NA,NA,20,21,22,23,24,NA,NA,NA,NA,NA,NA,NA,NA,NA,NA,NA,NA,NA,NA,NA,NA,NA,NA,NA,NA,NA,NA,NA,NA,NA,NA,NA,NA,NA,NA,NA,NA,NA,NA,4,3,4,4,4,NA,NA,NA,NA,NA,NA,NA,NA,NA,NA,NA,NA,NA,NA,NA,NA,NA,NA,NA,NA,NA,NA,NA,NA,NA,NA,NA,NA,NA,NA,NA,NA,NA,NA,,,,,,,,,,,,,,,,,,,,,,,,,,,,,,,,,,,,,,,,
10962735,female,1w,20FEB2019,21FEB2019,22FEB2019,23FEB2019,24FEB2019,,,,,,,,,,,,,,,,,,,,,,,,,,,,,,,,,,,,10:11,11:32,11:17,12:20,10:25,,,,,,,,,,,,,,,,,,,,,,,,,,,,,,,,,,,,16,16,16,16,16,NA,NA,NA,NA,NA,NA,NA,NA,NA,NA,NA,NA,NA,NA,NA,NA,NA,NA,NA,NA,NA,NA,NA,NA,NA,NA,NA,NA,NA,NA,NA,NA,NA,NA,5,5,5,5,5,NA,NA,NA,NA,NA,NA,NA,NA,NA,NA,NA,NA,NA,NA,NA,NA,NA,NA,NA,NA,NA,NA,NA,NA,NA,NA,NA,NA,NA,NA,NA,NA,NA,NA,20,21,22,23,24,NA,NA,NA,NA,NA,NA,NA,NA,NA,NA,NA,NA,NA,NA,NA,NA,NA,NA,NA,NA,NA,NA,NA,NA,NA,NA,NA,NA,NA,NA,NA,NA,NA,NA,4,4,3,3,4,NA,NA,NA,NA,NA,NA,NA,NA,NA,NA,NA,NA,NA,NA,NA,NA,NA,NA,NA,NA,NA,NA,NA,NA,NA,NA,NA,NA,NA,NA,NA,NA,NA,NA,,,,,,,,,,,,,,,,,,,,,,,,,,,,,,,,,,,,,,,,
10680837,female,2w,19FEB2019,20FEB2019,21FEB2019,22FEB2019,23FEB2019,26FEB2019,27FEB2019,28FEB2019,01MAR2019,02MAR2019,,,,,,,,,,,,,,,,,,,,,,,,,,,,,,,11:28,10:44,10:56,10:24,12:55,10:20,10:06,11:30,10:12,10:02,,,,,,,,,,,,,,,,,,,,,,,,,,,,,,,16,16,16,16,16,18,18,18,18,18,NA,NA,NA,NA,NA,NA,NA,NA,NA,NA,NA,NA,NA,NA,NA,NA,NA,NA,NA,NA,NA,NA,NA,NA,NA,NA,NA,NA,NA,5,5,5,5,5,5,5,5,5,5,NA,NA,NA,NA,NA,NA,NA,NA,NA,NA,NA,NA,NA,NA,NA,NA,NA,NA,NA,NA,NA,NA,NA,NA,NA,NA,NA,NA,NA,20,21,22,23,24,25,26,27,28,29,NA,NA,NA,NA,NA,NA,NA,NA,NA,NA,NA,NA,NA,NA,NA,NA,NA,NA,NA,NA,NA,NA,NA,NA,NA,NA,NA,NA,NA,3,4,4,4,4,4,4,4,4,4,NA,NA,NA,NA,NA,NA,NA,NA,NA,NA,NA,NA,NA,NA,NA,NA,NA,NA,NA,NA,NA,NA,NA,NA,NA,NA,NA,NA,NA,,,,,,,,,,,,,,,,,,,,,,,,,,,,,,,,,,,,,,,,
10702741,female,2w,19FEB2019,20FEB2019,21FEB2019,22FEB2019,23FEB2019,26FEB2019,27FEB2019,28FEB2019,01MAR2019,02MAR2019,,,,,,,,,,,,,,,,,,,,,,,,,,,,,,,11:28,10:44,10:56,10:24,12:55,10:20,10:06,11:30,10:12,10:02,,,,,,,,,,,,,,,,,,,,,,,,,,,,,,,16,16,16,16,16,18,18,18,18,18,NA,NA,NA,NA,NA,NA,NA,NA,NA,NA,NA,NA,NA,NA,NA,NA,NA,NA,NA,NA,NA,NA,NA,NA,NA,NA,NA,NA,NA,5,5,5,5,5,5,5,5,5,5,NA,NA,NA,NA,NA,NA,NA,NA,NA,NA,NA,NA,NA,NA,NA,NA,NA,NA,NA,NA,NA,NA,NA,NA,NA,NA,NA,NA,NA,20,21,22,23,24,25,26,27,28,29,NA,NA,NA,NA,NA,NA,NA,NA,NA,NA,NA,NA,NA,NA,NA,NA,NA,NA,NA,NA,NA,NA,NA,NA,NA,NA,NA,NA,NA,3,3,3,3,3,4,3,3,3,3,NA,NA,NA,NA,NA,NA,NA,NA,NA,NA,NA,NA,NA,NA,NA,NA,NA,NA,NA,NA,NA,NA,NA,NA,NA,NA,NA,NA,NA,,,,,,,,,,,,,,,,,,,,,,,,,,,,,,,,,,,,,,,,
10729518,female,2w,19FEB2019,20FEB2019,21FEB2019,22FEB2019,23FEB2019,26FEB2019,27FEB2019,28FEB2019,01MAR2019,02MAR2019,,,,,,,,,,,,,,,,,,,,,,,,,,,,,,,11:28,10:44,10:56,10:24,12:58,10:20,10:06,11:30,10:12,10:02,,,,,,,,,,,,,,,,,,,,,,,,,,,,,,,16,16,16,16,16,18,18,18,18,18,NA,NA,NA,NA,NA,NA,NA,NA,NA,NA,NA,NA,NA,NA,NA,NA,NA,NA,NA,NA,NA,NA,NA,NA,NA,NA,NA,NA,NA,5,5,5,5,5,5,5,5,5,5,NA,NA,NA,NA,NA,NA,NA,NA,NA,NA,NA,NA,NA,NA,NA,NA,NA,NA,NA,NA,NA,NA,NA,NA,NA,NA,NA,NA,NA,20,21,22,23,24,25,26,27,28,29,NA,NA,NA,NA,NA,NA,NA,NA,NA,NA,NA,NA,NA,NA,NA,NA,NA,NA,NA,NA,NA,NA,NA,NA,NA,NA,NA,NA,NA,3,3,2,2,4,3,2,2,2,2,NA,NA,NA,NA,NA,NA,NA,NA,NA,NA,NA,NA,NA,NA,NA,NA,NA,NA,NA,NA,NA,NA,NA,NA,NA,NA,NA,NA,NA,,,,ran backward,,sat on shock a bit,sat on shock,ran backward,ran backward,,,,,,,,,,,,,,,,,,,,,,,,,,,,,,,
10732306,female,2w,19FEB2019,20FEB2019,21FEB2019,22FEB2019,23FEB2019,26FEB2019,27FEB2019,28FEB2019,01MAR2019,02MAR2019,,,,,,,,,,,,,,,,,,,,,,,,,,,,,,,11:28,10:44,10:56,10:24,12:55,10:20,10:06,11:30,10:12,10:02,,,,,,,,,,,,,,,,,,,,,,,,,,,,,,,16,16,16,16,16,18,18,18,18,18,NA,NA,NA,NA,NA,NA,NA,NA,NA,NA,NA,NA,NA,NA,NA,NA,NA,NA,NA,NA,NA,NA,NA,NA,NA,NA,NA,NA,NA,5,5,5,5,5,5,5,5,5,5,NA,NA,NA,NA,NA,NA,NA,NA,NA,NA,NA,NA,NA,NA,NA,NA,NA,NA,NA,NA,NA,NA,NA,NA,NA,NA,NA,NA,NA,20,21,22,23,24,25,26,27,28,29,NA,NA,NA,NA,NA,NA,NA,NA,NA,NA,NA,NA,NA,NA,NA,NA,NA,NA,NA,NA,NA,NA,NA,NA,NA,NA,NA,NA,NA,3,3,3,3,4,4,4,4,4,4,NA,NA,NA,NA,NA,NA,NA,NA,NA,NA,NA,NA,NA,NA,NA,NA,NA,NA,NA,NA,NA,NA,NA,NA,NA,NA,NA,NA,NA,,,,,,,,,,,,,,,,,,,,,,,,,,,,,,,,,,,,,,,,
10734945,female,2w,19FEB2019,20FEB2019,21FEB2019,22FEB2019,23FEB2019,26FEB2019,27FEB2019,28FEB2019,01MAR2019,02MAR2019,,,,,,,,,,,,,,,,,,,,,,,,,,,,,,,11:28,10:44,10:56,10:24,12:58,10:20,10:06,11:30,10:12,10:02,,,,,,,,,,,,,,,,,,,,,,,,,,,,,,,16,16,16,16,16,18,18,18,18,18,NA,NA,NA,NA,NA,NA,NA,NA,NA,NA,NA,NA,NA,NA,NA,NA,NA,NA,NA,NA,NA,NA,NA,NA,NA,NA,NA,NA,NA,5,5,5,5,5,5,5,5,5,5,NA,NA,NA,NA,NA,NA,NA,NA,NA,NA,NA,NA,NA,NA,NA,NA,NA,NA,NA,NA,NA,NA,NA,NA,NA,NA,NA,NA,NA,20,21,22,23,24,25,26,27,28,29,NA,NA,NA,NA,NA,NA,NA,NA,NA,NA,NA,NA,NA,NA,NA,NA,NA,NA,NA,NA,NA,NA,NA,NA,NA,NA,NA,NA,NA,3,4,4,4,4,4,4,4,4,4,NA,NA,NA,NA,NA,NA,NA,NA,NA,NA,NA,NA,NA,NA,NA,NA,NA,NA,NA,NA,NA,NA,NA,NA,NA,NA,NA,NA,NA,,,,,,,,,,,,,,,,,,,,,,,,,,,,,,,,,,,,,,,,
10742611,female,2w,20FEB2019,21FEB2019,22FEB2019,23FEB2019,24FEB2019,27FEB2019,28FEB2019,01MAR2019,02MAR2019,03MAR2019,,,,,,,,,,,,,,,,,,,,,,,,,,,,,,,10:48,11:32,11:17,12:20,10:31,10:42,11:30,10:49,10:44,10:53,,,,,,,,,,,,,,,,,,,,,,,,,,,,,,,16,16,16,16,16,18,18,18,18,18,NA,NA,NA,NA,NA,NA,NA,NA,NA,NA,NA,NA,NA,NA,NA,NA,NA,NA,NA,NA,NA,NA,NA,NA,NA,NA,NA,NA,NA,5,5,5,5,5,5,5,5,5,5,NA,NA,NA,NA,NA,NA,NA,NA,NA,NA,NA,NA,NA,NA,NA,NA,NA,NA,NA,NA,NA,NA,NA,NA,NA,NA,NA,NA,NA,20,21,22,23,24,25,26,27,28,29,NA,NA,NA,NA,NA,NA,NA,NA,NA,NA,NA,NA,NA,NA,NA,NA,NA,NA,NA,NA,NA,NA,NA,NA,NA,NA,NA,NA,NA,3,2,3,4,4,2,3,4,4,3,NA,NA,NA,NA,NA,NA,NA,NA,NA,NA,NA,NA,NA,NA,NA,NA,NA,NA,NA,NA,NA,NA,NA,NA,NA,NA,NA,NA,NA,,,,,,lots of shock,,,,,,,,,,,,,,,,,,,,,,,,,,,,,,,,,,
10756086,female,2w,20FEB2019,21FEB2019,22FEB2019,23FEB2019,24FEB2019,27FEB2019,28FEB2019,01MAR2019,02MAR2019,03MAR2019,,,,,,,,,,,,,,,,,,,,,,,,,,,,,,,10:48,11:32,11:17,12:20,10:31,10:42,11:30,10:49,10:44,10:53,,,,,,,,,,,,,,,,,,,,,,,,,,,,,,,16,16,16,16,16,18,18,18,18,18,NA,NA,NA,NA,NA,NA,NA,NA,NA,NA,NA,NA,NA,NA,NA,NA,NA,NA,NA,NA,NA,NA,NA,NA,NA,NA,NA,NA,NA,5,5,5,5,5,5,5,5,5,5,NA,NA,NA,NA,NA,NA,NA,NA,NA,NA,NA,NA,NA,NA,NA,NA,NA,NA,NA,NA,NA,NA,NA,NA,NA,NA,NA,NA,NA,20,21,22,23,24,25,26,27,28,29,NA,NA,NA,NA,NA,NA,NA,NA,NA,NA,NA,NA,NA,NA,NA,NA,NA,NA,NA,NA,NA,NA,NA,NA,NA,NA,NA,NA,NA,3,3,3,3,4,2,3,4,4,3,NA,NA,NA,NA,NA,NA,NA,NA,NA,NA,NA,NA,NA,NA,NA,NA,NA,NA,NA,NA,NA,NA,NA,NA,NA,NA,NA,NA,NA,,hurt foot at end.,,,,lots of shock.,,,,,,,,,,,,,,,,,,,,,,,,,,,,,,,,,,
10761160,female,2w,20FEB2019,21FEB2019,22FEB2019,23FEB2019,24FEB2019,27FEB2019,28FEB2019,01MAR2019,02MAR2019,03MAR2019,,,,,,,,,,,,,,,,,,,,,,,,,,,,,,,10:48,11:32,11:17,12:20,10:31,10:42,11:30,10:49,10:44,10:53,,,,,,,,,,,,,,,,,,,,,,,,,,,,,,,16,16,16,16,16,18,18,18,18,18,NA,NA,NA,NA,NA,NA,NA,NA,NA,NA,NA,NA,NA,NA,NA,NA,NA,NA,NA,NA,NA,NA,NA,NA,NA,NA,NA,NA,NA,5,5,5,5,5,5,5,5,5,5,NA,NA,NA,NA,NA,NA,NA,NA,NA,NA,NA,NA,NA,NA,NA,NA,NA,NA,NA,NA,NA,NA,NA,NA,NA,NA,NA,NA,NA,20,21,22,23,24,25,26,27,28,29,NA,NA,NA,NA,NA,NA,NA,NA,NA,NA,NA,NA,NA,NA,NA,NA,NA,NA,NA,NA,NA,NA,NA,NA,NA,NA,NA,NA,NA,3,3,3,2,3,3,3,4,4,3,NA,NA,NA,NA,NA,NA,NA,NA,NA,NA,NA,NA,NA,NA,NA,NA,NA,NA,NA,NA,NA,NA,NA,NA,NA,NA,NA,NA,NA,,,,sat often.,,,,,,,,,,,,,,,,,,,,,,,,,,,,,,,,,,,,
10782168,female,2w,21FEB2019,22FEB2019,23FEB2019,24FEB2019,25FEB2019,28FEB2019,01MAR2019,02MAR2019,03MAR2019,04MAR2019,,,,,,,,,,,,,,,,,,,,,,,,,,,,,,,10:20,12:06,11:35,11:09,10:22,12:10,11:27,11:22,10:51,10:08,,,,,,,,,,,,,,,,,,,,,,,,,,,,,,,16,16,16,16,16,18,18,18,18,18,NA,NA,NA,NA,NA,NA,NA,NA,NA,NA,NA,NA,NA,NA,NA,NA,NA,NA,NA,NA,NA,NA,NA,NA,NA,NA,NA,NA,NA,5,5,5,5,5,5,5,5,5,5,NA,NA,NA,NA,NA,NA,NA,NA,NA,NA,NA,NA,NA,NA,NA,NA,NA,NA,NA,NA,NA,NA,NA,NA,NA,NA,NA,NA,NA,20,21,22,23,24,25,26,27,28,29,NA,NA,NA,NA,NA,NA,NA,NA,NA,NA,NA,NA,NA,NA,NA,NA,NA,NA,NA,NA,NA,NA,NA,NA,NA,NA,NA,NA,NA,3,4,2,3,3,3,4,4,3,4,NA,NA,NA,NA,NA,NA,NA,NA,NA,NA,NA,NA,NA,NA,NA,NA,NA,NA,NA,NA,NA,NA,NA,NA,NA,NA,NA,NA,NA,,,sat often,,,,,,,,,,,,,,,,,,,,,,,,,,,,,,,,,,,,,
10830073,female,2w,21FEB2019,22FEB2019,23FEB2019,24FEB2019,25FEB2019,28FEB2019,01MAR2019,02MAR2019,03MAR2019,04MAR2019,,,,,,,,,,,,,,,,,,,,,,,,,,,,,,,10:20,12:06,11:35,11:09,10:12,12:10,11:27,11:22,10:51,10:08,,,,,,,,,,,,,,,,,,,,,,,,,,,,,,,16,16,16,16,16,18,18,18,18,18,NA,NA,NA,NA,NA,NA,NA,NA,NA,NA,NA,NA,NA,NA,NA,NA,NA,NA,NA,NA,NA,NA,NA,NA,NA,NA,NA,NA,NA,5,5,5,5,5,5,5,5,5,5,NA,NA,NA,NA,NA,NA,NA,NA,NA,NA,NA,NA,NA,NA,NA,NA,NA,NA,NA,NA,NA,NA,NA,NA,NA,NA,NA,NA,NA,20,21,22,23,24,25,26,27,28,29,NA,NA,NA,NA,NA,NA,NA,NA,NA,NA,NA,NA,NA,NA,NA,NA,NA,NA,NA,NA,NA,NA,NA,NA,NA,NA,NA,NA,NA,3,3,4,4,4,3,4,4,4,4,NA,NA,NA,NA,NA,NA,NA,NA,NA,NA,NA,NA,NA,NA,NA,NA,NA,NA,NA,NA,NA,NA,NA,NA,NA,NA,NA,NA,NA,,,,,,hurt tail.,,,,,,,,,,,,,,,,,,,,,,,,,,,,,,,,,,
10858679,female,2w,21FEB2019,22FEB2019,23FEB2019,24FEB2019,25FEB2019,28FEB2019,01MAR2019,02MAR2019,03MAR2019,04MAR2019,,,,,,,,,,,,,,,,,,,,,,,,,,,,,,,10:20,12:06,11:39,11:09,10:12,12:10,11:27,11:22,10:51,10:08,,,,,,,,,,,,,,,,,,,,,,,,,,,,,,,16,16,16,16,16,18,18,18,18,18,NA,NA,NA,NA,NA,NA,NA,NA,NA,NA,NA,NA,NA,NA,NA,NA,NA,NA,NA,NA,NA,NA,NA,NA,NA,NA,NA,NA,NA,5,5,5,5,5,5,5,5,5,5,NA,NA,NA,NA,NA,NA,NA,NA,NA,NA,NA,NA,NA,NA,NA,NA,NA,NA,NA,NA,NA,NA,NA,NA,NA,NA,NA,NA,NA,20,21,22,23,24,25,26,27,28,29,NA,NA,NA,NA,NA,NA,NA,NA,NA,NA,NA,NA,NA,NA,NA,NA,NA,NA,NA,NA,NA,NA,NA,NA,NA,NA,NA,NA,NA,3,3,4,3,3,4,4,4,4,4,NA,NA,NA,NA,NA,NA,NA,NA,NA,NA,NA,NA,NA,NA,NA,NA,NA,NA,NA,NA,NA,NA,NA,NA,NA,NA,NA,NA,NA,,,,,,,,,,,,,,,,,,,,,,,,,,,,,,,,,,,,,,,,
10871349,female,2w,21FEB2019,22FEB2019,23FEB2019,24FEB2019,25FEB2019,28FEB2019,01MAR2019,02MAR2019,03MAR2019,04MAR2019,,,,,,,,,,,,,,,,,,,,,,,,,,,,,,,10:20,12:06,11:35,11:09,10:12,12:10,11:27,11:22,10:51,10:08,,,,,,,,,,,,,,,,,,,,,,,,,,,,,,,16,16,16,16,16,18,18,18,18,18,NA,NA,NA,NA,NA,NA,NA,NA,NA,NA,NA,NA,NA,NA,NA,NA,NA,NA,NA,NA,NA,NA,NA,NA,NA,NA,NA,NA,NA,5,5,5,5,5,5,5,5,5,5,NA,NA,NA,NA,NA,NA,NA,NA,NA,NA,NA,NA,NA,NA,NA,NA,NA,NA,NA,NA,NA,NA,NA,NA,NA,NA,NA,NA,NA,20,21,22,23,24,25,26,27,28,29,NA,NA,NA,NA,NA,NA,NA,NA,NA,NA,NA,NA,NA,NA,NA,NA,NA,NA,NA,NA,NA,NA,NA,NA,NA,NA,NA,NA,NA,2,3,3,3,2,3,4,4,2,4,NA,NA,NA,NA,NA,NA,NA,NA,NA,NA,NA,NA,NA,NA,NA,NA,NA,NA,NA,NA,NA,NA,NA,NA,NA,NA,NA,NA,NA,,,,,Ran backwards.,,,,,,,,,,,,,,,,,,,,,,,,,,,,,,,,,,,
10877894,female,2w,21FEB2019,22FEB2019,23FEB2019,24FEB2019,25FEB2019,28FEB2019,01MAR2019,02MAR2019,03MAR2019,04MAR2019,,,,,,,,,,,,,,,,,,,,,,,,,,,,,,,10:20,12:06,11:35,11:09,10:12,12:10,11:27,11:22,10:51,10:08,,,,,,,,,,,,,,,,,,,,,,,,,,,,,,,16,16,16,16,16,18,18,18,18,18,NA,NA,NA,NA,NA,NA,NA,NA,NA,NA,NA,NA,NA,NA,NA,NA,NA,NA,NA,NA,NA,NA,NA,NA,NA,NA,NA,NA,NA,5,5,5,5,5,5,5,5,5,5,NA,NA,NA,NA,NA,NA,NA,NA,NA,NA,NA,NA,NA,NA,NA,NA,NA,NA,NA,NA,NA,NA,NA,NA,NA,NA,NA,NA,NA,20,21,22,23,24,25,26,27,28,29,NA,NA,NA,NA,NA,NA,NA,NA,NA,NA,NA,NA,NA,NA,NA,NA,NA,NA,NA,NA,NA,NA,NA,NA,NA,NA,NA,NA,NA,3,3,4,4,4,4,4,4,4,4,NA,NA,NA,NA,NA,NA,NA,NA,NA,NA,NA,NA,NA,NA,NA,NA,NA,NA,NA,NA,NA,NA,NA,NA,NA,NA,NA,NA,NA,,,,,,,,,,,,,,,,,,,,,,,,,,,,,,,,,,,,,,,,
10971645,female,2w,20FEB2019,21FEB2019,22FEB2019,23FEB2019,24FEB2019,27FEB2019,28FEB2019,01MAR2019,02MAR2019,03MAR2019,,,,,,,,,,,,,,,,,,,,,,,,,,,,,,,10:48,11:32,11:17,12:20,10:31,10:42,11:30,10:49,10:44,10:53,,,,,,,,,,,,,,,,,,,,,,,,,,,,,,,16,16,16,16,16,18,18,18,18,18,NA,NA,NA,NA,NA,NA,NA,NA,NA,NA,NA,NA,NA,NA,NA,NA,NA,NA,NA,NA,NA,NA,NA,NA,NA,NA,NA,NA,NA,5,5,5,5,5,5,5,5,5,5,NA,NA,NA,NA,NA,NA,NA,NA,NA,NA,NA,NA,NA,NA,NA,NA,NA,NA,NA,NA,NA,NA,NA,NA,NA,NA,NA,NA,NA,20,21,22,23,24,25,26,27,28,29,NA,NA,NA,NA,NA,NA,NA,NA,NA,NA,NA,NA,NA,NA,NA,NA,NA,NA,NA,NA,NA,NA,NA,NA,NA,NA,NA,NA,NA,4,3,4,4,4,3,4,4,4,4,NA,NA,NA,NA,NA,NA,NA,NA,NA,NA,NA,NA,NA,NA,NA,NA,NA,NA,NA,NA,NA,NA,NA,NA,NA,NA,NA,NA,NA,,,,,,,,,,,,,,,,,,,,,,,,,,,,,,,,,,,,,,,,
10972374,female,2w,20FEB2019,21FEB2019,22FEB2019,23FEB2019,24FEB2019,27FEB2019,28FEB2019,01MAR2019,02MAR2019,03MAR2019,,,,,,,,,,,,,,,,,,,,,,,,,,,,,,,10:48,11:32,11:17,12:20,10:31,10:42,11:30,10:49,10:44,10:53,,,,,,,,,,,,,,,,,,,,,,,,,,,,,,,16,16,16,16,16,18,18,18,18,18,NA,NA,NA,NA,NA,NA,NA,NA,NA,NA,NA,NA,NA,NA,NA,NA,NA,NA,NA,NA,NA,NA,NA,NA,NA,NA,NA,NA,NA,5,5,5,5,5,5,5,5,5,5,NA,NA,NA,NA,NA,NA,NA,NA,NA,NA,NA,NA,NA,NA,NA,NA,NA,NA,NA,NA,NA,NA,NA,NA,NA,NA,NA,NA,NA,20,21,22,23,24,25,26,27,28,29,NA,NA,NA,NA,NA,NA,NA,NA,NA,NA,NA,NA,NA,NA,NA,NA,NA,NA,NA,NA,NA,NA,NA,NA,NA,NA,NA,NA,NA,4,4,4,4,4,4,4,4,4,3,NA,NA,NA,NA,NA,NA,NA,NA,NA,NA,NA,NA,NA,NA,NA,NA,NA,NA,NA,NA,NA,NA,NA,NA,NA,NA,NA,NA,NA,,,,,,,,,,,,,,,,,,,,,,,,,,,,,,,,,,,,,,,,
10268871,female,4w,06NOV2018,07NOV2018,08NOV2018,09NOV2018,10NOV2018,13NOV2018,14NOV2018,15NOV2018,16NOV2018,17NOV2018,20NOV2018,21NOV2018,22NOV2018,23NOV2018,24NOV2018,27NOV2018,28NOV2018,29NOV2018,30NOV2018,01DEC2018,,,,,,,,,,,,,,,,,,,,,10:15,10:00,09:53,11:55,13:40,10:00,10:00,10:00,11:42,10:45,10:30,10:45,10:15,10:45,10:40,11:20,11:14,10:05,11:55,10:00,,,,,,,,,,,,,,,,,,,,,16,16,16,16,16,18,18,18,18,18,18,18,18,18,18,NA,21,21,21,21,NA,NA,NA,NA,NA,NA,NA,NA,NA,NA,NA,NA,NA,NA,NA,NA,NA,NA,NA,5,5,5,5,5,5,5,5,5,5,10,10,10,10,10,NA,10,10,10,10,NA,NA,NA,NA,NA,NA,NA,NA,NA,NA,NA,NA,NA,NA,NA,NA,NA,NA,NA,20,21,22,23,24,25,26,27,28,29,30,31,32,33,34,NA,36,37,38,39,NA,NA,NA,NA,NA,NA,NA,NA,NA,NA,NA,NA,NA,NA,NA,NA,NA,NA,NA,2,2,1,2,2,3,3,3,3,3,3,3,4,4,3,NA,3,3,3,3,NA,NA,NA,NA,NA,NA,NA,NA,NA,NA,NA,NA,NA,NA,NA,NA,NA,NA,NA,"Difficult, needed constant prodding","Back walked, used shock","Two front and rear feet got injured, stopped at 15:00 mins of training","Lazy, stopped at 20 min",Struggled a lot at the beginning. Got better afterwards,Ran well with shock,Ran well with the shock,Ran well with the shock,Ran well with the shock,Ran well with the shock,Ran well with the shock,Ran well with the shock,Ran well,Ran well,Ran well with shock,VO2,Ran well with shock,Ran well with shock,Ran well with shock,Ran well with shock,,,,,,,,,,,,,,,,,,,,
10282947,female,4w,06NOV2018,07NOV2018,08NOV2018,09NOV2018,10NOV2018,13NOV2018,14NOV2018,15NOV2018,16NOV2018,17NOV2018,20NOV2018,21NOV2018,22NOV2018,23NOV2018,24NOV2018,27NOV2018,28NOV2018,29NOV2018,30NOV2018,01DEC2018,,,,,,,,,,,,,,,,,,,,,10:15,10:00,09:53,11:55,10:40,10:00,10:00,10:00,11:43,10:45,10:30,10:45,10:15,10:45,10:40,14:03,11:14,10:05,11:55,11:00,,,,,,,,,,,,,,,,,,,,,16,16,16,16,16,18,18,18,18,18,18,18,18,18,18,NA,21,21,21,21,NA,NA,NA,NA,NA,NA,NA,NA,NA,NA,NA,NA,NA,NA,NA,NA,NA,NA,NA,5,5,5,5,5,5,5,5,5,5,10,10,10,10,10,NA,10,10,10,10,NA,NA,NA,NA,NA,NA,NA,NA,NA,NA,NA,NA,NA,NA,NA,NA,NA,NA,NA,20,21,22,23,24,25,26,27,28,29,30,31,32,33,34,NA,36,37,38,39,NA,NA,NA,NA,NA,NA,NA,NA,NA,NA,NA,NA,NA,NA,NA,NA,NA,NA,NA,3,4,4,4,4,4,4,4,4,4,4,4,4,4,4,NA,4,4,4,4,NA,NA,NA,NA,NA,NA,NA,NA,NA,NA,NA,NA,NA,NA,NA,NA,NA,NA,NA,"Ran well, shock used",Ran well with no shock,Perfect,Perfect,Perfect,Perfect,Ran well with no shock,Perfect,Perfect,Perfect,Ran well,Perfect,Perfect,Perfect,Perfect,VO2,Perfect,Perfect,Perfect,Perfect,,,,,,,,,,,,,,,,,,,,
10284052,female,4w,06NOV2018,07NOV2018,08NOV2018,09NOV2018,10NOV2018,13NOV2018,14NOV2018,15NOV2018,16NOV2018,17NOV2018,20NOV2018,21NOV2018,22NOV2018,23NOV2018,24NOV2018,27NOV2018,28NOV2018,29NOV2018,30NOV2018,01DEC2018,,,,,,,,,,,,,,,,,,,,,10:15,10:00,09:53,11:55,13:40,10:00,10:00,10:00,11:42,10:45,10:30,10:45,10:15,10:45,10:40,15:10,11:14,10:05,11:55,10:00,,,,,,,,,,,,,,,,,,,,,16,16,16,16,16,18,18,18,18,18,18,18,18,18,18,NA,21,21,21,21,NA,NA,NA,NA,NA,NA,NA,NA,NA,NA,NA,NA,NA,NA,NA,NA,NA,NA,NA,5,5,5,5,5,5,5,5,5,5,10,10,10,10,10,NA,10,10,10,10,NA,NA,NA,NA,NA,NA,NA,NA,NA,NA,NA,NA,NA,NA,NA,NA,NA,NA,NA,20,21,22,23,24,25,26,27,28,29,30,31,32,33,34,NA,36,37,38,39,NA,NA,NA,NA,NA,NA,NA,NA,NA,NA,NA,NA,NA,NA,NA,NA,NA,NA,NA,3,3,3,3,3,3,3,3,3,3,3,4,4,4,3,NA,3,4,3,3,NA,NA,NA,NA,NA,NA,NA,NA,NA,NA,NA,NA,NA,NA,NA,NA,NA,NA,NA,Needed shock,Ran well with shock,Needed shock,Ran well with shock,Ran well with shock,Ran well with shock,Ran well with shock,Ran well with shock,Ran well with shock,Ran well with shock (suffered tail injury),Ran well with shock,Perfect,Ran well,Ran well,Ran well with shock,VO2,Ran well with shock,Perfect,Ran well with shock,Ran well with shock,,,,,,,,,,,,,,,,,,,,
10300007,female,4w,06NOV2018,07NOV2018,08NOV2018,09NOV2018,10NOV2018,13NOV2018,14NOV2018,15NOV2018,16NOV2018,17NOV2018,20NOV2018,21NOV2018,22NOV2018,23NOV2018,24NOV2018,27NOV2018,28NOV2018,29NOV2018,30NOV2018,01DEC2018,,,,,,,,,,,,,,,,,,,,,10:15,10:00,09:53,11:55,13:40,10:00,10:00,10:00,11:42,10:45,10:30,10:45,10:15,10:45,10:40,16:22,11:14,10:05,11:55,10:00,,,,,,,,,,,,,,,,,,,,,16,16,16,16,16,18,18,18,18,18,18,18,18,18,18,NA,21,21,21,21,NA,NA,NA,NA,NA,NA,NA,NA,NA,NA,NA,NA,NA,NA,NA,NA,NA,NA,NA,5,5,5,5,5,5,5,5,5,5,10,10,10,10,10,NA,10,10,10,10,NA,NA,NA,NA,NA,NA,NA,NA,NA,NA,NA,NA,NA,NA,NA,NA,NA,NA,NA,20,21,22,23,24,25,26,27,28,29,30,31,32,33,34,NA,36,37,38,39,NA,NA,NA,NA,NA,NA,NA,NA,NA,NA,NA,NA,NA,NA,NA,NA,NA,NA,NA,4,3,4,4,4,4,3,4,4,4,4,3,3,3,3,NA,3,4,3,3,NA,NA,NA,NA,NA,NA,NA,NA,NA,NA,NA,NA,NA,NA,NA,NA,NA,NA,NA,Perfect,"Walked backwards a little, shock used",Perfect,Perfect,Perfect,Ran well,Ran well with shock,Ran well,Perfect,Perfect,Ran well,Ran well with shock,Ran well with shock,Ran well with shock,Ran well with shock,VO2,Ran well with shock,Perfect,Ran well with shock,Ran well with shock,,,,,,,,,,,,,,,,,,,,
10306471,female,4w,07NOV2018,08NOV2018,09NOV2018,10NOV2018,11NOV2018,14NOV2018,15NOV2018,16NOV2018,17NOV2018,18NOV2018,21NOV2018,22NOV2018,23NOV2018,24NOV2018,25NOV2018,28NOV2018,29NOV2018,30NOV2018,01DEC2018,02DEC2018,,,,,,,,,,,,,,,,,,,,,10:00,09:53,11:55,13:40,10:45,10:04,10:00,11:48,10:45,10:20,10:45,10:15,10:45,10:40,10:00,10:07,10:08,11:55,10:00,10:00,,,,,,,,,,,,,,,,,,,,,16,16,16,16,16,18,18,18,18,18,18,18,18,18,18,NA,21,21,21,21,NA,NA,NA,NA,NA,NA,NA,NA,NA,NA,NA,NA,NA,NA,NA,NA,NA,NA,NA,5,5,5,5,5,5,5,5,5,5,10,10,10,10,10,NA,10,10,10,10,NA,NA,NA,NA,NA,NA,NA,NA,NA,NA,NA,NA,NA,NA,NA,NA,NA,NA,NA,20,21,22,23,24,25,26,27,28,29,30,31,32,33,34,NA,36,37,38,39,NA,NA,NA,NA,NA,NA,NA,NA,NA,NA,NA,NA,NA,NA,NA,NA,NA,NA,NA,2,3,4,4,3,3,3,3,3,3,3,3,3,3,3,NA,2,3,3,3,NA,NA,NA,NA,NA,NA,NA,NA,NA,NA,NA,NA,NA,NA,NA,NA,NA,NA,NA,"Lazy, shock used",Ran Well,Perfect,Ran well,Ran well with shock,Ran well with shock,Ran well with shock,Ran well with shock,Ran well with shock,"Prodded at the begging, improved afterwards",Ran well with shock,Ran well with shock,Ran well with shock,Ran well with shock after lagging at the begging,Ran well with shock,VO2,"Stubborn, needed constant prodding",Ran well with shock,Ran well with shock,Ran well with shock,,,,,,,,,,,,,,,,,,,,
10309659,female,4w,07NOV2018,08NOV2018,09NOV2018,10NOV2018,11NOV2018,14NOV2018,15NOV2018,16NOV2018,17NOV2018,18NOV2018,21NOV2018,22NOV2018,23NOV2018,24NOV2018,25NOV2018,28NOV2018,29NOV2018,30NOV2018,01DEC2018,02DEC2018,,,,,,,,,,,,,,,,,,,,,10:00,09:53,11:55,13:40,10:45,10:04,10:00,11:42,10:45,10:20,10:45,10:15,10:45,10:40,10:00,11:19,10:08,11:55,10:00,10:00,,,,,,,,,,,,,,,,,,,,,16,16,16,16,16,18,18,18,18,18,18,18,18,18,18,NA,21,21,21,21,NA,NA,NA,NA,NA,NA,NA,NA,NA,NA,NA,NA,NA,NA,NA,NA,NA,NA,NA,5,5,5,5,5,5,5,5,5,5,10,10,10,10,10,NA,10,10,10,10,NA,NA,NA,NA,NA,NA,NA,NA,NA,NA,NA,NA,NA,NA,NA,NA,NA,NA,NA,20,21,22,23,24,25,26,27,28,29,30,31,32,33,34,NA,36,37,38,39,NA,NA,NA,NA,NA,NA,NA,NA,NA,NA,NA,NA,NA,NA,NA,NA,NA,NA,NA,3,2,3,3,3,3,3,3,3,3,3,3,3,4,3,NA,4,3,4,4,NA,NA,NA,NA,NA,NA,NA,NA,NA,NA,NA,NA,NA,NA,NA,NA,NA,NA,NA,Ran well with shock,"Lazy, stubborn",Ran well with shock,Ran well with shock,"Struggled at first, then got better and ran well",Ran well with shock,Ran well with shock,Ran well with shock,Ran well with shock,Ran well with shock,Ran well with shock,Ran well with shock,Ran well with shock,Ram well,Ran well with shock,VO2,Perfect,Ran well with shock,Ran well,Ran well,,,,,,,,,,,,,,,,,,,,
10314733,female,4w,07NOV2018,08NOV2018,09NOV2018,10NOV2018,11NOV2018,14NOV2018,15NOV2018,16NOV2018,17NOV2018,18NOV2018,21NOV2018,22NOV2018,23NOV2018,24NOV2018,25NOV2018,28NOV2018,29NOV2018,30NOV2018,01DEC2018,02DEC2018,,,,,,,,,,,,,,,,,,,,,10:00,09:53,11:55,13:40,10:45,10:04,10:00,11:42,10:45,10:20,10:45,10:15,10:45,10:40,10:00,12:27,10:08,11:55,10:00,10:00,,,,,,,,,,,,,,,,,,,,,16,16,16,16,16,18,18,18,18,18,18,18,18,18,18,NA,21,21,21,21,NA,NA,NA,NA,NA,NA,NA,NA,NA,NA,NA,NA,NA,NA,NA,NA,NA,NA,NA,5,5,5,5,5,5,5,5,5,5,10,10,10,10,10,NA,10,10,10,10,NA,NA,NA,NA,NA,NA,NA,NA,NA,NA,NA,NA,NA,NA,NA,NA,NA,NA,NA,20,21,22,23,24,25,26,27,28,29,30,31,32,33,34,NA,36,37,38,39,NA,NA,NA,NA,NA,NA,NA,NA,NA,NA,NA,NA,NA,NA,NA,NA,NA,NA,NA,3,3,3,3,3,3,3,3,3,3,3,3,3,3,3,NA,2,3,3,3,NA,NA,NA,NA,NA,NA,NA,NA,NA,NA,NA,NA,NA,NA,NA,NA,NA,NA,NA,Ran well with shock,Ran well with shock,Ran well with shock,"Resisted at first, but then ran well with shock",Ran well with shock,Ran well with shock,Ran well with shock,Ran well with shock,Ran well with shock,"Ran well with shock, escaped from cage once",Ran well with shock,Ran well with shock,Ran well with shock,"Ran backwards a couple of times, but otherwise ran well with shock","Ran backwards a couple of times, but otherwise ran well with shock",VO2,Needed constant prodding + shock,Ran well with shock,Ran well with shock,Ran well with shock,,,,,,,,,,,,,,,,,,,,
10315624,female,4w,07NOV2018,08NOV2018,09NOV2018,10NOV2018,11NOV2018,14NOV2018,15NOV2018,16NOV2018,17NOV2018,18NOV2018,21NOV2018,22NOV2018,23NOV2018,24NOV2018,25NOV2018,28NOV2018,29NOV2018,30NOV2018,01DEC2018,02DEC2018,,,,,,,,,,,,,,,,,,,,,10:00,09:53,11:55,13:40,10:45,10:04,10:00,11:42,10:45,10:20,10:45,10:15,10:45,10:40,10:00,14:54,10:08,11:55,10:00,10:00,,,,,,,,,,,,,,,,,,,,,16,16,16,16,16,18,18,18,18,18,18,18,18,18,18,NA,21,21,21,21,NA,NA,NA,NA,NA,NA,NA,NA,NA,NA,NA,NA,NA,NA,NA,NA,NA,NA,NA,5,5,5,5,5,5,5,5,5,5,10,10,10,10,10,NA,10,10,10,10,NA,NA,NA,NA,NA,NA,NA,NA,NA,NA,NA,NA,NA,NA,NA,NA,NA,NA,NA,20,21,22,23,24,25,26,27,28,29,30,31,32,33,34,NA,36,37,38,39,NA,NA,NA,NA,NA,NA,NA,NA,NA,NA,NA,NA,NA,NA,NA,NA,NA,NA,NA,2,3,3,3,3,3,3,3,3,3,4,4,4,3,4,NA,4,3,4,4,NA,NA,NA,NA,NA,NA,NA,NA,NA,NA,NA,NA,NA,NA,NA,NA,NA,NA,NA,"Lazy, used shock",Ran well with shock,Ran well with shock,Ran well with shock,Ran well with shock,Ran well with shock,Ran well with shock,Ran well with shock,Ran well with shock,Ran well with shock,Perfect,Perfect,Perfect,Ran well with shock,Perfect,VO2,Perfect,Ran well with shock,Perfect,Perfect,,,,,,,,,,,,,,,,,,,,
10335064,female,4w,07NOV2018,08NOV2018,09NOV2018,10NOV2018,11NOV2018,14NOV2018,15NOV2018,16NOV2018,17NOV2018,18NOV2018,21NOV2018,22NOV2018,23NOV2018,24NOV2018,25NOV2018,28NOV2018,29NOV2018,30NOV2018,01DEC2018,02DEC2018,,,,,,,,,,,,,,,,,,,,,10:00,09:53,11:55,13:40,10:45,10:04,10:00,11:42,10:45,10:20,10:45,10:15,10:45,10:40,10:00,16:04,10:08,11:55,10:00,10:00,,,,,,,,,,,,,,,,,,,,,16,16,16,16,16,18,18,18,18,18,18,18,18,18,18,NA,21,21,21,21,NA,NA,NA,NA,NA,NA,NA,NA,NA,NA,NA,NA,NA,NA,NA,NA,NA,NA,NA,5,5,5,5,5,5,5,5,5,5,10,10,10,10,10,NA,10,10,10,10,NA,NA,NA,NA,NA,NA,NA,NA,NA,NA,NA,NA,NA,NA,NA,NA,NA,NA,NA,20,21,22,23,24,25,26,27,28,29,30,31,32,33,34,NA,36,37,38,39,NA,NA,NA,NA,NA,NA,NA,NA,NA,NA,NA,NA,NA,NA,NA,NA,NA,NA,NA,4,4,3,3,3,3,3,3,3,3,4,3,4,4,4,NA,3,4,4,3,NA,NA,NA,NA,NA,NA,NA,NA,NA,NA,NA,NA,NA,NA,NA,NA,NA,NA,NA,Perfect,Perfect,Ran well with shock,Ran well with shock,Ran well with shock,Ran well with shock,Ran well with shock,Ran well with shock,Ran well with shock,Ran well with shock,Perfect,Ran well with shock,Perfect,Perfect,Perfect,VO2,Shock at the end,Perfect,Ran well,Ran well with shock,,,,,,,,,,,,,,,,,,,,
10335730,female,4w,08NOV2018,09NOV2018,10NOV2018,11NOV2018,12NOV2018,15NOV2018,16NOV2018,17NOV2018,18NOV2018,19NOV2018,22NOV2018,23NOV2018,24NOV2018,25NOV2018,26NOV2018,29NOV2018,30NOV2018,01DEC2018,02DEC2018,03DEC2018,,,,,,,,,,,,,,,,,,,,,10:42,12:36,14:20,11:30,10:45,10:38,12:26,11:20,10:20,12:20,10:50,11:30,11:35,10:00,14:00,12:12,12:47,10:58,10:00,10:00,,,,,,,,,,,,,,,,,,,,,16,16,16,16,16,18,18,18,18,18,18,18,18,18,18,NA,21,21,21,21,NA,NA,NA,NA,NA,NA,NA,NA,NA,NA,NA,NA,NA,NA,NA,NA,NA,NA,NA,5,5,5,5,5,5,5,5,5,5,10,10,10,10,10,NA,10,10,10,10,NA,NA,NA,NA,NA,NA,NA,NA,NA,NA,NA,NA,NA,NA,NA,NA,NA,NA,NA,20,21,22,23,24,25,26,27,28,29,30,31,32,33,34,NA,36,37,38,39,NA,NA,NA,NA,NA,NA,NA,NA,NA,NA,NA,NA,NA,NA,NA,NA,NA,NA,NA,2,2,3,2,2,2,3,3,3,3,3,3,3,3,3,NA,3,3,3,3,NA,NA,NA,NA,NA,NA,NA,NA,NA,NA,NA,NA,NA,NA,NA,NA,NA,NA,NA,"Difficult, prodded constantly","Lazy, ok with shock",Ran well with shock,"Lazy, constantly stayed around the shock but ran well after the drape was removed",Tried to sit on the shock constantly,"Lazy, needed to apply prodding with shock",Ran well with shock,Ran okay with shock,Ran well with shock,Ran well with shock,Ran well with shock,Ran well with shock,Ran well with shock,"Ran well with shock, lazy",Ran well with shock,VO2,Ran well with shock,"Lazy at the start. Sat on the shock, but was better after the drape was removed",Ran well with shock,Ran well with shock,,,,,,,,,,,,,,,,,,,,
10337199,female,4w,08NOV2018,09NOV2018,10NOV2018,11NOV2018,12NOV2018,15NOV2018,16NOV2018,17NOV2018,18NOV2018,19NOV2018,22NOV2018,23NOV2018,24NOV2018,25NOV2018,26NOV2018,29NOV2018,30NOV2018,01DEC2018,02DEC2018,03DEC2018,,,,,,,,,,,,,,,,,,,,,10:42,12:36,14:20,11:30,10:45,10:38,12:26,11:20,10:20,12:20,10:50,11:30,11:35,10:00,14:00,13:13,12:47,10:58,10:00,10:00,,,,,,,,,,,,,,,,,,,,,16,16,16,16,16,18,18,18,18,18,18,18,18,18,18,NA,21,21,21,21,NA,NA,NA,NA,NA,NA,NA,NA,NA,NA,NA,NA,NA,NA,NA,NA,NA,NA,NA,5,5,5,5,5,5,5,5,5,5,10,10,10,10,10,NA,10,10,10,10,NA,NA,NA,NA,NA,NA,NA,NA,NA,NA,NA,NA,NA,NA,NA,NA,NA,NA,NA,20,21,22,23,24,25,26,27,28,29,30,31,32,33,34,NA,36,37,38,39,NA,NA,NA,NA,NA,NA,NA,NA,NA,NA,NA,NA,NA,NA,NA,NA,NA,NA,NA,4,4,4,4,4,4,4,4,4,4,4,4,4,4,4,NA,4,4,4,4,NA,NA,NA,NA,NA,NA,NA,NA,NA,NA,NA,NA,NA,NA,NA,NA,NA,NA,NA,Perfect,Perfect,Perfect,Perfect,Perfect,Perfect,Perfect,Perfect,Perfect,Perfect,Perfect,Perfect,Perfect,Perfect,Perfect,VO2,Perfect,Perfect,Perfect,Ran well,,,,,,,,,,,,,,,,,,,,
10338918,female,4w,08NOV2018,09NOV2018,10NOV2018,11NOV2018,12NOV2018,15NOV2018,16NOV2018,17NOV2018,18NOV2018,19NOV2018,22NOV2018,23NOV2018,24NOV2018,25NOV2018,26NOV2018,29NOV2018,30NOV2018,01DEC2018,02DEC2018,03DEC2018,,,,,,,,,,,,,,,,,,,,,10:42,12:36,14:20,11:30,10:45,10:48,12:26,11:20,10:20,12:20,10:50,11:30,11:35,10:00,14:00,14:20,12:47,10:55,10:00,10:00,,,,,,,,,,,,,,,,,,,,,16,16,16,16,16,18,18,18,18,18,18,18,18,18,18,NA,21,21,21,21,NA,NA,NA,NA,NA,NA,NA,NA,NA,NA,NA,NA,NA,NA,NA,NA,NA,NA,NA,5,5,5,5,5,5,5,5,5,5,10,10,10,10,10,NA,10,10,10,10,NA,NA,NA,NA,NA,NA,NA,NA,NA,NA,NA,NA,NA,NA,NA,NA,NA,NA,NA,20,21,22,23,24,25,26,27,28,29,30,31,32,33,34,NA,36,37,38,39,NA,NA,NA,NA,NA,NA,NA,NA,NA,NA,NA,NA,NA,NA,NA,NA,NA,NA,NA,3,4,4,4,4,4,4,4,4,4,4,3,4,4,4,NA,4,4,4,4,NA,NA,NA,NA,NA,NA,NA,NA,NA,NA,NA,NA,NA,NA,NA,NA,NA,NA,NA,Ran well with shock,Perfect,Perfect,Perfect,Perfect,Perfect,Perfect,Perfect,Perfect,Perfect,Perfect,Ran well with shock,Perfect,Perfect,Perfect,VO2,Perfect,Perfect,Perfect,Perfect,,,,,,,,,,,,,,,,,,,,
10356738,female,4w,08NOV2018,09NOV2018,10NOV2018,11NOV2018,12NOV2018,15NOV2018,16NOV2018,17NOV2018,18NOV2018,19NOV2018,22NOV2018,23NOV2018,24NOV2018,25NOV2018,26NOV2018,29NOV2018,30NOV2018,01DEC2018,02DEC2018,03DEC2018,,,,,,,,,,,,,,,,,,,,,10:42,12:36,14:20,11:30,10:45,10:38,12:26,11:20,10:20,12:20,10:50,11:30,11:35,10:00,14:00,15:24,12:47,10:58,10:00,10:00,,,,,,,,,,,,,,,,,,,,,16,16,16,16,16,18,18,18,18,18,18,18,18,18,18,NA,21,21,21,21,NA,NA,NA,NA,NA,NA,NA,NA,NA,NA,NA,NA,NA,NA,NA,NA,NA,NA,NA,5,5,5,5,5,5,5,5,5,5,10,10,10,10,10,NA,10,10,10,10,NA,NA,NA,NA,NA,NA,NA,NA,NA,NA,NA,NA,NA,NA,NA,NA,NA,NA,NA,20,21,22,23,24,25,26,27,28,29,30,31,32,33,34,NA,36,37,38,39,NA,NA,NA,NA,NA,NA,NA,NA,NA,NA,NA,NA,NA,NA,NA,NA,NA,NA,NA,4,3,4,4,3,4,3,3,4,4,3,4,3,4,4,NA,4,4,4,4,NA,NA,NA,NA,NA,NA,NA,NA,NA,NA,NA,NA,NA,NA,NA,NA,NA,NA,NA,Perfect,Ran well with shock,Ran well,Perfect,Ran well with shock,Perfect,Ran well with shock,Ran well with shock,Perfect,Perfect,Ran well with shock,Perfect,Ran very well with shock,Perfect,Perfect,VO2,Perfect,"Always running, perfect",Perfect,Perfect,,,,,,,,,,,,,,,,,,,,
10381414,female,4w,09NOV2018,10NOV2018,11NOV2018,12NOV2018,13NOV2018,16NOV2018,17NOV2018,18NOV2018,19NOV2018,20NOV2018,23NOV2018,24NOV2018,25NOV2018,26NOV2018,27NOV2018,30NOV2018,01DEC2018,02DEC2018,03DEC2018,04DEC2018,,,,,,,,,,,,,,,,,,,,,12:36,14:20,11:30,10:45,10:45,12:26,11:20,11:00,12:20,10:30,11:30,11:35,10:40,14:00,10:00,11:40,11:50,10:45,10:00,10:00,,,,,,,,,,,,,,,,,,,,,16,16,16,16,16,18,18,18,18,18,18,18,18,18,18,NA,21,21,21,21,NA,NA,NA,NA,NA,NA,NA,NA,NA,NA,NA,NA,NA,NA,NA,NA,NA,NA,NA,5,5,5,5,5,5,5,5,5,5,10,10,10,10,10,NA,10,10,10,10,NA,NA,NA,NA,NA,NA,NA,NA,NA,NA,NA,NA,NA,NA,NA,NA,NA,NA,NA,20,21,22,23,24,25,26,27,28,29,30,31,32,33,34,NA,36,37,38,39,NA,NA,NA,NA,NA,NA,NA,NA,NA,NA,NA,NA,NA,NA,NA,NA,NA,NA,NA,3,3,4,4,3,3,3,3,3,3,3,4,3,3,4,NA,3,3,3,3,NA,NA,NA,NA,NA,NA,NA,NA,NA,NA,NA,NA,NA,NA,NA,NA,NA,NA,NA,Ran well with shock,Ran well with shock,Perfect,Perfect,Ran well with shock,"Ran ok with shock, somewhat lazy",Ran well with shock,Ran well with shock,Ran well with shock,Ran well with shock,Ran well with shock,Ran well,Ran well with shock,Ran well with shock,Perfect,VO2,Ran well with shock,Ran well with shock,Ran well with shock,Ran well with shock,,,,,,,,,,,,,,,,,,,,
10387021,female,4w,09NOV2018,10NOV2018,11NOV2018,12NOV2018,13NOV2018,16NOV2018,17NOV2018,18NOV2018,19NOV2018,20NOV2018,23NOV2018,24NOV2018,25NOV2018,26NOV2018,27NOV2018,30NOV2018,01DEC2018,02DEC2018,03DEC2018,04DEC2018,,,,,,,,,,,,,,,,,,,,,12:36,14:20,11:30,10:45,10:45,12:26,11:20,11:00,12:20,10:30,11:30,11:35,10:40,14:00,10:00,10:37,11:50,10:45,10:00,10:00,,,,,,,,,,,,,,,,,,,,,16,16,16,16,16,18,18,18,18,18,18,18,18,18,18,NA,21,21,21,21,NA,NA,NA,NA,NA,NA,NA,NA,NA,NA,NA,NA,NA,NA,NA,NA,NA,NA,NA,5,5,5,5,5,5,5,5,5,5,10,10,10,10,10,NA,10,10,10,10,NA,NA,NA,NA,NA,NA,NA,NA,NA,NA,NA,NA,NA,NA,NA,NA,NA,NA,NA,20,21,22,23,24,25,26,27,28,29,30,31,32,33,34,NA,36,37,38,39,NA,NA,NA,NA,NA,NA,NA,NA,NA,NA,NA,NA,NA,NA,NA,NA,NA,NA,NA,4,4,4,4,4,4,4,4,4,4,4,4,4,4,3,NA,3,3,3,3,NA,NA,NA,NA,NA,NA,NA,NA,NA,NA,NA,NA,NA,NA,NA,NA,NA,NA,NA,Perfect,Perfect,Perfect,Perfect,Perfect,Perfect,Perfect,Perfect,Perfect,Perfect,Perfect,Perfect,Perfect,Perfect,Ran well with shock,VO2,Ran well with shock,Ran well with shock,Ran well with shock,Ran well with shock,,,,,,,,,,,,,,,,,,,,
10391800,female,4w,09NOV2018,10NOV2018,11NOV2018,12NOV2018,13NOV2018,16NOV2018,17NOV2018,18NOV2018,19NOV2018,20NOV2018,23NOV2018,24NOV2018,25NOV2018,26NOV2018,27NOV2018,30NOV2018,01DEC2018,02DEC2018,03DEC2018,04DEC2018,,,,,,,,,,,,,,,,,,,,,12:36,14:20,11:30,10:45,10:45,12:26,11:20,11:00,12:20,10:30,11:30,11:35,10:40,14:00,10:00,14:02,11:50,10:45,10:00,10:00,,,,,,,,,,,,,,,,,,,,,16,16,16,16,16,18,18,18,18,18,18,18,18,18,18,NA,21,21,21,21,NA,NA,NA,NA,NA,NA,NA,NA,NA,NA,NA,NA,NA,NA,NA,NA,NA,NA,NA,5,5,5,5,5,5,5,5,5,5,10,10,10,10,10,NA,10,10,10,10,NA,NA,NA,NA,NA,NA,NA,NA,NA,NA,NA,NA,NA,NA,NA,NA,NA,NA,NA,20,21,22,23,24,25,26,27,28,29,30,31,32,33,34,NA,36,37,38,39,NA,NA,NA,NA,NA,NA,NA,NA,NA,NA,NA,NA,NA,NA,NA,NA,NA,NA,NA,3,3,2,2,2,3,3,3,3,3,3,4,4,4,4,NA,4,4,4,4,NA,NA,NA,NA,NA,NA,NA,NA,NA,NA,NA,NA,NA,NA,NA,NA,NA,NA,NA,Ran well with shock,Ran well with shock,"Ran well with shock, resistant at first and tried to sit on the shock","Tried to sit on the shock, lazy and only moved after being prodded","Lazy, tried not to run. Ran well after constant prodding",Ran well with shock,Ran well with shock,Ran well with shock,Ran well with shock,Ran well with shock,Ran well with shock,Ran well,Ran well,Perfect,Perfect,VO2,Perfect,Perfect,Perfect,Perfect,,,,,,,,,,,,,,,,,,,,
10398651,female,4w,09NOV2018,10NOV2018,11NOV2018,12NOV2018,13NOV2018,16NOV2018,17NOV2018,18NOV2018,19NOV2018,20NOV2018,23NOV2018,24NOV2018,25NOV2018,26NOV2018,27NOV2018,30NOV2018,01DEC2018,02DEC2018,03DEC2018,04DEC2018,,,,,,,,,,,,,,,,,,,,,12:36,14:20,11:30,10:45,10:45,12:26,11:20,11:00,12:20,10:30,11:30,11:35,10:40,14:00,10:00,15:06,11:50,10:45,10:00,10:00,,,,,,,,,,,,,,,,,,,,,16,16,16,16,16,18,18,18,18,18,18,18,18,18,18,NA,21,21,21,21,NA,NA,NA,NA,NA,NA,NA,NA,NA,NA,NA,NA,NA,NA,NA,NA,NA,NA,NA,5,5,5,5,5,5,5,5,5,5,10,10,10,10,10,NA,10,10,10,10,NA,NA,NA,NA,NA,NA,NA,NA,NA,NA,NA,NA,NA,NA,NA,NA,NA,NA,NA,20,21,22,23,24,25,26,27,28,29,30,31,32,33,34,NA,36,37,38,39,NA,NA,NA,NA,NA,NA,NA,NA,NA,NA,NA,NA,NA,NA,NA,NA,NA,NA,NA,3,3,3,4,4,4,4,3,3,3,4,3,3,4,4,NA,3,3,4,4,NA,NA,NA,NA,NA,NA,NA,NA,NA,NA,NA,NA,NA,NA,NA,NA,NA,NA,NA,Ran well with shock,Ran well with shock,Ran well with shock,Ran well,Ran well,Ran perfectly,Perfect,Ran well with shock,Ran well with shock,Ran well with shock,Perfect,Ran well with shock,Ran well with shock,Ran well,Perfect,VO2,"Sat on shock at the start, ran well after the drape was removed",Ran well with shock,Ran well,Ran well,,,,,,,,,,,,,,,,,,,,
10411690,female,4w,09NOV2018,10NOV2018,11NOV2018,12NOV2018,13NOV2018,16NOV2018,17NOV2018,18NOV2018,19NOV2018,20NOV2018,23NOV2018,24NOV2018,25NOV2018,26NOV2018,27NOV2018,30NOV2018,01DEC2018,02DEC2018,03DEC2018,04DEC2018,,,,,,,,,,,,,,,,,,,,,12:36,14:20,15:30,10:45,10:45,12:26,11:20,11:00,12:20,10:30,11:30,11:35,10:40,14:00,10:00,16:06,11:50,10:45,10:00,10:00,,,,,,,,,,,,,,,,,,,,,16,16,16,16,16,18,18,18,18,18,18,18,18,18,18,NA,21,21,21,21,NA,NA,NA,NA,NA,NA,NA,NA,NA,NA,NA,NA,NA,NA,NA,NA,NA,NA,NA,5,5,5,5,5,5,5,5,5,5,10,10,10,10,10,NA,10,10,10,10,NA,NA,NA,NA,NA,NA,NA,NA,NA,NA,NA,NA,NA,NA,NA,NA,NA,NA,NA,20,21,22,23,24,25,26,27,28,29,30,31,32,33,34,NA,36,37,38,39,NA,NA,NA,NA,NA,NA,NA,NA,NA,NA,NA,NA,NA,NA,NA,NA,NA,NA,NA,3,3,3,3,4,4,4,4,4,4,3,4,4,3,4,NA,4,4,4,4,NA,NA,NA,NA,NA,NA,NA,NA,NA,NA,NA,NA,NA,NA,NA,NA,NA,NA,NA,Ran well with shock,Ran well with shock,Ran well with shock,Ran well with shock,Perfect,Perfect,Perfect,Perfect,Perfect,Perfect,Ran well with shock,Perfect,Perfect,Ran well with shock,Perfect,VO2,Perfect,Perfect,Perfect,Perfect,,,,,,,,,,,,,,,,,,,,
10043608,female,8w,07AUG2018,08AUG2018,09AUG2018,10AUG2018,11AUG2018,14AUG2018,15AUG2018,16AUG2018,17AUG2018,18AUG2018,21AUG2018,22AUG2018,23AUG2018,24AUG2018,25AUG2018,28AUG2018,29AUG2018,30AUG2018,31AUG2018,01SEP2018,04SEP2018,05SEP2018,06SEP2018,07SEP2018,08SEP2018,11SEP2018,12SEP2018,13SEP2018,14SEP2018,15SEP2018,18SEP2018,19SEP2018,20SEP2018,21SEP2018,22SEP2018,25SEP2018,26SEP2018,27SEP2018,28SEP2018,29SEP2018,12:55,12:23,14:30,14:30,14:38,13:41,13:29,12:30,12:52,15:34,14:40,14:15,14:30,12:50,15:30,15:35,11:40,12:25,11:55,15:00,15:30,17:30,17:00,15:00,11:00,11:05,10:15,10:27,10:27,11:38,10:50,10:10,10:29,11:55,10:10,10:01,10:41,10:28,11:00,11:16,16,16,16,16,16,18,18,18,18,18,18,18,18,18,18,21,21,21,21,21,23,23,23,23,23,26,26,26,26,26,28,28,28,28,28,28,28,28,28,5,5,5,5,5,5,5,5,5,5,10,10,10,10,10,10,10,10,10,10,10,10,10,10,10,10,10,10,10,10,10,10,10,10,10,10,10,10,10,20,21,22,23,24,25,26,27,28,29,30,31,32,33,34,35,36,37,38,39,40,41,42,43,44,45,46,47,48,49,50,50,50,50,50,50,50,50,50,3,3,3,4,2,3,2,3,4,3,3,3,3,3,3,3,4,3,3,3,2,3,3,3,3,3,3,3,3,4,3,3,3,3,3,3,3,3,3,ran forward entire time,ran forward most of the time. laid down sometimes,tried to lay down 6 times. ran forward,ran forward without stop,lied down. lazy,lazy sometimes,had to use shock at beginning and at 14 min.,used shock at beginning. ran well after,"no shock, ran entire time",had to use shock one time at 7 min. ran well after,shock and drape. struggled first 10 min. and last 5 min. stressed,shock and drape from 20 min. ran well,ran well until 12 min. got lazy; laid down. shock and drape,shock at beginning. tired at 27 min.,shock without drape from 20 min. better,ran well until 28 min. got lazy. put shock without drape,ran well,"ran well, few stops",ran okay. few stops,drape and shock used but ran well,struggled with new speed. shock without drape,ran okay until 35 min. got tired,ran well. needed shock and drape from 30 min.,shock and drape. ran well,shock and drape. ran well until the end,"ran well, used shock","ran well, used shock few times","shock with drape, ran well","needed shock, ran well",perfect,laid down at first. shock without drape. ran well got tired at 45 min.,shock at beginning. had to push a few times,shock to start,shock from the start. ran well,shock used but ran well,VO2 test,ran well after start,hardly stopped. almost a 4,"ran well, few stops","ran well, shock used. tired at 38 min."
10044256,female,8w,07AUG2018,08AUG2018,09AUG2018,10AUG2018,11AUG2018,14AUG2018,15AUG2018,16AUG2018,17AUG2018,18AUG2018,21AUG2018,22AUG2018,23AUG2018,24AUG2018,25AUG2018,28AUG2018,29AUG2018,30AUG2018,31AUG2018,01SEP2018,04SEP2018,05SEP2018,06SEP2018,07SEP2018,08SEP2018,11SEP2018,12SEP2018,13SEP2018,14SEP2018,15SEP2018,18SEP2018,19SEP2018,20SEP2018,21SEP2018,22SEP2018,25SEP2018,26SEP2018,27SEP2018,28SEP2018,29SEP2018,12:55,12:23,14:30,14:30,14:38,13:41,13:29,12:30,12:52,15:34,14:40,14:15,14:30,12:50,15:30,15:35,11:40,12:25,11:55,14:00,15:30,17:30,16:00,15:00,11:00,11:05,10:15,10:27,10:27,11:38,10:50,10:10,10:20,11:55,10:10,16:09,10:41,10:28,11:00,11:16,16,16,16,16,16,18,18,18,18,18,18,18,18,18,18,21,21,21,21,21,23,23,23,23,23,26,26,26,26,26,28,28,28,28,28,28,28,28,28,5,5,5,5,5,5,5,5,5,5,10,10,10,10,10,10,10,10,10,10,10,10,10,10,10,10,10,10,10,10,10,10,10,10,10,10,10,10,10,20,21,22,23,24,25,26,27,28,29,30,31,32,33,34,35,36,37,38,39,40,41,42,43,44,45,46,47,48,49,50,50,50,50,50,50,50,50,50,4,4,4,4,4,4,4,4,4,4,2,3,3,4,3,3,3,4,3,3,2,3,3,3,3,3,2,3,4,4,3,3,3,3,3,2,3,3,3,"Ran forward the whole time, never stopped","Ran forward the whole time, never stopped","Ran forward the whole time, never stopped","Ran forward the whole time, never stopped",Perfect,Perfect,Perfect,Perfect,Perfect,Perfect,"Drape and shock used, ran well until 15 mins","Ran well until 25 mins, shocked at prodded afterwards","Ran well until 17 mins, shocked and prodded afterwards. Tried to lay down","No shock, ran well the entire time","Got tired around 32 mins, shocked with the drape","Got lazy around 5 mins, started prodding and got better","Ran well, shocked and prodded",Very few stops,"Ran well, with a few stops",Shock used with the drape but ran well.,"Ran okay until 30 min, subsequently got tired","Ran okay until 30 min, subsequently got tired and was shocked",Shocked and prodded but ran well,"Shocked with the drape, but ran well","Shock and drape used around 10 mins, but ran well afterwards until the end",Ran well with the shock applied,"Ran okay, used the shock and had to push the entire time",Shocked used at the beginning but ran well.,"Very few steps, not a lot of shock",Perfect,"Leaned against the drape, shocked and prodded and subsequently ran well until the end.","Ran well, shocked at the beginning","Need shock, ran well","Drape removed at 20 mins, ran well until the end","Ran well, shocked used",VO2,Lazy and difficult,Few stops and ran well,Very few stops,Drape removed early but ran well.
10044760,female,8w,08AUG2018,09AUG2018,10AUG2018,11AUG2018,12AUG2018,15AUG2018,16AUG2018,17AUG2018,18AUG2018,19AUG2018,22AUG2018,23AUG2018,24AUG2018,25AUG2018,26AUG2018,29AUG2018,30AUG2018,31AUG2018,01SEP2018,02SEP2018,05SEP2018,06SEP2018,07SEP2018,08SEP2018,09SEP2018,12SEP2018,13SEP2018,14SEP2018,15SEP2018,16SEP2018,19SEP2018,20SEP2018,21SEP2018,22SEP2018,23SEP2018,26SEP2018,27SEP2018,28SEP2018,29SEP2018,30SEP2018,12:23,14:30,14:20,13:16,14:12,13:31,12:32,12:52,15:34,13:17,14:15,14:30,12:50,15:30,14:29,12:10,12:25,11:55,14:00,13:20,17:30,16:00,15:00,11:00,10:10,10:15,10:27,10:47,10:47,10:03,10:15,10:29,11:55,10:10,10:30,10:08,10:10,11:20,11:20,10:15,16,16,16,16,16,18,18,18,18,18,18,18,18,18,18,21,21,21,21,21,23,23,23,23,23,26,26,26,26,26,28,28,28,28,28,28,28,28,28,5,5,5,5,5,5,5,5,5,5,10,10,10,10,10,10,10,10,10,10,10,10,10,10,10,10,10,10,10,10,10,10,10,10,10,10,10,10,10,20,21,22,23,24,25,26,27,28,29,30,31,32,33,34,35,36,37,38,39,40,41,42,43,44,45,46,47,48,49,50,50,50,50,50,50,50,50,50,3,4,4,4,4,3,3,3,4,4,3,4,4,4,3,3,3,3,4,4,3,3,4,4,4,3,3,3,3,3,3,3,3,3,3,4,3,3,3,"Ran well for the first 10 mins, got tired and laid down frequently after this point.",Ran forward the entire time without stopping,Ran forward the entire time,Ran forward the entire time,Ran forward the entire time,"Lazy at the end, otherwise perfect","Shocked at the beginning, ran well after",Shocked once at the beginning,Perfect,Perfect,"Ran well, shock used plus the drape.",Perfect,Perfect,Perfect,"Lazy at the end, had to turn the shock on","Ran really well, but tired at 30 mins.",Ran well with few stops,"Ran well, shock used",Perfect,Perfect,"Ran well, needed to use shock once","Shock and drape, ran well",Perfect,Perfect,Perfect,"Ran well most of the time, tried to sit on the shock","Shock used around 10 mins, but ran well",Shock needed,"Drape taken off, otherwise ran well","Ran well, used shock","Shock at the beginning, had to be pushed as well","Ran well, has to use the shock",Ran well with the shock on,"Shock used, but ran well, tired at 35 mins","Ran well, until the end",VO2,Perfect after a slightly slow start,Ran well with few stops,"Very good, few stops",Ran well with the shock until the end
10044841,female,8w,08AUG2018,09AUG2018,10AUG2018,11AUG2018,12AUG2018,15AUG2018,16AUG2018,17AUG2018,18AUG2018,19AUG2018,22AUG2018,23AUG2018,24AUG2018,25AUG2018,26AUG2018,29AUG2018,30AUG2018,31AUG2018,01SEP2018,02SEP2018,05SEP2018,06SEP2018,07SEP2018,08SEP2018,09SEP2018,12SEP2018,13SEP2018,14SEP2018,15SEP2018,16SEP2018,19SEP2018,20SEP2018,21SEP2018,22SEP2018,23SEP2018,26SEP2018,27SEP2018,28SEP2018,29SEP2018,30SEP2018,12:23,14:30,14:30,13:16,14:12,13:31,12:30,12:52,15:34,13:18,14:15,14:30,12:50,15:30,14:29,12:10,12:25,11:55,15:00,13:23,17:30,16:00,15:00,11:00,10:10,10:15,10:27,10:47,10:47,10:03,10:15,10:29,11:55,10:10,10:30,15:49,10:10,11:20,11:20,10:15,16,16,16,16,16,18,18,18,18,18,18,18,18,18,18,21,21,21,21,21,23,23,23,23,23,26,26,26,26,26,28,28,28,28,28,28,28,28,28,5,5,5,5,5,5,5,5,5,5,10,10,10,10,10,10,10,10,10,10,10,10,10,10,10,10,10,10,10,10,10,10,10,10,10,10,10,10,10,20,21,22,23,24,25,26,27,28,29,30,31,32,33,34,35,36,37,38,39,40,41,42,43,44,45,46,47,48,49,50,50,50,50,50,50,50,50,50,3,4,4,4,2,3,3,3,4,4,3,3,3,3,3,3,3,3,3,3,2,2,3,3,3,2,3,3,3,3,3,2,3,3,3,3,2,2,2,"Good until 10 mins, got lazy afterwards",Ran forward the entire time without stopping.,Ran forward the entire time,Ran forward the entire time,"lazy, tried to sit, had to use shock",Shock at the begging,"Lazy a few times, but ran well after the beginning","Shocked at the beginning, but ran well the rest of the time",Perfect,Perfect,"Ran well until 20 mins, then shock was used","Shock and drape used at the beginning, but ran well after","Tried to sit on the shock, tired at 29 mins","Being lazy, shock without drape, was better afterwards",lazy at the beginning and at 17 mins,Used shock at the beginning and halfway through,"Ran well, shocked a few times","Runs well, few stops",Shock used but ran well,"Lazy at the beginning, ran well the rest of the time","Struggled with the new speed, shocked without the drape","Shock used at 0.3, tried to sit on the shock","Shock at first, ran well until the end","Shock at first, ran well until the end",Shock used early and ran well,Tried to sit on the shock and tried to lay down. Had to be pushed forward,"Shock used at first, ran well","Ran well, needed shock",Ran well and needed shock,"Drape removed at 38 mins, tired at the end","Shock used at the begging, needed to be prodded",Constant prodding and shock,Ran well with the shock,"Ran well, shock needed",Ran well with shock,VO2,"Some stops, somewhat difficult",Constant prodding,Tried to sit on the shock a lot,"Struggled for 25 mins, prodded to move forward. Got a foot injury"
10045228,female,8w,09AUG2018,10AUG2018,11AUG2018,12AUG2018,13AUG2018,16AUG2018,17AUG2018,18AUG2018,19AUG2018,20AUG2018,23AUG2018,24AUG2018,25AUG2018,26AUG2018,27AUG2018,30AUG2018,31AUG2018,01SEP2018,02SEP2018,03SEP2018,06SEP2018,07SEP2018,08SEP2018,09SEP2018,10SEP2018,13SEP2018,14SEP2018,15SEP2018,16SEP2018,17SEP2018,20SEP2018,21SEP2018,22SEP2018,23SEP2018,24SEP2018,27SEP2018,28SEP2018,29SEP2018,30SEP2018,01OCT2018,15:30,15:20,13:16,14:12,13:55,13:22,13:42,16:24,13:15,14:20,15:15,13:42,18:50,14:29,14:30,13:40,14:20,16:19,13:24,16:30,17:00,16:00,12:00,10:10,10:20,11:30,11:51,10:15,10:15,10:39,11:41,10:40,11:23,10:30,11:00,10:30,10:10,09:44,10:15,10:20,16,16,16,16,16,18,18,18,18,18,18,18,18,18,18,21,21,21,21,21,23,23,23,23,23,26,26,26,26,26,28,28,28,28,28,28,28,28,28,5,5,5,5,5,5,5,5,5,5,10,10,10,10,10,10,10,10,10,10,10,10,10,10,10,10,10,10,10,10,10,10,10,10,10,10,10,10,10,20,21,22,23,24,25,26,27,28,29,30,31,32,33,34,35,36,37,38,39,40,41,42,43,44,45,46,47,48,49,50,50,50,50,50,50,50,50,50,4,4,4,3,3,2,3,4,4,3,3,3,3,3,3,3,2,3,3,2,3,3,3,3,3,3,2,3,3,4,3,3,4,3,3,3,4,3,3,Ran forward the entire time without stopping,Ran forward the entire time,Ran forward well the entire time,"Got tired at 12 min, continued to run","Tired at 16 min, had to use shock","Lazy at the end, ran well when prodded","Lazy at the beginning, shock helped","Shocked used only once, perfect otherwise",Perfect,"Shock 0.1 with the drape was used at the beginning, good overall","Being lazy at the beginning, after the shock and shock was good","Laid down in the beginning, shock and the drape were used","Laid down against the drape, tried to sit on the shock",Lazy; used shock and had to remove the drape,"Ran well, but towards the end got tired and stuck at the drape. At this point needed extra shock and prodding",Stubborn at first,"Being lazy, removed drape at 20 mins and shock used","Ran well, sometimes tried to lay down","Ran well, needed help to push forward",Needed to remove drape to use shock,"Resisted at first with shock, ran well without the drape once it was removed",Shocked at first ran well until the end,"Shock and drape used, ran well.","Shock and drape used, ran well.","Shock and drape used, ran well.","Shock and drape used, ran well.","Didn't really try to run, tried to lay down","Shocked early, ran forward the whole time","Ran well, used shock and drape","Perfect, few stops","Ran well with shock, got tired around 45 minutes.",Ran well with shock,"Very good running, shock not needed to run forward",Ran well with the shock,Ran well with shock without many stops,VO2,Ran well with few stops,"Very good, always forward and did not stop running",Ran well with shock until the end,Ran well with shock
10045309,female,8w,09AUG2018,10AUG2018,11AUG2018,12AUG2018,13AUG2018,16AUG2018,17AUG2018,18AUG2018,19AUG2018,20AUG2018,23AUG2018,24AUG2018,25AUG2018,26AUG2018,27AUG2018,30AUG2018,31AUG2018,01SEP2018,02SEP2018,03SEP2018,06SEP2018,07SEP2018,08SEP2018,09SEP2018,10SEP2018,13SEP2018,14SEP2018,15SEP2018,16SEP2018,17SEP2018,20SEP2018,21SEP2018,22SEP2018,23SEP2018,24SEP2018,27SEP2018,28SEP2018,29SEP2018,30SEP2018,01OCT2018,15:30,15:20,13:16,14:12,13:55,13:22,13:42,14:24,13:15,14:20,15:15,13:45,18:50,14:29,14:30,13:40,14:20,16:19,13:22,16:30,17:00,16:00,12:00,10:10,10:20,11:30,11:51,10:15,10:15,10:39,11:41,10:40,11:23,10:30,11:00,11:43,10:10,09:44,10:15,10:20,16,16,16,16,16,18,18,18,18,18,18,18,18,18,18,21,21,21,21,21,23,23,23,23,23,26,26,26,26,26,28,28,28,28,28,28,28,28,28,5,5,5,5,5,5,5,5,5,5,10,10,10,10,10,10,10,10,10,10,10,10,10,10,10,10,10,10,10,10,10,10,10,10,10,10,10,10,10,20,21,22,23,24,25,26,27,28,29,30,31,32,33,34,35,36,37,38,39,40,41,42,43,44,45,46,47,48,49,50,50,50,50,50,50,50,50,50,3,3,3,4,4,4,3,4,4,2,3,4,2,3,3,4,3,3,3,3,3,3,4,4,4,3,3,4,3,2,2,2,2,2,2,2,3,3,3,"Ran forward well until 16 minutes, at which point got tired.","Ran well, got tired around 18 minutes.","Slightly lazy, ran forward most of the time.",Perfect,Perfect,Perfect,Lazy at beginning had to use shock,"Shock once at the beginning, good after",Perfect,"Resisted running with the drape and shock. The drape was removed, shock used at 0.2 and ran well.","Being lazy at the beginning, shock and drape used and was good afterwards","Slightly lazy at the very beginning, but ran very well afterwards","Resisted running, after the drape was removed there was improvement","Lazy, had to use shock. Laid down and got shocked",Shock used at the beginning and ran well after,Ran very well for the entire time,"Ran well, got lazy around 20 mins. Shock and drape used","Ran well, shock used after 10 minutes","Lazy at the beginning, used shock",Ran well with shock & drape,"Shock & drape used, ran well until the end","Shock & drape used, ran well",Perfect,"Good until 40 mins, got tired",Perfect,"Struggled with the new speed, finished training with the shock and drape","Shock with the drape, ran well","Perfect, slightly tired at 45 minutes","Bled around 34 minutes, ran well otherwise",Needed shock and constant prodding,"Struggled with the new speed, finished training well",Constant prodding needed,"Sat on the shock, constant prodding","Ran well for the first 20 minutes, afterwards sat on the shock and needed constant prodding","Foot injured, had a hard time running but finished training",VO2,"Ran alright, but needed shock",Ran well with shock on until the end,"Ran well with the shock, got tired at 45 minutes","Ran with the shock, struggled around 20 to 30 minutes"
10045651,female,8w,09AUG2018,10AUG2018,11AUG2018,12AUG2018,13AUG2018,16AUG2018,17AUG2018,18AUG2018,19AUG2018,20AUG2018,23AUG2018,24AUG2018,25AUG2018,26AUG2018,27AUG2018,30AUG2018,31AUG2018,01SEP2018,02SEP2018,03SEP2018,06SEP2018,07SEP2018,08SEP2018,09SEP2018,10SEP2018,13SEP2018,14SEP2018,15SEP2018,16SEP2018,17SEP2018,20SEP2018,21SEP2018,22SEP2018,23SEP2018,24SEP2018,27SEP2018,28SEP2018,29SEP2018,30SEP2018,01OCT2018,15:30,15:20,13:16,14:12,13:55,13:22,13:42,16:24,13:15,14:20,15:15,13:42,18:50,14:29,14:30,13:40,14:20,16:19,13:22,16:30,17:00,16:00,12:00,10:10,10:20,11:30,11:51,10:15,10:15,10:39,11:41,10:40,11:23,10:30,11:00,14:21,11:00,09:44,10:15,10:20,16,16,16,16,16,18,18,18,18,18,18,18,18,18,18,21,21,21,21,21,23,23,23,23,23,26,26,26,26,26,28,28,28,28,28,28,28,28,28,5,5,5,5,5,5,5,5,5,5,10,10,10,10,10,10,10,10,10,10,10,10,10,10,10,10,10,10,10,10,10,10,10,10,10,10,10,10,10,20,21,22,23,24,25,26,27,28,29,30,31,32,33,34,35,36,37,38,39,40,41,42,43,44,45,46,47,48,49,50,50,50,50,50,50,50,50,50,3,2,3,3,3,3,4,4,4,4,3,3,2,4,4,4,4,3,4,2,3,3,3,3,3,3,3,3,3,3,2,3,3,2,3,2,2,2,2,"Ran well until  minutes, started to lie down. Shock used afterwards and ran well for the rest of the time","Tried to lie down, used shock but still needed to be prodded","Ran forward most of the time, a little laziness",Tired at 18 minutes,"Tired at 16 minutes, had to use the shock afterwards","Shock at the beginning, ran well after",Perfect,Perfect,Perfect,Perfect,"Got lazy around 15 minutes, shock and drape used","Laid against the drape, tried to sit on the shock","Resisted running, shock without drape used, ran well",Perfect,Perfect,Perfect,Perfect,"Good running, shock used",Perfect,"Tried to jump on the drape and not run, the drape was removed and constant prodding was necessary","Shock & drape used, ran well","Shock & drape used, ran well","Shock & drape used, ran well","Shock & drape used, ran well","Shock & drape used, ran well","Shock and drape used, ran well","Shock without drape around 35 minutes, ran well until the end","Tired at 35 minutes, shock needed after","Ran well, shock and drape used",Ran well with few stops,"Ran well with shock from the start, needed constant prodding",Ran well with shock,Ran well with the shock,"Ran well until the end, needed prodding afterwards",Ran well with the shock,VO2,Needed prodding,"Needed prodding, some bleeding","Ran with shock, needed to be propped continuously",Struggled from the start to the end
10045732,female,8w,09AUG2018,10AUG2018,11AUG2018,12AUG2018,13AUG2018,16AUG2018,17AUG2018,18AUG2018,19AUG2018,20AUG2018,23AUG2018,24AUG2018,25AUG2018,26AUG2018,27AUG2018,30AUG2018,31AUG2018,01SEP2018,02SEP2018,03SEP2018,06SEP2018,07SEP2018,08SEP2018,09SEP2018,10SEP2018,13SEP2018,14SEP2018,15SEP2018,16SEP2018,17SEP2018,20SEP2018,21SEP2018,22SEP2018,23SEP2018,24SEP2018,27SEP2018,28SEP2018,29SEP2018,30SEP2018,01OCT2018,15:30,15:20,13:23,14:12,13:55,13:22,13:42,16:24,13:15,14:20,15:15,13:42,18:50,14:29,14:30,13:40,14:20,16:19,13:22,16:30,17:00,16:00,12:00,10:10,10:20,11:30,11:51,10:15,10:15,10:39,11:44,10:40,11:23,10:30,11:00,15:36,10:10,09:44,10:15,10:20,16,16,16,16,16,18,18,18,18,18,18,18,18,18,18,21,21,21,21,21,23,23,23,23,23,26,26,26,26,26,28,28,28,28,28,28,28,28,28,5,5,5,5,5,5,5,5,5,5,10,10,10,10,10,10,10,10,10,10,10,10,10,10,10,10,10,10,10,10,10,10,10,10,10,10,10,10,10,20,21,22,23,24,25,26,27,28,29,30,31,32,33,34,35,36,37,38,39,40,41,42,43,44,45,46,47,48,49,50,50,50,50,50,50,50,50,50,4,4,4,4,4,4,4,4,4,4,4,4,4,4,4,3,3,3,4,2,3,3,3,3,2,3,2,2,2,3,3,2,2,2,2,3,3,2,2,Ran forward the entire time without shock,Ran forward the entire time,Ran forward the entire time,"Good until 20 minutes, pushed two times after",Perfect,Perfect,Perfect,Perfect,Perfect,Perfect,Perfect,Perfect,Perfect,Perfect,Perfect,"Sat on the track in the beginning and the very end, otherwise ran well","Sat along the drape, but ran well after prodding","Tried to lean on the drape, after shock ran better",Ran well the entire time,"Resisted running in the beginning, jumped on the the drape, and after the drape was removed needed shock and prodding","Shock without the drape at first, ran well","Shocked at first, ran well until the end","Laid down at first, then prodded. Afterwards was still not running, so the drape was removed and shock applied. Ran well afterwards","Shock without the drape, ran well","Shock without the drape, ran well but struggled slightly for 5 minutes","Laid down at the begging, shock used but ran well afterwards","Shocked at first, at on shock a couple of times","Sat on the shock, walked backwards","Sat on the shock, laid down and was prodded continuously","Needed shock, ran well",Ran well with the shock on until the end,Needed constant prodding,Sat on the shock,"Ran decent until the end, needed prodding","Had to prod constantly, looked tired",VO2,needed shock,"Good, but got quite tired at 42 minutes","Ran with shock, needed to be prodded for 30 minutes","Started well, struggled from 20 minutes until the end"
10046461,female,8w,10AUG2018,11AUG2018,12AUG2018,13AUG2018,14AUG2018,17AUG2018,18AUG2018,19AUG2018,20AUG2018,21AUG2018,24AUG2018,25AUG2018,26AUG2018,27AUG2018,28AUG2018,31AUG2018,01SEP2018,02SEP2018,03SEP2018,04SEP2018,07SEP2018,08SEP2018,09SEP2018,10SEP2018,11SEP2018,14SEP2018,15SEP2018,16SEP2018,17SEP2018,18SEP2018,21SEP2018,22SEP2018,23SEP2018,24SEP2018,25SEP2018,28SEP2018,29SEP2018,30SEP2018,01OCT2018,02OCT2018,15:20,13:48,14:57,13:55,13:51,13:42,16:42,14:08,14:20,14:40,13:42,18:50,15:18,15:40,15:45,14:20,16:19,14:22,16:30,15:30,16:00,12:00,11:15,10:20,11:05,11:51,10:15,11:15,11:15,11:05,10:40,11:23,10:30,10:00,10:20,14:16,10:07,10:15,10:20,10:00,16,16,16,16,16,18,18,18,18,18,18,18,18,18,18,21,21,21,21,21,23,23,23,23,23,26,26,26,26,26,28,28,28,28,28,28,28,28,28,5,5,5,5,5,5,5,5,5,5,10,10,10,10,10,10,10,10,10,10,10,10,10,10,10,10,10,10,10,10,10,10,10,10,10,10,10,10,10,20,21,22,23,24,25,26,27,28,29,30,31,32,33,34,35,36,37,38,39,40,41,42,43,44,45,46,47,48,49,50,50,50,50,50,50,50,50,50,4,4,3,4,4,3,4,3,4,4,3,4,4,4,4,4,3,4,3,3,3,3,3,2,3,3,3,2,3,3,2,2,2,2,3,2,2,3,2,Ran forward the entire time,Ran forward the entire time,"Lazy at 16,had to touch a couple times",Perfect,Perfect,"Used the shock, ran well after",Perfect,"Tried to sit on the shock a couple times, shock used 3 times",Perfect,Perfect,Shocked at the beginning and at 28 minutes,Perfect,Perfect,Perfect,Perfect,Perfect,"Shock used,  ran well after",Perfect,"Lean against the drape, shocked with the drape","Drape with shock for the first 20 minutes, ran well and needed","Shocked at first, ran well","Shock & drape, ran well","Shock & drape, ran well","Shocked at first, but ran well","Shocked at first, but ran well","Shocked at first, but ran well","Shocked used early, otherwise well","Constant prodding, hurt at the beginning and sat on the shock at the end",Needed both shock and prodding,"Shock at first, ran well until 45 minutes, got tired and needed prodding 3 times",,,,,,VO2,,,,
10046542,female,8w,10AUG2018,11AUG2018,12AUG2018,13AUG2018,14AUG2018,17AUG2018,18AUG2018,19AUG2018,20AUG2018,21AUG2018,24AUG2018,25AUG2018,26AUG2018,27AUG2018,28AUG2018,31AUG2018,01SEP2018,02SEP2018,03SEP2018,04SEP2018,07SEP2018,08SEP2018,09SEP2018,10SEP2018,11SEP2018,14SEP2018,15SEP2018,16SEP2018,17SEP2018,18SEP2018,21SEP2018,22SEP2018,23SEP2018,24SEP2018,25SEP2018,28SEP2018,29SEP2018,30SEP2018,01OCT2018,02OCT2018,15:20,13:48,14:57,13:55,13:51,13:42,16:42,14:08,14:20,14:40,13:42,18:50,15:18,14:40,15:45,14:20,16:19,14:22,16:30,15:30,16:00,12:00,11:15,10:20,11:05,11:51,10:15,11:25,11:25,10:50,10:40,11:23,10:30,10:00,10:20,11:34,10:07,10:15,10:20,10:00,16,16,16,16,16,18,18,18,18,18,18,18,18,18,18,21,21,21,21,21,23,23,23,23,23,26,26,26,26,26,28,28,28,28,28,28,28,28,28,5,5,5,5,5,5,5,5,5,5,10,10,10,10,10,10,10,10,10,10,10,10,10,10,10,10,10,10,10,10,10,10,10,10,10,10,10,10,10,20,21,22,23,24,25,26,27,28,29,30,31,32,33,34,35,36,37,38,39,40,41,42,43,44,45,46,47,48,49,50,50,50,50,50,50,50,50,50,4,4,4,4,4,4,4,4,4,4,4,4,3,4,4,3,3,3,3,3,3,4,3,3,3,3,3,3,3,3,3,3,3,3,3,3,3,3,3,ran forward entire time,ran forward entire time,perfect,perfect,perfect,perfect,perfect,perfect,perfect,perfect,"perfect, no shock",perfect,"tried to sit on shock, laid down, got better",perfect,perfect,"got lazy around 10 min. shock and drape, got better","shock used, ran well with prod",shock at beginning,shock with drape around 20 min,"shock with drape, ran well",shock and drape. ran well,ran well until 38 min. shock for last 3 min and drape,shock and drape. ran well,shock and drape. ran well,ran good. few stops,remove drape around 35 min. ran well,shock used after 25 min. ran well after,ran well. tired around 35 min.,shock. prodding,shock and drape. ran well,near perfect. prodded,"ran well, tired around 40 min.",ran well. took drape off,ran well w shock until end,needed shock and prodding,VO2,ran forward. tired at 40 min,ran w shock until the end w/o stop,ran well with shock,near perfect. few stops
10046623,female,8w,10AUG2018,11AUG2018,12AUG2018,13AUG2018,14AUG2018,17AUG2018,18AUG2018,19AUG2018,20AUG2018,21AUG2018,24AUG2018,25AUG2018,26AUG2018,27AUG2018,28AUG2018,31AUG2018,01SEP2018,02SEP2018,03SEP2018,04SEP2018,07SEP2018,08SEP2018,09SEP2018,10SEP2018,11SEP2018,14SEP2018,15SEP2018,16SEP2018,17SEP2018,18SEP2018,21SEP2018,22SEP2018,23SEP2018,24SEP2018,25SEP2018,28SEP2018,29SEP2018,30SEP2018,01OCT2018,02OCT2018,15:20,13:48,14:57,13:55,13:51,13:42,16:24,14:08,14:20,14:40,13:42,18:50,15:18,14:40,15:45,14:20,16:19,14:22,16:30,15:30,16:00,12:00,11:15,10:20,11:05,11:51,10:15,11:25,11:25,10:50,10:40,11:23,10:30,10:00,10:20,10:15,10:04,10:15,10:20,10:00,16,16,16,16,16,18,18,18,18,18,18,18,18,18,18,21,21,21,21,21,23,23,23,23,23,26,26,26,26,26,28,28,28,28,28,28,28,28,28,5,5,5,5,5,5,5,5,5,5,10,10,10,10,10,10,10,10,10,10,10,10,10,10,10,10,10,10,10,10,10,10,10,10,10,10,10,10,10,20,21,22,23,24,25,26,27,28,29,30,31,32,33,34,35,36,37,38,39,40,41,42,43,44,45,46,47,48,49,50,50,50,50,50,50,50,50,50,2,2,3,3,2,2,4,4,4,4,3,2,2,2,3,4,3,4,3,2,2,2,3,3,3,3,3,3,3,3,4,3,4,3,3,3,3,3,3,"resist to run, got shocked a lot and prodded too many times",lazy. had to use shock. laid down.,lazy throughout. tried to lie down,tired at 21 had to use shock.,laid down. lazy. fought back.,laid back at the beginning.,perfect,perfect,perfect,perfect,shocked a couple times. tried to sit on shock,fought to run. laid down. shock 0.3,lazy at beginning. ran well with 0.2 shock,need to remove drape and shock strong. lazy.,shock with drape. ran well,perfect,tired at 30 min. but ran well before,perfect,laid down around 30 min. shock with drape,resist to run from 20 min. removed drape and prod,laid down on shock. prodded,laid down around 20 min. removed drape and applied shock,remove drape around 30 min. struggled at first but ran well after,"ran well with shock until 29 min. laid down, shock",ran well. needed shock,shock with drape. got tired around 32 min,got tired after 38 min. shock used but ran well,ran well. barely any prodding,ran well. stopped a little,shock and drape. ran well,perfect,ran very well. always forward,perfect,ran well with shock without a stop until the end,few stops. little shock,VO2 test,"shock used, drape removed, ran well",ran well with shock. got tired,ran well with shock,"near perfect, needed shock"
10046704,female,8w,11AUG2018,12AUG2018,13AUG2018,14AUG2018,15AUG2018,18AUG2018,19AUG2018,20AUG2018,21AUG2018,22AUG2018,25AUG2018,26AUG2018,27AUG2018,28AUG2018,29AUG2018,01SEP2018,02SEP2018,03SEP2018,04SEP2018,05SEP2018,08SEP2018,09SEP2018,10SEP2018,11SEP2018,12SEP2018,15SEP2018,16SEP2018,17SEP2018,18SEP2018,19SEP2018,22SEP2018,23SEP2018,24SEP2018,25SEP2018,26SEP2018,29SEP2018,30SEP2018,01OCT2018,02OCT2018,03OCT2018,14:37,14:57,14:37,14:43,14:18,15:57,14:06,15:20,15:50,15:15,19:30,,,14:10,14:00,14:32,14:21,17:30,16:30,18:35,13:10,11:15,11:25,11:55,11:17,12:36,11:25,11:47,11:47,11:15,10:20,11:45,10:00,10:02,10:59,12:00,11:30,14:30,10:22,10:13,16,16,16,16,16,18,18,18,18,18,18,NA,NA,18,18,21,21,21,21,21,23,23,23,23,23,26,26,26,26,26,28,28,28,28,28,28,28,28,28,5,5,5,5,5,5,5,5,5,5,10,NA,NA,10,10,10,10,10,10,10,10,10,10,10,10,10,10,10,10,10,10,10,10,10,10,10,10,10,10,20,21,22,23,24,25,26,27,28,29,30,NA,NA,33,34,35,36,37,38,39,40,41,42,43,44,45,46,47,48,49,50,50,50,50,50,50,50,50,50,3,3,2,2,2,3,3,2,2,2,3,NA,NA,3,3,2,3,3,3,3,3,3,3,3,3,3,3,3,3,3,3,3,3,4,4,3,3,4,3,tired at 15. used shock,struggled @ beginning. tired at 19,lazy. laid down. had to use shock,"lazy, laid down. used shock",lazy. tried to lay down. shock used,shock at beginning. good after,tried to sit on shock several times,resist to run. shock with drape removed. struggle 10 min.,shock without drape. 0.1 shock around 12 min.,shock without drape because of being lazy. had a tail skin cut while trying to run away from the treadmill,ran with shock. good bleed toward the end at surgery pan,did not run. surgery,rest,ran well with shock without drape,"still struggled at the beginning, but got better. did not resist much",tired . needed prod,tired at 35 min. shock used at beginning,shock at the beginning. ran well,shock at the beginning. ran well,ran well with shock and drape,"shock at first. ran well until 35 min, got tired","ran well until 36 min. with shock and drape. got tired, removed drape",shock at first. ran well,shock at first. ran well after,ran well with shock,"shock used, ran well",shock at beginning. ran well after until very end,shock and drape. ran well,shock and drape. ran well,needed shock,shock used tired at 45 min. ran well,ran well until 40 min. then laid down,"ran well with shock, until the end",perfect,perfect,,ran well with shock until the end,ran well with shock,perfect,near perfect
10046895,female,8w,11AUG2018,12AUG2018,13AUG2018,14AUG2018,15AUG2018,18AUG2018,19AUG2018,20AUG2018,21AUG2018,22AUG2018,25AUG2018,26AUG2018,27AUG2018,28AUG2018,29AUG2018,01SEP2018,02SEP2018,03SEP2018,04SEP2018,05SEP2018,08SEP2018,09SEP2018,10SEP2018,11SEP2018,12SEP2018,15SEP2018,16SEP2018,17SEP2018,18SEP2018,19SEP2018,22SEP2018,23SEP2018,24SEP2018,25SEP2018,26SEP2018,29SEP2018,30SEP2018,01OCT2018,02OCT2018,03OCT2018,14:37,14:57,14:37,14:43,14:18,15:57,14:08,15:20,15:50,15:15,19:30,15:18,15:45,14:10,14:00,17:32,14:22,17:21,16:30,18:35,13:00,11:15,11:25,11:55,11:17,12:36,11:25,11:47,11:47,11:15,10:20,11:45,10:00,10:02,10:59,10:45,11:30,14:30,10:22,10:13,16,16,16,16,16,18,18,18,18,18,18,18,18,18,18,21,21,21,21,21,23,23,23,23,23,26,26,26,26,26,28,28,28,28,28,28,28,28,28,5,5,5,5,5,5,5,5,5,5,0,0,0,0,0,10,10,10,10,10,10,10,10,10,10,10,10,10,10,10,10,10,10,10,10,10,10,10,10,20,21,22,23,24,25,26,27,28,29,30,31,32,33,34,35,36,37,38,39,40,41,42,43,44,45,46,47,48,49,50,50,50,50,50,50,50,50,50,2,3,2,3,3,3,3,3,3,2,2,2,2,2,2,2,2,2,2,2,2,2,2,3,2,2,3,2,3,3,2,2,3,3,3,3,3,3,4,"shocked a lot, crazy. tried to escape",struggled @ beginning. tired at 19,"lazy, laid down. had to use shock",had to touch several times,ran forward most of time,shock at beginning,tried to sit on shock several times,shock with drape. struggled 15 min. got better,shock with drape. ran well,got very lazy from 15 min. shock with drape. prod a couple times. sounded very stressed,shock without drape. still laid on shock,shock without drape. tried to sit on shock,ran with drape but shock. lazy,get lazy from 15 min. shock without drape and prod,fought hard not to run. shock without drape. prod constantly,"lazy, shock needed. sat against shove",used shock at beginning. laid down on shock,laid down on shock. constantly prodded,fought back to run. prod and high shock,ran better. sometimes sat on shock but not as much as previous,continuously sat on shock. had to prod constantly,"drape removed. lazy, tried to lay down continuously",shock at first. fought back not to run,shock at first. resisted a couple of times. ran well after,lazy. started slow,used shock. tried to sit on shock and fought running,shock at beginning. resist at first. good after,struggled at the beginning. ran okay from 15 min.,shock at first. resist not to run for first 3 min. ran well until the end,shock. ran well,"shock and drape removed, tried to sit on shock",hated to run. sat on shock,ran well with shock until the end,little shock,used shock at beginning,VO2,ran well with shock,ran well with shock,ran well with shock,perfect
10046976,female,8w,11AUG2018,12AUG2018,13AUG2018,14AUG2018,15AUG2018,18AUG2018,19AUG2018,20AUG2018,21AUG2018,22AUG2018,25AUG2018,26AUG2018,27AUG2018,28AUG2018,29AUG2018,01SEP2018,02SEP2018,03SEP2018,04SEP2018,05SEP2018,08SEP2018,09SEP2018,10SEP2018,11SEP2018,12SEP2018,15SEP2018,16SEP2018,17SEP2018,18SEP2018,19SEP2018,22SEP2018,23SEP2018,24SEP2018,25SEP2018,26SEP2018,29SEP2018,30SEP2018,01OCT2018,02OCT2018,03OCT2018,14:37,14:57,14:37,14:43,14:18,15:57,14:08,15:20,15:50,15:15,19:30,15:18,15:45,14:10,14:00,17:32,14:22,17:20,16:30,18:35,13:00,11:15,11:25,11:55,11:17,12:36,11:25,11:47,11:47,11:15,10:20,11:45,10:00,10:02,10:59,14:48,11:30,14:30,10:22,10:13,16,16,16,16,16,18,18,18,18,18,18,18,18,18,18,21,21,21,21,21,23,23,23,23,23,26,26,26,26,26,28,28,28,28,28,28,28,28,28,5,5,5,5,5,5,5,5,5,5,10,10,10,10,10,10,10,10,10,10,10,10,10,10,10,10,10,10,10,10,10,10,10,10,10,10,10,10,10,20,21,22,23,24,25,26,27,28,29,30,31,32,33,34,35,36,37,38,39,40,41,42,43,44,45,46,47,48,49,50,50,50,50,50,50,50,50,50,3,3,4,4,4,4,4,4,4,4,4,4,4,4,3,3,4,3,4,4,4,3,3,3,4,3,2,3,3,2,3,3,3,2,2,2,3,3,3,tired at 16 min. shock,tired at 18 min. shocked 2x,perfect,perfect,perfect,perfect,perfect,perfect,perfect,perfect,perfect,perfect,perfect,perfect,got lazy around 20 min. but good before and after 25 min.,ran well. shock needed,perfect,laid around 13 min. shock with drapes,shock at the beginning. no need after,perfect,perfect until 38 min. got tired for last 2 min,shock and drape. ran well,shock and drape. ran well,slow with running. treated injuries but finished training,perfect,struggled with new speed but eventually ran ok,struggled a lot. prod first 15 min and last 10 min.,shock at the beginning,shot at first. resisted not to run a couple times. ran well until the end,needed shock and constant prodding,ran well. tired at 35 min.,struggled first few minutes. ran well after,"due to tail injury, struggled at first. got better and ran well",constantly prodding,laid down. used shock,VO2,struggled first 15 min. got better and finished training,ran well with shock,stopped at start. ran well,ran well at end
10043527,female,control,07AUG2018,08AUG2018,09AUG2018,10AUG2018,11AUG2018,14AUG2018,15AUG2018,16AUG2018,17AUG2018,18AUG2018,21AUG2018,22AUG2018,23AUG2018,24AUG2018,25AUG2018,28AUG2018,29AUG2018,30AUG2018,31AUG2018,01SEP2018,04SEP2018,05SEP2018,06SEP2018,07SEP2018,08SEP2018,11SEP2018,12SEP2018,13SEP2018,14SEP2018,15SEP2018,18SEP2018,19SEP2018,20SEP2018,21SEP2018,22SEP2018,25SEP2018,26SEP2018,27SEP2018,28SEP2018,29SEP2018,12:55,13:22,15:20,16:00,13:55,14:43,14:23,13:20,14:28,15:57,16:00,15:15,15:15,14:30,19:30,14:10,12:23,13:21,12:54,15:40,16:30,18:45,17:00,17:15,13:20,10:13,09:59,09:56,09:56,12:40,10:50,11:58,10:02,10:15,09:42,,10:41,10:02,10:10,09:26,0,0,0,0,0,0,0,0,0,0,0,0,0,0,0,0,0,0,0,0,0,0,0,0,0,0,0,0,0,0,0,0,0,0,0,0,0,0,0,5,5,5,5,5,5,5,5,5,5,10,10,10,10,10,10,10,10,10,10,10,10,10,10,10,10,10,10,10,10,10,10,10,10,10,10,10,10,10,15,15,15,15,15,15,15,15,15,15,15,15,15,15,15,15,15,15,15,15,15,15,15,15,15,15,15,15,15,15,15,15,15,15,15,15,15,15,15,NA,NA,NA,NA,NA,NA,NA,NA,NA,NA,NA,NA,NA,NA,NA,NA,NA,NA,NA,NA,NA,NA,NA,NA,NA,NA,NA,NA,NA,NA,NA,NA,NA,NA,NA,NA,NA,NA,NA,control,control,control,control,control,control,control,control,control,control,control,control,control,control,control,control,control,control,control,control,control,control,control,control,control,control,control,control,control,control,control,control,control,control,control,VO2 test,control,control,control,control
10043799,female,control,11AUG2018,12AUG2018,13AUG2018,14AUG2018,15AUG2018,18AUG2018,19AUG2018,20AUG2018,21AUG2018,22AUG2018,25AUG2018,26AUG2018,27AUG2018,28AUG2018,29AUG2018,01SEP2018,02SEP2018,03SEP2018,04SEP2018,05SEP2018,08SEP2018,09SEP2018,10SEP2018,11SEP2018,12SEP2018,15SEP2018,16SEP2018,17SEP2018,18SEP2018,19SEP2018,22SEP2018,23SEP2018,24SEP2018,25SEP2018,26SEP2018,29SEP2018,30SEP2018,01OCT2018,02OCT2018,03OCT2018,12:16,15:36,14:37,14:43,14:23,15:57,14:50,15:20,16:20,16:00,20:00,16:02,16:20,14:10,12:22,17:59,15:12,17:50,15:30,18:45,14:00,12:20,10:00,10:13,09:59,13:27,12:30,10:15,10:15,11:58,09:42,11:45,11:00,09:58,10:41,17:20,11:50,10:00,09:55,10:10,0,0,0,0,0,0,0,0,0,0,0,0,0,0,0,0,0,0,0,0,0,0,0,0,0,0,0,0,0,0,0,0,0,0,0,0,0,0,0,5,5,5,5,5,5,5,5,5,5,10,10,10,10,10,10,10,10,10,10,10,10,10,10,10,10,10,10,10,10,10,10,10,10,10,10,10,10,10,15,15,15,15,15,15,15,15,15,15,15,15,15,15,15,15,15,15,15,15,15,15,15,15,15,15,15,15,15,15,15,15,15,15,15,15,15,15,15,NA,NA,NA,NA,NA,NA,NA,NA,NA,NA,NA,NA,NA,NA,NA,NA,NA,NA,NA,NA,NA,NA,NA,NA,NA,NA,NA,NA,NA,NA,NA,NA,NA,NA,NA,NA,NA,NA,NA,control,control,control,control,control,control,control,control,control,control,control,control,control,control,control,control,control,control,control,control,control,control,control,control,control,control,control,control,control,control,control,control,control,control,control,VO2,control,control,control,control
10043950,female,control,11AUG2018,12AUG2018,13AUG2018,14AUG2018,15AUG2018,18AUG2018,19AUG2018,20AUG2018,21AUG2018,22AUG2018,25AUG2018,26AUG2018,27AUG2018,28AUG2018,29AUG2018,01SEP2018,02SEP2018,03SEP2018,04SEP2018,05SEP2018,08SEP2018,09SEP2018,10SEP2018,11SEP2018,12SEP2018,15SEP2018,16SEP2018,17SEP2018,18SEP2018,19SEP2018,22SEP2018,23SEP2018,24SEP2018,25SEP2018,26SEP2018,29SEP2018,30SEP2018,01OCT2018,02OCT2018,03OCT2018,12:16,15:37,14:37,14:43,14:23,15:57,14:58,15:20,16:20,16:00,20:00,16:02,16:20,14:10,12:22,17:10,15:12,17:50,16:30,18:45,14:00,12:20,10:10,10:13,09:59,13:27,12:30,10:15,10:15,11:58,09:42,11:45,11:00,09:58,10:41,18:12,11:30,10:04,09:55,10:10,0,0,0,0,0,0,0,0,0,0,0,0,0,0,0,0,0,0,0,0,0,0,0,0,0,0,0,0,0,0,0,0,0,0,0,0,0,0,0,5,5,5,5,5,5,5,5,5,5,10,10,10,10,10,10,10,10,10,10,10,10,10,10,10,10,10,10,10,10,10,10,10,10,10,10,10,10,10,15,15,15,15,15,15,15,15,15,15,15,15,15,15,15,15,15,15,15,15,15,15,15,15,15,15,15,15,15,15,15,15,15,15,15,15,15,15,15,NA,NA,NA,NA,NA,NA,NA,NA,NA,NA,NA,NA,NA,NA,NA,NA,NA,NA,NA,NA,NA,NA,NA,NA,NA,NA,NA,NA,NA,NA,NA,NA,NA,NA,NA,NA,NA,NA,NA,control,control,control,control,control,control,control,control,control,control,control,control,control,control,control,control,control,control,control,control,control,control,control,control,control,control,control,control,control,control,control,control,control,control,control,VO2,control,control,control,control
10044094,female,control,07AUG2018,08AUG2018,09AUG2018,10AUG2018,11AUG2018,14AUG2018,15AUG2018,16AUG2018,17AUG2018,18AUG2018,21AUG2018,22AUG2018,23AUG2018,24AUG2018,25AUG2018,28AUG2018,29AUG2018,30AUG2018,31AUG2018,01SEP2018,04SEP2018,05SEP2018,06SEP2018,07SEP2018,08SEP2018,11SEP2018,12SEP2018,13SEP2018,14SEP2018,15SEP2018,18SEP2018,19SEP2018,20SEP2018,21SEP2018,22SEP2018,25SEP2018,26SEP2018,27SEP2018,28SEP2018,29SEP2018,12:55,13:22,15:20,16:00,13:55,14:43,14:23,13:20,14:28,15:57,16:00,15:15,15:15,14:30,19:30,14:10,12:22,13:21,12:54,17:40,16:30,18:45,17:00,17:15,12:20,10:13,09:59,09:56,09:56,12:46,11:50,11:58,10:02,10:15,09:42,15:12,10:41,10:02,10:10,09:26,0,0,0,0,0,0,0,0,0,0,0,0,0,0,0,0,0,0,0,0,0,0,0,0,0,0,0,0,0,0,0,0,0,0,0,0,0,0,0,5,5,5,5,5,5,5,5,5,5,10,10,10,10,10,10,10,10,10,10,10,10,10,10,10,10,10,10,10,10,10,10,10,10,10,10,10,10,10,15,15,15,15,15,15,15,15,15,15,15,15,15,15,15,15,15,15,15,15,15,15,15,15,15,15,15,15,15,15,15,15,15,15,15,15,15,15,15,NA,NA,NA,NA,NA,NA,NA,NA,NA,NA,NA,NA,NA,NA,NA,NA,NA,NA,NA,NA,NA,NA,NA,NA,NA,NA,NA,NA,NA,NA,NA,NA,NA,NA,NA,NA,NA,NA,NA,control,control,control,control,control,control,control,control,control,control,control,control,control,control,control,control,control,control,control,control,control,control,control,control,control,control,control,control,control,control,control,control,control,control,control,VO2 test,control,control,control,control
10044337,female,control,07AUG2018,08AUG2018,09AUG2018,10AUG2018,11AUG2018,14AUG2018,15AUG2018,16AUG2018,17AUG2018,18AUG2018,21AUG2018,22AUG2018,23AUG2018,24AUG2018,25AUG2018,28AUG2018,29AUG2018,30AUG2018,31AUG2018,01SEP2018,04SEP2018,05SEP2018,06SEP2018,07SEP2018,08SEP2018,11SEP2018,12SEP2018,13SEP2018,14SEP2018,15SEP2018,18SEP2018,19SEP2018,20SEP2018,21SEP2018,22SEP2018,25SEP2018,26SEP2018,27SEP2018,28SEP2018,29SEP2018,12:55,13:22,15:20,16:00,13:55,14:23,13:20,14:28,15:57,14:43,16:00,15:15,15:15,15:30,19:30,14:10,12:22,13:21,12:54,17:40,16:30,18:45,17:00,17:15,13:20,10:13,09:59,09:56,09:56,12:46,11:50,11:58,10:02,10:15,09:42,17:17,10:41,10:02,10:10,09:26,0,0,0,0,0,0,0,0,0,0,0,0,0,0,0,0,0,0,0,0,0,0,0,0,0,0,0,0,0,0,0,0,0,0,0,0,0,0,0,5,5,5,5,5,5,5,5,5,5,10,10,10,10,10,10,10,10,10,10,10,10,10,10,10,10,10,10,10,10,10,10,10,10,10,10,10,10,10,15,15,15,15,15,15,15,15,15,15,15,15,15,15,15,15,15,15,15,15,15,15,15,15,15,15,15,15,15,15,15,15,15,15,15,15,15,15,15,NA,NA,NA,NA,NA,NA,NA,NA,NA,NA,NA,NA,NA,NA,NA,NA,NA,NA,NA,NA,NA,NA,NA,NA,NA,NA,NA,NA,NA,NA,NA,NA,NA,NA,NA,NA,NA,NA,NA,control,control,control,control,control,control,control,control,control,control,control,control,control,control,control,control,control,control,control,control,control,control,control,control,control,control,control,control,control,control,control,control,control,control,control,VO2,control,control,control,control
10044418,female,control,08AUG2018,09AUG2018,10AUG2018,11AUG2018,12AUG2018,15AUG2018,16AUG2018,17AUG2018,18AUG2018,19AUG2018,22AUG2018,23AUG2018,24AUG2018,25AUG2018,26AUG2018,29AUG2018,30AUG2018,31AUG2018,01SEP2018,02SEP2018,05SEP2018,06SEP2018,07SEP2018,08SEP2018,09SEP2018,12SEP2018,13SEP2018,14SEP2018,15SEP2018,16SEP2018,19SEP2018,20SEP2018,21SEP2018,22SEP2018,23SEP2018,26SEP2018,27SEP2018,28SEP2018,29SEP2018,30SEP2018,13:22,15:20,16:00,14:16,15:37,14:52,13:20,14:32,15:57,14:58,15:15,15:15,14:30,19:30,16:02,12:45,13:21,12:54,17:59,15:12,19:10,17:00,17:15,13:21,12:10,09:59,09:56,10:15,10:15,12:30,11:58,10:02,10:15,09:42,12:05,14:47,10:02,10:10,09:49,11:30,0,0,0,0,0,0,0,0,0,0,0,0,0,0,0,0,0,0,0,0,0,0,0,0,0,0,0,0,0,0,0,0,0,0,0,0,0,0,0,5,5,5,5,5,5,5,5,5,5,10,10,10,10,10,10,10,10,10,10,10,10,10,10,10,10,10,10,10,10,10,10,10,10,10,10,10,10,10,15,15,15,15,15,15,15,15,15,15,15,15,15,15,15,15,15,15,15,15,15,15,15,15,15,15,15,15,15,15,15,15,15,15,15,15,15,15,15,NA,NA,NA,NA,NA,NA,NA,NA,NA,NA,NA,NA,NA,NA,NA,NA,NA,NA,NA,NA,NA,NA,NA,NA,NA,NA,NA,NA,NA,NA,NA,NA,NA,NA,NA,NA,NA,NA,NA,Control,Control,Control,Control,Control,Control,Control,Control,Control,Control,Control,Control,Control,Control,Control,Control,Control,Control,Control,Control,Control,Control,Control,Control,Control,Control,Control,Control,Control,Control,Control,Control,Control,Control,Control,VO2,Control,Control,Control,Control
10044922,female,control,08AUG2018,09AUG2018,10AUG2018,11AUG2018,12AUG2018,15AUG2018,16AUG2018,17AUG2018,18AUG2018,19AUG2018,22AUG2018,23AUG2018,24AUG2018,25AUG2018,26AUG2018,29AUG2018,30AUG2018,31AUG2018,01SEP2018,02SEP2018,05SEP2018,06SEP2018,07SEP2018,08SEP2018,09SEP2018,12SEP2018,13SEP2018,14SEP2018,15SEP2018,16SEP2018,19SEP2018,20SEP2018,21SEP2018,22SEP2018,23SEP2018,26SEP2018,27SEP2018,28SEP2018,29SEP2018,30SEP2018,13:22,15:20,16:00,14:16,15:37,13:31,13:20,14:28,16:22,14:58,15:15,15:15,14:30,19:30,16:02,12:48,13:21,12:54,17:59,15:12,19:10,17:00,17:15,13:20,12:10,09:59,09:56,10:15,10:15,12:30,11:58,10:02,10:15,09:42,12:05,17:28,10:02,10:10,09:44,11:30,0,0,0,0,0,0,0,0,0,0,0,0,0,0,0,0,0,0,0,0,0,0,0,0,0,0,0,0,0,0,0,0,0,0,0,0,0,0,0,5,5,5,5,5,5,5,5,5,5,10,10,10,10,10,10,10,10,10,10,10,10,10,10,10,10,10,10,10,10,10,10,10,10,10,10,10,10,10,15,15,15,15,15,15,15,15,15,15,15,15,15,15,15,15,15,15,15,15,15,15,15,15,15,15,15,15,15,15,15,15,15,15,15,15,15,15,15,NA,NA,NA,NA,NA,NA,NA,NA,NA,NA,NA,NA,NA,NA,NA,NA,NA,NA,NA,NA,NA,NA,NA,NA,NA,NA,NA,NA,NA,NA,NA,NA,NA,NA,NA,NA,NA,NA,NA,control,Control,Control,Control,Control,Control,Control,Control,Control,Control,Control,Control,Control,Control,Control,Control,Control,Control,Control,Control,Control,Control,Control,Control,Control,Control,Control,Control,Control,Control,Control,Control,Control,Control,Control,VO2,Control,Control,Control,Control
10045570,female,control,09AUG2018,10AUG2018,11AUG2018,12AUG2018,13AUG2018,16AUG2018,17AUG2018,18AUG2018,19AUG2018,20AUG2018,23AUG2018,24AUG2018,25AUG2018,26AUG2018,27AUG2018,30AUG2018,31AUG2018,01SEP2018,02SEP2018,03SEP2018,06SEP2018,07SEP2018,08SEP2018,09SEP2018,10SEP2018,13SEP2018,14SEP2018,15SEP2018,16SEP2018,17SEP2018,20SEP2018,21SEP2018,22SEP2018,23SEP2018,24SEP2018,27SEP2018,28SEP2018,29SEP2018,30SEP2018,01OCT2018,15:50,16:00,14:16,15:37,14:37,13:37,14:28,16:22,14:58,15:40,15:40,14:30,20:00,16:02,16:00,14:04,12:59,17:59,15:12,17:20,17:20,17:15,13:40,12:10,10:00,09:56,10:15,13:09,13:09,10:15,10:02,10:15,09:42,12:05,11:20,16:50,10:10,09:44,11:30,10:00,0,0,0,0,0,0,0,0,0,0,0,0,0,0,0,0,0,0,0,0,0,0,0,0,0,0,0,0,0,0,0,0,0,0,0,0,0,0,0,5,5,5,5,5,5,5,5,5,5,10,10,10,10,10,10,10,10,10,10,10,10,10,10,10,10,10,10,10,10,10,10,10,10,10,10,10,10,10,15,15,15,15,15,15,15,15,15,15,15,15,15,15,15,15,15,15,15,15,15,15,15,15,15,15,15,15,15,15,15,15,15,15,15,15,15,15,15,NA,NA,NA,NA,NA,NA,NA,NA,NA,NA,NA,NA,NA,NA,NA,NA,NA,NA,NA,NA,NA,NA,NA,NA,NA,NA,NA,NA,NA,NA,NA,NA,NA,NA,NA,NA,NA,NA,NA,Control,Control,Control,Control,Control,Control,Control,Control,Control,Control,Control,Control,Control,Control,Control,Control,Control,Control,Control,Control,Control,Control,Control,Control,Control,Control,Control,Control,Control,Control,Control,Control,Control,Control,Control,VO2,Control,Control,Control,Control
10045813,female,control,09AUG2018,10AUG2018,11AUG2018,12AUG2018,13AUG2018,16AUG2018,17AUG2018,18AUG2018,19AUG2018,20AUG2018,23AUG2018,24AUG2018,25AUG2018,26AUG2018,27AUG2018,30AUG2018,31AUG2018,01SEP2018,02SEP2018,03SEP2018,06SEP2018,07SEP2018,08SEP2018,09SEP2018,10SEP2018,13SEP2018,14SEP2018,15SEP2018,16SEP2018,17SEP2018,20SEP2018,21SEP2018,22SEP2018,23SEP2018,24SEP2018,27SEP2018,28SEP2018,29SEP2018,30SEP2018,01OCT2018,15:50,16:00,14:16,15:37,14:37,13:37,14:28,16:22,14:58,15:40,15:40,14:30,20:00,16:02,16:00,14:04,12:54,17:59,15:12,17:20,17:20,17:15,13:40,12:10,10:00,09:56,10:15,13:09,13:09,10:15,10:15,10:00,11:15,11:00,09:58,17:57,09:26,11:50,10:00,09:55,0,0,0,0,0,0,0,0,0,0,0,0,0,0,0,0,0,0,0,0,0,0,0,0,0,0,0,0,0,0,0,0,0,0,0,0,0,0,0,5,5,5,5,5,5,5,5,5,5,10,10,10,10,10,10,10,10,10,10,10,10,10,10,10,10,10,10,10,10,10,10,10,10,10,10,10,10,10,15,15,15,15,15,15,15,15,15,15,15,15,15,15,15,15,15,15,15,15,15,15,15,15,15,15,15,15,15,15,15,15,15,15,15,15,15,15,15,NA,NA,NA,NA,NA,NA,NA,NA,NA,NA,NA,NA,NA,NA,NA,NA,NA,NA,NA,NA,NA,NA,NA,NA,NA,NA,NA,NA,NA,NA,NA,NA,NA,NA,NA,NA,NA,NA,NA,Control,Control,Control,Control,Control,Control,Control,Control,Control,Control,Control,Control,Control,Control,Control,Control,Control,Control,Control,Control,Control,Control,Control,Control,Control,Control,Control,Control,Control,Control,Control,Control,Control,Control,Control,VO2,Control,Control,Control,Control
10046038,female,control,10AUG2018,11AUG2018,12AUG2018,13AUG2018,14AUG2018,17AUG2018,18AUG2018,19AUG2018,20AUG2018,21AUG2018,24AUG2018,25AUG2018,26AUG2018,27AUG2018,28AUG2018,31AUG2018,01SEP2018,02SEP2018,03SEP2018,04SEP2018,07SEP2018,08SEP2018,09SEP2018,10SEP2018,11SEP2018,14SEP2018,15SEP2018,16SEP2018,17SEP2018,18SEP2018,21SEP2018,22SEP2018,23SEP2018,24SEP2018,25SEP2018,28SEP2018,29SEP2018,30SEP2018,01OCT2018,02OCT2018,16:00,14:16,15:37,14:37,14:43,14:28,16:22,14:58,15:20,16:20,14:30,20:00,16:02,16:00,14:30,12:54,13:18,15:12,17:20,16:50,17:15,13:40,12:20,10:00,10:13,10:15,13:09,12:30,12:30,12:30,10:15,10:00,11:15,11:00,09:58,16:38,09:26,11:50,10:00,09:55,0,0,0,0,0,0,0,0,0,0,0,0,0,0,0,0,0,0,0,0,0,0,0,0,0,0,0,0,0,0,0,0,0,0,0,0,0,0,0,5,5,5,5,5,5,5,5,5,5,10,10,10,10,10,10,10,10,10,10,10,10,10,10,10,10,10,10,10,10,10,10,10,10,10,10,10,10,10,15,15,15,15,15,15,15,15,15,15,15,15,15,15,15,15,15,15,15,15,15,15,15,15,15,15,15,15,15,15,15,15,15,15,15,15,15,15,15,NA,NA,NA,NA,NA,NA,NA,NA,NA,NA,NA,NA,NA,NA,NA,NA,NA,NA,NA,NA,NA,NA,NA,NA,NA,NA,NA,NA,NA,NA,NA,NA,NA,NA,NA,NA,NA,NA,NA,Control,Control,Control,Control,Control,Control,Control,Control,Control,Control,Control,Control,Control,Control,Control,Control,Control,Control,Control,Control,Control,Control,Control,Control,Control,Control,Control,Control,Control,Control,Control,Control,Control,Control,Control,VO2,Control,Control,Control,Control
10046119,female,control,10AUG2018,11AUG2018,12AUG2018,13AUG2018,14AUG2018,17AUG2018,18AUG2018,19AUG2018,20AUG2018,21AUG2018,24AUG2018,25AUG2018,26AUG2018,27AUG2018,28AUG2018,31AUG2018,01SEP2018,02SEP2018,03SEP2018,04SEP2018,07SEP2018,08SEP2018,09SEP2018,10SEP2018,11SEP2018,14SEP2018,15SEP2018,16SEP2018,17SEP2018,18SEP2018,21SEP2018,22SEP2018,23SEP2018,24SEP2018,25SEP2018,28SEP2018,29SEP2018,30SEP2018,01OCT2018,02OCT2018,16:00,14:19,15:37,14:57,15:01,14:28,16:22,14:58,15:20,16:20,14:30,20:00,16:02,16:00,14:30,12:54,18:19,15:12,17:20,16:50,17:15,13:40,12:20,10:00,10:13,10:15,13:09,12:30,12:30,12:30,10:15,10:00,11:45,11:00,09:58,17:40,09:26,11:50,10:00,10:00,0,0,0,0,0,0,0,0,0,0,0,0,0,0,0,0,0,0,0,0,0,0,0,0,0,0,0,0,0,0,0,0,0,0,0,0,0,0,0,5,5,5,5,5,5,5,5,5,5,10,10,10,10,10,10,10,10,10,10,10,10,10,10,10,10,10,10,10,10,10,10,10,10,10,10,10,10,10,15,15,15,15,15,15,15,15,15,15,15,15,15,15,15,15,15,15,15,15,15,15,15,15,15,15,15,15,15,15,15,15,15,15,15,15,15,15,15,NA,NA,NA,NA,NA,NA,NA,NA,NA,NA,NA,NA,NA,NA,NA,NA,NA,NA,NA,NA,NA,NA,NA,NA,NA,NA,NA,NA,NA,NA,NA,NA,NA,NA,NA,NA,NA,NA,NA,Control,Control,Control,Control,Control,Control,Control,Control,Control,Control,Control,Control,Control,Control,Control,Control,Control,Control,Control,Control,Control,Control,Control,Control,Control,Control,Control,Control,Control,Control,Control,Control,Control,Control,Control,VO2,Control,Control,Control,Control
10046380,female,control,10AUG2018,11AUG2018,12AUG2018,13AUG2018,14AUG2018,17AUG2018,18AUG2018,19AUG2018,20AUG2018,21AUG2018,24AUG2018,25AUG2018,26AUG2018,27AUG2018,28AUG2018,31AUG2018,01SEP2018,02SEP2018,03SEP2018,04SEP2018,07SEP2018,08SEP2018,09SEP2018,10SEP2018,11SEP2018,14SEP2018,15SEP2018,16SEP2018,17SEP2018,18SEP2018,21SEP2018,22SEP2018,23SEP2018,24SEP2018,25SEP2018,28SEP2018,29SEP2018,30SEP2018,01OCT2018,02OCT2018,16:00,14:19,15:37,14:57,15:01,14:28,16:22,14:58,15:20,16:20,14:30,20:00,16:02,16:00,14:30,12:54,18:19,15:12,17:20,16:50,17:15,13:40,12:20,10:00,10:13,10:15,13:09,12:30,12:30,12:30,10:15,10:00,11:45,11:00,09:58,15:34,09:26,11:50,10:00,10:00,0,0,0,0,0,0,0,0,0,0,0,0,0,0,0,0,0,0,0,0,0,0,0,0,0,0,0,0,0,0,0,0,0,0,0,0,0,0,0,5,5,5,5,5,5,5,5,5,5,10,10,10,10,10,10,10,10,10,10,10,10,10,10,10,10,10,10,10,10,10,10,10,10,10,10,10,10,10,15,15,15,15,15,15,15,15,15,15,15,15,15,15,15,15,15,15,15,15,15,15,15,15,15,15,15,15,15,15,15,15,15,15,15,15,15,15,15,NA,NA,NA,NA,NA,NA,NA,NA,NA,NA,NA,NA,NA,NA,NA,NA,NA,NA,NA,NA,NA,NA,NA,NA,NA,NA,NA,NA,NA,NA,NA,NA,NA,NA,NA,NA,NA,NA,NA,Control,Control,Control,Control,Control,Control,Control,Control,Control,Control,Control,Control,Control,Control,Control,Control,Control,Control,Control,Control,Control,Control,Control,Control,Control,Control,Control,Control,Control,Control,Control,Control,Control,Control,Control,VO2,Control,Control,Control,Control
10417702,male,1w,15JAN2019,16JAN2019,17JAN2019,18JAN2019,19JAN2019,,,,,,,,,,,,,,,,,,,,,,,,,,,,,,,,,,,,10:20,10:06,10:15,10:18,10:00,,,,,,,,,,,,,,,,,,,,,,,,,,,,,,,,,,,,13,13,13,13,13,NA,NA,NA,NA,NA,NA,NA,NA,NA,NA,NA,NA,NA,NA,NA,NA,NA,NA,NA,NA,NA,NA,NA,NA,NA,NA,NA,NA,NA,NA,NA,NA,NA,NA,5,5,5,5,5,NA,NA,NA,NA,NA,NA,NA,NA,NA,NA,NA,NA,NA,NA,NA,NA,NA,NA,NA,NA,NA,NA,NA,NA,NA,NA,NA,NA,NA,NA,NA,NA,NA,NA,20,21,22,23,24,NA,NA,NA,NA,NA,NA,NA,NA,NA,NA,NA,NA,NA,NA,NA,NA,NA,NA,NA,NA,NA,NA,NA,NA,NA,NA,NA,NA,NA,NA,NA,NA,NA,NA,3,3,3,3,3,NA,NA,NA,NA,NA,NA,NA,NA,NA,NA,NA,NA,NA,NA,NA,NA,NA,NA,NA,NA,NA,NA,NA,NA,NA,NA,NA,NA,NA,NA,NA,NA,NA,NA,ran well,ran well,ran well w/ shock,ran well w/ shock,ran well w/ shock,,,,,,,,,,,,,,,,,,,,,,,,,,,,,,,,,,,
10422463,male,1w,15JAN2019,16JAN2019,17JAN2019,18JAN2019,19JAN2019,,,,,,,,,,,,,,,,,,,,,,,,,,,,,,,,,,,,10:20,10:06,10:15,10:18,10:00,,,,,,,,,,,,,,,,,,,,,,,,,,,,,,,,,,,,13,13,13,13,13,NA,NA,NA,NA,NA,NA,NA,NA,NA,NA,NA,NA,NA,NA,NA,NA,NA,NA,NA,NA,NA,NA,NA,NA,NA,NA,NA,NA,NA,NA,NA,NA,NA,NA,5,5,5,5,5,NA,NA,NA,NA,NA,NA,NA,NA,NA,NA,NA,NA,NA,NA,NA,NA,NA,NA,NA,NA,NA,NA,NA,NA,NA,NA,NA,NA,NA,NA,NA,NA,NA,NA,20,21,22,23,24,NA,NA,NA,NA,NA,NA,NA,NA,NA,NA,NA,NA,NA,NA,NA,NA,NA,NA,NA,NA,NA,NA,NA,NA,NA,NA,NA,NA,NA,NA,NA,NA,NA,NA,2,3,3,2,3,NA,NA,NA,NA,NA,NA,NA,NA,NA,NA,NA,NA,NA,NA,NA,NA,NA,NA,NA,NA,NA,NA,NA,NA,NA,NA,NA,NA,NA,NA,NA,NA,NA,NA,"lazy, but ran with shock",,ran well w/ shock,lazy. sat on shock,ran well w/ shock,,,,,,,,,,,,,,,,,,,,,,,,,,,,,,,,,,,
10424911,male,1w,15JAN2019,16JAN2019,17JAN2019,18JAN2019,19JAN2019,,,,,,,,,,,,,,,,,,,,,,,,,,,,,,,,,,,,10:20,10:06,10:15,10:18,10:00,,,,,,,,,,,,,,,,,,,,,,,,,,,,,,,,,,,,13,13,13,13,13,NA,NA,NA,NA,NA,NA,NA,NA,NA,NA,NA,NA,NA,NA,NA,NA,NA,NA,NA,NA,NA,NA,NA,NA,NA,NA,NA,NA,NA,NA,NA,NA,NA,NA,5,5,5,5,5,NA,NA,NA,NA,NA,NA,NA,NA,NA,NA,NA,NA,NA,NA,NA,NA,NA,NA,NA,NA,NA,NA,NA,NA,NA,NA,NA,NA,NA,NA,NA,NA,NA,NA,20,21,22,23,24,NA,NA,NA,NA,NA,NA,NA,NA,NA,NA,NA,NA,NA,NA,NA,NA,NA,NA,NA,NA,NA,NA,NA,NA,NA,NA,NA,NA,NA,NA,NA,NA,NA,NA,3,3,3,2,3,NA,NA,NA,NA,NA,NA,NA,NA,NA,NA,NA,NA,NA,NA,NA,NA,NA,NA,NA,NA,NA,NA,NA,NA,NA,NA,NA,NA,NA,NA,NA,NA,NA,NA,,,ran well w/ shock,"lazy, sitting on shock",ran well w/ shock,,,,,,,,,,,,,,,,,,,,,,,,,,,,,,,,,,,
10471596,male,1w,15JAN2019,16JAN2019,17JAN2019,18JAN2019,19JAN2019,,,,,,,,,,,,,,,,,,,,,,,,,,,,,,,,,,,,10:58,10:06,10:15,10:18,10:00,,,,,,,,,,,,,,,,,,,,,,,,,,,,,,,,,,,,13,13,13,13,13,NA,NA,NA,NA,NA,NA,NA,NA,NA,NA,NA,NA,NA,NA,NA,NA,NA,NA,NA,NA,NA,NA,NA,NA,NA,NA,NA,NA,NA,NA,NA,NA,NA,NA,5,5,5,5,5,NA,NA,NA,NA,NA,NA,NA,NA,NA,NA,NA,NA,NA,NA,NA,NA,NA,NA,NA,NA,NA,NA,NA,NA,NA,NA,NA,NA,NA,NA,NA,NA,NA,NA,20,21,22,23,24,NA,NA,NA,NA,NA,NA,NA,NA,NA,NA,NA,NA,NA,NA,NA,NA,NA,NA,NA,NA,NA,NA,NA,NA,NA,NA,NA,NA,NA,NA,NA,NA,NA,NA,3,3,3,3,3,NA,NA,NA,NA,NA,NA,NA,NA,NA,NA,NA,NA,NA,NA,NA,NA,NA,NA,NA,NA,NA,NA,NA,NA,NA,NA,NA,NA,NA,NA,NA,NA,NA,NA,,,ran well w/ shock,ran well w/ shock,ran well w/ shock,,,,,,,,,,,,,,,,,,,,,,,,,,,,,,,,,,,
10478337,male,1w,15JAN2019,16JAN2019,17JAN2019,18JAN2019,19JAN2019,,,,,,,,,,,,,,,,,,,,,,,,,,,,,,,,,,,,10:58,10:06,10:15,10:18,10:00,,,,,,,,,,,,,,,,,,,,,,,,,,,,,,,,,,,,13,13,13,13,13,NA,NA,NA,NA,NA,NA,NA,NA,NA,NA,NA,NA,NA,NA,NA,NA,NA,NA,NA,NA,NA,NA,NA,NA,NA,NA,NA,NA,NA,NA,NA,NA,NA,NA,5,5,5,5,5,NA,NA,NA,NA,NA,NA,NA,NA,NA,NA,NA,NA,NA,NA,NA,NA,NA,NA,NA,NA,NA,NA,NA,NA,NA,NA,NA,NA,NA,NA,NA,NA,NA,NA,20,21,22,23,24,NA,NA,NA,NA,NA,NA,NA,NA,NA,NA,NA,NA,NA,NA,NA,NA,NA,NA,NA,NA,NA,NA,NA,NA,NA,NA,NA,NA,NA,NA,NA,NA,NA,NA,3,3,3,3,3,NA,NA,NA,NA,NA,NA,NA,NA,NA,NA,NA,NA,NA,NA,NA,NA,NA,NA,NA,NA,NA,NA,NA,NA,NA,NA,NA,NA,NA,NA,NA,NA,NA,NA,,,ran well. injured toe during the end,ran well w/ shock,ran well w/ shock,,,,,,,,,,,,,,,,,,,,,,,,,,,,,,,,,,,
10503110,male,1w,16JAN2019,17JAN2019,18JAN2019,19JAN2019,20JAN2019,,,,,,,,,,,,,,,,,,,,,,,,,,,,,,,,,,,,11:06,10:55,10:56,10:31,10:00,,,,,,,,,,,,,,,,,,,,,,,,,,,,,,,,,,,,13,13,13,13,13,NA,NA,NA,NA,NA,NA,NA,NA,NA,NA,NA,NA,NA,NA,NA,NA,NA,NA,NA,NA,NA,NA,NA,NA,NA,NA,NA,NA,NA,NA,NA,NA,NA,NA,5,5,5,5,5,NA,NA,NA,NA,NA,NA,NA,NA,NA,NA,NA,NA,NA,NA,NA,NA,NA,NA,NA,NA,NA,NA,NA,NA,NA,NA,NA,NA,NA,NA,NA,NA,NA,NA,20,21,22,23,24,NA,NA,NA,NA,NA,NA,NA,NA,NA,NA,NA,NA,NA,NA,NA,NA,NA,NA,NA,NA,NA,NA,NA,NA,NA,NA,NA,NA,NA,NA,NA,NA,NA,NA,3,3,3,3,3,NA,NA,NA,NA,NA,NA,NA,NA,NA,NA,NA,NA,NA,NA,NA,NA,NA,NA,NA,NA,NA,NA,NA,NA,NA,NA,NA,NA,NA,NA,NA,NA,NA,NA,,ran well w/ shock,ran well w/ shock,ran well w/ shock,ran well w/ shock,,,,,,,,,,,,,,,,,,,,,,,,,,,,,,,,,,,
10536558,male,1w,16JAN2019,17JAN2019,18JAN2019,19JAN2019,20JAN2019,,,,,,,,,,,,,,,,,,,,,,,,,,,,,,,,,,,,11:06,10:55,10:56,10:31,10:00,,,,,,,,,,,,,,,,,,,,,,,,,,,,,,,,,,,,13,13,13,13,13,NA,NA,NA,NA,NA,NA,NA,NA,NA,NA,NA,NA,NA,NA,NA,NA,NA,NA,NA,NA,NA,NA,NA,NA,NA,NA,NA,NA,NA,NA,NA,NA,NA,NA,5,5,5,5,5,NA,NA,NA,NA,NA,NA,NA,NA,NA,NA,NA,NA,NA,NA,NA,NA,NA,NA,NA,NA,NA,NA,NA,NA,NA,NA,NA,NA,NA,NA,NA,NA,NA,NA,20,21,22,23,24,NA,NA,NA,NA,NA,NA,NA,NA,NA,NA,NA,NA,NA,NA,NA,NA,NA,NA,NA,NA,NA,NA,NA,NA,NA,NA,NA,NA,NA,NA,NA,NA,NA,NA,3,3,3,3,3,NA,NA,NA,NA,NA,NA,NA,NA,NA,NA,NA,NA,NA,NA,NA,NA,NA,NA,NA,NA,NA,NA,NA,NA,NA,NA,NA,NA,NA,NA,NA,NA,NA,NA,,ran well w/ shock,ran well w/ shock,ran well w/ shock,ran well w/ shock,,,,,,,,,,,,,,,,,,,,,,,,,,,,,,,,,,,
10543767,male,1w,16JAN2019,17JAN2019,18JAN2019,19JAN2019,20JAN2019,,,,,,,,,,,,,,,,,,,,,,,,,,,,,,,,,,,,11:06,10:55,10:56,10:31,10:00,,,,,,,,,,,,,,,,,,,,,,,,,,,,,,,,,,,,13,13,13,13,13,NA,NA,NA,NA,NA,NA,NA,NA,NA,NA,NA,NA,NA,NA,NA,NA,NA,NA,NA,NA,NA,NA,NA,NA,NA,NA,NA,NA,NA,NA,NA,NA,NA,NA,5,5,5,5,5,NA,NA,NA,NA,NA,NA,NA,NA,NA,NA,NA,NA,NA,NA,NA,NA,NA,NA,NA,NA,NA,NA,NA,NA,NA,NA,NA,NA,NA,NA,NA,NA,NA,NA,20,21,22,23,24,NA,NA,NA,NA,NA,NA,NA,NA,NA,NA,NA,NA,NA,NA,NA,NA,NA,NA,NA,NA,NA,NA,NA,NA,NA,NA,NA,NA,NA,NA,NA,NA,NA,NA,3,3,3,3,3,NA,NA,NA,NA,NA,NA,NA,NA,NA,NA,NA,NA,NA,NA,NA,NA,NA,NA,NA,NA,NA,NA,NA,NA,NA,NA,NA,NA,NA,NA,NA,NA,NA,NA,,ran well w/ shock,ran well w/ shock,ran well w/ shock,ran well w/ shock,,,,,,,,,,,,,,,,,,,,,,,,,,,,,,,,,,,
10553053,male,1w,16JAN2019,17JAN2019,18JAN2019,19JAN2019,20JAN2019,,,,,,,,,,,,,,,,,,,,,,,,,,,,,,,,,,,,11:06,10:55,10:56,10:31,10:00,,,,,,,,,,,,,,,,,,,,,,,,,,,,,,,,,,,,13,13,13,13,13,NA,NA,NA,NA,NA,NA,NA,NA,NA,NA,NA,NA,NA,NA,NA,NA,NA,NA,NA,NA,NA,NA,NA,NA,NA,NA,NA,NA,NA,NA,NA,NA,NA,NA,5,5,5,5,5,NA,NA,NA,NA,NA,NA,NA,NA,NA,NA,NA,NA,NA,NA,NA,NA,NA,NA,NA,NA,NA,NA,NA,NA,NA,NA,NA,NA,NA,NA,NA,NA,NA,NA,20,21,22,23,24,NA,NA,NA,NA,NA,NA,NA,NA,NA,NA,NA,NA,NA,NA,NA,NA,NA,NA,NA,NA,NA,NA,NA,NA,NA,NA,NA,NA,NA,NA,NA,NA,NA,NA,3,3,3,3,3,NA,NA,NA,NA,NA,NA,NA,NA,NA,NA,NA,NA,NA,NA,NA,NA,NA,NA,NA,NA,NA,NA,NA,NA,NA,NA,NA,NA,NA,NA,NA,NA,NA,NA,,ran well w/ shock and drape,ran well w/ shock,ran well w/ shock,ran well w/ shock,,,,,,,,,,,,,,,,,,,,,,,,,,,,,,,,,,,
10561072,male,1w,16JAN2019,17JAN2019,18JAN2019,19JAN2019,20JAN2019,,,,,,,,,,,,,,,,,,,,,,,,,,,,,,,,,,,,11:06,10:55,10:56,10:31,10:00,,,,,,,,,,,,,,,,,,,,,,,,,,,,,,,,,,,,13,13,13,13,13,NA,NA,NA,NA,NA,NA,NA,NA,NA,NA,NA,NA,NA,NA,NA,NA,NA,NA,NA,NA,NA,NA,NA,NA,NA,NA,NA,NA,NA,NA,NA,NA,NA,NA,5,5,5,5,5,NA,NA,NA,NA,NA,NA,NA,NA,NA,NA,NA,NA,NA,NA,NA,NA,NA,NA,NA,NA,NA,NA,NA,NA,NA,NA,NA,NA,NA,NA,NA,NA,NA,NA,20,21,22,23,24,NA,NA,NA,NA,NA,NA,NA,NA,NA,NA,NA,NA,NA,NA,NA,NA,NA,NA,NA,NA,NA,NA,NA,NA,NA,NA,NA,NA,NA,NA,NA,NA,NA,NA,3,3,3,3,3,NA,NA,NA,NA,NA,NA,NA,NA,NA,NA,NA,NA,NA,NA,NA,NA,NA,NA,NA,NA,NA,NA,NA,NA,NA,NA,NA,NA,NA,NA,NA,NA,NA,NA,,ran well w/ shock and drape,ran well w/ shock,ran well w/ shock,ran well w/ shock,,,,,,,,,,,,,,,,,,,,,,,,,,,,,,,,,,,
10616233,male,1w,17JAN2019,18JAN2019,19JAN2019,20JAN2019,21JAN2019,,,,,,,,,,,,,,,,,,,,,,,,,,,,,,,,,,,,11:33,11:40,11:18,10:48,10:00,,,,,,,,,,,,,,,,,,,,,,,,,,,,,,,,,,,,13,13,13,13,13,NA,NA,NA,NA,NA,NA,NA,NA,NA,NA,NA,NA,NA,NA,NA,NA,NA,NA,NA,NA,NA,NA,NA,NA,NA,NA,NA,NA,NA,NA,NA,NA,NA,NA,5,5,5,5,5,NA,NA,NA,NA,NA,NA,NA,NA,NA,NA,NA,NA,NA,NA,NA,NA,NA,NA,NA,NA,NA,NA,NA,NA,NA,NA,NA,NA,NA,NA,NA,NA,NA,NA,20,21,22,23,24,NA,NA,NA,NA,NA,NA,NA,NA,NA,NA,NA,NA,NA,NA,NA,NA,NA,NA,NA,NA,NA,NA,NA,NA,NA,NA,NA,NA,NA,NA,NA,NA,NA,NA,3,3,3,3,3,NA,NA,NA,NA,NA,NA,NA,NA,NA,NA,NA,NA,NA,NA,NA,NA,NA,NA,NA,NA,NA,NA,NA,NA,NA,NA,NA,NA,NA,NA,NA,NA,NA,NA,ran w/ shock,ran well w/ shock,ran well w/ shock,ran well w/ shock,ran well w/ shock,,,,,,,,,,,,,,,,,,,,,,,,,,,,,,,,,,,
10619259,male,1w,17JAN2019,18JAN2019,19JAN2019,20JAN2019,21JAN2019,,,,,,,,,,,,,,,,,,,,,,,,,,,,,,,,,,,,11:33,11:40,11:18,10:38,10:39,,,,,,,,,,,,,,,,,,,,,,,,,,,,,,,,,,,,13,13,13,13,13,NA,NA,NA,NA,NA,NA,NA,NA,NA,NA,NA,NA,NA,NA,NA,NA,NA,NA,NA,NA,NA,NA,NA,NA,NA,NA,NA,NA,NA,NA,NA,NA,NA,NA,5,5,5,5,5,NA,NA,NA,NA,NA,NA,NA,NA,NA,NA,NA,NA,NA,NA,NA,NA,NA,NA,NA,NA,NA,NA,NA,NA,NA,NA,NA,NA,NA,NA,NA,NA,NA,NA,20,21,22,23,24,NA,NA,NA,NA,NA,NA,NA,NA,NA,NA,NA,NA,NA,NA,NA,NA,NA,NA,NA,NA,NA,NA,NA,NA,NA,NA,NA,NA,NA,NA,NA,NA,NA,NA,3,3,3,3,3,NA,NA,NA,NA,NA,NA,NA,NA,NA,NA,NA,NA,NA,NA,NA,NA,NA,NA,NA,NA,NA,NA,NA,NA,NA,NA,NA,NA,NA,NA,NA,NA,NA,NA,ran w/ shock,ran well w/ shock,ran well w/ shock,ran well w/ shock,ran well w/ shock,,,,,,,,,,,,,,,,,,,,,,,,,,,,,,,,,,,
10621903,male,1w,17JAN2019,18JAN2019,19JAN2019,20JAN2019,21JAN2019,,,,,,,,,,,,,,,,,,,,,,,,,,,,,,,,,,,,11:33,11:40,11:18,10:38,10:00,,,,,,,,,,,,,,,,,,,,,,,,,,,,,,,,,,,,13,13,13,13,13,NA,NA,NA,NA,NA,NA,NA,NA,NA,NA,NA,NA,NA,NA,NA,NA,NA,NA,NA,NA,NA,NA,NA,NA,NA,NA,NA,NA,NA,NA,NA,NA,NA,NA,5,5,5,5,5,NA,NA,NA,NA,NA,NA,NA,NA,NA,NA,NA,NA,NA,NA,NA,NA,NA,NA,NA,NA,NA,NA,NA,NA,NA,NA,NA,NA,NA,NA,NA,NA,NA,NA,20,21,22,23,24,NA,NA,NA,NA,NA,NA,NA,NA,NA,NA,NA,NA,NA,NA,NA,NA,NA,NA,NA,NA,NA,NA,NA,NA,NA,NA,NA,NA,NA,NA,NA,NA,NA,NA,3,3,3,3,3,NA,NA,NA,NA,NA,NA,NA,NA,NA,NA,NA,NA,NA,NA,NA,NA,NA,NA,NA,NA,NA,NA,NA,NA,NA,NA,NA,NA,NA,NA,NA,NA,NA,NA,ran well w/ shock,ran well w/ shock,ran well w/ shock,ran well w/ shock,ran well w/ shock,,,,,,,,,,,,,,,,,,,,,,,,,,,,,,,,,,,
10675086,male,1w,17JAN2019,18JAN2019,19JAN2019,20JAN2019,21JAN2019,,,,,,,,,,,,,,,,,,,,,,,,,,,,,,,,,,,,11:33,11:40,11:18,10:38,10:00,,,,,,,,,,,,,,,,,,,,,,,,,,,,,,,,,,,,13,13,13,13,13,NA,NA,NA,NA,NA,NA,NA,NA,NA,NA,NA,NA,NA,NA,NA,NA,NA,NA,NA,NA,NA,NA,NA,NA,NA,NA,NA,NA,NA,NA,NA,NA,NA,NA,5,5,5,5,5,NA,NA,NA,NA,NA,NA,NA,NA,NA,NA,NA,NA,NA,NA,NA,NA,NA,NA,NA,NA,NA,NA,NA,NA,NA,NA,NA,NA,NA,NA,NA,NA,NA,NA,20,21,22,23,24,NA,NA,NA,NA,NA,NA,NA,NA,NA,NA,NA,NA,NA,NA,NA,NA,NA,NA,NA,NA,NA,NA,NA,NA,NA,NA,NA,NA,NA,NA,NA,NA,NA,NA,3,2,2,3,3,NA,NA,NA,NA,NA,NA,NA,NA,NA,NA,NA,NA,NA,NA,NA,NA,NA,NA,NA,NA,NA,NA,NA,NA,NA,NA,NA,NA,NA,NA,NA,NA,NA,NA,ran well w/ shock,sit on shock. really lazy,"lazy at first, pushed off from shock area",ran well w/ shock,ran well w/ shock,,,,,,,,,,,,,,,,,,,,,,,,,,,,,,,,,,,
10677887,male,1w,17JAN2019,18JAN2019,19JAN2019,20JAN2019,21JAN2019,,,,,,,,,,,,,,,,,,,,,,,,,,,,,,,,,,,,11:33,11:40,11:18,10:38,10:00,,,,,,,,,,,,,,,,,,,,,,,,,,,,,,,,,,,,13,13,13,13,13,NA,NA,NA,NA,NA,NA,NA,NA,NA,NA,NA,NA,NA,NA,NA,NA,NA,NA,NA,NA,NA,NA,NA,NA,NA,NA,NA,NA,NA,NA,NA,NA,NA,NA,5,5,5,5,5,NA,NA,NA,NA,NA,NA,NA,NA,NA,NA,NA,NA,NA,NA,NA,NA,NA,NA,NA,NA,NA,NA,NA,NA,NA,NA,NA,NA,NA,NA,NA,NA,NA,NA,20,21,22,23,24,NA,NA,NA,NA,NA,NA,NA,NA,NA,NA,NA,NA,NA,NA,NA,NA,NA,NA,NA,NA,NA,NA,NA,NA,NA,NA,NA,NA,NA,NA,NA,NA,NA,NA,3,3,3,3,3,NA,NA,NA,NA,NA,NA,NA,NA,NA,NA,NA,NA,NA,NA,NA,NA,NA,NA,NA,NA,NA,NA,NA,NA,NA,NA,NA,NA,NA,NA,NA,NA,NA,NA,ran well w/ shock,ran well w/ shock and drape,ran well w/ shock,ran well w/ shock,ran well w/ shock,,,,,,,,,,,,,,,,,,,,,,,,,,,,,,,,,,,
10434046,male,2w,15JAN2019,16JAN2019,17JAN2019,18JAN2019,19JAN2019,22JAN2019,23JAN2019,24JAN2019,25JAN2019,26JAN2019,,,,,,,,,,,,,,,,,,,,,,,,,,,,,,,10:20,10:00,10:15,10:18,10:00,10:23,10:15,10:02,10:17,10:01,,,,,,,,,,,,,,,,,,,,,,,,,,,,,,,13,13,13,13,13,15,15,15,15,15,NA,NA,NA,NA,NA,NA,NA,NA,NA,NA,NA,NA,NA,NA,NA,NA,NA,NA,NA,NA,NA,NA,NA,NA,NA,NA,NA,NA,NA,5,5,5,5,5,5,5,5,5,5,NA,NA,NA,NA,NA,NA,NA,NA,NA,NA,NA,NA,NA,NA,NA,NA,NA,NA,NA,NA,NA,NA,NA,NA,NA,NA,NA,NA,NA,20,21,22,23,24,25,26,27,28,29,NA,NA,NA,NA,NA,NA,NA,NA,NA,NA,NA,NA,NA,NA,NA,NA,NA,NA,NA,NA,NA,NA,NA,NA,NA,NA,NA,NA,NA,2,3,2,2,2,3,3,3,3,3,NA,NA,NA,NA,NA,NA,NA,NA,NA,NA,NA,NA,NA,NA,NA,NA,NA,NA,NA,NA,NA,NA,NA,NA,NA,NA,NA,NA,NA,Ran ok with shock,Ran ok with shock,Ran with shock. Being lazy at first but ran well after 7 minutes,"Lazy at the beginning, hurt paw","Lazy, tried to sit on the shock",Ran well with shock,Ran well with shock,Ran well with shock,Ran well with shock,Ran well with shock,,,,,,,,,,,,,,,,,,,,,,,,,,,,,,
10436170,male,2w,15JAN2019,16JAN2019,17JAN2019,18JAN2019,19JAN2019,22JAN2019,23JAN2019,24JAN2019,25JAN2019,26JAN2019,,,,,,,,,,,,,,,,,,,,,,,,,,,,,,,10:20,10:00,10:15,10:18,10:00,10:23,10:15,10:02,10:17,10:01,,,,,,,,,,,,,,,,,,,,,,,,,,,,,,,13,13,13,13,13,15,15,15,15,15,NA,NA,NA,NA,NA,NA,NA,NA,NA,NA,NA,NA,NA,NA,NA,NA,NA,NA,NA,NA,NA,NA,NA,NA,NA,NA,NA,NA,NA,5,5,5,5,5,5,5,5,5,5,NA,NA,NA,NA,NA,NA,NA,NA,NA,NA,NA,NA,NA,NA,NA,NA,NA,NA,NA,NA,NA,NA,NA,NA,NA,NA,NA,NA,NA,20,21,22,23,24,25,26,27,28,29,NA,NA,NA,NA,NA,NA,NA,NA,NA,NA,NA,NA,NA,NA,NA,NA,NA,NA,NA,NA,NA,NA,NA,NA,NA,NA,NA,NA,NA,3,3,2,2,2,3,2,2,3,3,NA,NA,NA,NA,NA,NA,NA,NA,NA,NA,NA,NA,NA,NA,NA,NA,NA,NA,NA,NA,NA,NA,NA,NA,NA,NA,NA,NA,NA,Ran well with shock,Ran well with shock,Being lazy from the beginning. Ran well with shock,"Lazy, sat on the shock","Lazy, tried to sit on the shock",Ran well with shock,Ran backward,Ran backward,Ran backward,Ran backward,,,,,,,,,,,,,,,,,,,,,,,,,,,,,,
10472053,male,2w,15JAN2019,16JAN2019,17JAN2019,18JAN2019,19JAN2019,22JAN2019,23JAN2019,24JAN2019,25JAN2019,26JAN2019,,,,,,,,,,,,,,,,,,,,,,,,,,,,,,,10:58,10:00,10:15,10:15,10:00,10:23,10:15,10:02,10:17,10:01,,,,,,,,,,,,,,,,,,,,,,,,,,,,,,,13,13,13,13,13,15,15,15,15,15,NA,NA,NA,NA,NA,NA,NA,NA,NA,NA,NA,NA,NA,NA,NA,NA,NA,NA,NA,NA,NA,NA,NA,NA,NA,NA,NA,NA,NA,5,5,5,5,5,5,5,5,5,5,NA,NA,NA,NA,NA,NA,NA,NA,NA,NA,NA,NA,NA,NA,NA,NA,NA,NA,NA,NA,NA,NA,NA,NA,NA,NA,NA,NA,NA,20,21,22,23,24,25,26,27,28,29,NA,NA,NA,NA,NA,NA,NA,NA,NA,NA,NA,NA,NA,NA,NA,NA,NA,NA,NA,NA,NA,NA,NA,NA,NA,NA,NA,NA,NA,3,3,3,3,3,3,3,3,3,3,NA,NA,NA,NA,NA,NA,NA,NA,NA,NA,NA,NA,NA,NA,NA,NA,NA,NA,NA,NA,NA,NA,NA,NA,NA,NA,NA,NA,NA,,,"Drape removed around 15 minutes, ran well with shock",Ran well with shock,Ran well with shock,Ran well with shock,Ran well with shock,Ran well with shock,Ran well with shock,Ran well with shock,,,,,,,,,,,,,,,,,,,,,,,,,,,,,,
10486003,male,2w,15JAN2019,16JAN2019,17JAN2019,18JAN2019,19JAN2019,22JAN2019,23JAN2019,24JAN2019,25JAN2019,26JAN2019,,,,,,,,,,,,,,,,,,,,,,,,,,,,,,,10:58,10:00,10:15,10:18,10:00,10:23,10:15,10:02,10:17,10:01,,,,,,,,,,,,,,,,,,,,,,,,,,,,,,,13,13,13,13,13,15,15,15,15,15,NA,NA,NA,NA,NA,NA,NA,NA,NA,NA,NA,NA,NA,NA,NA,NA,NA,NA,NA,NA,NA,NA,NA,NA,NA,NA,NA,NA,NA,5,5,5,5,5,5,5,5,5,5,NA,NA,NA,NA,NA,NA,NA,NA,NA,NA,NA,NA,NA,NA,NA,NA,NA,NA,NA,NA,NA,NA,NA,NA,NA,NA,NA,NA,NA,20,21,22,23,24,25,26,27,28,29,NA,NA,NA,NA,NA,NA,NA,NA,NA,NA,NA,NA,NA,NA,NA,NA,NA,NA,NA,NA,NA,NA,NA,NA,NA,NA,NA,NA,NA,3,3,3,3,3,3,3,3,3,3,NA,NA,NA,NA,NA,NA,NA,NA,NA,NA,NA,NA,NA,NA,NA,NA,NA,NA,NA,NA,NA,NA,NA,NA,NA,NA,NA,NA,NA,,,Ran well with drape & shock,Ran well with shock,Ran well with shock,Ran well with shock,Ran well with shock,Ran well with shock,Ran well with shock,Ran well with shock,,,,,,,,,,,,,,,,,,,,,,,,,,,,,,
10496580,male,2w,15JAN2019,16JAN2019,17JAN2019,18JAN2019,19JAN2019,22JAN2019,23JAN2019,24JAN2019,25JAN2019,26JAN2019,,,,,,,,,,,,,,,,,,,,,,,,,,,,,,,10:58,10:00,10:15,10:18,10:00,10:23,10:15,10:02,10:17,10:01,,,,,,,,,,,,,,,,,,,,,,,,,,,,,,,13,13,13,13,13,15,15,15,15,15,NA,NA,NA,NA,NA,NA,NA,NA,NA,NA,NA,NA,NA,NA,NA,NA,NA,NA,NA,NA,NA,NA,NA,NA,NA,NA,NA,NA,NA,5,5,5,5,5,5,5,5,5,5,NA,NA,NA,NA,NA,NA,NA,NA,NA,NA,NA,NA,NA,NA,NA,NA,NA,NA,NA,NA,NA,NA,NA,NA,NA,NA,NA,NA,NA,20,21,22,23,24,25,26,27,28,29,NA,NA,NA,NA,NA,NA,NA,NA,NA,NA,NA,NA,NA,NA,NA,NA,NA,NA,NA,NA,NA,NA,NA,NA,NA,NA,NA,NA,NA,3,3,3,3,3,3,3,3,3,3,NA,NA,NA,NA,NA,NA,NA,NA,NA,NA,NA,NA,NA,NA,NA,NA,NA,NA,NA,NA,NA,NA,NA,NA,NA,NA,NA,NA,NA,,,"Ran well, drape & shock used",Ran well with shock,Ran well with shock,Ran well with shock,Ran well with shock,Ran well with shock,Ran well with shock,Ran well with shock,,,,,,,,,,,,,,,,,,,,,,,,,,,,,,
10502300,male,2w,16JAN2019,17JAN2019,18JAN2019,19JAN2019,20JAN2019,23JAN2019,24JAN2019,25JAN2019,26JAN2019,27JAN2019,,,,,,,,,,,,,,,,,,,,,,,,,,,,,,,11:06,10:55,10:56,10:31,10:00,10:30,10:13,10:19,10:16,10:00,,,,,,,,,,,,,,,,,,,,,,,,,,,,,,,13,13,13,13,13,15,15,15,15,15,NA,NA,NA,NA,NA,NA,NA,NA,NA,NA,NA,NA,NA,NA,NA,NA,NA,NA,NA,NA,NA,NA,NA,NA,NA,NA,NA,NA,NA,5,5,5,5,5,5,5,5,5,5,NA,NA,NA,NA,NA,NA,NA,NA,NA,NA,NA,NA,NA,NA,NA,NA,NA,NA,NA,NA,NA,NA,NA,NA,NA,NA,NA,NA,NA,20,21,22,23,24,25,26,27,28,29,NA,NA,NA,NA,NA,NA,NA,NA,NA,NA,NA,NA,NA,NA,NA,NA,NA,NA,NA,NA,NA,NA,NA,NA,NA,NA,NA,NA,NA,3,3,3,3,3,4,3,3,3,3,NA,NA,NA,NA,NA,NA,NA,NA,NA,NA,NA,NA,NA,NA,NA,NA,NA,NA,NA,NA,NA,NA,NA,NA,NA,NA,NA,NA,NA,Ran well with shock & drape,Ran well with shock,Ran well with shock,Ran well with shock,Ran well with shock,Ran well,Ran well,Ran well,Ran well,Ran well with shock,,,,,,,,,,,,,,,,,,,,,,,,,,,,,,
10531599,male,2w,16JAN2019,17JAN2019,18JAN2019,19JAN2019,20JAN2019,23JAN2019,24JAN2019,25JAN2019,26JAN2019,27JAN2019,,,,,,,,,,,,,,,,,,,,,,,,,,,,,,,11:06,10:55,10:56,10:31,10:00,10:30,10:13,10:19,10:16,10:00,,,,,,,,,,,,,,,,,,,,,,,,,,,,,,,13,13,13,13,13,15,15,15,15,15,NA,NA,NA,NA,NA,NA,NA,NA,NA,NA,NA,NA,NA,NA,NA,NA,NA,NA,NA,NA,NA,NA,NA,NA,NA,NA,NA,NA,NA,5,5,5,5,5,5,5,5,5,5,NA,NA,NA,NA,NA,NA,NA,NA,NA,NA,NA,NA,NA,NA,NA,NA,NA,NA,NA,NA,NA,NA,NA,NA,NA,NA,NA,NA,NA,20,21,22,23,24,25,26,27,28,29,NA,NA,NA,NA,NA,NA,NA,NA,NA,NA,NA,NA,NA,NA,NA,NA,NA,NA,NA,NA,NA,NA,NA,NA,NA,NA,NA,NA,NA,3,3,3,3,3,3,3,3,3,3,NA,NA,NA,NA,NA,NA,NA,NA,NA,NA,NA,NA,NA,NA,NA,NA,NA,NA,NA,NA,NA,NA,NA,NA,NA,NA,NA,NA,NA,Ran well with shock,Ran well with shock,Ran well with shock,Ran well with shock,Ran well with shock,Ran well with shock,Ran well with shock,Ran well with shock,Ran well with shock,Ran well with shock,,,,,,,,,,,,,,,,,,,,,,,,,,,,,,
10564179,male,2w,16JAN2019,17JAN2019,18JAN2019,19JAN2019,20JAN2019,23JAN2019,24JAN2019,25JAN2019,26JAN2019,27JAN2019,,,,,,,,,,,,,,,,,,,,,,,,,,,,,,,11:06,10:55,10:56,10:31,10:00,10:30,10:13,10:19,10:16,10:00,,,,,,,,,,,,,,,,,,,,,,,,,,,,,,,13,13,13,13,13,15,15,15,15,15,NA,NA,NA,NA,NA,NA,NA,NA,NA,NA,NA,NA,NA,NA,NA,NA,NA,NA,NA,NA,NA,NA,NA,NA,NA,NA,NA,NA,NA,5,5,5,5,5,5,5,5,5,5,NA,NA,NA,NA,NA,NA,NA,NA,NA,NA,NA,NA,NA,NA,NA,NA,NA,NA,NA,NA,NA,NA,NA,NA,NA,NA,NA,NA,NA,20,21,22,23,24,25,26,27,28,29,NA,NA,NA,NA,NA,NA,NA,NA,NA,NA,NA,NA,NA,NA,NA,NA,NA,NA,NA,NA,NA,NA,NA,NA,NA,NA,NA,NA,NA,2,2,3,3,3,3,3,3,3,3,NA,NA,NA,NA,NA,NA,NA,NA,NA,NA,NA,NA,NA,NA,NA,NA,NA,NA,NA,NA,NA,NA,NA,NA,NA,NA,NA,NA,NA,"Drap removed around 5 minutes, was very lazy","Being lazy, sat on the shock and was pushed",Ran well with shock,Ran well with shock,Ran well with shock,Ran well with shock,Ran well with shock,Ran well with shock,Ran well with shock,Ran well with shock,,,,,,,,,,,,,,,,,,,,,,,,,,,,,,
10587543,male,2w,16JAN2019,17JAN2019,18JAN2019,19JAN2019,20JAN2019,23JAN2019,24JAN2019,25JAN2019,26JAN2019,27JAN2019,,,,,,,,,,,,,,,,,,,,,,,,,,,,,,,11:06,10:55,10:56,10:31,10:00,10:30,10:13,10:19,10:16,10:00,,,,,,,,,,,,,,,,,,,,,,,,,,,,,,,13,13,13,13,13,15,15,15,15,15,NA,NA,NA,NA,NA,NA,NA,NA,NA,NA,NA,NA,NA,NA,NA,NA,NA,NA,NA,NA,NA,NA,NA,NA,NA,NA,NA,NA,NA,5,5,5,5,5,5,5,5,5,5,NA,NA,NA,NA,NA,NA,NA,NA,NA,NA,NA,NA,NA,NA,NA,NA,NA,NA,NA,NA,NA,NA,NA,NA,NA,NA,NA,NA,NA,20,21,22,23,24,25,26,27,28,29,NA,NA,NA,NA,NA,NA,NA,NA,NA,NA,NA,NA,NA,NA,NA,NA,NA,NA,NA,NA,NA,NA,NA,NA,NA,NA,NA,NA,NA,4,4,3,3,3,3,3,3,3,3,NA,NA,NA,NA,NA,NA,NA,NA,NA,NA,NA,NA,NA,NA,NA,NA,NA,NA,NA,NA,NA,NA,NA,NA,NA,NA,NA,NA,NA,"Ran well, no shock used",Perfect,Ran well with shock & drape,Ran well with shock,Ran well with shock,Ran well with shock,Ran well with shock,Ran well with shock,Ran well with shock,Ran well with shock,,,,,,,,,,,,,,,,,,,,,,,,,,,,,,
10589325,male,2w,16JAN2019,17JAN2019,18JAN2019,19JAN2019,20JAN2019,23JAN2019,24JAN2019,25JAN2019,26JAN2019,27JAN2019,,,,,,,,,,,,,,,,,,,,,,,,,,,,,,,11:06,10:55,10:56,10:31,10:00,10:55,10:13,10:19,10:16,10:00,,,,,,,,,,,,,,,,,,,,,,,,,,,,,,,13,13,13,13,13,15,15,15,15,15,NA,NA,NA,NA,NA,NA,NA,NA,NA,NA,NA,NA,NA,NA,NA,NA,NA,NA,NA,NA,NA,NA,NA,NA,NA,NA,NA,NA,NA,5,5,5,5,5,5,5,5,5,5,NA,NA,NA,NA,NA,NA,NA,NA,NA,NA,NA,NA,NA,NA,NA,NA,NA,NA,NA,NA,NA,NA,NA,NA,NA,NA,NA,NA,NA,20,21,22,23,24,25,26,27,28,29,NA,NA,NA,NA,NA,NA,NA,NA,NA,NA,NA,NA,NA,NA,NA,NA,NA,NA,NA,NA,NA,NA,NA,NA,NA,NA,NA,NA,NA,3,3,3,3,3,4,3,3,3,3,NA,NA,NA,NA,NA,NA,NA,NA,NA,NA,NA,NA,NA,NA,NA,NA,NA,NA,NA,NA,NA,NA,NA,NA,NA,NA,NA,NA,NA,Ran well with shock,Ran well with shock,Ran well with shock,Ran well with shock,Ran well with shock,Ran well,Ran well with shock,Ran well with shock,Ran well with shock,Ran well with shock,,,,,,,,,,,,,,,,,,,,,,,,,,,,,,
10591575,male,2w,17JAN2019,18JAN2019,19JAN2019,20JAN2019,21JAN2019,24JAN2019,25JAN2019,26JAN2019,27JAN2019,28JAN2019,,,,,,,,,,,,,,,,,,,,,,,,,,,,,,,11:33,11:40,11:18,10:38,10:00,10:46,11:02,10:46,10:00,10:20,,,,,,,,,,,,,,,,,,,,,,,,,,,,,,,13,13,13,13,13,15,15,15,15,15,NA,NA,NA,NA,NA,NA,NA,NA,NA,NA,NA,NA,NA,NA,NA,NA,NA,NA,NA,NA,NA,NA,NA,NA,NA,NA,NA,NA,NA,5,5,5,5,5,5,5,5,5,5,NA,NA,NA,NA,NA,NA,NA,NA,NA,NA,NA,NA,NA,NA,NA,NA,NA,NA,NA,NA,NA,NA,NA,NA,NA,NA,NA,NA,NA,20,21,22,23,24,25,26,27,28,29,NA,NA,NA,NA,NA,NA,NA,NA,NA,NA,NA,NA,NA,NA,NA,NA,NA,NA,NA,NA,NA,NA,NA,NA,NA,NA,NA,NA,NA,3,3,3,3,3,3,3,3,3,3,NA,NA,NA,NA,NA,NA,NA,NA,NA,NA,NA,NA,NA,NA,NA,NA,NA,NA,NA,NA,NA,NA,NA,NA,NA,NA,NA,NA,NA,Ran well with shock,Ran well with shock,Ran well with shock,Ran well with shock,Ran well with shock,Ran well with shock,Ran well with shock,Ran well with shock,Ran well with shock,Ran well with shock,,,,,,,,,,,,,,,,,,,,,,,,,,,,,,
10611193,male,2w,17JAN2019,18JAN2019,19JAN2019,20JAN2019,21JAN2019,24JAN2019,25JAN2019,26JAN2019,27JAN2019,28JAN2019,,,,,,,,,,,,,,,,,,,,,,,,,,,,,,,11:33,11:40,11:18,10:38,10:00,10:40,11:02,10:46,10:00,10:20,,,,,,,,,,,,,,,,,,,,,,,,,,,,,,,13,13,13,13,13,15,15,15,15,15,NA,NA,NA,NA,NA,NA,NA,NA,NA,NA,NA,NA,NA,NA,NA,NA,NA,NA,NA,NA,NA,NA,NA,NA,NA,NA,NA,NA,NA,5,5,5,5,5,5,5,5,5,5,NA,NA,NA,NA,NA,NA,NA,NA,NA,NA,NA,NA,NA,NA,NA,NA,NA,NA,NA,NA,NA,NA,NA,NA,NA,NA,NA,NA,NA,20,21,22,23,24,25,26,27,28,29,NA,NA,NA,NA,NA,NA,NA,NA,NA,NA,NA,NA,NA,NA,NA,NA,NA,NA,NA,NA,NA,NA,NA,NA,NA,NA,NA,NA,NA,3,3,3,3,3,3,3,3,3,3,NA,NA,NA,NA,NA,NA,NA,NA,NA,NA,NA,NA,NA,NA,NA,NA,NA,NA,NA,NA,NA,NA,NA,NA,NA,NA,NA,NA,NA,Ran well with shock,Ran well with shock,Ran well with shock,Ran well with shock,Ran well with shock,Ran well with shock,Ran well with shock,Ran well with shock,Ran well with shock,Ran well with shock,,,,,,,,,,,,,,,,,,,,,,,,,,,,,,
10637079,male,2w,17JAN2019,18JAN2019,19JAN2019,20JAN2019,21JAN2019,24JAN2019,25JAN2019,26JAN2019,27JAN2019,28JAN2019,,,,,,,,,,,,,,,,,,,,,,,,,,,,,,,11:33,11:40,11:18,10:38,10:00,10:46,11:02,10:46,10:00,10:20,,,,,,,,,,,,,,,,,,,,,,,,,,,,,,,13,13,13,13,13,15,15,15,15,15,NA,NA,NA,NA,NA,NA,NA,NA,NA,NA,NA,NA,NA,NA,NA,NA,NA,NA,NA,NA,NA,NA,NA,NA,NA,NA,NA,NA,NA,5,5,5,5,5,5,5,5,5,5,NA,NA,NA,NA,NA,NA,NA,NA,NA,NA,NA,NA,NA,NA,NA,NA,NA,NA,NA,NA,NA,NA,NA,NA,NA,NA,NA,NA,NA,20,21,22,23,24,25,26,27,28,29,NA,NA,NA,NA,NA,NA,NA,NA,NA,NA,NA,NA,NA,NA,NA,NA,NA,NA,NA,NA,NA,NA,NA,NA,NA,NA,NA,NA,NA,2,2,2,3,3,3,3,3,3,3,NA,NA,NA,NA,NA,NA,NA,NA,NA,NA,NA,NA,NA,NA,NA,NA,NA,NA,NA,NA,NA,NA,NA,NA,NA,NA,NA,NA,NA,"Being lazy, got tired from 15 minutes and started sitting on the shock","Sitting on the shock, tried to not run","Resisted running at 6 minutes, ran better after this point",Ran with shock,Ran well with shock,Ran well with shock,Ran well with shock,Ran well with shock,Ran well with shock,Ran well with shock,,,,,,,,,,,,,,,,,,,,,,,,,,,,,,
10641858,male,2w,17JAN2019,18JAN2019,19JAN2019,20JAN2019,21JAN2019,24JAN2019,25JAN2019,26JAN2019,27JAN2019,28JAN2019,,,,,,,,,,,,,,,,,,,,,,,,,,,,,,,11:33,11:40,11:18,10:38,10:00,10:46,11:02,10:46,10:00,10:20,,,,,,,,,,,,,,,,,,,,,,,,,,,,,,,13,13,13,13,13,15,15,15,15,15,NA,NA,NA,NA,NA,NA,NA,NA,NA,NA,NA,NA,NA,NA,NA,NA,NA,NA,NA,NA,NA,NA,NA,NA,NA,NA,NA,NA,NA,5,5,5,5,5,5,5,5,5,5,NA,NA,NA,NA,NA,NA,NA,NA,NA,NA,NA,NA,NA,NA,NA,NA,NA,NA,NA,NA,NA,NA,NA,NA,NA,NA,NA,NA,NA,20,21,22,23,24,25,26,27,28,29,NA,NA,NA,NA,NA,NA,NA,NA,NA,NA,NA,NA,NA,NA,NA,NA,NA,NA,NA,NA,NA,NA,NA,NA,NA,NA,NA,NA,NA,3,3,3,3,3,3,3,3,3,3,NA,NA,NA,NA,NA,NA,NA,NA,NA,NA,NA,NA,NA,NA,NA,NA,NA,NA,NA,NA,NA,NA,NA,NA,NA,NA,NA,NA,NA,Ran with shock & drape,Ran well with shock,Ran well with shock,Ran well with shock,Ran well with shock,Ran well with shock,Ran well with shock,Ran well with shock,Ran well with shock,Ran well with shock,,,,,,,,,,,,,,,,,,,,,,,,,,,,,,
10672656,male,2w,17JAN2019,18JAN2019,19JAN2019,20JAN2019,21JAN2019,24JAN2019,25JAN2019,26JAN2019,27JAN2019,28JAN2019,,,,,,,,,,,,,,,,,,,,,,,,,,,,,,,11:33,11:40,11:18,10:38,10:00,10:46,11:02,10:46,10:00,10:20,,,,,,,,,,,,,,,,,,,,,,,,,,,,,,,13,13,13,13,13,15,15,15,15,15,NA,NA,NA,NA,NA,NA,NA,NA,NA,NA,NA,NA,NA,NA,NA,NA,NA,NA,NA,NA,NA,NA,NA,NA,NA,NA,NA,NA,NA,5,5,5,5,5,5,5,5,5,5,NA,NA,NA,NA,NA,NA,NA,NA,NA,NA,NA,NA,NA,NA,NA,NA,NA,NA,NA,NA,NA,NA,NA,NA,NA,NA,NA,NA,NA,20,21,22,23,24,25,26,27,28,29,NA,NA,NA,NA,NA,NA,NA,NA,NA,NA,NA,NA,NA,NA,NA,NA,NA,NA,NA,NA,NA,NA,NA,NA,NA,NA,NA,NA,NA,3,3,3,3,3,3,3,3,3,3,NA,NA,NA,NA,NA,NA,NA,NA,NA,NA,NA,NA,NA,NA,NA,NA,NA,NA,NA,NA,NA,NA,NA,NA,NA,NA,NA,NA,NA,"Ran with shock, got tired from 16 minutes",Ran well with shock,Ran well with shock,Ran well with shock,Ran well with shock,Ran well with shock,Ran well with shock,Ran well with shock,Ran well with shock,Ran well with shock,,,,,,,,,,,,,,,,,,,,,,,,,,,,,,
10059369,male,4w,16OCT2018,17OCT2018,18OCT2018,19OCT2018,20OCT2018,23OCT2018,24OCT2018,25OCT2018,26OCT2018,27OCT2018,30OCT2018,31OCT2018,01NOV2018,02NOV2018,03NOV2018,06NOV2018,07NOV2018,08NOV2018,09NOV2018,10NOV2018,,,,,,,,,,,,,,,,,,,,,10:10,10:00,10:08,10:30,10:03,10:14,10:35,10:02,11:58,11:30,10:12,11:00,10:00,12:07,10:51,10:20,10:56,11:44,13:35,12:00,,,,,,,,,,,,,,,,,,,,,13,13,13,13,13,15,15,15,15,15,15,15,15,15,15,NA,18,18,18,18,NA,NA,NA,NA,NA,NA,NA,NA,NA,NA,NA,NA,NA,NA,NA,NA,NA,NA,NA,5,5,5,5,5,5,5,5,5,5,10,10,10,10,10,NA,10,10,10,10,NA,NA,NA,NA,NA,NA,NA,NA,NA,NA,NA,NA,NA,NA,NA,NA,NA,NA,NA,20,21,22,23,24,25,26,27,28,29,30,31,32,33,34,NA,36,37,38,39,NA,NA,NA,NA,NA,NA,NA,NA,NA,NA,NA,NA,NA,NA,NA,NA,NA,NA,NA,2,2,2,2,2,2,2,2,2,3,2,2,3,3,2,NA,2,2,2,2,NA,NA,NA,NA,NA,NA,NA,NA,NA,NA,NA,NA,NA,NA,NA,NA,NA,NA,NA,"Tried to sit on the shock towards the end, needed prodding","Lazy, removed from the drape. Sta on the shock","Drape removed, lazy","Ran alright with shock until 15 minutes, and then started to sit on the shock until prodded","Lazy, tried sitting several times","Stubborn, lazy","Lazy the entire time, needed constant prodding","Ran horribly, lazy","Ran ok, had to be pushed and shock used","Ran well, shocked at 5 minutes","Lazy, sat on shock","Continuously sat on the shock, always prodded",Ran ok with shock,Ran ok with shock,"Continuously sat on shock, needed to be prodded",VO2,"Tired, lazy, shock used","Lazy, sat down","Lazy, sat on shock","Ran with shock, struggled a lot. Suffered a foot injury",,,,,,,,,,,,,,,,,,,,
10063633,male,4w,16OCT2018,17OCT2018,18OCT2018,19OCT2018,20OCT2018,23OCT2018,24OCT2018,25OCT2018,26OCT2018,27OCT2018,30OCT2018,31OCT2018,01NOV2018,02NOV2018,03NOV2018,06NOV2018,07NOV2018,08NOV2018,09NOV2018,10NOV2018,,,,,,,,,,,,,,,,,,,,,10:10,10:00,10:08,10:30,10:03,10:14,10:35,10:02,11:58,11:30,10:12,11:00,10:00,12:07,10:51,11:24,10:56,11:44,13:35,12:00,,,,,,,,,,,,,,,,,,,,,13,13,13,13,13,15,15,15,15,15,15,15,15,15,15,NA,18,18,18,18,NA,NA,NA,NA,NA,NA,NA,NA,NA,NA,NA,NA,NA,NA,NA,NA,NA,NA,NA,5,5,5,5,5,5,5,5,5,5,10,10,10,10,10,NA,10,10,10,10,NA,NA,NA,NA,NA,NA,NA,NA,NA,NA,NA,NA,NA,NA,NA,NA,NA,NA,NA,20,21,22,23,24,25,26,27,28,29,30,31,32,33,34,NA,36,37,38,39,NA,NA,NA,NA,NA,NA,NA,NA,NA,NA,NA,NA,NA,NA,NA,NA,NA,NA,NA,3,3,3,3,3,3,3,3,2,3,2,2,3,3,2,NA,2,4,4,3,NA,NA,NA,NA,NA,NA,NA,NA,NA,NA,NA,NA,NA,NA,NA,NA,NA,NA,NA,"Ran well with shock, walked backwards 1/3 of the time","Ran okay, shock used",Ran okay with shock,Ran well with shock,"Ran well, always forward, needed shock",Needed shock,Ran well with shock,Ran well with shock,"Shock used, had to push","Shock & drape removed, ran well after the first five minutes","Lazy, sat on shock",Sat on shock consistently from 10 mins to the end,Ran ok with shock,Ran ok with shock,Lazy. Tried to sit on the shock consistently,VO2,"Tired and lazy, shocked as well",Perfect,Perfect,Ran with shock,,,,,,,,,,,,,,,,,,,,
10085017,male,4w,16OCT2018,17OCT2018,18OCT2018,19OCT2018,20OCT2018,23OCT2018,24OCT2018,25OCT2018,26OCT2018,27OCT2018,30OCT2018,31OCT2018,01NOV2018,02NOV2018,03NOV2018,06NOV2018,07NOV2018,08NOV2018,09NOV2018,10NOV2018,,,,,,,,,,,,,,,,,,,,,10:10,10:00,10:08,10:30,10:03,10:14,10:35,10:02,11:58,11:30,10:12,11:00,10:00,12:07,10:51,12:28,10:56,11:44,13:35,12:00,,,,,,,,,,,,,,,,,,,,,13,13,13,13,13,15,15,15,15,15,15,15,15,15,15,NA,18,18,18,18,NA,NA,NA,NA,NA,NA,NA,NA,NA,NA,NA,NA,NA,NA,NA,NA,NA,NA,NA,5,5,5,5,5,5,5,5,5,5,10,10,10,10,10,NA,10,10,10,10,NA,NA,NA,NA,NA,NA,NA,NA,NA,NA,NA,NA,NA,NA,NA,NA,NA,NA,NA,20,21,22,23,24,25,26,27,28,29,30,31,32,33,34,NA,36,37,38,39,NA,NA,NA,NA,NA,NA,NA,NA,NA,NA,NA,NA,NA,NA,NA,NA,NA,NA,NA,2,2,3,2,3,2,2,2,2,3,3,3,3,3,2,NA,3,3,3,3,NA,NA,NA,NA,NA,NA,NA,NA,NA,NA,NA,NA,NA,NA,NA,NA,NA,NA,NA,"Tried to sit on the shock, was prodded afterwards","Lazy, removed drape, used shock",Ran well with shock,"Ran with shock constantly, and tried to sit on the shock","Ran well, needed some prodding","Sat on shock, lazy",Lazy; had to be prodded the entire time,"Very crazy, needed prodding","Had to be pushed the entire time, shocked as well",Ran well with shock,Ran well with shock,Ran well with shock,Ran well with shock,Good with shock,"Really bad from the beginning, prodded all the time",VO2,Ran well with shock,Ran well with shock,Ran well with shock,Ran well with shock,,,,,,,,,,,,,,,,,,,,
10088113,male,4w,16OCT2018,17OCT2018,18OCT2018,19OCT2018,20OCT2018,23OCT2018,24OCT2018,25OCT2018,26OCT2018,27OCT2018,30OCT2018,31OCT2018,01NOV2018,02NOV2018,03NOV2018,06NOV2018,07NOV2018,08NOV2018,09NOV2018,10NOV2018,,,,,,,,,,,,,,,,,,,,,10:10,10:00,10:08,10:30,10:03,10:14,10:35,10:02,11:58,11:30,10:12,11:00,10:00,12:07,10:51,14:24,10:56,11:44,13:35,13:00,,,,,,,,,,,,,,,,,,,,,13,13,13,13,13,15,15,15,15,15,15,15,15,15,15,NA,18,18,18,18,NA,NA,NA,NA,NA,NA,NA,NA,NA,NA,NA,NA,NA,NA,NA,NA,NA,NA,NA,5,5,5,5,5,5,5,5,5,5,10,10,10,10,10,NA,10,10,10,10,NA,NA,NA,NA,NA,NA,NA,NA,NA,NA,NA,NA,NA,NA,NA,NA,NA,NA,NA,20,21,22,23,24,25,26,27,28,29,30,31,32,33,34,NA,36,37,38,39,NA,NA,NA,NA,NA,NA,NA,NA,NA,NA,NA,NA,NA,NA,NA,NA,NA,NA,NA,3,3,3,3,3,4,3,3,3,3,4,4,4,4,4,NA,4,4,4,4,NA,NA,NA,NA,NA,NA,NA,NA,NA,NA,NA,NA,NA,NA,NA,NA,NA,NA,NA,Ran well with prodding and shock,"Ran well until the end, had to sue shock",Needed shock,Ran well with shock,"Ran well, sometimes went backwards",Ran Well,"Had to prod, a little lazy",Needed shock,"Shock used, had to push","Ran well, shock used, drape removed",Perfect,Perfect,Perfect,Perfect,Perfect,VO2,Perfect,Perfect,Perfect,Perfect,,,,,,,,,,,,,,,,,,,,
10093702,male,4w,16OCT2018,17OCT2018,18OCT2018,19OCT2018,20OCT2018,23OCT2018,24OCT2018,25OCT2018,26OCT2018,27OCT2018,30OCT2018,31OCT2018,01NOV2018,02NOV2018,03NOV2018,06NOV2018,07NOV2018,08NOV2018,09NOV2018,10NOV2018,,,,,,,,,,,,,,,,,,,,,10:10,10:00,10:08,10:30,10:03,10:14,10:35,10:02,11:58,11:30,10:12,11:00,10:00,12:07,10:51,15:26,10:56,11:44,13:35,12:00,,,,,,,,,,,,,,,,,,,,,13,13,13,13,13,15,15,15,15,15,15,15,15,15,15,NA,18,18,18,18,NA,NA,NA,NA,NA,NA,NA,NA,NA,NA,NA,NA,NA,NA,NA,NA,NA,NA,NA,5,5,5,5,5,5,5,5,5,5,10,10,10,10,10,NA,10,10,10,10,NA,NA,NA,NA,NA,NA,NA,NA,NA,NA,NA,NA,NA,NA,NA,NA,NA,NA,NA,20,21,22,23,24,25,26,27,28,29,30,31,32,33,34,NA,36,37,38,39,NA,NA,NA,NA,NA,NA,NA,NA,NA,NA,NA,NA,NA,NA,NA,NA,NA,NA,NA,2,2,3,3,3,4,4,3,3,3,4,4,4,3,4,NA,4,4,4,4,NA,NA,NA,NA,NA,NA,NA,NA,NA,NA,NA,NA,NA,NA,NA,NA,NA,NA,NA,Ran well with shock back walked 1/3 of the time,"Sat on shock, had to remove drape drape",Needed shock,Ran well with shock,"Ran well, forwards, needed prodding got tired at 20 minutes",Ran well,Perfect,Almost was a 4 needed shock,Had to prod. Used shock,Ran well with shock,Perfect,Perfect,Perfect,Ran ok with shock,Ran well,VO2,Perfect,Perfect,Perfect,Perfect,,,,,,,,,,,,,,,,,,,,
10095241,male,4w,17OCT2018,18OCT2018,19OCT2018,20OCT2018,21OCT2018,24OCT2018,25OCT2018,26OCT2018,27OCT2018,28OCT2018,31OCT2018,01NOV2018,02NOV2018,03NOV2018,04NOV2018,07NOV2018,08NOV2018,09NOV2018,10NOV2018,11NOV2018,,,,,,,,,,,,,,,,,,,,,10:06,10:11,10:30,10:30,10:40,10:35,10:05,11:58,10:02,10:30,11:00,09:59,12:07,11:50,10:00,09:53,10:34,13:35,12:00,10:00,,,,,,,,,,,,,,,,,,,,,13,13,13,13,13,15,15,15,15,15,15,15,15,15,15,NA,18,18,18,18,NA,NA,NA,NA,NA,NA,NA,NA,NA,NA,NA,NA,NA,NA,NA,NA,NA,NA,NA,5,5,5,5,5,5,5,5,5,5,10,10,10,10,10,NA,10,10,10,10,NA,NA,NA,NA,NA,NA,NA,NA,NA,NA,NA,NA,NA,NA,NA,NA,NA,NA,NA,20,21,22,23,24,25,26,27,28,29,30,31,32,33,34,NA,36,37,38,39,NA,NA,NA,NA,NA,NA,NA,NA,NA,NA,NA,NA,NA,NA,NA,NA,NA,NA,NA,4,4,4,3,3,2,3,3,3,3,4,4,3,3,3,NA,4,4,4,4,NA,NA,NA,NA,NA,NA,NA,NA,NA,NA,NA,NA,NA,NA,NA,NA,NA,NA,NA,"Ran forwards the entire time, no shock needed",Ran great,Ran well,Ran well with shock,Ran well with shock,"Super lazy, shock used",Ran well with shock,Ran ok with shock,Ran well with shock,Ran well with shock,Ran well,Perfect,Ran okay with shock,Ran well with shock,Ran well with shock,VO2,Perfect,Perfect,Perfect,Perfect,,,,,,,,,,,,,,,,,,,,
10106383,male,4w,17OCT2018,18OCT2018,19OCT2018,20OCT2018,21OCT2018,24OCT2018,25OCT2018,26OCT2018,27OCT2018,28OCT2018,31OCT2018,01NOV2018,02NOV2018,03NOV2018,04NOV2018,07NOV2018,08NOV2018,09NOV2018,10NOV2018,11NOV2018,,,,,,,,,,,,,,,,,,,,,10:06,10:11,10:30,10:30,10:40,10:35,10:05,11:58,10:02,10:30,11:00,09:59,12:07,11:50,10:00,11:00,10:36,13:35,12:00,10:00,,,,,,,,,,,,,,,,,,,,,13,13,13,13,13,15,15,15,15,15,15,15,15,15,15,NA,18,18,18,18,NA,NA,NA,NA,NA,NA,NA,NA,NA,NA,NA,NA,NA,NA,NA,NA,NA,NA,NA,5,5,5,5,5,5,5,5,5,5,10,10,10,10,10,NA,10,10,10,10,NA,NA,NA,NA,NA,NA,NA,NA,NA,NA,NA,NA,NA,NA,NA,NA,NA,NA,NA,20,21,22,23,24,25,26,27,28,29,30,31,32,33,34,NA,36,37,38,39,NA,NA,NA,NA,NA,NA,NA,NA,NA,NA,NA,NA,NA,NA,NA,NA,NA,NA,NA,2,2,3,2,2,2,3,2,3,2,2,3,3,2,2,NA,2,1,2,2,NA,NA,NA,NA,NA,NA,NA,NA,NA,NA,NA,NA,NA,NA,NA,NA,NA,NA,NA,"Lazy, removed drape, shocked","Lost drape, shock used",Ran well with shock,Consistently,"Prodded all the time, bad","Sat on shock, had to be prodded the entire time",Needed shock,Had to prod the entire time,Ran well,"Sat on shock a lot, prodded continuously","Sit on the shock, 5 toes but got better might struggled due to",Ran well w shock,Ran okay with shock,Occasionally sat on shock,"Prodded a lot, sat on shock",VO2,"Stubborn, sat on on shock","Sat on the shock, injured at 18 mins. Back toe of the foot",Struggled a lot but finished strong,Continuously tried to sit on the shock & fought back to not run,,,,,,,,,,,,,,,,,,,,
10136967,male,4w,17OCT2018,18OCT2018,19OCT2018,20OCT2018,21OCT2018,24OCT2018,25OCT2018,26OCT2018,27OCT2018,28OCT2018,31OCT2018,01NOV2018,02NOV2018,03NOV2018,04NOV2018,07NOV2018,08NOV2018,09NOV2018,10NOV2018,11NOV2018,,,,,,,,,,,,,,,,,,,,,10:06,10:11,10:30,10:30,10:40,10:35,10:05,10:58,10:02,10:30,11:00,09:59,12:07,11:50,10:00,12:08,10:36,13:35,12:00,10:00,,,,,,,,,,,,,,,,,,,,,13,13,13,13,13,15,15,15,15,15,15,15,15,15,15,NA,18,18,18,18,NA,NA,NA,NA,NA,NA,NA,NA,NA,NA,NA,NA,NA,NA,NA,NA,NA,NA,NA,5,5,5,5,5,5,5,5,5,5,10,10,10,10,10,NA,10,10,10,10,NA,NA,NA,NA,NA,NA,NA,NA,NA,NA,NA,NA,NA,NA,NA,NA,NA,NA,NA,20,21,22,23,24,25,26,27,28,29,30,31,32,33,34,NA,36,37,38,39,NA,NA,NA,NA,NA,NA,NA,NA,NA,NA,NA,NA,NA,NA,NA,NA,NA,NA,NA,2,2,2,3,3,3,3,3,3,3,3,4,4,3,4,NA,4,3,3,3,NA,NA,NA,NA,NA,NA,NA,NA,NA,NA,NA,NA,NA,NA,NA,NA,NA,NA,NA,Lazy; removed drape; shock,"Lost drape, used shock","Tried to sit on the shock, constantly prodded",Ran well with shock,Ran well with shock,Ran well with shock,Needed shock and prodding,Ran ok with shock,"Ran alright, some prodding needed periodically",Ran well with shock. Back walked sometimes,Ran well with shock,Perfect,Perfect,Ran well with shock,Perfect,VO2,Ran well,"Lazy, sat on shock",Ran well with shock,Ran well with shock,,,,,,,,,,,,,,,,,,,,
10139044,male,4w,17OCT2018,18OCT2018,19OCT2018,20OCT2018,21OCT2018,24OCT2018,25OCT2018,26OCT2018,27OCT2018,28OCT2018,31OCT2018,01NOV2018,02NOV2018,03NOV2018,04NOV2018,07NOV2018,08NOV2018,09NOV2018,10NOV2018,11NOV2018,,,,,,,,,,,,,,,,,,,,,10:06,10:11,10:30,10:30,10:40,10:35,10:05,11:58,10:02,10:30,11:00,09:59,12:07,11:50,10:00,15:03,10:36,13:35,12:00,10:00,,,,,,,,,,,,,,,,,,,,,13,13,13,13,13,15,15,15,15,15,15,15,15,15,15,NA,18,18,18,18,NA,NA,NA,NA,NA,NA,NA,NA,NA,NA,NA,NA,NA,NA,NA,NA,NA,NA,NA,5,5,5,5,5,5,5,5,5,5,10,10,10,10,10,NA,10,10,10,10,NA,NA,NA,NA,NA,NA,NA,NA,NA,NA,NA,NA,NA,NA,NA,NA,NA,NA,NA,20,21,22,23,24,25,26,27,28,29,30,31,32,33,34,NA,36,37,38,39,NA,NA,NA,NA,NA,NA,NA,NA,NA,NA,NA,NA,NA,NA,NA,NA,NA,NA,NA,4,4,4,4,4,4,4,4,4,4,4,4,4,4,4,NA,4,4,4,4,NA,NA,NA,NA,NA,NA,NA,NA,NA,NA,NA,NA,NA,NA,NA,NA,NA,NA,NA,"Ran entire time, no shock",Ran great,Ran great,Perfect,Perfect,Perfect,Perfect,Perfect,Perfect,Perfect,Perfect,Perfect,Perfect,Ran well,Perfect,VO2,Perfect,Perfect,Perfect,Perfect,,,,,,,,,,,,,,,,,,,,
10139710,male,4w,17OCT2018,18OCT2018,19OCT2018,20OCT2018,21OCT2018,24OCT2018,25OCT2018,26OCT2018,27OCT2018,28OCT2018,31OCT2018,01NOV2018,02NOV2018,03NOV2018,04NOV2018,07NOV2018,08NOV2018,09NOV2018,10NOV2018,11NOV2018,,,,,,,,,,,,,,,,,,,,,10:06,10:11,10:30,10:30,10:40,10:35,10:05,11:58,10:02,10:30,11:00,09:59,12:07,11:50,10:00,16:11,10:36,13:35,12:00,10:00,,,,,,,,,,,,,,,,,,,,,13,13,13,13,13,15,15,15,15,15,15,15,15,15,15,NA,18,18,18,18,NA,NA,NA,NA,NA,NA,NA,NA,NA,NA,NA,NA,NA,NA,NA,NA,NA,NA,NA,5,5,5,5,5,5,5,5,5,5,10,10,10,10,10,NA,10,10,10,10,NA,NA,NA,NA,NA,NA,NA,NA,NA,NA,NA,NA,NA,NA,NA,NA,NA,NA,NA,20,21,22,23,24,25,26,27,28,29,30,31,32,33,34,NA,36,37,38,39,NA,NA,NA,NA,NA,NA,NA,NA,NA,NA,NA,NA,NA,NA,NA,NA,NA,NA,NA,3,4,4,4,4,4,4,4,4,4,4,4,4,4,4,NA,4,4,4,4,NA,NA,NA,NA,NA,NA,NA,NA,NA,NA,NA,NA,NA,NA,NA,NA,NA,NA,NA,Ran okay; shock used at teh end,Ran great,Ran great,Ran well w/drape,Perfect,Perfect,Perfect,Perfect,Perfect,Perfect,Perfect,Perfect,Perfect,Perfect,Ran well,VO2,Perfect,Perfect,Perfect,Perfect,,,,,,,,,,,,,,,,,,,,
10152148,male,4w,18OCT2018,19OCT2018,20OCT2018,21OCT2018,22OCT2018,25OCT2018,26OCT2018,27OCT2018,28OCT2018,29OCT2018,01NOV2018,02NOV2018,03NOV2018,04NOV2018,05NOV2018,08NOV2018,09NOV2018,10NOV2018,11NOV2018,12NOV2018,,,,,,,,,,,,,,,,,,,,,10:38,11:00,10:57,10:40,10:40,10:42,12:50,10:35,10:30,10:13,10:40,13:07,10:51,10:00,09:52,09:58,10:30,12:45,10:00,10:00,,,,,,,,,,,,,,,,,,,,,13,13,13,13,13,15,15,15,15,15,15,15,15,15,15,NA,18,18,18,18,NA,NA,NA,NA,NA,NA,NA,NA,NA,NA,NA,NA,NA,NA,NA,NA,NA,NA,NA,5,5,5,5,5,5,5,5,5,5,10,10,10,10,10,NA,10,10,10,10,NA,NA,NA,NA,NA,NA,NA,NA,NA,NA,NA,NA,NA,NA,NA,NA,NA,NA,NA,20,21,22,23,24,25,26,27,28,29,30,31,32,33,34,NA,36,37,38,39,NA,NA,NA,NA,NA,NA,NA,NA,NA,NA,NA,NA,NA,NA,NA,NA,NA,NA,NA,4,4,4,4,4,3,3,3,3,3,3,3,3,3,3,NA,3,3,3,3,NA,NA,NA,NA,NA,NA,NA,NA,NA,NA,NA,NA,NA,NA,NA,NA,NA,NA,NA,Ran great,Ran well,"Nonstop, always forward, no prodding",Perfect,Ran well,Ran well with shock,Ran well with shock,Ran well,Ran well with shock,Needed shock,Ran well with shock,Ran well with shock,Ran well with shock,Ran well with shock,Ran well with shock,VO2,Ran well with shock,Ran well with shock,Ran well with shock,Ran well with shock,,,,,,,,,,,,,,,,,,,,
10171010,male,4w,18OCT2018,19OCT2018,20OCT2018,21OCT2018,22OCT2018,25OCT2018,26OCT2018,27OCT2018,28OCT2018,29OCT2018,01NOV2018,02NOV2018,03NOV2018,04NOV2018,05NOV2018,08NOV2018,09NOV2018,10NOV2018,11NOV2018,12NOV2018,,,,,,,,,,,,,,,,,,,,,10:38,11:00,10:57,10:40,10:40,10:42,12:50,10:35,10:30,10:13,10:40,13:07,10:50,10:00,09:52,11:07,10:30,12:45,10:00,10:00,,,,,,,,,,,,,,,,,,,,,13,13,13,13,13,15,15,15,15,15,15,15,15,15,15,NA,18,18,18,18,NA,NA,NA,NA,NA,NA,NA,NA,NA,NA,NA,NA,NA,NA,NA,NA,NA,NA,NA,5,5,5,5,5,5,5,5,5,5,10,10,10,10,10,NA,10,10,10,10,NA,NA,NA,NA,NA,NA,NA,NA,NA,NA,NA,NA,NA,NA,NA,NA,NA,NA,NA,20,21,22,23,24,25,26,27,28,29,30,31,32,33,34,NA,36,37,38,39,NA,NA,NA,NA,NA,NA,NA,NA,NA,NA,NA,NA,NA,NA,NA,NA,NA,NA,NA,2,3,3,3,3,3,3,3,3,3,3,3,3,3,2,NA,3,3,3,2,NA,NA,NA,NA,NA,NA,NA,NA,NA,NA,NA,NA,NA,NA,NA,NA,NA,NA,NA,"Lost drape, needed shock",Ran well with shock,Drape removed but ran well,Ran well with shock,Ran well with shock,Ran well with shock,Ran well with shock,Ran well with shock,Ran well with shock,"Lazy, needed",Ran well with shock,Ran well with shock,Ran well with shock,Ran well with shock,Needed constant shock,VO2,"Ran well, started with a left foot injury",Ran well with shock,Ran well with shock,"Tried not to run, sat on the shock whenever had a chance. After 5 mins, ran well until the end",,,,,,,,,,,,,,,,,,,,
10175431,male,4w,18OCT2018,19OCT2018,20OCT2018,21OCT2018,22OCT2018,25OCT2018,26OCT2018,27OCT2018,28OCT2018,29OCT2018,01NOV2018,02NOV2018,03NOV2018,04NOV2018,05NOV2018,08NOV2018,09NOV2018,10NOV2018,11NOV2018,12NOV2018,,,,,,,,,,,,,,,,,,,,,10:38,11:00,10:57,10:40,10:40,10:42,12:50,10:35,10:30,10:13,10:40,13:07,10:51,10:00,09:52,12:20,10:30,12:45,10:00,10:00,,,,,,,,,,,,,,,,,,,,,13,13,13,13,13,15,15,15,15,15,15,15,15,15,15,NA,18,18,18,18,NA,NA,NA,NA,NA,NA,NA,NA,NA,NA,NA,NA,NA,NA,NA,NA,NA,NA,NA,5,5,5,5,5,5,5,5,5,5,10,10,10,10,10,NA,10,10,10,10,NA,NA,NA,NA,NA,NA,NA,NA,NA,NA,NA,NA,NA,NA,NA,NA,NA,NA,NA,20,21,22,23,24,25,26,27,28,29,30,31,32,33,34,NA,36,37,38,39,NA,NA,NA,NA,NA,NA,NA,NA,NA,NA,NA,NA,NA,NA,NA,NA,NA,NA,NA,2,3,3,3,3,3,3,3,3,3,3,3,3,3,3,NA,3,3,3,3,NA,NA,NA,NA,NA,NA,NA,NA,NA,NA,NA,NA,NA,NA,NA,NA,NA,NA,NA,Lost drape need shock,Ran well with shock,"Shocked early, ran well afterwards",Ran well with shock,Ran well with shock,Ran well with shock,Ran well had to prod,Ran well with shock,Ran well with shock,"Near perfect, shocked at end",Ran well with shock,Ran well with shock,Ran well with shock,Ran well with shock,Near perfect,VO2,Ran well with shock,Ran well with shock,Ran well with shock,Ran well with shock,,,,,,,,,,,,,,,,,,,,
10179267,male,4w,18OCT2018,19OCT2018,20OCT2018,21OCT2018,22OCT2018,25OCT2018,26OCT2018,27OCT2018,28OCT2018,29OCT2018,01NOV2018,02NOV2018,03NOV2018,04NOV2018,05NOV2018,08NOV2018,09NOV2018,10NOV2018,11NOV2018,12NOV2018,,,,,,,,,,,,,,,,,,,,,10:38,11:00,10:57,10:40,10:40,10:42,12:50,10:35,10:30,10:13,10:40,13:07,10:51,10:00,09:52,13:58,10:30,12:45,10:00,10:00,,,,,,,,,,,,,,,,,,,,,13,13,13,13,13,15,15,15,15,15,15,15,15,15,15,NA,18,18,18,18,NA,NA,NA,NA,NA,NA,NA,NA,NA,NA,NA,NA,NA,NA,NA,NA,NA,NA,NA,5,5,5,5,5,5,5,5,5,5,10,10,10,10,10,NA,10,10,10,10,NA,NA,NA,NA,NA,NA,NA,NA,NA,NA,NA,NA,NA,NA,NA,NA,NA,NA,NA,20,21,22,23,24,25,26,27,28,29,30,31,32,33,34,NA,36,37,38,39,NA,NA,NA,NA,NA,NA,NA,NA,NA,NA,NA,NA,NA,NA,NA,NA,NA,NA,NA,2,2,3,3,3,4,4,4,3,3,3,3,3,3,4,NA,3,3,3,4,NA,NA,NA,NA,NA,NA,NA,NA,NA,NA,NA,NA,NA,NA,NA,NA,NA,NA,NA,Lost drape and needed shock,Ran well with shock,"Ran well with shock, drape removed early",Ran well with shock,Ran well with shock,Perfect,Perfect,Perect,Ran well with shock,Needed shock,Ran well with shock,Ran well with shock,Ran well with shock,Ran well with shock,Perfect,VO2,Ran well with shock,Ran well with shock,Ran well with shock,Perfect,,,,,,,,,,,,,,,,,,,,
10185585,male,4w,19OCT2018,20OCT2018,21OCT2018,22OCT2018,23OCT2018,26OCT2018,27OCT2018,28OCT2018,29OCT2018,30OCT2018,02NOV2018,03NOV2018,04NOV2018,05NOV2018,06NOV2018,09NOV2018,10NOV2018,11NOV2018,12NOV2018,13NOV2018,,,,,,,,,,,,,,,,,,,,,11:00,11:00,11:10,10:40,10:09,12:50,10:30,11:10,10:08,09:59,13:07,11:50,10:45,09:50,10:17,10:20,12:45,10:45,10:00,10:00,,,,,,,,,,,,,,,,,,,,,13,13,13,13,13,15,15,15,15,15,15,15,15,15,15,NA,18,18,18,18,NA,NA,NA,NA,NA,NA,NA,NA,NA,NA,NA,NA,NA,NA,NA,NA,NA,NA,NA,5,5,5,5,5,5,5,5,5,5,10,10,10,10,10,NA,10,10,10,10,NA,NA,NA,NA,NA,NA,NA,NA,NA,NA,NA,NA,NA,NA,NA,NA,NA,NA,NA,20,21,22,23,24,25,26,27,28,29,30,31,32,33,34,NA,36,37,38,39,NA,NA,NA,NA,NA,NA,NA,NA,NA,NA,NA,NA,NA,NA,NA,NA,NA,NA,NA,3,3,3,4,3,4,4,4,4,4,3,4,4,4,3,NA,3,3,3,3,NA,NA,NA,NA,NA,NA,NA,NA,NA,NA,NA,NA,NA,NA,NA,NA,NA,NA,NA,ran well with shock,"ran well, shock and drape removed",ran well with shock,ran well,needed shock,"perfect, no shock",perfect,drape out then perfect,perfect,perfect,ran well with shock,perfect,perfect,perfect,needed shock,VO2,ran well with shock,ran well with shock,ran well with shock,"ran well with shock 
",,,,,,,,,,,,,,,,,,,,
10204989,male,4w,19OCT2018,20OCT2018,21OCT2018,22OCT2018,23OCT2018,26OCT2018,27OCT2018,28OCT2018,29OCT2018,30OCT2018,02NOV2018,03NOV2018,04NOV2018,05NOV2018,06NOV2018,09NOV2018,10NOV2018,11NOV2018,12NOV2018,13NOV2018,,,,,,,,,,,,,,,,,,,,,11:00,11:00,11:10,10:40,10:09,12:50,10:35,11:10,10:08,09:59,13:07,11:50,10:45,09:50,10:17,11:29,12:45,10:45,10:00,10:00,,,,,,,,,,,,,,,,,,,,,13,13,13,13,13,15,15,15,15,15,15,15,15,15,15,NA,18,18,18,18,NA,NA,NA,NA,NA,NA,NA,NA,NA,NA,NA,NA,NA,NA,NA,NA,NA,NA,NA,5,5,5,5,5,5,5,5,5,5,10,10,10,10,10,NA,10,10,10,10,NA,NA,NA,NA,NA,NA,NA,NA,NA,NA,NA,NA,NA,NA,NA,NA,NA,NA,NA,20,21,22,23,24,25,26,27,28,29,30,31,32,33,34,NA,36,37,38,39,NA,NA,NA,NA,NA,NA,NA,NA,NA,NA,NA,NA,NA,NA,NA,NA,NA,NA,NA,3,3,3,3,3,4,4,3,3,3,3,3,2,3,2,NA,3,3,3,3,NA,NA,NA,NA,NA,NA,NA,NA,NA,NA,NA,NA,NA,NA,NA,NA,NA,NA,NA,ran well with shock sit on shock twice,"ran forwards, lazy at first but better after shock",ran well with shock,ran well with shock,needed shock,perfect no shock,perfect,drape removed prodded and shocked,drape out then perfect,needed shock,ran well with shock,ran well. stopped to sit 3 times but was generally good,prodded and shock at .3,needed shock,lazy. had shock.,VO2,ran well with shock,ran well with shock,ran well with shock,ran well with shock,,,,,,,,,,,,,,,,,,,,
10219315,male,4w,19OCT2018,20OCT2018,21OCT2018,22OCT2018,23OCT2018,26OCT2018,27OCT2018,28OCT2018,29OCT2018,30OCT2018,02NOV2018,03NOV2018,04NOV2018,05NOV2018,06NOV2018,09NOV2018,10NOV2018,11NOV2018,12NOV2018,13NOV2018,,,,,,,,,,,,,,,,,,,,,11:00,11:00,11:10,10:40,10:09,12:50,10:30,10:10,10:08,09:59,13:07,11:50,10:45,09:50,10:17,12:38,12:45,10:45,10:00,10:00,,,,,,,,,,,,,,,,,,,,,13,13,13,13,13,15,15,15,15,15,15,15,15,15,15,NA,18,18,18,18,NA,NA,NA,NA,NA,NA,NA,NA,NA,NA,NA,NA,NA,NA,NA,NA,NA,NA,NA,5,5,5,5,5,5,5,5,5,5,10,10,10,10,10,NA,10,10,10,10,NA,NA,NA,NA,NA,NA,NA,NA,NA,NA,NA,NA,NA,NA,NA,NA,NA,NA,NA,20,21,22,23,24,25,26,27,28,29,30,31,32,33,34,NA,36,37,38,39,NA,NA,NA,NA,NA,NA,NA,NA,NA,NA,NA,NA,NA,NA,NA,NA,NA,NA,NA,3,3,3,3,3,3,3,3,3,3,3,4,4,4,4,NA,4,4,3,3,NA,NA,NA,NA,NA,NA,NA,NA,NA,NA,NA,NA,NA,NA,NA,NA,NA,NA,NA,ran well with shock,"drape removed, shocked and improved after",ran well with shock,ran well with shock,needed shock,needed shock. ran well with shock,needed constant prodding,drape removed. prodded and shocked,needed shock,needed shock,ran well with shock,perfect,perfect,perfect,perfect,VO2,perfect,perfect,ran well with shock,ran well with shock. got minor tail injury,,,,,,,,,,,,,,,,,,,,
10220917,male,4w,19OCT2018,20OCT2018,21OCT2018,22OCT2018,23OCT2018,26OCT2018,27OCT2018,28OCT2018,29OCT2018,30OCT2018,02NOV2018,03NOV2018,04NOV2018,05NOV2018,06NOV2018,09NOV2018,10NOV2018,11NOV2018,12NOV2018,13NOV2018,,,,,,,,,,,,,,,,,,,,,11:00,11:00,11:10,10:40,10:09,12:50,10:35,10:10,10:08,09:59,13:07,11:50,10:45,09:50,10:17,14:28,12:45,10:45,10:00,10:00,,,,,,,,,,,,,,,,,,,,,13,13,13,13,13,15,15,15,15,15,15,15,15,15,15,NA,18,18,18,18,NA,NA,NA,NA,NA,NA,NA,NA,NA,NA,NA,NA,NA,NA,NA,NA,NA,NA,NA,5,5,5,5,5,5,5,5,5,5,10,10,10,10,10,NA,10,10,10,10,NA,NA,NA,NA,NA,NA,NA,NA,NA,NA,NA,NA,NA,NA,NA,NA,NA,NA,NA,20,21,22,23,24,25,26,27,28,29,30,31,32,33,34,NA,36,37,38,39,NA,NA,NA,NA,NA,NA,NA,NA,NA,NA,NA,NA,NA,NA,NA,NA,NA,NA,NA,4,3,3,3,4,3,4,3,4,4,3,4,4,4,4,NA,4,4,4,4,NA,NA,NA,NA,NA,NA,NA,NA,NA,NA,NA,NA,NA,NA,NA,NA,NA,NA,NA,ran well,"ran well, needed prod and shock at beginning",ran well with shock,ran well with shock,ran well,needed shock,perfect. always forward,drape removed. prodded and shocked,perfect,perfect,ran well with shock,"perfect, always forwards",perfect,perfect,perfect,VO2,ran well,ran well,ran well,perfect,,,,,,,,,,,,,,,,,,,,
10024735,male,8w,10JUL2018,11JUL2018,12JUL2018,13JUL2018,14JUL2018,17JUL2018,18JUL2018,19JUL2018,20JUL2018,21JUL2018,24JUL2018,25JUL2018,26JUL2018,27JUL2018,28JUL2018,31JUL2018,01AUG2018,02AUG2018,03AUG2018,04AUG2018,07AUG2018,08AUG2018,09AUG2018,10AUG2018,11AUG2018,14AUG2018,15AUG2018,16AUG2018,17AUG2018,18AUG2018,21AUG2018,22AUG2018,23AUG2018,24AUG2018,25AUG2018,28AUG2018,29AUG2018,30AUG2018,31AUG2018,01SEP2018,10:14,10:13,09:57,10:30,10:00,10:17,09:57,09:55,09:58,10:02,09:57,09:56,09:58,10:20,09:55,10:47,10:37,10:35,10:06,10:08,10:40,09:56,10:25,10:00,10:10,10:03,10:00,10:10,10:10,10:05,10:10,10:25,10:00,10:00,10:15,,10:00,10:15,10:00,10:30,13,13,13,13,13,15,15,15,15,15,15,15,15,15,15,18,18,18,18,18,20,20,20,20,20,23,23,23,23,23,25,25,25,25,25,25,25,25,25,5,5,5,5,5,5,5,5,5,5,10,10,10,10,10,10,10,10,10,10,10,10,10,10,10,10,10,10,10,10,10,10,10,10,10,10,10,10,10,20,21,22,23,24,25,26,27,28,29,30,31,32,33,34,35,36,37,38,39,40,41,42,43,44,45,46,47,48,49,50,50,50,50,50,50,50,50,50,2,2,2,2,2,2,2,2,2,2,2,2,3,3,3,3,3,3,3,3,2,2,3,3,3,2,3,3,3,3,2,2,3,3,3,2,2,2,2,Required shock,"Lazy, ran mostly 95%",Lazy;used shock after 10 minutes,Shock 1 minute. walked backwards for 1/3 of time,Walked backwards,Very bad at the beginning. used shock and ran better at end,Back walked a lot. Used shock sometimes,"Back walked 1/4 time, shocked sometimes","Back walked 1/3 time. got lazy, used shock","Really lazy today, got shocked 8 times","Used shock, lazy. had to use shock multiple times","Used shock multiple times, very lazy","Shock at first, ran well for the rest","Shock a couple times, good rest of time",Walked backwards a little bit. Ran well after shock,"Tired and struggled, tried hard to run","Ran most of time, sat on shock a couple times",Used shock but ran forward almost entire time,"Didn't have to touch, Didn't sit on shock","Ran forward most of time, sat on shock few times","Had to use shock, tired at 30 min, sat on shock","Backwards running, sat on shock, responded well to prodding","Used shock, run constantly, need to prod around 33 min.",Shock at the beginning then relatively good,"Ran well, sometimes sat on shock","Tired at 20 min, had to push entire time","Used shock at beginning, ran well otherwise","Ran well with first shock, tired around 33 min.","Ran forward, stopped often around 35 min.","Ran forward, sitting on the shock 5/6 times through out the training",struggled with increase speed. need to prod,still struggling with new speed. from 40 min. prod,ran better but still from 35- 40 min was prodded,"ran well, didn't need to prod much until the end",ran well. got tired around 48 min. but not sitting on the shock more than 6 times,VO2 test,"tired from VO2, didn't run well, had to push","sat down often, constant prodding","tired, needed prodding",tired from training so got lazy around 30 min.
10025626,male,8w,11JUL2018,12JUL2018,13JUL2018,14JUL2018,15JUL2018,18JUL2018,19JUL2018,20JUL2018,21JUL2018,22JUL2018,25JUL2018,26JUL2018,27JUL2018,28JUL2018,29JUL2018,01AUG2018,02AUG2018,03AUG2018,04AUG2018,05AUG2018,08AUG2018,09AUG2018,10AUG2018,11AUG2018,12AUG2018,15AUG2018,16AUG2018,17AUG2018,18AUG2018,19AUG2018,22AUG2018,23AUG2018,24AUG2018,25AUG2018,26AUG2018,29AUG2018,30AUG2018,31AUG2018,01SEP2018,02SEP2018,10:46,10:27,10:30,10:15,10:15,10:32,10:23,10:25,10:25,10:15,10:32,10:26,10:25,10:32,09:16,10:37,10:35,10:08,10:08,10:06,09:56,10:30,10:00,10:10,10:06,10:00,10:25,10:05,10:05,10:20,10:25,10:10,10:00,10:15,10:00,,10:55,10:00,10:30,10:28,13,13,13,13,13,15,15,15,15,15,15,15,15,15,15,18,18,18,18,18,20,20,20,20,20,23,23,23,23,23,25,25,25,25,25,25,25,25,25,5,5,5,5,5,5,5,5,5,5,10,10,10,10,10,10,10,10,10,10,10,10,10,10,10,10,10,10,10,10,10,10,10,10,10,10,10,10,10,20,21,22,23,24,25,26,27,28,29,30,31,32,33,34,35,36,37,38,39,40,41,42,43,44,45,46,47,48,49,50,50,50,50,50,50,50,50,21,3,2,2,2,2,2,2,3,2,2,3,2,3,3,3,3,3,2,2,3,3,3,3,3,3,3,2,2,2,2,2,2,2,2,2,2,2,2,1,1/2 time back walking. lazy,"walked backward, used shock. lazy","lazy, half time backwalking","1/4 back walking, tired after 15 minutes. lazy",back walking 1/4 time. stubborn,back walked at beginning. tired at 22,super lazy. walked backwards 1/3 time. used shock,"lazy at the beginning. after 2 shocks, good","walked backwards at the beginning, got shocked but good for the rest","slow, slide down to shock area sometimes. used shock. back walked 1/4 time",shock used few times. sometimes lazy,"backwards 1/2 time. lazy, shock used",shock a few times. walked backwards at beginning. good after,sat in shock few times. good after,lazy a couple times. ran well after shock.,"ran most of the time. used shock, ran well","lazy. sat on shock a few times, ran the rest of the time.",Sat on shock a lot. ran well when pushed.,"Walked backwards, laid down, used shock. better after 10 minutes","walked backwards, ran okay after shock",Shocked much in the beginning. 33 min. got tired and sat on shock,ran constantly. sat on shock often toward the end,ran forward constantly. sat on shock couple of times toward the end,tired at end. sat on shock few times,sat on shock couple of times. ran well most of the time,shock used a couple of times. ran well,sat on shock a lot. tired around 38 min.,needed to use high shock intensity and prod,tried to sit on shock from 25 min. shock increase from 0.4 to 0.5 around 35 minutes,tired to sit on the shock when shock was weak. needed to stay around 0.4/0.5,struggled with new speed. First 15 min best but after 15 min. awful and had to prod,still struggled with new speed. got tired around 35 min. had to prod,better than yesterday but still struggled a lot from 35 min.,got better. still needs to support and prod constantly,lazy. had to push entire time to keep turning,VO2 test,needs constant pushing,"tired, needed prod",tired from training being lazy. got injured. needed to pull out to hold the toes then put back to finish training,did not finish
10025707,male,8w,11JUL2018,12JUL2018,13JUL2018,14JUL2018,15JUL2018,18JUL2018,19JUL2018,20JUL2018,21JUL2018,22JUL2018,25JUL2018,26JUL2018,27JUL2018,28JUL2018,29JUL2018,01AUG2018,02AUG2018,03AUG2018,04AUG2018,05AUG2018,08AUG2018,09AUG2018,10AUG2018,11AUG2018,12AUG2018,15AUG2018,16AUG2018,17AUG2018,18AUG2018,19AUG2018,22AUG2018,23AUG2018,24AUG2018,25AUG2018,26AUG2018,29AUG2018,30AUG2018,31AUG2018,01SEP2018,02SEP2018,10:46,10:27,10:30,10:15,10:15,10:32,10:23,10:25,10:25,10:15,10:32,10:26,10:25,10:32,09:16,10:37,10:35,10:08,10:08,10:06,09:56,10:30,10:00,10:10,10:06,10:00,10:25,10:05,10:05,10:20,10:25,10:10,10:00,10:15,10:00,,10:35,10:00,10:30,10:28,13,13,13,13,13,15,15,15,15,15,15,15,15,15,15,18,18,18,18,18,20,20,20,20,20,23,23,23,23,23,25,25,25,25,25,25,25,25,25,5,5,5,5,5,5,5,5,5,5,10,10,10,10,10,10,10,10,10,10,10,10,10,10,10,10,10,10,10,10,10,10,10,10,10,10,10,10,10,20,21,22,23,24,25,26,27,28,29,30,31,32,33,34,35,36,37,38,39,40,41,42,43,44,45,46,47,48,49,50,50,50,50,50,50,50,50,50,3,3,3,3,2,3,3,3,3,2,2,2,3,2,2,2,2,2,2,2,2,3,3,3,2,3,2,3,3,3,3,3,3,3,3,3,2,3,3,"Spent 1/2 of the time back-walking, lazy.","Backward 1/2 of the time, lied down 3-4 times, general laziness.","Shock for the first minute, walked really well. Lazy during warm up.","Good until min. 18. Had to use shock, back walked.",Back walked 1/3 of the time. Lied down several times,"No shock, went forward for most of the time.","Tired at 22, then shock used at the end. Ran forward.","Slow today. Easily giving up, shock used 3 times.",Shock sometimes due to individual sliding down to the shock often. Good afterwards.,"Sat on the shock around 10 minutes, used the shock and was better afterwards.","Lazy, resisted attempts to prod forward. Used shock.","Ran backwards 1/3 of the time. Lazy, shock was used several times.","Good until 31 minutes, then sat on the shock.","Lazy for the entire duration, sat on the shock.","Backwards for 1/3 of the time, Tired at 17 minutes, generally lazy.","Lazy, sat on the shock. Consistently seemed tired.","Foot injury, after running for 33 minutes. Feisty responses to being prodded, sat on the shock.","Foot injury, a little lazy. Would run after being pushed.","Tried to sit on the shock the entire time, had to be pushed","Sat on the shock a lot, and back walked for a lot as well.","even with shock, sat on shock majority of time. somewhat lazy",sit on shock often toward the end. ran constantly,"ran forward, sat on shock couple times toward the end",sat on shock towards end. ran well,sat on shock. very lazy. had to touch a lot,tried to sit on shock a lot. ran well,tried to sit on shock a lot,tried to sit on shock often. prod,ran well throughout the training period. (needed to use shock to maintain),ran well. used shock couple times at the beginning. needed to increase shock to 0.4 toward the end,"doing okay w/ new speed until 40 min. and got tired, prod",ran well w/ shock 0.3 until 30 min. 0.4 for 45 min. and prod,ran well. got tired toward the end,"ran well until 42 min. started to sit on shock couple times, prodded",ran well entire time. tired at 45 min. had to push a few times,VO2 test,ran well. few stops. toe bleed,massive toe bleed,"ran well, got lazy toward the end",ran well most of time. shock at end
10025898,male,8w,11JUL2018,12JUL2018,13JUL2018,14JUL2018,15JUL2018,18JUL2018,19JUL2018,20JUL2018,21JUL2018,22JUL2018,25JUL2018,26JUL2018,27JUL2018,28JUL2018,29JUL2018,01AUG2018,02AUG2018,03AUG2018,04AUG2018,05AUG2018,08AUG2018,09AUG2018,10AUG2018,11AUG2018,12AUG2018,15AUG2018,16AUG2018,17AUG2018,18AUG2018,19AUG2018,22AUG2018,23AUG2018,24AUG2018,25AUG2018,26AUG2018,29AUG2018,30AUG2018,31AUG2018,01SEP2018,02SEP2018,10:46,10:27,10:30,10:15,10:15,10:32,10:23,10:25,10:25,10:15,10:32,10:26,10:25,10:32,09:25,10:37,10:35,10:08,10:08,10:06,09:56,10:30,10:00,10:10,10:06,10:00,10:25,10:05,10:05,10:20,10:25,10:10,10:00,10:15,10:00,,10:35,10:00,10:30,10:28,13,13,13,13,13,15,15,15,15,15,15,15,15,15,15,18,18,18,18,18,20,20,20,20,20,23,23,23,23,23,25,25,25,25,25,25,25,25,25,5,5,5,5,5,5,5,5,5,5,10,10,10,10,10,10,10,10,10,10,10,10,10,10,10,10,10,10,10,10,10,10,10,10,10,10,10,10,10,20,21,22,23,24,25,26,27,28,29,30,31,32,33,34,35,36,37,38,39,40,41,42,43,44,45,46,47,48,49,50,50,50,50,50,50,50,50,50,3,2,3,2,3,3,3,3,3,2,3,3,3,3,2,2,3,3,2,3,3,3,3,3,3,3,3,3,3,2,3,2,2,2,2,NA,2,2,2,"Tail wound, walking constantly, but slow","Shock, but good afterwards (needed the shock to continue running.",Shock first minute. Did well after.,"Used shock, got lazy and sat on the shock at 15 min.","Good until 21 min., then stopped occasionally.","Forward all of the time. Lazy, liked to sit on the shock, and used shock","Lazy today, and slow. Ran forward most of the time.",Lazy today. Used shock three times. back walked every once in a while.,"Shock used early, but good for the rest of the trial.",Slow. Back walked occasionally. Needed shock to prevent from sitting.,"Back walked a couple of times, shock necessary but otherwise ran well.","Walked backwards at the beginning. After shock was used, ran well.","Shock at the beginning, tired at minute 25, but good afterwards.","Sat on the shock, some laziness.","Tired at 15 min. Sat on the shock several times, generally lazy.","Ran for most of the time, but sat on the shock whenever possible.","Tired at 16 minutes, but ran forward for the rest of the time.","Ran well the entire time, tried to sit on the shock a couple of times.","Good at the beginning, tried to sit on the shock a couple of times.","Shock used at the beginning. Tired at 28 min, and sat on the shock.","generally good until 15 min, then sat on shock 5 times",sit on the shock often toward the end. ran constantly,ran forward. sit on shock a couple of times towards the end,ran well. tired at the end,ran really well. didn't have to touch,ran well. used shock at the beginning,ran well until 43 min. got tired,"ran well, got tired around 40 min. used shock","got tired around 30 min. sat on shock 4-5 times, had to prod",struggled at the beginning. got shock a lot for 10 min. but got better,doing okay until 40 min. got tired so used prod.,"ran okay until 20 min. need to increase shock to 0.5, from 40 min. used prod.",ran well but still struggled around 30 min. to end,"from the start, tried to sit on shock, prodded and shock and then got better","had to push a lot, tried to sit on shock, got better with time",VO2 test,,"lazy, slow. got hurt on toe, but finished the session",needed to prod all the time,had to be touched all the time
10025979,male,8w,12JUL2018,13JUL2018,14JUL2018,15JUL2018,16JUL2018,19JUL2018,20JUL2018,21JUL2018,22JUL2018,23JUL2018,26JUL2018,27JUL2018,28JUL2018,29JUL2018,30JUL2018,02AUG2018,03AUG2018,04AUG2018,05AUG2018,06AUG2018,09AUG2018,10AUG2018,11AUG2018,12AUG2018,13AUG2018,16AUG2018,17AUG2018,18AUG2018,19AUG2018,20AUG2018,23AUG2018,24AUG2018,25AUG2018,26AUG2018,27AUG2018,30AUG2018,31AUG2018,01SEP2018,02SEP2018,03SEP2018,11:00,11:18,10:58,10:38,11:07,11:04,11:29,11:00,10:40,10:50,11:16,12:04,11:04,09:18,11:00,11:52,11:14,11:07,10:06,10:16,11:20,11:00,11:17,10:13,10:45,11:15,11:10,11:00,11:00,11:00,11:00,11:00,11:20,10:00,11:31,,10:00,10:30,10:56,10:00,13,13,13,13,13,15,15,15,15,15,15,15,15,15,15,18,18,18,18,18,20,20,20,20,20,23,23,23,23,23,25,25,25,25,25,25,25,25,25,5,5,5,5,5,5,5,5,5,5,10,10,10,10,10,10,10,10,10,10,10,10,10,10,10,10,10,10,10,10,10,10,10,10,10,10,10,10,10,20,21,22,23,24,25,26,27,28,29,30,31,32,33,34,35,36,37,38,39,40,41,42,43,44,45,46,47,48,49,50,50,50,50,50,50,50,50,50,2,3,3,4,3,3,3,3,3,3,3,4,3,3,3,3,2,2,2,3,2,2,3,3,3,3,3,3,2,3,3,3,3,3,3,2,2,2,2,"Used shock, walked better after. Back walking for about 1/2 of the time.",Ran well after the drape was removed.,After 18 min got lazy but generally ran well.,Walked forward for the entire time.,"Walked backwards a small amount, walked forward for the rest of the time.","Shock from 21 min on, but well behaved.","Slow, but walked entire time. No shock","Good until 15 min. Sat once, needed shock but good for the rest of the time","Good, sat 1-2 times on the shock but otherwise ran well.",Good after shock at the beginning. Tried to sit once at the end.,"Tired at 15 mins. Sat a few times, ran well the whole time.","Ran the entire time, no shock needed.","Tired at 17 min, shocked used at this time, ran well after.",Ran well after using the shock several times.,"Ran well, started to sit on the shock 3-4 times in the final 10 mins.",Ran forward almost he entire time. Sat on the shock a few times.,"Lazy, sat on the shock","Better, got tired at 22 mins. Started sitting on the shock.","Lazy, only ran when pushed.","Used shock at the beginning, and ran forward the entire time.",tried to sit on the shock about 15 times.,struggled at the beginning 10 min. good after all,tired at 33 min. ran forward entire time,shocked 2 times. tired at 33 min. ran well,shocked twice at the beginning. good until the end.,tired at 35 min. ran well otherwise,got tired around 36 min. needed to prod and shock,ran well. got tired around 42 min. prod and increased shock to 0.5.,struggled a lot at the beginning. got shocked continuously,ran well until 15 min. struggled a bit and got better,ran well until 25 min. shock increased from 0.3 to 0.4. around 45 min. got tired,"ran well, got tired around 40 min. prodded",ran consistently on 0.3 shock. got tired around 40 min.,used shock at beginning and had to use a few times without,"still struggling toward the end, but ran forward consistently",VO2 test,"ran ok, need prodding","started okay, but got tired around 20 min. struggled",tired at 40 min. used shock,"being lazy, get shocked a lot"
10026193,male,8w,12JUL2018,13JUL2018,14JUL2018,15JUL2018,16JUL2018,19JUL2018,20JUL2018,21JUL2018,22JUL2018,23JUL2018,26JUL2018,27JUL2018,28JUL2018,29JUL2018,30JUL2018,02AUG2018,03AUG2018,04AUG2018,05AUG2018,06AUG2018,09AUG2018,10AUG2018,11AUG2018,12AUG2018,13AUG2018,16AUG2018,17AUG2018,18AUG2018,19AUG2018,20AUG2018,23AUG2018,24AUG2018,25AUG2018,26AUG2018,27AUG2018,30AUG2018,31AUG2018,01SEP2018,02SEP2018,03SEP2018,11:00,11:18,10:58,10:38,11:07,11:04,11:29,11:10,10:40,10:50,11:16,12:04,11:04,09:18,11:00,11:52,11:13,11:07,10:06,10:16,11:20,11:00,11:17,10:06,10:45,11:15,11:10,10:00,10:00,11:00,11:00,11:00,11:20,10:31,11:00,,10:00,10:30,10:56,10:00,13,13,13,13,13,15,15,15,15,15,15,15,15,15,15,18,18,18,18,18,20,20,20,20,20,23,23,23,23,23,25,25,25,25,25,25,25,25,25,5,5,5,5,5,5,5,5,5,5,10,10,10,10,10,10,10,10,10,10,10,10,10,10,10,10,10,10,10,10,10,10,10,10,10,10,10,10,10,20,21,22,23,24,25,26,27,28,29,30,31,32,33,34,35,36,37,38,39,40,41,42,43,44,45,46,47,48,49,50,50,50,50,50,50,50,50,50,2,3,3,2,2,2,3,2,2,2,3,3,3,3,2,3,3,2,2,2,2,2,3,2,2,3,2,2,2,2,2,2,2,2,2,2,2,2,2,"Used shock, walked better after","Shock used for the first 30 seconds, ran well after","Shocked after the first minute, ran well after","Had shock, struggled a lot, got better at the end.","Lazy, tired after 5 minutes. Used for for two minutes and ran better afterwards.","Went backwards, used shock several times.","Shock used at the beginning, ran well afterwards (with no backwards walking).","Lazy at the beginning, back walked sometimes","Slow, ran close to the shock. Tried to sit without the shock, and got shocked.","Stayed around the shock area to find a chance to sit, shock used.","Shocked at the beginning, good for the rest of the time.","Tired at 12, back walked half of the time. Shock used.",Back walked 1/2 of the time. Shocked used a couple of times.,"Shock used at the beginning, ran well after","Pretty bad, touched the shock, not responsive to prodding,","Ran forward almost the entire time, lazy at the end.","Lazy, however ran forward most of the time.","Very lazy, ran sometimes. Tried to fight back and sat on the shock.","Lazy, sat on the shock. Only ran when pushed","Got tired, sat on the shock. Ran well when the shock as on",sat on the shock whenever he could avoid the shock. stubborn,struggled first 10 min. got better. got lazy around the end,tired at 39. ran forward entire time,struggled at first. tired at 30 min.,tried to sit on shock a lot at the beginning and towards the end,tired at 35 min. ran well at the end,tried to sit on the shock by avoiding the shock. increased intensity,tried to sit on the shock when the shock was weak. maintained around 0.4 - 0.5,tried to sit on shock if it was less than 0.4,struggled at the beginning and toward the end from 35 min. severe around 45 min. dripping saliva due to 0.5 intensity,struggled first 15 min. got better. prod around 40 min.,continuously sitting on the shock around 20 min. prod and increase shock intensity,refuse to run. need to stay with him to make him run,tried to sit on shock entire time. had to push whole time,constantly stayed on shock. but jumped in by himself,VO2 test,"ran okay, lazy, prodded",resist to run continuously. prod,tired at end. ran well until 40 min.,"from 20 min, tried to sit on shock. prodded until the end"
10026436,male,8w,12JUL2018,13JUL2018,14JUL2018,15JUL2018,16JUL2018,19JUL2018,20JUL2018,21JUL2018,22JUL2018,23JUL2018,26JUL2018,27JUL2018,28JUL2018,29JUL2018,30JUL2018,02AUG2018,03AUG2018,04AUG2018,05AUG2018,06AUG2018,09AUG2018,10AUG2018,11AUG2018,12AUG2018,13AUG2018,16AUG2018,17AUG2018,18AUG2018,19AUG2018,20AUG2018,23AUG2018,24AUG2018,25AUG2018,26AUG2018,27AUG2018,30AUG2018,31AUG2018,01SEP2018,02SEP2018,03SEP2018,11:00,11:18,10:58,10:38,11:07,11:04,11:29,11:00,10:40,10:50,11:16,12:04,11:04,09:18,11:18,11:52,11:13,11:07,10:06,10:16,11:20,11:00,11:17,10:06,10:45,11:15,11:10,11:00,11:00,11:00,11:00,11:00,11:20,10:31,11:00,,10:02,10:30,10:56,10:00,13,13,13,13,13,15,15,15,15,15,15,15,15,15,15,18,18,18,18,18,20,20,20,20,20,23,23,23,23,23,25,25,25,25,25,25,25,25,25,5,5,5,5,5,5,5,5,5,5,10,10,10,10,10,10,10,10,10,10,10,10,10,10,10,10,10,10,10,10,10,10,10,10,10,10,10,10,10,20,21,22,23,24,25,26,27,28,29,30,31,32,33,34,35,36,37,38,39,40,41,42,43,44,45,46,47,48,49,50,50,50,50,50,50,50,50,50,2,2,2,2,2,2,3,2,2,2,2,2,2,2,3,3,2,3,3,3,3,2,3,3,3,3,3,3,3,3,2,3,3,3,3,2,2,2,2,Walked backwards half of the time,Walked backwards half of the time,"Walled backwards 1/4 of time, got lazy at the end",Walked backwards 1/2 of time and got lazy,"Walked backwards 1/2 of time, got lazy and had to use shock","Lazy at the beginning, got tired at 19th minute and stopped running. Used shock","No shock, walked backwards 1/3 of time","Walked backwards 1/3 of time, no shock","Walked backwards for 7 minutes, lazy and used shock-> ran well the rest of the time","Walked backwards for 1/3 of time, used shock and ran well the rest","Lazy after 12 minutes, kept using shock. Fought back",Shock used throughout,"Walked backwards a little, lazy throughout and didn't respond to shock","Tired at first, lazt","Ran well up to 22 minutes, started sitting but was responsive",Ran forward almost the whole time,Tired and sat on shock. lazy,"Used shock at the end, but was running well the rest of the time","Shock used at beginning, ran well the rest of the time","Ran forward entire time, shock used at beginning",ran well. got tired around 31 min.,good first 15 min. continuously struggled then.,ran forward entire time. sat on shock a couple times,good at beginning. tired at 30 min. shocked after,shock twice at the beginning. good until 40 min. sat on shock for a bit,ran well. tired at 35 min.,ran well around from 30 min. shock below 0.4. tried to sit,ran well until 40 min. got lazy,ran well. needed to shock consistently from 20 min.,ran well. 0.3 shock required from 35 min.,ran well until 30 min. got tired. needed to prod and increase shock consistently,ran well until 35 min. got tired,ran continuously and stayed away from the shock until 40 min. and got tired,used shock and ran well until got tired at the end,ran consistently well even toward the end. still shock needed,VO2 test,lazy. stopped a lot,started okay until 30 min. got tired,"tired towards the end, ran well at beginning",started okay. started to sit on shock from 25 min. prod
10026940,male,8w,13JUL2018,14JUL2018,15JUL2018,16JUL2018,17JUL2018,20JUL2018,21JUL2018,22JUL2018,23JUL2018,24JUL2018,27JUL2018,28JUL2018,29JUL2018,30JUL2018,31JUL2018,03AUG2018,04AUG2018,05AUG2018,06AUG2018,07AUG2018,10AUG2018,11AUG2018,12AUG2018,13AUG2018,14AUG2018,17AUG2018,18AUG2018,19AUG2018,20AUG2018,21AUG2018,24AUG2018,25AUG2018,26AUG2018,27AUG2018,28AUG2018,31AUG2018,01SEP2018,02SEP2018,03SEP2018,04SEP2018,11:45,11:15,11:09,11:55,11:01,11:29,11:35,11:30,11:20,10:30,12:05,11:23,10:10,11:00,10:51,11:13,11:07,11:35,10:16,11:39,11:00,11:17,11:10,10:55,11:15,11:10,13:42,11:30,11:30,11:15,11:00,11:20,11:42,11:00,11:30,,11:30,11:34,10:00,10:00,13,13,13,13,13,15,15,15,15,15,15,15,15,15,15,18,18,18,18,18,20,20,20,20,20,23,23,23,23,23,25,25,25,25,25,25,25,25,25,5,5,5,5,5,5,5,5,5,5,10,10,10,10,10,10,10,10,10,10,10,10,10,10,10,10,10,10,10,10,10,10,10,10,10,10,10,10,10,20,21,22,23,24,25,26,27,28,29,30,31,32,33,34,35,36,37,38,39,40,41,42,43,44,45,46,47,48,49,50,50,50,50,50,50,50,50,50,3,3,4,3,3,3,3,3,3,3,3,3,2,3,2,3,3,3,3,3,3,3,3,3,4,3,3,3,3,3,3,3,3,3,3,3,3,2,3,"shocked once, ran like a 4 for the rest of the time","Good until 20 minutes in, then was lazy","Never stopped, ran the entire time","Had to shock twice, a little lazy but was fine after the shocks","Lazy at beginning, shock made it better","used shock at beginning to correct laziness, got better the rest of the time","Shocked at beginning, ran well for the rest","Slow but constantly walked, got lazy at the end and needed a push",Only shocked twice,"Good up to 22 minutes, then sat on shock and was better",Shock used once or twice,"Ran without shock, got tired at 20 minutes","Tired at 18, sat on shock after and didn't respond",Shocked at the beginning but ran well the rest,Sat on shock a lot,Ran forward most of the time. tired at 25 minutes,Shock used but ran well after. Got tired after 33 minutes,"Shocked at the beginning, ran well after",Used shock once or twice,"Ran forward, pushed a few times",used shock at the beginning. good toward the end. shock used,shocked 5 times. ran well,shock at beginning. tired at 40 min.,good until 40 min. shock once. good until 43 min. shock once,perfect,needed shock at the beginning. good after,shock at beginning. ran well after,ran well until 30 min. increased shock,"needed to shock at the beginning, but ran well after",ran well. needed to increase shock to 0.4 from 30 min.,"ran well until 40 min. got tired, got shocked a lot last 10 min.",ran well at shock 0.2- 0.3. got tired around 45 min.,ran well. shock used at beginning and at 37 min.,struggled at the beginning but got better.,ran okay until 40 min. got tired,VO2 test,resist at first but ran well after prodded,ran well tired at 40 minutes.,got tired around 30 min. increased shock,"ran well, toward the end got tired"
10027084,male,8w,13JUL2018,14JUL2018,15JUL2018,16JUL2018,17JUL2018,20JUL2018,21JUL2018,22JUL2018,23JUL2018,24JUL2018,27JUL2018,28JUL2018,29JUL2018,30JUL2018,31JUL2018,03AUG2018,04AUG2018,05AUG2018,06AUG2018,07AUG2018,10AUG2018,11AUG2018,12AUG2018,13AUG2018,14AUG2018,17AUG2018,18AUG2018,19AUG2018,20AUG2018,21AUG2018,24AUG2018,25AUG2018,26AUG2018,27AUG2018,28AUG2018,31AUG2018,01SEP2018,02SEP2018,03SEP2018,04SEP2018,11:45,11:15,11:09,11:55,11:01,11:29,11:35,11:30,11:20,10:30,12:05,11:23,10:10,11:00,10:51,11:13,11:07,11:35,10:16,10:39,11:00,11:17,11:10,10:55,11:15,11:10,13:42,11:30,11:30,11:15,11:00,11:20,11:42,11:00,11:30,,11:30,11:34,10:00,10:00,13,13,13,13,13,15,15,15,15,15,15,15,15,15,15,18,18,18,18,18,20,20,20,20,20,23,23,23,23,23,25,25,25,25,25,25,25,25,25,5,5,5,5,5,5,5,5,5,5,10,10,10,10,10,10,10,10,10,10,10,10,10,10,10,10,10,10,10,10,10,10,10,10,10,10,10,10,10,20,21,22,23,24,25,26,27,28,29,30,31,32,33,34,35,36,37,38,39,40,41,42,43,44,45,46,47,48,49,50,50,50,50,50,50,50,50,50,3,3,3,3,3,3,3,3,3,3,3,3,3,3,3,3,3,3,3,3,2,2,2,3,3,2,3,2,2,2,2,2,2,2,2,2,2,2,2,"Didn't run during warmup, shock helped","Used shock after 30 seconds, ran well rest of time","Used shock the first two minutes, ran well afterwards","Used shock at the start, ran well after","Used shock at beginning, then ran well after","Was lazy to start so used shock, ran well after","Shocked at the start, was good for the rest of the time","Shocked at the start, ran well after","Shocked at the beginning, and twice after that but was good the rest of the times","Lazy to start, and needed intermittent shock until 18 minutes but ran well after","Shocked once or twice, ran well after","Ran for first 22 minutes, then needed shock","Bad at the start, ran well after","Ran okay until 10 minutes, then became lazy and needed shock",Shock at the beginning and the end but did okay after,"Lazy and tired after 25 minutes, used shock","Used shock and ran well, was tired after 33 minutes",Shocked at the beginning but ran well after,Shocked once or twice and was good after,Ran well and only had to push a few times,sat on shock occasionally. need to push off the shock area toward the end,ran entire time. tried to sit.,good until 25 min. got lazy,struggled first 5 min. occasionally tried to sit o the shock,had to touch a couple times. did well,tried to sit on the shock all the time even with out shock.,shock at the beginning. ran well after,struggled running first 15 min. and last 10 min.,struggled 15 min. and last 10 min. needed to prod,got shock a lot tried to sit on shock. needed to prod,struggled with new speed. wanted to rest a lot on the shock.,resisted to run at the the beginning. got better around 15 min.,had to push entire time. tired at 30 min.,still tried to sit on the show but ran well once prod,started okay but shocked,VO2 test,got tired from VO2 but with shock and prod,had to push entire time and shock,started by laying down. continuously prodded,resist at first but got better after struggling for 10 min.
10027165,male,8w,13JUL2018,14JUL2018,15JUL2018,16JUL2018,17JUL2018,20JUL2018,21JUL2018,22JUL2018,23JUL2018,24JUL2018,27JUL2018,28JUL2018,29JUL2018,30JUL2018,31JUL2018,03AUG2018,04AUG2018,05AUG2018,06AUG2018,07AUG2018,10AUG2018,11AUG2018,12AUG2018,13AUG2018,14AUG2018,17AUG2018,18AUG2018,19AUG2018,20AUG2018,21AUG2018,24AUG2018,25AUG2018,26AUG2018,27AUG2018,28AUG2018,31AUG2018,01SEP2018,02SEP2018,03SEP2018,04SEP2018,11:45,11:15,11:09,11:55,11:01,11:29,11:35,11:30,11:20,10:30,12:05,11:23,10:10,11:00,10:51,11:13,11:07,11:35,10:16,11:39,11:00,11:17,11:10,10:55,11:15,11:10,13:42,11:30,11:30,11:15,11:00,11:20,11:42,11:00,11:30,,11:30,11:34,10:00,10:00,13,13,13,13,13,15,15,15,15,15,15,15,15,15,15,18,18,18,18,18,20,20,20,20,20,23,23,23,23,23,25,25,25,25,25,25,25,25,25,5,5,5,5,5,5,5,5,5,5,10,10,10,10,10,10,10,10,10,10,10,10,10,10,10,10,10,10,10,10,10,10,10,10,10,10,10,10,10,20,21,22,23,24,25,26,27,28,29,30,31,32,33,34,35,12,37,38,39,40,41,42,43,44,45,46,47,48,49,50,50,50,50,50,50,50,50,50,3,2,2,2,2,2,3,2,3,2,3,2,2,2,2,2,1,2,2,2,2,2,2,2,2,3,3,3,3,2,3,2,2,2,2,2,2,3,3,Good for 18 min. got tired so used shock,"Backwalked 1/3. Tried to lay down, used shock","Back walked 1/2 time. lazy, used shock","Backwards, lazy. tired at 9 minutes. no shock",Back walked a lot. used shock 3 times,"Backwalked, super lazy. sat on shock, used shock 3 times",shock around 5 min. good the rest,"beginning shock, back walked. got better, shocked to prevent sitting on shock",got lazy around 23 min. shocked,Backwalked 1/2 of first ten min. sometimes lazy,"shock used 1 or 2 times, good after","lazy, sat on shock entire time. ran last 11 min.",ran well at first. tired at 18. sat on shock,got lazy at the end,"back walked. fought back, used shock","fought back, used shock",stressed out. showed cramping and twitching,"Used shock, had to bring out at 25 min. calmed down and put back in at 31 min. out again at 35 min. made him run 6 min. to finish session",manually pushed him for 38 min with shock,terrible. had to push him the entire time,struggled the entire first 5 min. and last 10 min.,struggled first 15 min. ran entire time,struggled for first 15 min. good until end,struggled for first 5 min. sat on shock when it's below 0.3.,lazy. backwalked. needed to be touched,ran well for first 35 min. with 0.4 shock at the beginning. starting to resist so increased shock to 0.5,shock at beginning. ran well after,had to maintain shock around 0.4 but good,ran well with initial shock. need to prod from 42 min.,ran well for 45 min. got tired and got shocked continuously for the last 9 min.,doing good until 25 min. got tired and tried to rest on shock,ran okay until 25 min. got lazy and needed to prod,had to push entire time. stubborn. shock entire time,resist to run at the beginning . shocked and ran better,tried to sit on the shock. got shocked a lot,VO2 test,tired from VO2 needed to be prodded,sat on shock. had to push entire time,ran well until 35 min. got tired,resist at the beginning but got better and ran well.
10027246,male,8w,13JUL2018,14JUL2018,15JUL2018,16JUL2018,17JUL2018,20JUL2018,21JUL2018,22JUL2018,23JUL2018,24JUL2018,27JUL2018,28JUL2018,29JUL2018,30JUL2018,31JUL2018,03AUG2018,04AUG2018,05AUG2018,06AUG2018,07AUG2018,10AUG2018,11AUG2018,12AUG2018,13AUG2018,14AUG2018,17AUG2018,18AUG2018,19AUG2018,20AUG2018,21AUG2018,24AUG2018,25AUG2018,26AUG2018,27AUG2018,28AUG2018,31AUG2018,01SEP2018,02SEP2018,03SEP2018,04SEP2018,11:45,11:15,11:09,11:55,11:01,11:29,11:35,11:30,11:20,10:30,12:05,11:23,10:10,10:00,10:51,11:13,11:07,11:35,10:16,11:34,11:00,11:17,11:10,10:55,11:15,11:10,13:42,11:30,11:30,11:15,11:00,11:20,11:42,11:00,11:30,,11:30,11:34,10:00,10:00,13,13,13,13,13,15,15,15,15,15,15,15,15,15,15,18,18,18,18,18,20,20,20,20,20,23,23,23,23,23,25,25,25,25,25,25,25,25,25,5,5,5,5,5,5,5,5,5,5,10,10,10,10,10,10,10,10,10,10,10,10,10,10,10,10,10,10,10,10,10,10,10,10,10,10,10,10,10,20,21,22,23,24,25,26,27,28,29,30,31,32,33,34,35,36,37,38,39,40,41,42,43,44,45,46,47,48,49,50,50,50,50,50,50,50,50,50,3,3,2,3,3,3,4,3,3,4,4,4,4,3,3,3,3,3,3,3,3,3,3,3,4,3,3,3,3,3,3,2,3,2,2,2,2,2,2,Back walked 1/3. but decent later,back walked small amount at beginning tired at 20 min.,good first 10 min. got lazy and had to use shock,"walked forward entire time. never laid down, no shock",good but got lazy around 10 min. shock,used shock. lazy at beginning. ran well after.,no shock. good,"good until 23 min. got tired, pushed",shock around 5 min. good after. got lazy around 20 min. shocked once,perfect entire time,shock 1 or 2 times. good after,did not sit on shock. ran entire time,not on shock at all,"ran well until 21 min, got tired. used shock","tired at 18 min., sat on shock","ran well, tired at 27 min. used shock","okay until 20 min. lazy, laying down. good after.",shock at beginning. got lazy,shock at beginning. tired at 33 min.,ran forward most of the time,used shock once at the beginning. good from 35 min. got tired,"ran well, shock. shocked couple times at the end",sat on shock couple times. perfect otherwise,struggled at the beginning. but good until the end,perfect,ran well from 33 min. got tired so increased shock to 0.4,lazy. tried to sit on shock. used shock and ran well after,struggled 15 min. got better,ran well. need shock 0.3 from 40 min.,"ran well, but struggled from 30 min.",doing okay until 30 min. started to sit on the shock. tired around 40 min.,ran okay until 25 min. got lazy. need to prod,"ran okay, had to be pushed several times",struggled from 20 min. needed to prod toward the end,ran okay the beginning. got lazy from 20 min.,VO2 max,resist to run at fast got better after prodded for 5 min.,ran well at beginning had to use shock and push at end,being lazy. shock and prod,Fought so hard not to run and sat on the shock all the time
10027408,male,8w,14JUL2018,15JUL2018,16JUL2018,17JUL2018,18JUL2018,21JUL2018,22JUL2018,23JUL2018,24JUL2018,25JUL2018,28JUL2018,29JUL2018,30JUL2018,31JUL2018,01AUG2018,04AUG2018,05AUG2018,06AUG2018,07AUG2018,08AUG2018,11AUG2018,12AUG2018,13AUG2018,14AUG2018,15AUG2018,18AUG2018,19AUG2018,20AUG2018,21AUG2018,22AUG2018,25AUG2018,26AUG2018,27AUG2018,28AUG2018,29AUG2018,01SEP2018,02SEP2018,03SEP2018,04SEP2018,05SEP2018,11:52,11:31,11:55,11:20,11:10,11:55,11:50,11:56,11:22,11:06,11:25,10:10,12:00,12:24,12:28,12:05,11:35,11:15,11:39,11:06,12:12,11:10,11:50,11:12,11:09,13:42,11:30,12:00,12:00,11:30,12:20,11:42,12:05,11:30,11:04,,11:55,10:00,10:00,10:10,13,13,13,13,13,15,15,15,15,15,15,15,15,15,15,18,18,18,18,18,20,20,20,20,20,23,23,23,23,23,25,25,25,25,25,25,25,25,25,5,5,5,5,5,5,5,5,5,5,10,10,10,10,10,10,10,10,10,10,10,10,10,10,10,10,10,10,10,10,10,10,10,10,10,10,10,10,10,20,21,22,23,24,25,26,27,28,29,30,31,32,33,34,35,36,37,38,39,40,41,42,43,44,45,46,47,48,49,50,50,50,50,50,50,50,50,50,2,2,2,2,2,3,3,4,3,4,3,3,3,3,3,2,2,2,3,3,3,2,3,3,3,3,2,3,3,3,3,2,2,3,3,2,2,2,3,lazy. ran ok (5 min.) without shock. used shock at end,"backwalk 1/3 time, lazy, used shock at the end","ran backwards 1/4 time, used shock 2 times. lazy",back walk 1/3 time. shock. sat often,"lazy, shock. backwalked 1/3 time",shock at first walked pretty well,"got lazy around 22 min. shocked once, good",tired at 23 and 25 min. no shock and no touching,"tired at 24 min. no shock, ran well rest of the time","backwalked one time. no shock, walked entire time",ran forward most of the time. used shock 3-4 times,ran forward almost entire time. no shock.,got tired in the last 8 min. had to push at the end,"ran well entire time, got tired and had to use shock","barely touched, shock used a couple times",good until times 25 min. tired,tired at 20 min. ran well w/ shock,try to sit on shock as much as possible,ran forward almost entire time,"struggled first 5 min. got better, got tired around 34 min. sat on shock often",ran forward entire time,"lazy, got tired at 30 and sat on shock",struggled for 10 min. got better and staged good,shocked a few times. ran well,shock at beginning. ran well after,"ran well. lazy, had to use shock a few times",struggled 5 min. got tired around 40 min.,"struggled at the beginning, ran well after",ran relatively well with shock. increase around 35 min. to 0.4,ran well with shock 0.3 stopped 6 times from 25 min. prod,"ran well under low shock. from 30 min. got tired, prod: better",very difficult. stopped frequently,"resist to run at first, with shock. got tired around 35 min. prodded","ran well, little shock",consistently ran but still needed shock,VO2 max,lazy at end. good at beginning,ran okay until 20 min. got tired,resist to run from 20 min. needed to prod,ran well with shock. not much prodding needed
10027912,male,8w,14JUL2018,15JUL2018,16JUL2018,17JUL2018,18JUL2018,21JUL2018,22JUL2018,23JUL2018,24JUL2018,25JUL2018,28JUL2018,29JUL2018,30JUL2018,31JUL2018,01AUG2018,04AUG2018,05AUG2018,06AUG2018,07AUG2018,08AUG2018,11AUG2018,12AUG2018,13AUG2018,14AUG2018,15AUG2018,18AUG2018,19AUG2018,20AUG2018,21AUG2018,22AUG2018,25AUG2018,26AUG2018,27AUG2018,28AUG2018,29AUG2018,01SEP2018,02SEP2018,03SEP2018,04SEP2018,05SEP2018,11:52,11:31,11:56,11:20,11:10,11:55,11:50,11:56,11:22,11:06,11:25,10:10,12:00,12:24,12:28,12:05,11:33,11:15,11:39,11:08,12:12,11:10,11:50,11:12,11:09,13:42,11:30,12:00,12:00,11:30,12:20,11:42,12:05,11:30,11:04,,11:50,10:00,10:00,10:10,13,13,13,13,13,15,15,15,15,15,15,15,15,15,15,18,18,18,18,18,20,20,20,20,20,23,23,23,23,23,25,25,25,25,25,25,25,25,25,5,5,5,5,5,5,5,5,5,5,10,10,10,10,10,10,10,10,10,10,10,10,10,10,10,10,10,10,10,10,10,10,10,10,10,10,10,10,10,20,21,22,23,24,25,26,27,28,29,30,31,32,33,34,35,36,37,38,39,40,41,42,43,44,45,46,47,48,49,50,50,50,50,50,50,50,50,50,2,2,3,3,3,2,2,2,3,2,2,2,2,2,2,2,2,2,3,2,3,3,3,2,3,3,2,2,3,3,2,2,2,2,2,2,2,2,2,used shock after 5 min. got lazy,backwalked 1/3. used shock,"used shock at beginning, ran well after",shock around 10 min. ran well,"shock at beginning, ran well after",got shock 5 times. sat on the shock often,"back walked at the beginning. laid, shock. good until 15 min. sat on shock with shock, needed to push (not really willing to run)",not willing to run. shock on entire time,shock used several times. lazy,better. touching him a lot. stressful,lazy. terrible. sat on shock 1/2 time. ran backwards,lazy. sat on shock several times. stubborn,had to keep pushing until 20 min. Got better after 0.4 shock.,tired at end. lazy. had to keep using shocks,lazy. sat on shock. ran backwards,tired at 20 min. ran well before,tired at 20 min. ran well with shock,tried to sit on shock as much as possible,ran forward entire time,Tried to sit on the shock area for first 10 min. after struggling for 10 min. got better but got tired around 33 min.,ran forward entire time,ran forward entire time,"tried to run whole time, from 36 min. occasionally slid down and got shock",tried to sit on shock,shocked at beginning. ran well after,shocked couple times. ran well after,sat on the shock no matter how strong the shock was. prodded,struggled at the beginning 0.4 shock. got better,struggled 10 min. constantly stop. increased shock,struggled first 5 min. with shock 0.4 ran well,started okay. struggled from 20 min. until the end,very difficult. stopped often,started well. sat on shock consistently from 25 min.,difficult. needed shock,lazy. sat down needed shock and pushed,VO2 max,had to push whole time,had to push hard from 35 min.,ran okay from 20 min. pretty bad,ran well with shock on
10023259,male,control,10JUL2018,11JUL2018,12JUL2018,13JUL2018,14JUL2018,17JUL2018,18JUL2018,19JUL2018,20JUL2018,21JUL2018,24JUL2018,25JUL2018,26JUL2018,27JUL2018,28JUL2018,31JUL2018,01AUG2018,02AUG2018,03AUG2018,04AUG2018,07AUG2018,08AUG2018,09AUG2018,10AUG2018,11AUG2018,14AUG2018,15AUG2018,16AUG2018,17AUG2018,18AUG2018,21AUG2018,22AUG2018,23AUG2018,24AUG2018,25AUG2018,28AUG2018,29AUG2018,30AUG2018,31AUG2018,01SEP2018,10:14,10:13,09:57,11:18,10:41,10:17,09:57,09:56,10:08,10:05,09:57,09:56,09:58,11:20,09:55,11:57,11:58,12:46,12:18,12:19,10:52,11:02,11:40,12:05,12:31,10:04,11:13,11:25,11:25,11:29,10:10,11:30,11:00,10:00,12:15,,09:36,11:30,12:00,12:45,0,0,0,0,0,0,0,0,0,0,0,0,0,0,0,0,0,0,0,0,0,0,0,0,0,0,0,0,0,0,0,0,0,0,0,0,0,0,0,5,5,5,5,5,5,5,5,5,5,10,10,10,10,10,10,10,10,10,10,10,10,10,10,10,10,10,10,10,10,10,10,10,10,10,10,10,10,10,20,21,22,23,24,25,26,15,15,15,15,15,15,15,15,15,15,15,15,15,15,15,15,15,15,15,15,15,15,15,15,15,15,15,15,15,15,15,15,NA,NA,NA,NA,NA,NA,NA,NA,NA,NA,NA,NA,NA,NA,NA,NA,NA,NA,NA,NA,NA,NA,NA,NA,NA,NA,NA,NA,NA,NA,NA,NA,NA,NA,NA,NA,NA,NA,NA,Control,Control,Control,Control,Control,Control,Control,Control,Control,Control,Control,Control,Control,Control,Control,Control,Control,Control,Control,Control,Control,Control,Control,Control,Control,Control,Control,Control,Control,Control,Control,Control,Control,Control,Control,VO2 Test,Control,Control,Control,Control
10024816,male,control,10JUL2018,11JUL2018,12JUL2018,13JUL2018,14JUL2018,17JUL2018,18JUL2018,19JUL2018,20JUL2018,21JUL2018,24JUL2018,25JUL2018,26JUL2018,27JUL2018,28JUL2018,31JUL2018,01AUG2018,02AUG2018,03AUG2018,04AUG2018,07AUG2018,08AUG2018,09AUG2018,10AUG2018,11AUG2018,14AUG2018,15AUG2018,16AUG2018,17AUG2018,18AUG2018,21AUG2018,22AUG2018,23AUG2018,24AUG2018,25AUG2018,28AUG2018,29AUG2018,30AUG2018,31AUG2018,01SEP2018,10:14,10:13,09:57,11:18,10:41,10:17,09:57,09:56,10:08,10:05,09:57,09:56,09:58,11:20,09:55,11:57,11:58,12:46,12:18,12:19,10:52,11:02,11:40,12:05,12:31,10:04,11:13,11:25,11:25,11:29,10:10,11:30,11:30,11:00,12:15,,09:36,11:30,12:00,12:45,0,0,0,0,0,0,0,0,0,0,0,0,0,0,0,0,0,0,0,0,0,0,0,0,0,0,0,0,0,0,0,0,0,0,0,0,0,0,0,5,5,5,5,5,5,5,5,5,5,10,10,10,10,10,10,10,10,10,10,10,10,10,10,10,10,10,10,10,10,10,10,10,10,10,10,10,10,10,20,21,22,23,24,25,26,27,15,15,15,15,15,15,15,15,15,15,15,15,15,15,15,15,15,15,15,15,15,15,15,15,15,15,15,15,15,15,15,NA,NA,NA,NA,NA,NA,NA,NA,NA,NA,NA,NA,NA,NA,NA,NA,NA,NA,NA,NA,NA,NA,NA,NA,NA,NA,NA,NA,NA,NA,NA,NA,NA,NA,NA,NA,NA,NA,NA,"control, no score",control,control,control,control,control,control,control,control,control,control,control,control,control,control,control,control,control,control,control,control,control,control,control,control,control,control,control,control,control,control,control,control,control,control,VO2 test,control,control,control,control
10025464,male,control,11JUL2018,12JUL2018,13JUL2018,14JUL2018,15JUL2018,18JUL2018,19JUL2018,20JUL2018,21JUL2018,22JUL2018,25JUL2018,26JUL2018,27JUL2018,28JUL2018,29JUL2018,01AUG2018,02AUG2018,03AUG2018,04AUG2018,05AUG2018,08AUG2018,09AUG2018,10AUG2018,11AUG2018,12AUG2018,15AUG2018,16AUG2018,17AUG2018,18AUG2018,19AUG2018,22AUG2018,23AUG2018,24AUG2018,25AUG2018,26AUG2018,29AUG2018,30AUG2018,31AUG2018,01SEP2018,02SEP2018,10:46,10:27,11:18,10:41,10:01,09:57,09:56,10:08,10:05,10:20,09:56,09:58,10:20,09:55,09:45,11:58,12:06,12:18,12:19,11:06,11:02,11:40,12:05,12:31,12:08,11:13,11:25,12:15,12:15,10:20,11:30,11:00,10:00,12:15,10:09,,11:30,12:00,12:45,10:02,0,0,0,0,0,0,0,0,0,0,0,0,0,0,0,0,0,0,0,0,0,0,0,0,0,0,0,0,0,0,0,0,0,0,0,0,0,0,0,5,5,5,5,5,5,5,5,5,5,10,10,10,10,10,10,10,10,10,10,10,10,10,10,10,10,10,10,10,10,10,10,10,10,10,10,10,10,10,20,21,22,23,24,25,15,15,15,15,15,15,15,15,15,15,15,15,15,15,15,15,15,15,15,15,15,15,15,15,15,15,15,15,15,15,15,15,15,NA,NA,NA,NA,NA,NA,NA,NA,NA,NA,NA,NA,NA,NA,NA,NA,NA,NA,NA,NA,NA,NA,NA,NA,NA,NA,NA,NA,NA,NA,NA,NA,NA,NA,NA,NA,NA,NA,NA,control,control,control,control,control,control,control,control,control,control,control,control,control,control,control,control,control,control,control,control,control,control,control,control,control,control,control,control,control,control,control,control,control,control,control,VO2 test,control,control,control,control
10025545,male,control,11JUL2018,12JUL2018,13JUL2018,14JUL2018,15JUL2018,18JUL2018,19JUL2018,20JUL2018,21JUL2018,22JUL2018,25JUL2018,26JUL2018,27JUL2018,28JUL2018,29JUL2018,01AUG2018,02AUG2018,03AUG2018,04AUG2018,05AUG2018,08AUG2018,09AUG2018,10AUG2018,11AUG2018,12AUG2018,15AUG2018,16AUG2018,17AUG2018,18AUG2018,19AUG2018,22AUG2018,23AUG2018,24AUG2018,25AUG2018,26AUG2018,29AUG2018,30AUG2018,31AUG2018,01SEP2018,02SEP2018,10:46,10:27,11:18,10:41,10:01,09:57,09:56,10:08,10:05,10:20,09:56,09:58,11:20,09:55,09:45,11:58,12:06,12:18,12:19,11:06,11:02,11:40,12:05,12:32,12:08,11:13,11:25,12:15,12:15,10:20,11:30,11:00,10:00,12:15,10:09,,11:30,12:00,12:45,10:02,0,0,0,0,0,0,0,0,0,0,0,0,0,0,0,0,0,0,0,0,0,0,0,0,0,0,0,0,0,0,0,0,0,0,0,0,0,0,0,5,5,5,5,5,5,5,5,5,5,10,10,10,10,10,10,10,10,10,10,10,10,10,10,10,10,10,10,10,10,10,10,10,10,10,10,10,10,10,20,21,22,23,24,25,15,15,15,15,15,15,15,15,15,15,15,15,15,15,15,15,15,15,15,15,15,15,15,15,15,15,15,15,15,15,15,15,15,NA,NA,NA,NA,NA,NA,NA,NA,NA,NA,NA,NA,NA,NA,NA,NA,NA,NA,NA,NA,NA,NA,NA,NA,NA,NA,NA,NA,NA,NA,NA,NA,NA,NA,NA,NA,NA,NA,NA,control,control,control,control,control,control,control,control,control,control,control,control,control,control,control,control,control,control,control,control,control,control,control,control,control,control,control,control,control,control,control,control,control,control,control,VO2 test,control,control,control,control
10026002,male,control,12JUL2018,13JUL2018,14JUL2018,15JUL2018,16JUL2018,19JUL2018,20JUL2018,21JUL2018,22JUL2018,23JUL2018,26JUL2018,27JUL2018,28JUL2018,29JUL2018,30JUL2018,02AUG2018,03AUG2018,04AUG2018,05AUG2018,06AUG2018,09AUG2018,10AUG2018,11AUG2018,12AUG2018,13AUG2018,16AUG2018,17AUG2018,18AUG2018,19AUG2018,20AUG2018,23AUG2018,24AUG2018,25AUG2018,26AUG2018,27AUG2018,30AUG2018,31AUG2018,01SEP2018,02SEP2018,03SEP2018,11:00,11:45,11:32,11:01,11:11,10:40,10:45,11:10,10:20,10:55,10:58,11:32,10:50,09:45,12:00,12:06,12:18,12:04,11:06,11:15,12:00,12:05,12:12,12:08,11:45,11:45,12:15,11:55,11:55,12:15,11:20,10:30,12:35,10:09,12:05,,11:50,12:00,10:02,11:00,0,0,0,0,0,0,0,0,0,0,0,0,0,0,0,0,0,0,0,0,0,0,0,0,0,0,0,0,0,0,0,0,0,0,0,0,0,0,0,5,5,5,5,5,5,5,5,5,5,10,10,10,10,10,10,10,10,10,10,10,10,10,10,10,10,10,10,10,10,10,10,10,10,10,10,10,10,10,20,21,22,23,24,15,15,15,15,15,15,15,15,15,15,15,15,15,15,15,15,15,15,15,15,15,15,15,15,15,15,15,15,15,15,15,15,15,15,NA,NA,NA,NA,NA,NA,NA,NA,NA,NA,NA,NA,NA,NA,NA,NA,NA,NA,NA,NA,NA,NA,NA,NA,NA,NA,NA,NA,NA,NA,NA,NA,NA,NA,NA,NA,NA,NA,NA,control,control,control,control,control,control,control,control,control,control,control,control,control,control,control,control,control,control,control,control,control,control,control,control,control,control,control,control,control,control,control,control,control,control,control,VO2 test,control,control,control,control
10026274,male,control,12JUL2018,13JUL2018,14JUL2018,15JUL2018,16JUL2018,19JUL2018,20JUL2018,21JUL2018,22JUL2018,23JUL2018,26JUL2018,27JUL2018,28JUL2018,29JUL2018,30JUL2018,02AUG2018,03AUG2018,04AUG2018,05AUG2018,06AUG2018,09AUG2018,10AUG2018,11AUG2018,12AUG2018,13AUG2018,16AUG2018,17AUG2018,18AUG2018,19AUG2018,20AUG2018,23AUG2018,24AUG2018,25AUG2018,26AUG2018,27AUG2018,30AUG2018,31AUG2018,01SEP2018,02SEP2018,03SEP2018,11:00,11:45,11:32,10:01,11:11,10:40,10:45,11:10,10:20,10:55,10:58,11:32,10:50,09:45,12:00,12:06,12:18,12:04,11:06,11:15,12:00,12:05,12:12,12:08,11:45,11:45,12:15,11:55,11:55,12:15,11:20,10:30,12:35,10:09,12:05,,11:50,12:00,10:02,11:00,0,0,0,0,0,0,0,0,0,0,0,0,0,0,0,0,0,0,0,0,0,0,0,0,0,0,0,0,0,0,0,0,0,0,0,0,0,0,0,5,5,5,5,5,5,5,5,5,5,10,10,10,10,10,10,10,10,10,10,10,10,10,10,10,10,10,10,10,10,10,10,10,10,10,10,10,10,10,20,21,22,23,24,15,15,15,15,15,15,15,15,15,15,15,15,15,15,15,15,15,15,15,15,15,15,15,15,15,15,15,15,15,15,15,15,15,15,NA,NA,NA,NA,NA,NA,NA,NA,NA,NA,NA,NA,NA,NA,NA,NA,NA,NA,NA,NA,NA,NA,NA,NA,NA,NA,NA,NA,NA,NA,NA,NA,NA,NA,NA,NA,NA,NA,NA,Control,Control,Control,Control,Control,Control,Control,Control,Control,Control,Control,Control,Control,Control,Control,Control,Control,Control,Control,Control,Control,Control,Control,Control,Control,Control,Control,Control,Control,Control,Control,Control,Control,Control,Control,VO2 test,Control,Control,Control,Control
10026355,male,control,12JUL2018,13JUL2018,14JUL2018,15JUL2018,16JUL2018,19JUL2018,20JUL2018,21JUL2018,22JUL2018,23JUL2018,26JUL2018,27JUL2018,28JUL2018,29JUL2018,30JUL2018,02AUG2018,03AUG2018,04AUG2018,05AUG2018,06AUG2018,09AUG2018,10AUG2018,11AUG2018,12AUG2018,13AUG2018,16AUG2018,17AUG2018,18AUG2018,19AUG2018,20AUG2018,23AUG2018,24AUG2018,25AUG2018,26AUG2018,27AUG2018,30AUG2018,31AUG2018,01SEP2018,02SEP2018,03SEP2018,11:00,11:45,11:32,10:01,11:11,10:40,10:45,10:10,10:20,10:55,10:58,11:32,10:50,09:48,12:00,12:00,12:18,12:04,11:06,11:15,12:00,12:05,12:12,12:08,11:45,11:45,12:15,11:55,11:55,12:15,11:20,10:30,12:25,10:09,12:05,,11:50,12:00,10:02,11:00,0,0,0,0,0,0,0,0,0,0,0,0,0,0,0,0,0,0,0,0,0,0,0,0,0,0,0,0,0,0,0,0,0,0,0,0,0,0,0,5,5,5,5,5,5,5,5,5,5,10,10,10,10,10,10,10,10,10,10,10,10,10,10,10,10,10,10,10,10,10,10,10,10,10,10,10,10,10,20,21,22,23,24,15,15,15,15,15,15,15,15,15,15,15,15,15,15,15,15,15,15,15,15,15,15,15,15,15,15,15,15,15,15,15,15,15,15,NA,NA,NA,NA,NA,NA,NA,NA,NA,NA,NA,NA,NA,NA,NA,NA,NA,NA,NA,NA,NA,NA,NA,NA,NA,NA,NA,NA,NA,NA,NA,NA,NA,NA,NA,NA,NA,NA,NA,Control,Control,Control,Control,Control,Control,Control,Control,Control,Control,Control,Control,Control,Control,Control,Control,Control,Control,Control,Control,Control,Control,Control,Control,Control,Control,Control,Control,Control,Control,Control,Control,Control,Control,Control,VO2 test,Control,Control,Control,Control
10026517,male,control,13JUL2018,14JUL2018,15JUL2018,16JUL2018,17JUL2018,20JUL2018,21JUL2018,22JUL2018,23JUL2018,24JUL2018,27JUL2018,28JUL2018,29JUL2018,30JUL2018,31JUL2018,03AUG2018,04AUG2018,05AUG2018,06AUG2018,07AUG2018,10AUG2018,11AUG2018,12AUG2018,13AUG2018,14AUG2018,17AUG2018,18AUG2018,19AUG2018,20AUG2018,21AUG2018,24AUG2018,25AUG2018,26AUG2018,27AUG2018,28AUG2018,31AUG2018,01SEP2018,02SEP2018,03SEP2018,04SEP2018,11:45,11:32,10:58,11:11,10:54,10:45,11:10,11:10,10:55,09:57,11:32,10:50,11:20,12:00,11:57,12:16,12:05,11:06,11:15,10:50,12:05,12:12,12:08,11:45,10:04,12:15,11:55,12:45,12:45,10:10,10:30,12:35,11:11,12:05,12:30,,12:00,10:02,11:00,11:00,0,0,0,0,0,0,0,0,0,0,0,0,0,0,0,0,0,0,0,0,0,0,0,0,0,0,0,0,0,0,0,0,0,0,0,0,0,0,0,5,5,5,5,5,5,5,5,5,5,10,10,10,10,10,10,10,10,10,10,10,10,10,10,10,10,10,10,10,10,10,10,10,10,10,10,10,10,10,20,21,22,23,24,15,15,15,15,15,15,15,15,15,15,15,15,15,15,15,15,15,15,15,15,15,15,15,15,15,15,15,15,15,15,15,15,15,15,NA,NA,NA,NA,NA,NA,NA,NA,NA,NA,NA,NA,NA,NA,NA,NA,NA,NA,NA,NA,NA,NA,NA,NA,NA,NA,NA,NA,NA,NA,NA,NA,NA,NA,NA,NA,NA,NA,NA,Control,Control,Control,Control,Control,Control,Control,Control,Control,Control,Control,Control,Control,Control,Control,Control,Control,Control,Control,Control,Control,Control,Control,Control,Control,Control,Control,Control,Control,Control,Control,Control,Control,Control,Control,VO2 test,Control,Control,Control,Control
10026789,male,control,13JUL2018,14JUL2018,15JUL2018,16JUL2018,17JUL2018,20JUL2018,21JUL2018,22JUL2018,23JUL2018,24JUL2018,27JUL2018,28JUL2018,29JUL2018,30JUL2018,31JUL2018,03AUG2018,04AUG2018,05AUG2018,06AUG2018,07AUG2018,10AUG2018,11AUG2018,12AUG2018,13AUG2018,14AUG2018,17AUG2018,18AUG2018,19AUG2018,20AUG2018,21AUG2018,24AUG2018,25AUG2018,26AUG2018,27AUG2018,28AUG2018,31AUG2018,01SEP2018,02SEP2018,03SEP2018,04SEP2018,11:45,11:32,10:58,11:11,10:54,10:45,11:10,11:10,10:55,09:57,11:32,10:50,11:20,12:00,11:57,12:16,12:04,11:06,11:15,10:52,12:05,12:12,12:08,11:45,10:04,12:15,11:55,12:45,12:45,10:10,10:30,12:35,11:11,12:05,12:30,,12:00,10:02,11:00,11:00,0,0,0,0,0,0,0,0,0,0,0,0,0,0,0,0,0,0,0,0,0,0,0,0,0,0,0,0,0,0,0,0,0,0,0,0,0,0,0,5,5,5,5,5,5,5,5,5,5,10,10,10,10,10,10,10,10,10,10,10,10,10,10,10,10,10,10,10,10,10,10,10,10,10,10,10,10,10,20,21,22,23,24,15,15,15,15,15,15,15,15,15,15,15,15,15,15,15,15,15,15,15,15,15,15,15,15,15,15,15,15,15,15,15,15,15,15,NA,NA,NA,NA,NA,NA,NA,NA,NA,NA,NA,NA,NA,NA,NA,NA,NA,NA,NA,NA,NA,NA,NA,NA,NA,NA,NA,NA,NA,NA,NA,NA,NA,NA,NA,NA,NA,NA,NA,Control,Control,Control,Control,Control,Control,Control,Control,Control,Control,Control,Control,Control,Control,Control,Control,Control,Control,Control,Control,Control,Control,Control,Control,Control,Control,Control,Control,Control,Control,Control,Control,Control,Control,Control,VO2 test,Control,Control,Control,Control
10027327,male,control,14JUL2018,15JUL2018,16JUL2018,17JUL2018,18JUL2018,21JUL2018,22JUL2018,23JUL2018,24JUL2018,25JUL2018,28JUL2018,29JUL2018,30JUL2018,31JUL2018,01AUG2018,04AUG2018,05AUG2018,06AUG2018,07AUG2018,08AUG2018,11AUG2018,12AUG2018,13AUG2018,14AUG2018,15AUG2018,18AUG2018,19AUG2018,20AUG2018,21AUG2018,22AUG2018,25AUG2018,26AUG2018,27AUG2018,28AUG2018,29AUG2018,01SEP2018,02SEP2018,03SEP2018,04SEP2018,05SEP2018,12:03,10:58,12:22,10:54,10:42,11:40,11:10,11:30,11:22,11:25,11:47,11:20,11:47,11:57,11:58,12:41,11:06,11:45,11:20,11:32,12:50,12:08,12:03,10:04,11:35,11:55,12:45,12:35,12:35,12:00,13:00,11:11,12:25,12:30,09:36,,10:02,11:00,11:00,10:10,0,0,0,0,0,0,0,0,0,0,0,0,0,0,0,0,0,0,0,0,0,0,0,0,0,0,0,0,0,0,0,0,0,0,0,0,0,0,0,5,5,5,5,5,5,5,5,5,5,10,10,10,10,10,10,10,10,10,10,10,10,10,10,10,10,10,10,10,10,10,10,10,10,10,10,10,10,10,15,15,15,15,15,15,15,15,15,15,15,15,15,15,15,15,15,15,15,15,15,15,15,15,15,15,15,15,15,15,15,15,15,15,15,15,15,15,15,NA,NA,NA,NA,NA,NA,NA,NA,NA,NA,NA,NA,NA,NA,NA,NA,NA,NA,NA,NA,NA,NA,NA,NA,NA,NA,NA,NA,NA,NA,NA,NA,NA,NA,NA,NA,NA,NA,NA,control,control,control,control,control,control,control,control,control,control,control,control,control,control,control,control,control,control,control,control,control,control,control,control,control,control,control,control,control,control,control,control,control,control,control,VO2 max,control,control,control,control
10027599,male,control,14JUL2018,15JUL2018,16JUL2018,17JUL2018,18JUL2018,21JUL2018,22JUL2018,23JUL2018,24JUL2018,25JUL2018,28JUL2018,29JUL2018,30JUL2018,31JUL2018,01AUG2018,04AUG2018,05AUG2018,06AUG2018,07AUG2018,08AUG2018,11AUG2018,12AUG2018,13AUG2018,14AUG2018,15AUG2018,18AUG2018,19AUG2018,20AUG2018,21AUG2018,22AUG2018,25AUG2018,26AUG2018,27AUG2018,28AUG2018,29AUG2018,01SEP2018,02SEP2018,03SEP2018,04SEP2018,05SEP2018,12:03,10:58,12:22,10:54,10:42,11:40,11:10,11:20,11:22,11:25,11:47,11:20,11:47,11:57,11:58,12:41,11:06,11:45,11:20,11:32,12:50,12:08,12:03,10:31,11:35,11:55,12:45,12:35,12:35,12:00,13:00,11:11,12:25,12:30,09:36,,10:02,11:00,11:00,10:10,0,0,0,0,0,0,0,0,0,0,0,0,0,0,0,0,0,0,0,0,0,0,0,0,0,0,0,0,0,0,0,0,0,0,0,0,0,0,0,5,5,5,5,5,5,5,5,5,5,10,10,10,10,10,10,10,10,10,10,10,10,10,10,10,10,10,10,10,10,10,10,10,10,10,10,10,10,10,20,21,22,23,24,15,15,15,15,15,15,15,15,15,15,15,15,15,15,15,15,15,15,15,15,15,15,15,15,15,15,15,15,15,15,15,15,15,15,NA,NA,NA,NA,NA,NA,NA,NA,NA,NA,NA,NA,NA,NA,NA,NA,NA,NA,NA,NA,NA,NA,NA,NA,NA,NA,NA,NA,NA,NA,NA,NA,NA,NA,NA,NA,NA,NA,NA,control,control,control,control,control,control,control,control,control,control,control,control,control,control,control,control,control,control,control,control,control,control,control,control,control,control,control,control,control,control,control,control,control,control,control,VO2 max,control,control,control,control
10027831,male,control,14JUL2018,15JUL2018,16JUL2018,17JUL2018,18JUL2018,21JUL2018,22JUL2018,23JUL2018,24JUL2018,25JUL2018,28JUL2018,29JUL2018,30JUL2018,31JUL2018,01AUG2018,04AUG2018,05AUG2018,06AUG2018,07AUG2018,08AUG2018,11AUG2018,12AUG2018,13AUG2018,14AUG2018,15AUG2018,18AUG2018,19AUG2018,20AUG2018,21AUG2018,22AUG2018,25AUG2018,26AUG2018,27AUG2018,28AUG2018,29AUG2018,01SEP2018,02SEP2018,03SEP2018,04SEP2018,05SEP2018,12:03,10:58,12:22,10:54,10:42,11:40,11:10,11:30,11:22,11:25,11:47,11:20,11:47,11:57,11:58,12:47,11:06,11:45,11:20,11:32,12:50,12:08,12:03,10:31,11:35,11:55,12:45,12:35,12:35,12:00,13:00,11:11,12:25,12:30,09:36,,10:02,11:00,11:00,10:10,0,0,0,0,0,0,0,0,0,0,0,0,0,0,0,0,0,0,0,0,0,0,0,0,0,0,0,0,0,0,0,0,0,0,0,0,0,0,0,5,5,5,5,5,5,5,5,5,5,10,10,10,10,10,10,10,10,10,10,10,10,10,10,10,10,10,10,10,10,10,10,10,10,10,10,10,10,10,20,21,22,23,24,15,15,15,15,15,15,15,15,15,15,15,15,15,15,15,15,15,15,15,15,15,15,15,15,15,15,15,15,15,15,15,15,15,15,NA,NA,NA,NA,NA,NA,NA,NA,NA,NA,NA,NA,NA,NA,NA,NA,NA,NA,NA,NA,NA,NA,NA,NA,NA,NA,NA,NA,NA,NA,NA,NA,NA,NA,NA,NA,NA,NA,NA,control,control,control,control,control,control,control,control,control,control,control,control,control,control,control,control,control,control,control,control,control,control,control,control,control,control,control,control,control,control,control,control,control,control,control,VO2 max,control,control,control,control
