viallabel,pid,group,sex,tissue
90560016002,10700102,1w,female,ADRNL
90560016003,10700102,1w,female,ADRNL
90560016004,10700102,1w,female,ADRNL
90560016902,10700102,1w,female,BAT
90560016903,10700102,1w,female,BAT
90560016904,10700102,1w,female,BAT
90560016905,10700102,1w,female,BAT
90560016906,10700102,1w,female,BAT
90560016907,10700102,1w,female,BAT
90560016908,10700102,1w,female,BAT
90560016909,10700102,1w,female,BAT
90560013001,10700102,1w,female,BLOOD
90560016102,10700102,1w,female,COLON
90560016103,10700102,1w,female,COLON
90560016104,10700102,1w,female,COLON
90560015302,10700102,1w,female,CORTEX
90560015303,10700102,1w,female,CORTEX
90560015304,10700102,1w,female,CORTEX
90560015305,10700102,1w,female,CORTEX
90560015802,10700102,1w,female,HEART
90560015803,10700102,1w,female,HEART
90560015804,10700102,1w,female,HEART
90560015805,10700102,1w,female,HEART
90560015806,10700102,1w,female,HEART
90560015807,10700102,1w,female,HEART
90560015808,10700102,1w,female,HEART
90560015809,10700102,1w,female,HEART
90560015810,10700102,1w,female,HEART
90560015812,10700102,1w,female,HEART
90560015202,10700102,1w,female,HIPPOC
90560015203,10700102,1w,female,HIPPOC
90560015204,10700102,1w,female,HIPPOC
90560015205,10700102,1w,female,HIPPOC
90560015206,10700102,1w,female,HIPPOC
90560015207,10700102,1w,female,HIPPOC
90560015208,10700102,1w,female,HIPPOC
90560015210,10700102,1w,female,HIPPOC
90560015402,10700102,1w,female,HYPOTH
90560015403,10700102,1w,female,HYPOTH
90560015404,10700102,1w,female,HYPOTH
90560015902,10700102,1w,female,KIDNEY
90560015903,10700102,1w,female,KIDNEY
90560015904,10700102,1w,female,KIDNEY
90560015905,10700102,1w,female,KIDNEY
90560015906,10700102,1w,female,KIDNEY
90560015907,10700102,1w,female,KIDNEY
90560015908,10700102,1w,female,KIDNEY
90560015909,10700102,1w,female,KIDNEY
90560015911,10700102,1w,female,KIDNEY
90560016803,10700102,1w,female,LIVER
90560016804,10700102,1w,female,LIVER
90560016805,10700102,1w,female,LIVER
90560016806,10700102,1w,female,LIVER
90560016807,10700102,1w,female,LIVER
90560016808,10700102,1w,female,LIVER
90560016809,10700102,1w,female,LIVER
90560016810,10700102,1w,female,LIVER
90560016811,10700102,1w,female,LIVER
90560016813,10700102,1w,female,LIVER
90560016602,10700102,1w,female,LUNG
90560016603,10700102,1w,female,LUNG
90560016604,10700102,1w,female,LUNG
90560016605,10700102,1w,female,LUNG
90560016606,10700102,1w,female,LUNG
90560016607,10700102,1w,female,LUNG
90560016608,10700102,1w,female,LUNG
90560016609,10700102,1w,female,LUNG
90560016611,10700102,1w,female,LUNG
90560016402,10700102,1w,female,OVARY
90560016403,10700102,1w,female,OVARY
90560016404,10700102,1w,female,OVARY
90560013104,10700102,1w,female,PLASMA
90560013105,10700102,1w,female,PLASMA
90560013106,10700102,1w,female,PLASMA
90560013107,10700102,1w,female,PLASMA
90560013108,10700102,1w,female,PLASMA
90560013110,10700102,1w,female,PLASMA
90560013111,10700102,1w,female,PLASMA
90560015503,10700102,1w,female,SKM-GN
90560015504,10700102,1w,female,SKM-GN
90560015505,10700102,1w,female,SKM-GN
90560015507,10700102,1w,female,SKM-GN
90560015508,10700102,1w,female,SKM-GN
90560015509,10700102,1w,female,SKM-GN
90560015510,10700102,1w,female,SKM-GN
90560015511,10700102,1w,female,SKM-GN
90560015512,10700102,1w,female,SKM-GN
90560015514,10700102,1w,female,SKM-GN
90560015516,10700102,1w,female,SKM-GN
90560015603,10700102,1w,female,SKM-VL
90560015604,10700102,1w,female,SKM-VL
90560015605,10700102,1w,female,SKM-VL
90560016702,10700102,1w,female,SMLINT
90560016703,10700102,1w,female,SMLINT
90560016704,10700102,1w,female,SMLINT
90560016202,10700102,1w,female,SPLEEN
90560016203,10700102,1w,female,SPLEEN
90560016204,10700102,1w,female,SPLEEN
90560016502,10700102,1w,female,VENACV
90560016503,10700102,1w,female,VENACV
90560016504,10700102,1w,female,VENACV
90560017003,10700102,1w,female,WAT-SC
90560017004,10700102,1w,female,WAT-SC
90560017005,10700102,1w,female,WAT-SC
90560017006,10700102,1w,female,WAT-SC
90560017007,10700102,1w,female,WAT-SC
90560017008,10700102,1w,female,WAT-SC
90560017009,10700102,1w,female,WAT-SC
90560017010,10700102,1w,female,WAT-SC
90560017011,10700102,1w,female,WAT-SC
90560017012,10700102,1w,female,WAT-SC
90560017014,10700102,1w,female,WAT-SC
90560017702,10700102,1w,female,NA
90573013104,10760008,1w,female,PLASMA
90561013104,10770666,1w,female,PLASMA
90562013104,10780629,1w,female,PLASMA
90563013104,10784616,1w,female,PLASMA
90564016002,10833331,1w,female,ADRNL
90564016003,10833331,1w,female,ADRNL
90564016004,10833331,1w,female,ADRNL
90564016005,10833331,1w,female,ADRNL
90564016902,10833331,1w,female,BAT
90564016903,10833331,1w,female,BAT
90564016904,10833331,1w,female,BAT
90564016905,10833331,1w,female,BAT
90564016906,10833331,1w,female,BAT
90564013001,10833331,1w,female,BLOOD
90564016102,10833331,1w,female,COLON
90564016103,10833331,1w,female,COLON
90564016104,10833331,1w,female,COLON
90564015302,10833331,1w,female,CORTEX
90564015303,10833331,1w,female,CORTEX
90564015304,10833331,1w,female,CORTEX
90564015305,10833331,1w,female,CORTEX
90564015802,10833331,1w,female,HEART
90564015803,10833331,1w,female,HEART
90564015804,10833331,1w,female,HEART
90564015805,10833331,1w,female,HEART
90564015806,10833331,1w,female,HEART
90564015807,10833331,1w,female,HEART
90564015808,10833331,1w,female,HEART
90564015809,10833331,1w,female,HEART
90564015810,10833331,1w,female,HEART
90564015812,10833331,1w,female,HEART
90564015202,10833331,1w,female,HIPPOC
90564015203,10833331,1w,female,HIPPOC
90564015204,10833331,1w,female,HIPPOC
90564015205,10833331,1w,female,HIPPOC
90564015206,10833331,1w,female,HIPPOC
90564015207,10833331,1w,female,HIPPOC
90564015208,10833331,1w,female,HIPPOC
90564015210,10833331,1w,female,HIPPOC
90564015402,10833331,1w,female,HYPOTH
90564015403,10833331,1w,female,HYPOTH
90564015404,10833331,1w,female,HYPOTH
90564015902,10833331,1w,female,KIDNEY
90564015903,10833331,1w,female,KIDNEY
90564015904,10833331,1w,female,KIDNEY
90564015905,10833331,1w,female,KIDNEY
90564015906,10833331,1w,female,KIDNEY
90564015907,10833331,1w,female,KIDNEY
90564015908,10833331,1w,female,KIDNEY
90564015909,10833331,1w,female,KIDNEY
90564015911,10833331,1w,female,KIDNEY
90564016803,10833331,1w,female,LIVER
90564016804,10833331,1w,female,LIVER
90564016805,10833331,1w,female,LIVER
90564016806,10833331,1w,female,LIVER
90564016807,10833331,1w,female,LIVER
90564016808,10833331,1w,female,LIVER
90564016809,10833331,1w,female,LIVER
90564016810,10833331,1w,female,LIVER
90564016811,10833331,1w,female,LIVER
90564016813,10833331,1w,female,LIVER
90564016602,10833331,1w,female,LUNG
90564016603,10833331,1w,female,LUNG
90564016604,10833331,1w,female,LUNG
90564016605,10833331,1w,female,LUNG
90564016606,10833331,1w,female,LUNG
90564016607,10833331,1w,female,LUNG
90564016608,10833331,1w,female,LUNG
90564016609,10833331,1w,female,LUNG
90564016611,10833331,1w,female,LUNG
90564016402,10833331,1w,female,OVARY
90564016403,10833331,1w,female,OVARY
90564016404,10833331,1w,female,OVARY
90564013104,10833331,1w,female,PLASMA
90564013105,10833331,1w,female,PLASMA
90564013106,10833331,1w,female,PLASMA
90564013107,10833331,1w,female,PLASMA
90564013108,10833331,1w,female,PLASMA
90564013110,10833331,1w,female,PLASMA
90564013111,10833331,1w,female,PLASMA
90564015503,10833331,1w,female,SKM-GN
90564015504,10833331,1w,female,SKM-GN
90564015505,10833331,1w,female,SKM-GN
90564015507,10833331,1w,female,SKM-GN
90564015508,10833331,1w,female,SKM-GN
90564015509,10833331,1w,female,SKM-GN
90564015510,10833331,1w,female,SKM-GN
90564015511,10833331,1w,female,SKM-GN
90564015512,10833331,1w,female,SKM-GN
90564015514,10833331,1w,female,SKM-GN
90564015516,10833331,1w,female,SKM-GN
90564015603,10833331,1w,female,SKM-VL
90564015604,10833331,1w,female,SKM-VL
90564015605,10833331,1w,female,SKM-VL
90564016702,10833331,1w,female,SMLINT
90564016703,10833331,1w,female,SMLINT
90564016704,10833331,1w,female,SMLINT
90564016202,10833331,1w,female,SPLEEN
90564016203,10833331,1w,female,SPLEEN
90564016204,10833331,1w,female,SPLEEN
90564016502,10833331,1w,female,VENACV
90564016503,10833331,1w,female,VENACV
90564016504,10833331,1w,female,VENACV
90564017003,10833331,1w,female,WAT-SC
90564017004,10833331,1w,female,WAT-SC
90564017005,10833331,1w,female,WAT-SC
90564017006,10833331,1w,female,WAT-SC
90564017007,10833331,1w,female,WAT-SC
90564017008,10833331,1w,female,WAT-SC
90564017009,10833331,1w,female,WAT-SC
90564017010,10833331,1w,female,WAT-SC
90564017011,10833331,1w,female,WAT-SC
90564017012,10833331,1w,female,WAT-SC
90564017014,10833331,1w,female,WAT-SC
90564017702,10833331,1w,female,NA
90565013104,10886028,1w,female,PLASMA
90566013104,10901000,1w,female,PLASMA
90567016002,10901434,1w,female,ADRNL
90567016003,10901434,1w,female,ADRNL
90567016004,10901434,1w,female,ADRNL
90567016902,10901434,1w,female,BAT
90567016903,10901434,1w,female,BAT
90567016904,10901434,1w,female,BAT
90567016905,10901434,1w,female,BAT
90567016906,10901434,1w,female,BAT
90567016907,10901434,1w,female,BAT
90567016908,10901434,1w,female,BAT
90567016909,10901434,1w,female,BAT
90567013001,10901434,1w,female,BLOOD
90567016102,10901434,1w,female,COLON
90567016103,10901434,1w,female,COLON
90567016104,10901434,1w,female,COLON
90567016105,10901434,1w,female,COLON
90567015302,10901434,1w,female,CORTEX
90567015303,10901434,1w,female,CORTEX
90567015304,10901434,1w,female,CORTEX
90567015305,10901434,1w,female,CORTEX
90567015306,10901434,1w,female,CORTEX
90567015802,10901434,1w,female,HEART
90567015803,10901434,1w,female,HEART
90567015804,10901434,1w,female,HEART
90567015805,10901434,1w,female,HEART
90567015806,10901434,1w,female,HEART
90567015807,10901434,1w,female,HEART
90567015808,10901434,1w,female,HEART
90567015809,10901434,1w,female,HEART
90567015810,10901434,1w,female,HEART
90567015811,10901434,1w,female,HEART
90567015812,10901434,1w,female,HEART
90567015202,10901434,1w,female,HIPPOC
90567015203,10901434,1w,female,HIPPOC
90567015204,10901434,1w,female,HIPPOC
90567015205,10901434,1w,female,HIPPOC
90567015206,10901434,1w,female,HIPPOC
90567015207,10901434,1w,female,HIPPOC
90567015208,10901434,1w,female,HIPPOC
90567015209,10901434,1w,female,HIPPOC
90567015210,10901434,1w,female,HIPPOC
90567015402,10901434,1w,female,HYPOTH
90567015403,10901434,1w,female,HYPOTH
90567015902,10901434,1w,female,KIDNEY
90567015903,10901434,1w,female,KIDNEY
90567015904,10901434,1w,female,KIDNEY
90567015905,10901434,1w,female,KIDNEY
90567015906,10901434,1w,female,KIDNEY
90567015907,10901434,1w,female,KIDNEY
90567015908,10901434,1w,female,KIDNEY
90567015909,10901434,1w,female,KIDNEY
90567015910,10901434,1w,female,KIDNEY
90567015911,10901434,1w,female,KIDNEY
90567016803,10901434,1w,female,LIVER
90567016804,10901434,1w,female,LIVER
90567016805,10901434,1w,female,LIVER
90567016806,10901434,1w,female,LIVER
90567016807,10901434,1w,female,LIVER
90567016808,10901434,1w,female,LIVER
90567016809,10901434,1w,female,LIVER
90567016810,10901434,1w,female,LIVER
90567016811,10901434,1w,female,LIVER
90567016812,10901434,1w,female,LIVER
90567016813,10901434,1w,female,LIVER
90567016602,10901434,1w,female,LUNG
90567016603,10901434,1w,female,LUNG
90567016604,10901434,1w,female,LUNG
90567016605,10901434,1w,female,LUNG
90567016606,10901434,1w,female,LUNG
90567016607,10901434,1w,female,LUNG
90567016608,10901434,1w,female,LUNG
90567016609,10901434,1w,female,LUNG
90567016610,10901434,1w,female,LUNG
90567016611,10901434,1w,female,LUNG
90567016402,10901434,1w,female,OVARY
90567016403,10901434,1w,female,OVARY
90567016404,10901434,1w,female,OVARY
90567016405,10901434,1w,female,OVARY
90567013104,10901434,1w,female,PLASMA
90567013105,10901434,1w,female,PLASMA
90567013106,10901434,1w,female,PLASMA
90567013107,10901434,1w,female,PLASMA
90567013108,10901434,1w,female,PLASMA
90567013109,10901434,1w,female,PLASMA
90567013110,10901434,1w,female,PLASMA
90567013111,10901434,1w,female,PLASMA
90567015503,10901434,1w,female,SKM-GN
90567015504,10901434,1w,female,SKM-GN
90567015505,10901434,1w,female,SKM-GN
90567015507,10901434,1w,female,SKM-GN
90567015508,10901434,1w,female,SKM-GN
90567015509,10901434,1w,female,SKM-GN
90567015510,10901434,1w,female,SKM-GN
90567015511,10901434,1w,female,SKM-GN
90567015512,10901434,1w,female,SKM-GN
90567015514,10901434,1w,female,SKM-GN
90567015515,10901434,1w,female,SKM-GN
90567015516,10901434,1w,female,SKM-GN
90567015603,10901434,1w,female,SKM-VL
90567015604,10901434,1w,female,SKM-VL
90567015605,10901434,1w,female,SKM-VL
90567015606,10901434,1w,female,SKM-VL
90567016702,10901434,1w,female,SMLINT
90567016703,10901434,1w,female,SMLINT
90567016704,10901434,1w,female,SMLINT
90567016705,10901434,1w,female,SMLINT
90567016202,10901434,1w,female,SPLEEN
90567016203,10901434,1w,female,SPLEEN
90567016204,10901434,1w,female,SPLEEN
90567016205,10901434,1w,female,SPLEEN
90567016502,10901434,1w,female,VENACV
90567016503,10901434,1w,female,VENACV
90567016504,10901434,1w,female,VENACV
90567017003,10901434,1w,female,WAT-SC
90567017004,10901434,1w,female,WAT-SC
90567017005,10901434,1w,female,WAT-SC
90567017006,10901434,1w,female,WAT-SC
90567017007,10901434,1w,female,WAT-SC
90567017008,10901434,1w,female,WAT-SC
90567017009,10901434,1w,female,WAT-SC
90567017010,10901434,1w,female,WAT-SC
90567017011,10901434,1w,female,WAT-SC
90567017012,10901434,1w,female,WAT-SC
90567017013,10901434,1w,female,WAT-SC
90567017014,10901434,1w,female,WAT-SC
90567017702,10901434,1w,female,NA
90568013104,10914331,1w,female,PLASMA
90569016005,10934529,1w,female,ADRNL
90569015305,10934529,1w,female,CORTEX
90569015802,10934529,1w,female,HEART
90569015909,10934529,1w,female,KIDNEY
90569016803,10934529,1w,female,LIVER
90569016609,10934529,1w,female,LUNG
90569013104,10934529,1w,female,PLASMA
90569015503,10934529,1w,female,SKM-GN
90569017003,10934529,1w,female,WAT-SC
90569017702,10934529,1w,female,NA
90559016002,10950486,1w,female,ADRNL
90559016003,10950486,1w,female,ADRNL
90559016004,10950486,1w,female,ADRNL
90559016005,10950486,1w,female,ADRNL
90559016902,10950486,1w,female,BAT
90559016903,10950486,1w,female,BAT
90559016904,10950486,1w,female,BAT
90559016905,10950486,1w,female,BAT
90559016906,10950486,1w,female,BAT
90559016907,10950486,1w,female,BAT
90559013001,10950486,1w,female,BLOOD
90559016102,10950486,1w,female,COLON
90559016103,10950486,1w,female,COLON
90559016104,10950486,1w,female,COLON
90559016105,10950486,1w,female,COLON
90559015302,10950486,1w,female,CORTEX
90559015303,10950486,1w,female,CORTEX
90559015304,10950486,1w,female,CORTEX
90559015305,10950486,1w,female,CORTEX
90559015306,10950486,1w,female,CORTEX
90559015802,10950486,1w,female,HEART
90559015803,10950486,1w,female,HEART
90559015804,10950486,1w,female,HEART
90559015805,10950486,1w,female,HEART
90559015806,10950486,1w,female,HEART
90559015807,10950486,1w,female,HEART
90559015808,10950486,1w,female,HEART
90559015809,10950486,1w,female,HEART
90559015810,10950486,1w,female,HEART
90559015811,10950486,1w,female,HEART
90559015812,10950486,1w,female,HEART
90559015202,10950486,1w,female,HIPPOC
90559015203,10950486,1w,female,HIPPOC
90559015204,10950486,1w,female,HIPPOC
90559015205,10950486,1w,female,HIPPOC
90559015206,10950486,1w,female,HIPPOC
90559015207,10950486,1w,female,HIPPOC
90559015208,10950486,1w,female,HIPPOC
90559015209,10950486,1w,female,HIPPOC
90559015210,10950486,1w,female,HIPPOC
90559015402,10950486,1w,female,HYPOTH
90559015403,10950486,1w,female,HYPOTH
90559015902,10950486,1w,female,KIDNEY
90559015903,10950486,1w,female,KIDNEY
90559015904,10950486,1w,female,KIDNEY
90559015905,10950486,1w,female,KIDNEY
90559015906,10950486,1w,female,KIDNEY
90559015907,10950486,1w,female,KIDNEY
90559015908,10950486,1w,female,KIDNEY
90559015909,10950486,1w,female,KIDNEY
90559015910,10950486,1w,female,KIDNEY
90559015911,10950486,1w,female,KIDNEY
90559016803,10950486,1w,female,LIVER
90559016804,10950486,1w,female,LIVER
90559016805,10950486,1w,female,LIVER
90559016806,10950486,1w,female,LIVER
90559016807,10950486,1w,female,LIVER
90559016808,10950486,1w,female,LIVER
90559016809,10950486,1w,female,LIVER
90559016810,10950486,1w,female,LIVER
90559016811,10950486,1w,female,LIVER
90559016812,10950486,1w,female,LIVER
90559016813,10950486,1w,female,LIVER
90559016602,10950486,1w,female,LUNG
90559016603,10950486,1w,female,LUNG
90559016604,10950486,1w,female,LUNG
90559016605,10950486,1w,female,LUNG
90559016606,10950486,1w,female,LUNG
90559016607,10950486,1w,female,LUNG
90559016608,10950486,1w,female,LUNG
90559016609,10950486,1w,female,LUNG
90559016610,10950486,1w,female,LUNG
90559016611,10950486,1w,female,LUNG
90559016402,10950486,1w,female,OVARY
90559016403,10950486,1w,female,OVARY
90559016404,10950486,1w,female,OVARY
90559016405,10950486,1w,female,OVARY
90559013104,10950486,1w,female,PLASMA
90559013105,10950486,1w,female,PLASMA
90559013106,10950486,1w,female,PLASMA
90559013107,10950486,1w,female,PLASMA
90559013108,10950486,1w,female,PLASMA
90559013109,10950486,1w,female,PLASMA
90559013110,10950486,1w,female,PLASMA
90559013111,10950486,1w,female,PLASMA
90559015503,10950486,1w,female,SKM-GN
90559015504,10950486,1w,female,SKM-GN
90559015505,10950486,1w,female,SKM-GN
90559015507,10950486,1w,female,SKM-GN
90559015508,10950486,1w,female,SKM-GN
90559015509,10950486,1w,female,SKM-GN
90559015510,10950486,1w,female,SKM-GN
90559015511,10950486,1w,female,SKM-GN
90559015512,10950486,1w,female,SKM-GN
90559015514,10950486,1w,female,SKM-GN
90559015515,10950486,1w,female,SKM-GN
90559015516,10950486,1w,female,SKM-GN
90559015603,10950486,1w,female,SKM-VL
90559015604,10950486,1w,female,SKM-VL
90559015605,10950486,1w,female,SKM-VL
90559015606,10950486,1w,female,SKM-VL
90559016702,10950486,1w,female,SMLINT
90559016703,10950486,1w,female,SMLINT
90559016704,10950486,1w,female,SMLINT
90559016705,10950486,1w,female,SMLINT
90559016202,10950486,1w,female,SPLEEN
90559016203,10950486,1w,female,SPLEEN
90559016204,10950486,1w,female,SPLEEN
90559016205,10950486,1w,female,SPLEEN
90559016502,10950486,1w,female,VENACV
90559016503,10950486,1w,female,VENACV
90559016504,10950486,1w,female,VENACV
90559017003,10950486,1w,female,WAT-SC
90559017004,10950486,1w,female,WAT-SC
90559017005,10950486,1w,female,WAT-SC
90559017006,10950486,1w,female,WAT-SC
90559017007,10950486,1w,female,WAT-SC
90559017008,10950486,1w,female,WAT-SC
90559017009,10950486,1w,female,WAT-SC
90559017010,10950486,1w,female,WAT-SC
90559017011,10950486,1w,female,WAT-SC
90559017012,10950486,1w,female,WAT-SC
90559017013,10950486,1w,female,WAT-SC
90559017014,10950486,1w,female,WAT-SC
90559017702,10950486,1w,female,NA
90570013104,10950648,1w,female,PLASMA
90571016002,10953744,1w,female,ADRNL
90571016003,10953744,1w,female,ADRNL
90571016004,10953744,1w,female,ADRNL
90571016902,10953744,1w,female,BAT
90571016903,10953744,1w,female,BAT
90571016904,10953744,1w,female,BAT
90571016905,10953744,1w,female,BAT
90571016906,10953744,1w,female,BAT
90571016907,10953744,1w,female,BAT
90571016908,10953744,1w,female,BAT
90571016909,10953744,1w,female,BAT
90571013001,10953744,1w,female,BLOOD
90571016102,10953744,1w,female,COLON
90571016103,10953744,1w,female,COLON
90571016104,10953744,1w,female,COLON
90571016105,10953744,1w,female,COLON
90571015302,10953744,1w,female,CORTEX
90571015303,10953744,1w,female,CORTEX
90571015304,10953744,1w,female,CORTEX
90571015305,10953744,1w,female,CORTEX
90571015306,10953744,1w,female,CORTEX
90571015802,10953744,1w,female,HEART
90571015803,10953744,1w,female,HEART
90571015804,10953744,1w,female,HEART
90571015805,10953744,1w,female,HEART
90571015806,10953744,1w,female,HEART
90571015807,10953744,1w,female,HEART
90571015808,10953744,1w,female,HEART
90571015809,10953744,1w,female,HEART
90571015810,10953744,1w,female,HEART
90571015811,10953744,1w,female,HEART
90571015812,10953744,1w,female,HEART
90571015202,10953744,1w,female,HIPPOC
90571015203,10953744,1w,female,HIPPOC
90571015204,10953744,1w,female,HIPPOC
90571015205,10953744,1w,female,HIPPOC
90571015206,10953744,1w,female,HIPPOC
90571015207,10953744,1w,female,HIPPOC
90571015208,10953744,1w,female,HIPPOC
90571015209,10953744,1w,female,HIPPOC
90571015210,10953744,1w,female,HIPPOC
90571015402,10953744,1w,female,HYPOTH
90571015403,10953744,1w,female,HYPOTH
90571015404,10953744,1w,female,HYPOTH
90571015902,10953744,1w,female,KIDNEY
90571015903,10953744,1w,female,KIDNEY
90571015904,10953744,1w,female,KIDNEY
90571015905,10953744,1w,female,KIDNEY
90571015906,10953744,1w,female,KIDNEY
90571015907,10953744,1w,female,KIDNEY
90571015908,10953744,1w,female,KIDNEY
90571015909,10953744,1w,female,KIDNEY
90571015910,10953744,1w,female,KIDNEY
90571015911,10953744,1w,female,KIDNEY
90571016803,10953744,1w,female,LIVER
90571016804,10953744,1w,female,LIVER
90571016805,10953744,1w,female,LIVER
90571016806,10953744,1w,female,LIVER
90571016807,10953744,1w,female,LIVER
90571016808,10953744,1w,female,LIVER
90571016809,10953744,1w,female,LIVER
90571016810,10953744,1w,female,LIVER
90571016811,10953744,1w,female,LIVER
90571016812,10953744,1w,female,LIVER
90571016813,10953744,1w,female,LIVER
90571016602,10953744,1w,female,LUNG
90571016603,10953744,1w,female,LUNG
90571016604,10953744,1w,female,LUNG
90571016605,10953744,1w,female,LUNG
90571016606,10953744,1w,female,LUNG
90571016607,10953744,1w,female,LUNG
90571016608,10953744,1w,female,LUNG
90571016609,10953744,1w,female,LUNG
90571016610,10953744,1w,female,LUNG
90571016611,10953744,1w,female,LUNG
90571016402,10953744,1w,female,OVARY
90571016403,10953744,1w,female,OVARY
90571016404,10953744,1w,female,OVARY
90571016405,10953744,1w,female,OVARY
90571013104,10953744,1w,female,PLASMA
90571013105,10953744,1w,female,PLASMA
90571013106,10953744,1w,female,PLASMA
90571013107,10953744,1w,female,PLASMA
90571013108,10953744,1w,female,PLASMA
90571013109,10953744,1w,female,PLASMA
90571013110,10953744,1w,female,PLASMA
90571013111,10953744,1w,female,PLASMA
90571015503,10953744,1w,female,SKM-GN
90571015504,10953744,1w,female,SKM-GN
90571015505,10953744,1w,female,SKM-GN
90571015507,10953744,1w,female,SKM-GN
90571015508,10953744,1w,female,SKM-GN
90571015509,10953744,1w,female,SKM-GN
90571015510,10953744,1w,female,SKM-GN
90571015511,10953744,1w,female,SKM-GN
90571015512,10953744,1w,female,SKM-GN
90571015514,10953744,1w,female,SKM-GN
90571015515,10953744,1w,female,SKM-GN
90571015516,10953744,1w,female,SKM-GN
90571015603,10953744,1w,female,SKM-VL
90571015604,10953744,1w,female,SKM-VL
90571015605,10953744,1w,female,SKM-VL
90571015606,10953744,1w,female,SKM-VL
90571016702,10953744,1w,female,SMLINT
90571016703,10953744,1w,female,SMLINT
90571016704,10953744,1w,female,SMLINT
90571016705,10953744,1w,female,SMLINT
90571016202,10953744,1w,female,SPLEEN
90571016203,10953744,1w,female,SPLEEN
90571016204,10953744,1w,female,SPLEEN
90571016205,10953744,1w,female,SPLEEN
90571016502,10953744,1w,female,VENACV
90571016503,10953744,1w,female,VENACV
90571016504,10953744,1w,female,VENACV
90571017003,10953744,1w,female,WAT-SC
90571017004,10953744,1w,female,WAT-SC
90571017005,10953744,1w,female,WAT-SC
90571017006,10953744,1w,female,WAT-SC
90571017007,10953744,1w,female,WAT-SC
90571017008,10953744,1w,female,WAT-SC
90571017009,10953744,1w,female,WAT-SC
90571017010,10953744,1w,female,WAT-SC
90571017011,10953744,1w,female,WAT-SC
90571017012,10953744,1w,female,WAT-SC
90571017013,10953744,1w,female,WAT-SC
90571017702,10953744,1w,female,NA
90572013104,10962735,1w,female,PLASMA
90574015305,10680837,2w,female,CORTEX
90574015802,10680837,2w,female,HEART
90574015909,10680837,2w,female,KIDNEY
90574016803,10680837,2w,female,LIVER
90574016609,10680837,2w,female,LUNG
90574013104,10680837,2w,female,PLASMA
90574015503,10680837,2w,female,SKM-GN
90574017003,10680837,2w,female,WAT-SC
90574017702,10680837,2w,female,NA
90575013104,10702741,2w,female,PLASMA
90576016002,10729518,2w,female,ADRNL
90576016003,10729518,2w,female,ADRNL
90576016004,10729518,2w,female,ADRNL
90576016902,10729518,2w,female,BAT
90576016903,10729518,2w,female,BAT
90576016904,10729518,2w,female,BAT
90576016905,10729518,2w,female,BAT
90576016906,10729518,2w,female,BAT
90576016907,10729518,2w,female,BAT
90576016908,10729518,2w,female,BAT
90576016909,10729518,2w,female,BAT
90576013001,10729518,2w,female,BLOOD
90576016102,10729518,2w,female,COLON
90576016103,10729518,2w,female,COLON
90576016104,10729518,2w,female,COLON
90576016105,10729518,2w,female,COLON
90576015302,10729518,2w,female,CORTEX
90576015303,10729518,2w,female,CORTEX
90576015304,10729518,2w,female,CORTEX
90576015305,10729518,2w,female,CORTEX
90576015306,10729518,2w,female,CORTEX
90576015802,10729518,2w,female,HEART
90576015803,10729518,2w,female,HEART
90576015804,10729518,2w,female,HEART
90576015805,10729518,2w,female,HEART
90576015806,10729518,2w,female,HEART
90576015807,10729518,2w,female,HEART
90576015808,10729518,2w,female,HEART
90576015809,10729518,2w,female,HEART
90576015810,10729518,2w,female,HEART
90576015811,10729518,2w,female,HEART
90576015812,10729518,2w,female,HEART
90576015202,10729518,2w,female,HIPPOC
90576015203,10729518,2w,female,HIPPOC
90576015204,10729518,2w,female,HIPPOC
90576015205,10729518,2w,female,HIPPOC
90576015206,10729518,2w,female,HIPPOC
90576015207,10729518,2w,female,HIPPOC
90576015208,10729518,2w,female,HIPPOC
90576015209,10729518,2w,female,HIPPOC
90576015210,10729518,2w,female,HIPPOC
90576015402,10729518,2w,female,HYPOTH
90576015403,10729518,2w,female,HYPOTH
90576015902,10729518,2w,female,KIDNEY
90576015903,10729518,2w,female,KIDNEY
90576015904,10729518,2w,female,KIDNEY
90576015905,10729518,2w,female,KIDNEY
90576015906,10729518,2w,female,KIDNEY
90576015907,10729518,2w,female,KIDNEY
90576015908,10729518,2w,female,KIDNEY
90576015909,10729518,2w,female,KIDNEY
90576015910,10729518,2w,female,KIDNEY
90576015911,10729518,2w,female,KIDNEY
90576016803,10729518,2w,female,LIVER
90576016804,10729518,2w,female,LIVER
90576016805,10729518,2w,female,LIVER
90576016806,10729518,2w,female,LIVER
90576016807,10729518,2w,female,LIVER
90576016808,10729518,2w,female,LIVER
90576016809,10729518,2w,female,LIVER
90576016810,10729518,2w,female,LIVER
90576016811,10729518,2w,female,LIVER
90576016812,10729518,2w,female,LIVER
90576016813,10729518,2w,female,LIVER
90576016602,10729518,2w,female,LUNG
90576016603,10729518,2w,female,LUNG
90576016604,10729518,2w,female,LUNG
90576016605,10729518,2w,female,LUNG
90576016606,10729518,2w,female,LUNG
90576016607,10729518,2w,female,LUNG
90576016608,10729518,2w,female,LUNG
90576016609,10729518,2w,female,LUNG
90576016610,10729518,2w,female,LUNG
90576016611,10729518,2w,female,LUNG
90576016402,10729518,2w,female,OVARY
90576016403,10729518,2w,female,OVARY
90576016404,10729518,2w,female,OVARY
90576016405,10729518,2w,female,OVARY
90576013104,10729518,2w,female,PLASMA
90576013105,10729518,2w,female,PLASMA
90576013106,10729518,2w,female,PLASMA
90576013107,10729518,2w,female,PLASMA
90576013108,10729518,2w,female,PLASMA
90576013109,10729518,2w,female,PLASMA
90576013110,10729518,2w,female,PLASMA
90576013111,10729518,2w,female,PLASMA
90576015503,10729518,2w,female,SKM-GN
90576015504,10729518,2w,female,SKM-GN
90576015505,10729518,2w,female,SKM-GN
90576015507,10729518,2w,female,SKM-GN
90576015508,10729518,2w,female,SKM-GN
90576015509,10729518,2w,female,SKM-GN
90576015510,10729518,2w,female,SKM-GN
90576015511,10729518,2w,female,SKM-GN
90576015512,10729518,2w,female,SKM-GN
90576015514,10729518,2w,female,SKM-GN
90576015515,10729518,2w,female,SKM-GN
90576015516,10729518,2w,female,SKM-GN
90576015603,10729518,2w,female,SKM-VL
90576015604,10729518,2w,female,SKM-VL
90576015605,10729518,2w,female,SKM-VL
90576015606,10729518,2w,female,SKM-VL
90576016702,10729518,2w,female,SMLINT
90576016703,10729518,2w,female,SMLINT
90576016704,10729518,2w,female,SMLINT
90576016705,10729518,2w,female,SMLINT
90576016202,10729518,2w,female,SPLEEN
90576016203,10729518,2w,female,SPLEEN
90576016204,10729518,2w,female,SPLEEN
90576016205,10729518,2w,female,SPLEEN
90576016502,10729518,2w,female,VENACV
90576016503,10729518,2w,female,VENACV
90576016504,10729518,2w,female,VENACV
90576017003,10729518,2w,female,WAT-SC
90576017004,10729518,2w,female,WAT-SC
90576017005,10729518,2w,female,WAT-SC
90576017006,10729518,2w,female,WAT-SC
90576017007,10729518,2w,female,WAT-SC
90576017008,10729518,2w,female,WAT-SC
90576017009,10729518,2w,female,WAT-SC
90576017010,10729518,2w,female,WAT-SC
90576017011,10729518,2w,female,WAT-SC
90576017012,10729518,2w,female,WAT-SC
90576017013,10729518,2w,female,WAT-SC
90576017014,10729518,2w,female,WAT-SC
90576017702,10729518,2w,female,NA
90577013104,10732306,2w,female,PLASMA
90578016002,10734945,2w,female,ADRNL
90578016003,10734945,2w,female,ADRNL
90578016004,10734945,2w,female,ADRNL
90578016005,10734945,2w,female,ADRNL
90578016902,10734945,2w,female,BAT
90578016903,10734945,2w,female,BAT
90578016904,10734945,2w,female,BAT
90578016905,10734945,2w,female,BAT
90578016906,10734945,2w,female,BAT
90578016907,10734945,2w,female,BAT
90578016908,10734945,2w,female,BAT
90578016910,10734945,2w,female,BAT
90578013001,10734945,2w,female,BLOOD
90578016102,10734945,2w,female,COLON
90578016103,10734945,2w,female,COLON
90578016104,10734945,2w,female,COLON
90578015302,10734945,2w,female,CORTEX
90578015303,10734945,2w,female,CORTEX
90578015304,10734945,2w,female,CORTEX
90578015305,10734945,2w,female,CORTEX
90578015802,10734945,2w,female,HEART
90578015803,10734945,2w,female,HEART
90578015804,10734945,2w,female,HEART
90578015805,10734945,2w,female,HEART
90578015806,10734945,2w,female,HEART
90578015807,10734945,2w,female,HEART
90578015808,10734945,2w,female,HEART
90578015809,10734945,2w,female,HEART
90578015810,10734945,2w,female,HEART
90578015812,10734945,2w,female,HEART
90578015202,10734945,2w,female,HIPPOC
90578015203,10734945,2w,female,HIPPOC
90578015204,10734945,2w,female,HIPPOC
90578015205,10734945,2w,female,HIPPOC
90578015206,10734945,2w,female,HIPPOC
90578015207,10734945,2w,female,HIPPOC
90578015208,10734945,2w,female,HIPPOC
90578015210,10734945,2w,female,HIPPOC
90578015402,10734945,2w,female,HYPOTH
90578015403,10734945,2w,female,HYPOTH
90578015404,10734945,2w,female,HYPOTH
90578015902,10734945,2w,female,KIDNEY
90578015903,10734945,2w,female,KIDNEY
90578015904,10734945,2w,female,KIDNEY
90578015905,10734945,2w,female,KIDNEY
90578015906,10734945,2w,female,KIDNEY
90578015907,10734945,2w,female,KIDNEY
90578015908,10734945,2w,female,KIDNEY
90578015909,10734945,2w,female,KIDNEY
90578015911,10734945,2w,female,KIDNEY
90578016803,10734945,2w,female,LIVER
90578016804,10734945,2w,female,LIVER
90578016805,10734945,2w,female,LIVER
90578016806,10734945,2w,female,LIVER
90578016807,10734945,2w,female,LIVER
90578016808,10734945,2w,female,LIVER
90578016809,10734945,2w,female,LIVER
90578016810,10734945,2w,female,LIVER
90578016811,10734945,2w,female,LIVER
90578016813,10734945,2w,female,LIVER
90578016602,10734945,2w,female,LUNG
90578016603,10734945,2w,female,LUNG
90578016604,10734945,2w,female,LUNG
90578016605,10734945,2w,female,LUNG
90578016606,10734945,2w,female,LUNG
90578016607,10734945,2w,female,LUNG
90578016608,10734945,2w,female,LUNG
90578016609,10734945,2w,female,LUNG
90578016611,10734945,2w,female,LUNG
90578016402,10734945,2w,female,OVARY
90578016403,10734945,2w,female,OVARY
90578016404,10734945,2w,female,OVARY
90578013104,10734945,2w,female,PLASMA
90578013105,10734945,2w,female,PLASMA
90578013106,10734945,2w,female,PLASMA
90578013107,10734945,2w,female,PLASMA
90578013108,10734945,2w,female,PLASMA
90578013110,10734945,2w,female,PLASMA
90578013111,10734945,2w,female,PLASMA
90578015503,10734945,2w,female,SKM-GN
90578015504,10734945,2w,female,SKM-GN
90578015505,10734945,2w,female,SKM-GN
90578015507,10734945,2w,female,SKM-GN
90578015508,10734945,2w,female,SKM-GN
90578015509,10734945,2w,female,SKM-GN
90578015510,10734945,2w,female,SKM-GN
90578015511,10734945,2w,female,SKM-GN
90578015512,10734945,2w,female,SKM-GN
90578015514,10734945,2w,female,SKM-GN
90578015516,10734945,2w,female,SKM-GN
90578015603,10734945,2w,female,SKM-VL
90578015604,10734945,2w,female,SKM-VL
90578015605,10734945,2w,female,SKM-VL
90578016702,10734945,2w,female,SMLINT
90578016703,10734945,2w,female,SMLINT
90578016704,10734945,2w,female,SMLINT
90578016202,10734945,2w,female,SPLEEN
90578016203,10734945,2w,female,SPLEEN
90578016204,10734945,2w,female,SPLEEN
90578016502,10734945,2w,female,VENACV
90578016503,10734945,2w,female,VENACV
90578016504,10734945,2w,female,VENACV
90578017003,10734945,2w,female,WAT-SC
90578017004,10734945,2w,female,WAT-SC
90578017005,10734945,2w,female,WAT-SC
90578017006,10734945,2w,female,WAT-SC
90578017007,10734945,2w,female,WAT-SC
90578017008,10734945,2w,female,WAT-SC
90578017009,10734945,2w,female,WAT-SC
90578017010,10734945,2w,female,WAT-SC
90578017011,10734945,2w,female,WAT-SC
90578017012,10734945,2w,female,WAT-SC
90578017014,10734945,2w,female,WAT-SC
90578017702,10734945,2w,female,NA
90579013104,10742611,2w,female,PLASMA
90580013104,10756086,2w,female,PLASMA
90581016002,10761160,2w,female,ADRNL
90581016003,10761160,2w,female,ADRNL
90581016004,10761160,2w,female,ADRNL
90581016005,10761160,2w,female,ADRNL
90581016902,10761160,2w,female,BAT
90581016903,10761160,2w,female,BAT
90581016904,10761160,2w,female,BAT
90581016905,10761160,2w,female,BAT
90581016906,10761160,2w,female,BAT
90581016907,10761160,2w,female,BAT
90581016908,10761160,2w,female,BAT
90581016910,10761160,2w,female,BAT
90581013001,10761160,2w,female,BLOOD
90581016102,10761160,2w,female,COLON
90581016103,10761160,2w,female,COLON
90581016104,10761160,2w,female,COLON
90581015302,10761160,2w,female,CORTEX
90581015303,10761160,2w,female,CORTEX
90581015304,10761160,2w,female,CORTEX
90581015305,10761160,2w,female,CORTEX
90581015802,10761160,2w,female,HEART
90581015803,10761160,2w,female,HEART
90581015804,10761160,2w,female,HEART
90581015805,10761160,2w,female,HEART
90581015806,10761160,2w,female,HEART
90581015807,10761160,2w,female,HEART
90581015808,10761160,2w,female,HEART
90581015809,10761160,2w,female,HEART
90581015810,10761160,2w,female,HEART
90581015812,10761160,2w,female,HEART
90581015202,10761160,2w,female,HIPPOC
90581015203,10761160,2w,female,HIPPOC
90581015204,10761160,2w,female,HIPPOC
90581015205,10761160,2w,female,HIPPOC
90581015206,10761160,2w,female,HIPPOC
90581015207,10761160,2w,female,HIPPOC
90581015208,10761160,2w,female,HIPPOC
90581015210,10761160,2w,female,HIPPOC
90581015402,10761160,2w,female,HYPOTH
90581015403,10761160,2w,female,HYPOTH
90581015404,10761160,2w,female,HYPOTH
90581015902,10761160,2w,female,KIDNEY
90581015903,10761160,2w,female,KIDNEY
90581015904,10761160,2w,female,KIDNEY
90581015905,10761160,2w,female,KIDNEY
90581015906,10761160,2w,female,KIDNEY
90581015907,10761160,2w,female,KIDNEY
90581015908,10761160,2w,female,KIDNEY
90581015909,10761160,2w,female,KIDNEY
90581015911,10761160,2w,female,KIDNEY
90581016803,10761160,2w,female,LIVER
90581016804,10761160,2w,female,LIVER
90581016805,10761160,2w,female,LIVER
90581016806,10761160,2w,female,LIVER
90581016807,10761160,2w,female,LIVER
90581016808,10761160,2w,female,LIVER
90581016809,10761160,2w,female,LIVER
90581016810,10761160,2w,female,LIVER
90581016811,10761160,2w,female,LIVER
90581016813,10761160,2w,female,LIVER
90581016602,10761160,2w,female,LUNG
90581016603,10761160,2w,female,LUNG
90581016604,10761160,2w,female,LUNG
90581016605,10761160,2w,female,LUNG
90581016606,10761160,2w,female,LUNG
90581016607,10761160,2w,female,LUNG
90581016608,10761160,2w,female,LUNG
90581016609,10761160,2w,female,LUNG
90581016611,10761160,2w,female,LUNG
90581016402,10761160,2w,female,OVARY
90581016403,10761160,2w,female,OVARY
90581016404,10761160,2w,female,OVARY
90581013104,10761160,2w,female,PLASMA
90581013105,10761160,2w,female,PLASMA
90581013106,10761160,2w,female,PLASMA
90581013107,10761160,2w,female,PLASMA
90581013108,10761160,2w,female,PLASMA
90581013110,10761160,2w,female,PLASMA
90581013111,10761160,2w,female,PLASMA
90581015503,10761160,2w,female,SKM-GN
90581015504,10761160,2w,female,SKM-GN
90581015505,10761160,2w,female,SKM-GN
90581015507,10761160,2w,female,SKM-GN
90581015508,10761160,2w,female,SKM-GN
90581015509,10761160,2w,female,SKM-GN
90581015510,10761160,2w,female,SKM-GN
90581015511,10761160,2w,female,SKM-GN
90581015512,10761160,2w,female,SKM-GN
90581015514,10761160,2w,female,SKM-GN
90581015516,10761160,2w,female,SKM-GN
90581015603,10761160,2w,female,SKM-VL
90581015604,10761160,2w,female,SKM-VL
90581015605,10761160,2w,female,SKM-VL
90581016702,10761160,2w,female,SMLINT
90581016703,10761160,2w,female,SMLINT
90581016704,10761160,2w,female,SMLINT
90581016202,10761160,2w,female,SPLEEN
90581016203,10761160,2w,female,SPLEEN
90581016204,10761160,2w,female,SPLEEN
90581016502,10761160,2w,female,VENACV
90581016503,10761160,2w,female,VENACV
90581016504,10761160,2w,female,VENACV
90581017003,10761160,2w,female,WAT-SC
90581017004,10761160,2w,female,WAT-SC
90581017005,10761160,2w,female,WAT-SC
90581017006,10761160,2w,female,WAT-SC
90581017007,10761160,2w,female,WAT-SC
90581017008,10761160,2w,female,WAT-SC
90581017009,10761160,2w,female,WAT-SC
90581017010,10761160,2w,female,WAT-SC
90581017011,10761160,2w,female,WAT-SC
90581017012,10761160,2w,female,WAT-SC
90581017014,10761160,2w,female,WAT-SC
90581017702,10761160,2w,female,NA
90582013104,10782168,2w,female,PLASMA
90583013104,10830073,2w,female,PLASMA
90584013104,10858679,2w,female,PLASMA
90585016002,10871349,2w,female,ADRNL
90585016003,10871349,2w,female,ADRNL
90585016004,10871349,2w,female,ADRNL
90585016005,10871349,2w,female,ADRNL
90585016902,10871349,2w,female,BAT
90585016903,10871349,2w,female,BAT
90585016904,10871349,2w,female,BAT
90585016905,10871349,2w,female,BAT
90585016906,10871349,2w,female,BAT
90585016907,10871349,2w,female,BAT
90585016908,10871349,2w,female,BAT
90585016909,10871349,2w,female,BAT
90585016910,10871349,2w,female,BAT
90585013001,10871349,2w,female,BLOOD
90585016102,10871349,2w,female,COLON
90585016103,10871349,2w,female,COLON
90585016104,10871349,2w,female,COLON
90585016105,10871349,2w,female,COLON
90585015302,10871349,2w,female,CORTEX
90585015303,10871349,2w,female,CORTEX
90585015304,10871349,2w,female,CORTEX
90585015305,10871349,2w,female,CORTEX
90585015306,10871349,2w,female,CORTEX
90585015802,10871349,2w,female,HEART
90585015803,10871349,2w,female,HEART
90585015804,10871349,2w,female,HEART
90585015805,10871349,2w,female,HEART
90585015806,10871349,2w,female,HEART
90585015807,10871349,2w,female,HEART
90585015808,10871349,2w,female,HEART
90585015809,10871349,2w,female,HEART
90585015810,10871349,2w,female,HEART
90585015811,10871349,2w,female,HEART
90585015812,10871349,2w,female,HEART
90585015202,10871349,2w,female,HIPPOC
90585015203,10871349,2w,female,HIPPOC
90585015204,10871349,2w,female,HIPPOC
90585015205,10871349,2w,female,HIPPOC
90585015206,10871349,2w,female,HIPPOC
90585015207,10871349,2w,female,HIPPOC
90585015208,10871349,2w,female,HIPPOC
90585015209,10871349,2w,female,HIPPOC
90585015402,10871349,2w,female,HYPOTH
90585015403,10871349,2w,female,HYPOTH
90585015902,10871349,2w,female,KIDNEY
90585015903,10871349,2w,female,KIDNEY
90585015904,10871349,2w,female,KIDNEY
90585015905,10871349,2w,female,KIDNEY
90585015906,10871349,2w,female,KIDNEY
90585015907,10871349,2w,female,KIDNEY
90585015908,10871349,2w,female,KIDNEY
90585015909,10871349,2w,female,KIDNEY
90585015910,10871349,2w,female,KIDNEY
90585015911,10871349,2w,female,KIDNEY
90585016803,10871349,2w,female,LIVER
90585016804,10871349,2w,female,LIVER
90585016805,10871349,2w,female,LIVER
90585016806,10871349,2w,female,LIVER
90585016807,10871349,2w,female,LIVER
90585016808,10871349,2w,female,LIVER
90585016809,10871349,2w,female,LIVER
90585016810,10871349,2w,female,LIVER
90585016811,10871349,2w,female,LIVER
90585016812,10871349,2w,female,LIVER
90585016813,10871349,2w,female,LIVER
90585016602,10871349,2w,female,LUNG
90585016603,10871349,2w,female,LUNG
90585016604,10871349,2w,female,LUNG
90585016605,10871349,2w,female,LUNG
90585016606,10871349,2w,female,LUNG
90585016607,10871349,2w,female,LUNG
90585016608,10871349,2w,female,LUNG
90585016609,10871349,2w,female,LUNG
90585016610,10871349,2w,female,LUNG
90585016611,10871349,2w,female,LUNG
90585016402,10871349,2w,female,OVARY
90585016403,10871349,2w,female,OVARY
90585016404,10871349,2w,female,OVARY
90585016405,10871349,2w,female,OVARY
90585013104,10871349,2w,female,PLASMA
90585013105,10871349,2w,female,PLASMA
90585013106,10871349,2w,female,PLASMA
90585013107,10871349,2w,female,PLASMA
90585013108,10871349,2w,female,PLASMA
90585013109,10871349,2w,female,PLASMA
90585013110,10871349,2w,female,PLASMA
90585013111,10871349,2w,female,PLASMA
90585015503,10871349,2w,female,SKM-GN
90585015504,10871349,2w,female,SKM-GN
90585015505,10871349,2w,female,SKM-GN
90585015507,10871349,2w,female,SKM-GN
90585015508,10871349,2w,female,SKM-GN
90585015509,10871349,2w,female,SKM-GN
90585015510,10871349,2w,female,SKM-GN
90585015511,10871349,2w,female,SKM-GN
90585015512,10871349,2w,female,SKM-GN
90585015514,10871349,2w,female,SKM-GN
90585015515,10871349,2w,female,SKM-GN
90585015516,10871349,2w,female,SKM-GN
90585015603,10871349,2w,female,SKM-VL
90585015604,10871349,2w,female,SKM-VL
90585015605,10871349,2w,female,SKM-VL
90585015606,10871349,2w,female,SKM-VL
90585016702,10871349,2w,female,SMLINT
90585016703,10871349,2w,female,SMLINT
90585016704,10871349,2w,female,SMLINT
90585016705,10871349,2w,female,SMLINT
90585016202,10871349,2w,female,SPLEEN
90585016203,10871349,2w,female,SPLEEN
90585016204,10871349,2w,female,SPLEEN
90585016205,10871349,2w,female,SPLEEN
90585016502,10871349,2w,female,VENACV
90585016503,10871349,2w,female,VENACV
90585016504,10871349,2w,female,VENACV
90585017003,10871349,2w,female,WAT-SC
90585017004,10871349,2w,female,WAT-SC
90585017005,10871349,2w,female,WAT-SC
90585017006,10871349,2w,female,WAT-SC
90585017007,10871349,2w,female,WAT-SC
90585017008,10871349,2w,female,WAT-SC
90585017009,10871349,2w,female,WAT-SC
90585017010,10871349,2w,female,WAT-SC
90585017011,10871349,2w,female,WAT-SC
90585017012,10871349,2w,female,WAT-SC
90585017013,10871349,2w,female,WAT-SC
90585017014,10871349,2w,female,WAT-SC
90585017702,10871349,2w,female,NA
90586013104,10877894,2w,female,PLASMA
90587016002,10971645,2w,female,ADRNL
90587016003,10971645,2w,female,ADRNL
90587016004,10971645,2w,female,ADRNL
90587016902,10971645,2w,female,BAT
90587016903,10971645,2w,female,BAT
90587016904,10971645,2w,female,BAT
90587016905,10971645,2w,female,BAT
90587016906,10971645,2w,female,BAT
90587016907,10971645,2w,female,BAT
90587016908,10971645,2w,female,BAT
90587016909,10971645,2w,female,BAT
90587016910,10971645,2w,female,BAT
90587013001,10971645,2w,female,BLOOD
90587016102,10971645,2w,female,COLON
90587016103,10971645,2w,female,COLON
90587016104,10971645,2w,female,COLON
90587016105,10971645,2w,female,COLON
90587015302,10971645,2w,female,CORTEX
90587015303,10971645,2w,female,CORTEX
90587015304,10971645,2w,female,CORTEX
90587015305,10971645,2w,female,CORTEX
90587015306,10971645,2w,female,CORTEX
90587015802,10971645,2w,female,HEART
90587015803,10971645,2w,female,HEART
90587015804,10971645,2w,female,HEART
90587015805,10971645,2w,female,HEART
90587015806,10971645,2w,female,HEART
90587015807,10971645,2w,female,HEART
90587015808,10971645,2w,female,HEART
90587015809,10971645,2w,female,HEART
90587015810,10971645,2w,female,HEART
90587015811,10971645,2w,female,HEART
90587015812,10971645,2w,female,HEART
90587015202,10971645,2w,female,HIPPOC
90587015203,10971645,2w,female,HIPPOC
90587015204,10971645,2w,female,HIPPOC
90587015205,10971645,2w,female,HIPPOC
90587015206,10971645,2w,female,HIPPOC
90587015207,10971645,2w,female,HIPPOC
90587015208,10971645,2w,female,HIPPOC
90587015209,10971645,2w,female,HIPPOC
90587015402,10971645,2w,female,HYPOTH
90587015403,10971645,2w,female,HYPOTH
90587015404,10971645,2w,female,HYPOTH
90587015902,10971645,2w,female,KIDNEY
90587015903,10971645,2w,female,KIDNEY
90587015904,10971645,2w,female,KIDNEY
90587015905,10971645,2w,female,KIDNEY
90587015906,10971645,2w,female,KIDNEY
90587015907,10971645,2w,female,KIDNEY
90587015908,10971645,2w,female,KIDNEY
90587015909,10971645,2w,female,KIDNEY
90587015910,10971645,2w,female,KIDNEY
90587015911,10971645,2w,female,KIDNEY
90587016803,10971645,2w,female,LIVER
90587016804,10971645,2w,female,LIVER
90587016805,10971645,2w,female,LIVER
90587016806,10971645,2w,female,LIVER
90587016807,10971645,2w,female,LIVER
90587016808,10971645,2w,female,LIVER
90587016809,10971645,2w,female,LIVER
90587016810,10971645,2w,female,LIVER
90587016811,10971645,2w,female,LIVER
90587016812,10971645,2w,female,LIVER
90587016813,10971645,2w,female,LIVER
90587016602,10971645,2w,female,LUNG
90587016603,10971645,2w,female,LUNG
90587016604,10971645,2w,female,LUNG
90587016605,10971645,2w,female,LUNG
90587016606,10971645,2w,female,LUNG
90587016607,10971645,2w,female,LUNG
90587016608,10971645,2w,female,LUNG
90587016609,10971645,2w,female,LUNG
90587016610,10971645,2w,female,LUNG
90587016611,10971645,2w,female,LUNG
90587016402,10971645,2w,female,OVARY
90587016403,10971645,2w,female,OVARY
90587016404,10971645,2w,female,OVARY
90587016405,10971645,2w,female,OVARY
90587013104,10971645,2w,female,PLASMA
90587013105,10971645,2w,female,PLASMA
90587013106,10971645,2w,female,PLASMA
90587013107,10971645,2w,female,PLASMA
90587013108,10971645,2w,female,PLASMA
90587013109,10971645,2w,female,PLASMA
90587013110,10971645,2w,female,PLASMA
90587013111,10971645,2w,female,PLASMA
90587015503,10971645,2w,female,SKM-GN
90587015504,10971645,2w,female,SKM-GN
90587015505,10971645,2w,female,SKM-GN
90587015507,10971645,2w,female,SKM-GN
90587015508,10971645,2w,female,SKM-GN
90587015509,10971645,2w,female,SKM-GN
90587015510,10971645,2w,female,SKM-GN
90587015511,10971645,2w,female,SKM-GN
90587015512,10971645,2w,female,SKM-GN
90587015514,10971645,2w,female,SKM-GN
90587015515,10971645,2w,female,SKM-GN
90587015516,10971645,2w,female,SKM-GN
90587015603,10971645,2w,female,SKM-VL
90587015604,10971645,2w,female,SKM-VL
90587015605,10971645,2w,female,SKM-VL
90587015606,10971645,2w,female,SKM-VL
90587016702,10971645,2w,female,SMLINT
90587016703,10971645,2w,female,SMLINT
90587016704,10971645,2w,female,SMLINT
90587016705,10971645,2w,female,SMLINT
90587016202,10971645,2w,female,SPLEEN
90587016203,10971645,2w,female,SPLEEN
90587016204,10971645,2w,female,SPLEEN
90587016205,10971645,2w,female,SPLEEN
90587016502,10971645,2w,female,VENACV
90587016503,10971645,2w,female,VENACV
90587016504,10971645,2w,female,VENACV
90587017003,10971645,2w,female,WAT-SC
90587017004,10971645,2w,female,WAT-SC
90587017005,10971645,2w,female,WAT-SC
90587017006,10971645,2w,female,WAT-SC
90587017007,10971645,2w,female,WAT-SC
90587017008,10971645,2w,female,WAT-SC
90587017009,10971645,2w,female,WAT-SC
90587017010,10971645,2w,female,WAT-SC
90587017011,10971645,2w,female,WAT-SC
90587017012,10971645,2w,female,WAT-SC
90587017013,10971645,2w,female,WAT-SC
90587017014,10971645,2w,female,WAT-SC
90587017702,10971645,2w,female,NA
90588013104,10972374,2w,female,PLASMA
90405013104,10268871,4w,female,PLASMA
90403013104,10282947,4w,female,PLASMA
90404013104,10284052,4w,female,PLASMA
90402013104,10300007,4w,female,PLASMA
90406016002,10306471,4w,female,ADRNL
90406016003,10306471,4w,female,ADRNL
90406016004,10306471,4w,female,ADRNL
90406016005,10306471,4w,female,ADRNL
90406016902,10306471,4w,female,BAT
90406016903,10306471,4w,female,BAT
90406016904,10306471,4w,female,BAT
90406016905,10306471,4w,female,BAT
90406016906,10306471,4w,female,BAT
90406016907,10306471,4w,female,BAT
90406013001,10306471,4w,female,BLOOD
90406016102,10306471,4w,female,COLON
90406016103,10306471,4w,female,COLON
90406016104,10306471,4w,female,COLON
90406016105,10306471,4w,female,COLON
90406015302,10306471,4w,female,CORTEX
90406015303,10306471,4w,female,CORTEX
90406015304,10306471,4w,female,CORTEX
90406015305,10306471,4w,female,CORTEX
90406015306,10306471,4w,female,CORTEX
90406015802,10306471,4w,female,HEART
90406015803,10306471,4w,female,HEART
90406015804,10306471,4w,female,HEART
90406015805,10306471,4w,female,HEART
90406015806,10306471,4w,female,HEART
90406015807,10306471,4w,female,HEART
90406015808,10306471,4w,female,HEART
90406015809,10306471,4w,female,HEART
90406015810,10306471,4w,female,HEART
90406015811,10306471,4w,female,HEART
90406015812,10306471,4w,female,HEART
90406015202,10306471,4w,female,HIPPOC
90406015203,10306471,4w,female,HIPPOC
90406015204,10306471,4w,female,HIPPOC
90406015205,10306471,4w,female,HIPPOC
90406015402,10306471,4w,female,HYPOTH
90406015403,10306471,4w,female,HYPOTH
90406015404,10306471,4w,female,HYPOTH
90406015902,10306471,4w,female,KIDNEY
90406015903,10306471,4w,female,KIDNEY
90406015904,10306471,4w,female,KIDNEY
90406015905,10306471,4w,female,KIDNEY
90406015906,10306471,4w,female,KIDNEY
90406015907,10306471,4w,female,KIDNEY
90406015908,10306471,4w,female,KIDNEY
90406015909,10306471,4w,female,KIDNEY
90406015910,10306471,4w,female,KIDNEY
90406015911,10306471,4w,female,KIDNEY
90406016803,10306471,4w,female,LIVER
90406016804,10306471,4w,female,LIVER
90406016805,10306471,4w,female,LIVER
90406016806,10306471,4w,female,LIVER
90406016807,10306471,4w,female,LIVER
90406016808,10306471,4w,female,LIVER
90406016809,10306471,4w,female,LIVER
90406016810,10306471,4w,female,LIVER
90406016811,10306471,4w,female,LIVER
90406016812,10306471,4w,female,LIVER
90406016813,10306471,4w,female,LIVER
90406016602,10306471,4w,female,LUNG
90406016603,10306471,4w,female,LUNG
90406016604,10306471,4w,female,LUNG
90406016605,10306471,4w,female,LUNG
90406016606,10306471,4w,female,LUNG
90406016607,10306471,4w,female,LUNG
90406016608,10306471,4w,female,LUNG
90406016609,10306471,4w,female,LUNG
90406016610,10306471,4w,female,LUNG
90406016611,10306471,4w,female,LUNG
90406016402,10306471,4w,female,OVARY
90406016403,10306471,4w,female,OVARY
90406016404,10306471,4w,female,OVARY
90406013104,10306471,4w,female,PLASMA
90406013105,10306471,4w,female,PLASMA
90406013106,10306471,4w,female,PLASMA
90406013107,10306471,4w,female,PLASMA
90406013108,10306471,4w,female,PLASMA
90406013109,10306471,4w,female,PLASMA
90406013110,10306471,4w,female,PLASMA
90406013111,10306471,4w,female,PLASMA
90406015503,10306471,4w,female,SKM-GN
90406015504,10306471,4w,female,SKM-GN
90406015505,10306471,4w,female,SKM-GN
90406015507,10306471,4w,female,SKM-GN
90406015508,10306471,4w,female,SKM-GN
90406015509,10306471,4w,female,SKM-GN
90406015510,10306471,4w,female,SKM-GN
90406015511,10306471,4w,female,SKM-GN
90406015512,10306471,4w,female,SKM-GN
90406015514,10306471,4w,female,SKM-GN
90406015515,10306471,4w,female,SKM-GN
90406015516,10306471,4w,female,SKM-GN
90406015603,10306471,4w,female,SKM-VL
90406015604,10306471,4w,female,SKM-VL
90406015605,10306471,4w,female,SKM-VL
90406015606,10306471,4w,female,SKM-VL
90406016702,10306471,4w,female,SMLINT
90406016703,10306471,4w,female,SMLINT
90406016704,10306471,4w,female,SMLINT
90406016705,10306471,4w,female,SMLINT
90406016202,10306471,4w,female,SPLEEN
90406016203,10306471,4w,female,SPLEEN
90406016204,10306471,4w,female,SPLEEN
90406016205,10306471,4w,female,SPLEEN
90406016502,10306471,4w,female,VENACV
90406016503,10306471,4w,female,VENACV
90406017003,10306471,4w,female,WAT-SC
90406017004,10306471,4w,female,WAT-SC
90406017005,10306471,4w,female,WAT-SC
90406017006,10306471,4w,female,WAT-SC
90406017007,10306471,4w,female,WAT-SC
90406017008,10306471,4w,female,WAT-SC
90406017009,10306471,4w,female,WAT-SC
90406017010,10306471,4w,female,WAT-SC
90406017011,10306471,4w,female,WAT-SC
90406017012,10306471,4w,female,WAT-SC
90406017702,10306471,4w,female,NA
90407013104,10309659,4w,female,PLASMA
90408016005,10314733,4w,female,ADRNL
90408016909,10314733,4w,female,BAT
90408016910,10314733,4w,female,BAT
90408015305,10314733,4w,female,CORTEX
90408015802,10314733,4w,female,HEART
90408015909,10314733,4w,female,KIDNEY
90408016803,10314733,4w,female,LIVER
90408016609,10314733,4w,female,LUNG
90408016405,10314733,4w,female,OVARY
90408013104,10314733,4w,female,PLASMA
90408015503,10314733,4w,female,SKM-GN
90408017003,10314733,4w,female,WAT-SC
90408017702,10314733,4w,female,NA
90409016005,10315624,4w,female,ADRNL
90409016405,10315624,4w,female,OVARY
90409013104,10315624,4w,female,PLASMA
90410016002,10335064,4w,female,ADRNL
90410016003,10335064,4w,female,ADRNL
90410016004,10335064,4w,female,ADRNL
90410016902,10335064,4w,female,BAT
90410016903,10335064,4w,female,BAT
90410016904,10335064,4w,female,BAT
90410016905,10335064,4w,female,BAT
90410016906,10335064,4w,female,BAT
90410016907,10335064,4w,female,BAT
90410013001,10335064,4w,female,BLOOD
90410016102,10335064,4w,female,COLON
90410016103,10335064,4w,female,COLON
90410016104,10335064,4w,female,COLON
90410016105,10335064,4w,female,COLON
90410015302,10335064,4w,female,CORTEX
90410015303,10335064,4w,female,CORTEX
90410015304,10335064,4w,female,CORTEX
90410015305,10335064,4w,female,CORTEX
90410015306,10335064,4w,female,CORTEX
90410015802,10335064,4w,female,HEART
90410015803,10335064,4w,female,HEART
90410015804,10335064,4w,female,HEART
90410015805,10335064,4w,female,HEART
90410015806,10335064,4w,female,HEART
90410015807,10335064,4w,female,HEART
90410015808,10335064,4w,female,HEART
90410015809,10335064,4w,female,HEART
90410015810,10335064,4w,female,HEART
90410015811,10335064,4w,female,HEART
90410015812,10335064,4w,female,HEART
90410015202,10335064,4w,female,HIPPOC
90410015203,10335064,4w,female,HIPPOC
90410015204,10335064,4w,female,HIPPOC
90410015205,10335064,4w,female,HIPPOC
90410015206,10335064,4w,female,HIPPOC
90410015207,10335064,4w,female,HIPPOC
90410015208,10335064,4w,female,HIPPOC
90410015209,10335064,4w,female,HIPPOC
90410015210,10335064,4w,female,HIPPOC
90410015402,10335064,4w,female,HYPOTH
90410015403,10335064,4w,female,HYPOTH
90410015902,10335064,4w,female,KIDNEY
90410015903,10335064,4w,female,KIDNEY
90410015904,10335064,4w,female,KIDNEY
90410015905,10335064,4w,female,KIDNEY
90410015906,10335064,4w,female,KIDNEY
90410015907,10335064,4w,female,KIDNEY
90410015908,10335064,4w,female,KIDNEY
90410015909,10335064,4w,female,KIDNEY
90410015910,10335064,4w,female,KIDNEY
90410015911,10335064,4w,female,KIDNEY
90410016803,10335064,4w,female,LIVER
90410016804,10335064,4w,female,LIVER
90410016805,10335064,4w,female,LIVER
90410016806,10335064,4w,female,LIVER
90410016807,10335064,4w,female,LIVER
90410016808,10335064,4w,female,LIVER
90410016809,10335064,4w,female,LIVER
90410016810,10335064,4w,female,LIVER
90410016811,10335064,4w,female,LIVER
90410016812,10335064,4w,female,LIVER
90410016813,10335064,4w,female,LIVER
90410016602,10335064,4w,female,LUNG
90410016603,10335064,4w,female,LUNG
90410016604,10335064,4w,female,LUNG
90410016605,10335064,4w,female,LUNG
90410016606,10335064,4w,female,LUNG
90410016607,10335064,4w,female,LUNG
90410016608,10335064,4w,female,LUNG
90410016609,10335064,4w,female,LUNG
90410016610,10335064,4w,female,LUNG
90410016611,10335064,4w,female,LUNG
90410016402,10335064,4w,female,OVARY
90410016403,10335064,4w,female,OVARY
90410016404,10335064,4w,female,OVARY
90410013104,10335064,4w,female,PLASMA
90410013105,10335064,4w,female,PLASMA
90410013106,10335064,4w,female,PLASMA
90410013107,10335064,4w,female,PLASMA
90410013108,10335064,4w,female,PLASMA
90410013109,10335064,4w,female,PLASMA
90410013110,10335064,4w,female,PLASMA
90410013111,10335064,4w,female,PLASMA
90410015503,10335064,4w,female,SKM-GN
90410015504,10335064,4w,female,SKM-GN
90410015505,10335064,4w,female,SKM-GN
90410015507,10335064,4w,female,SKM-GN
90410015508,10335064,4w,female,SKM-GN
90410015509,10335064,4w,female,SKM-GN
90410015510,10335064,4w,female,SKM-GN
90410015511,10335064,4w,female,SKM-GN
90410015512,10335064,4w,female,SKM-GN
90410015514,10335064,4w,female,SKM-GN
90410015515,10335064,4w,female,SKM-GN
90410015516,10335064,4w,female,SKM-GN
90410015603,10335064,4w,female,SKM-VL
90410015604,10335064,4w,female,SKM-VL
90410015605,10335064,4w,female,SKM-VL
90410015606,10335064,4w,female,SKM-VL
90410016702,10335064,4w,female,SMLINT
90410016703,10335064,4w,female,SMLINT
90410016704,10335064,4w,female,SMLINT
90410016705,10335064,4w,female,SMLINT
90410016202,10335064,4w,female,SPLEEN
90410016203,10335064,4w,female,SPLEEN
90410016204,10335064,4w,female,SPLEEN
90410016205,10335064,4w,female,SPLEEN
90410016502,10335064,4w,female,VENACV
90410016503,10335064,4w,female,VENACV
90410017003,10335064,4w,female,WAT-SC
90410017004,10335064,4w,female,WAT-SC
90410017005,10335064,4w,female,WAT-SC
90410017006,10335064,4w,female,WAT-SC
90410017007,10335064,4w,female,WAT-SC
90410017008,10335064,4w,female,WAT-SC
90410017009,10335064,4w,female,WAT-SC
90410017010,10335064,4w,female,WAT-SC
90410017011,10335064,4w,female,WAT-SC
90410017012,10335064,4w,female,WAT-SC
90410017013,10335064,4w,female,WAT-SC
90410017014,10335064,4w,female,WAT-SC
90410017702,10335064,4w,female,NA
90411013104,10335730,4w,female,PLASMA
90412016002,10337199,4w,female,ADRNL
90412016003,10337199,4w,female,ADRNL
90412016004,10337199,4w,female,ADRNL
90412016902,10337199,4w,female,BAT
90412016903,10337199,4w,female,BAT
90412016904,10337199,4w,female,BAT
90412016905,10337199,4w,female,BAT
90412016906,10337199,4w,female,BAT
90412016907,10337199,4w,female,BAT
90412013001,10337199,4w,female,BLOOD
90412016102,10337199,4w,female,COLON
90412016103,10337199,4w,female,COLON
90412016104,10337199,4w,female,COLON
90412015302,10337199,4w,female,CORTEX
90412015303,10337199,4w,female,CORTEX
90412015304,10337199,4w,female,CORTEX
90412015305,10337199,4w,female,CORTEX
90412015802,10337199,4w,female,HEART
90412015803,10337199,4w,female,HEART
90412015804,10337199,4w,female,HEART
90412015805,10337199,4w,female,HEART
90412015806,10337199,4w,female,HEART
90412015807,10337199,4w,female,HEART
90412015808,10337199,4w,female,HEART
90412015809,10337199,4w,female,HEART
90412015810,10337199,4w,female,HEART
90412015812,10337199,4w,female,HEART
90412015202,10337199,4w,female,HIPPOC
90412015203,10337199,4w,female,HIPPOC
90412015204,10337199,4w,female,HIPPOC
90412015205,10337199,4w,female,HIPPOC
90412015206,10337199,4w,female,HIPPOC
90412015207,10337199,4w,female,HIPPOC
90412015208,10337199,4w,female,HIPPOC
90412015209,10337199,4w,female,HIPPOC
90412015210,10337199,4w,female,HIPPOC
90412015402,10337199,4w,female,HYPOTH
90412015403,10337199,4w,female,HYPOTH
90412015902,10337199,4w,female,KIDNEY
90412015903,10337199,4w,female,KIDNEY
90412015904,10337199,4w,female,KIDNEY
90412015905,10337199,4w,female,KIDNEY
90412015906,10337199,4w,female,KIDNEY
90412015907,10337199,4w,female,KIDNEY
90412015908,10337199,4w,female,KIDNEY
90412015909,10337199,4w,female,KIDNEY
90412015911,10337199,4w,female,KIDNEY
90412016803,10337199,4w,female,LIVER
90412016804,10337199,4w,female,LIVER
90412016805,10337199,4w,female,LIVER
90412016806,10337199,4w,female,LIVER
90412016807,10337199,4w,female,LIVER
90412016808,10337199,4w,female,LIVER
90412016809,10337199,4w,female,LIVER
90412016810,10337199,4w,female,LIVER
90412016811,10337199,4w,female,LIVER
90412016813,10337199,4w,female,LIVER
90412016602,10337199,4w,female,LUNG
90412016603,10337199,4w,female,LUNG
90412016604,10337199,4w,female,LUNG
90412016605,10337199,4w,female,LUNG
90412016606,10337199,4w,female,LUNG
90412016607,10337199,4w,female,LUNG
90412016608,10337199,4w,female,LUNG
90412016609,10337199,4w,female,LUNG
90412016611,10337199,4w,female,LUNG
90412016402,10337199,4w,female,OVARY
90412016403,10337199,4w,female,OVARY
90412016404,10337199,4w,female,OVARY
90412016405,10337199,4w,female,OVARY
90412013104,10337199,4w,female,PLASMA
90412013105,10337199,4w,female,PLASMA
90412013106,10337199,4w,female,PLASMA
90412013107,10337199,4w,female,PLASMA
90412013108,10337199,4w,female,PLASMA
90412013110,10337199,4w,female,PLASMA
90412013111,10337199,4w,female,PLASMA
90412015503,10337199,4w,female,SKM-GN
90412015504,10337199,4w,female,SKM-GN
90412015505,10337199,4w,female,SKM-GN
90412015507,10337199,4w,female,SKM-GN
90412015508,10337199,4w,female,SKM-GN
90412015509,10337199,4w,female,SKM-GN
90412015510,10337199,4w,female,SKM-GN
90412015511,10337199,4w,female,SKM-GN
90412015512,10337199,4w,female,SKM-GN
90412015514,10337199,4w,female,SKM-GN
90412015516,10337199,4w,female,SKM-GN
90412015603,10337199,4w,female,SKM-VL
90412015604,10337199,4w,female,SKM-VL
90412015605,10337199,4w,female,SKM-VL
90412016702,10337199,4w,female,SMLINT
90412016703,10337199,4w,female,SMLINT
90412016704,10337199,4w,female,SMLINT
90412016202,10337199,4w,female,SPLEEN
90412016203,10337199,4w,female,SPLEEN
90412016204,10337199,4w,female,SPLEEN
90412016502,10337199,4w,female,VENACV
90412017003,10337199,4w,female,WAT-SC
90412017004,10337199,4w,female,WAT-SC
90412017005,10337199,4w,female,WAT-SC
90412017006,10337199,4w,female,WAT-SC
90412017007,10337199,4w,female,WAT-SC
90412017008,10337199,4w,female,WAT-SC
90412017009,10337199,4w,female,WAT-SC
90412017010,10337199,4w,female,WAT-SC
90412017011,10337199,4w,female,WAT-SC
90412017012,10337199,4w,female,WAT-SC
90412017013,10337199,4w,female,WAT-SC
90412017014,10337199,4w,female,WAT-SC
90412017702,10337199,4w,female,NA
90413013104,10338918,4w,female,PLASMA
90414013104,10356738,4w,female,PLASMA
90416016002,10381414,4w,female,ADRNL
90416016003,10381414,4w,female,ADRNL
90416016004,10381414,4w,female,ADRNL
90416016902,10381414,4w,female,BAT
90416016903,10381414,4w,female,BAT
90416016904,10381414,4w,female,BAT
90416016905,10381414,4w,female,BAT
90416016906,10381414,4w,female,BAT
90416016907,10381414,4w,female,BAT
90416016908,10381414,4w,female,BAT
90416016909,10381414,4w,female,BAT
90416013001,10381414,4w,female,BLOOD
90416016102,10381414,4w,female,COLON
90416016103,10381414,4w,female,COLON
90416016104,10381414,4w,female,COLON
90416015302,10381414,4w,female,CORTEX
90416015303,10381414,4w,female,CORTEX
90416015304,10381414,4w,female,CORTEX
90416015305,10381414,4w,female,CORTEX
90416015802,10381414,4w,female,HEART
90416015803,10381414,4w,female,HEART
90416015804,10381414,4w,female,HEART
90416015805,10381414,4w,female,HEART
90416015806,10381414,4w,female,HEART
90416015807,10381414,4w,female,HEART
90416015808,10381414,4w,female,HEART
90416015809,10381414,4w,female,HEART
90416015810,10381414,4w,female,HEART
90416015812,10381414,4w,female,HEART
90416015202,10381414,4w,female,HIPPOC
90416015203,10381414,4w,female,HIPPOC
90416015204,10381414,4w,female,HIPPOC
90416015205,10381414,4w,female,HIPPOC
90416015206,10381414,4w,female,HIPPOC
90416015207,10381414,4w,female,HIPPOC
90416015208,10381414,4w,female,HIPPOC
90416015210,10381414,4w,female,HIPPOC
90416015402,10381414,4w,female,HYPOTH
90416015403,10381414,4w,female,HYPOTH
90416015902,10381414,4w,female,KIDNEY
90416015903,10381414,4w,female,KIDNEY
90416015904,10381414,4w,female,KIDNEY
90416015905,10381414,4w,female,KIDNEY
90416015906,10381414,4w,female,KIDNEY
90416015907,10381414,4w,female,KIDNEY
90416015908,10381414,4w,female,KIDNEY
90416015909,10381414,4w,female,KIDNEY
90416015911,10381414,4w,female,KIDNEY
90416016803,10381414,4w,female,LIVER
90416016804,10381414,4w,female,LIVER
90416016805,10381414,4w,female,LIVER
90416016806,10381414,4w,female,LIVER
90416016807,10381414,4w,female,LIVER
90416016808,10381414,4w,female,LIVER
90416016809,10381414,4w,female,LIVER
90416016810,10381414,4w,female,LIVER
90416016811,10381414,4w,female,LIVER
90416016813,10381414,4w,female,LIVER
90416016602,10381414,4w,female,LUNG
90416016603,10381414,4w,female,LUNG
90416016604,10381414,4w,female,LUNG
90416016605,10381414,4w,female,LUNG
90416016606,10381414,4w,female,LUNG
90416016607,10381414,4w,female,LUNG
90416016608,10381414,4w,female,LUNG
90416016609,10381414,4w,female,LUNG
90416016611,10381414,4w,female,LUNG
90416016402,10381414,4w,female,OVARY
90416016403,10381414,4w,female,OVARY
90416016404,10381414,4w,female,OVARY
90416013104,10381414,4w,female,PLASMA
90416013105,10381414,4w,female,PLASMA
90416013106,10381414,4w,female,PLASMA
90416013107,10381414,4w,female,PLASMA
90416013108,10381414,4w,female,PLASMA
90416013110,10381414,4w,female,PLASMA
90416013111,10381414,4w,female,PLASMA
90416015503,10381414,4w,female,SKM-GN
90416015504,10381414,4w,female,SKM-GN
90416015505,10381414,4w,female,SKM-GN
90416015507,10381414,4w,female,SKM-GN
90416015508,10381414,4w,female,SKM-GN
90416015509,10381414,4w,female,SKM-GN
90416015510,10381414,4w,female,SKM-GN
90416015511,10381414,4w,female,SKM-GN
90416015512,10381414,4w,female,SKM-GN
90416015514,10381414,4w,female,SKM-GN
90416015516,10381414,4w,female,SKM-GN
90416015603,10381414,4w,female,SKM-VL
90416015604,10381414,4w,female,SKM-VL
90416015605,10381414,4w,female,SKM-VL
90416016702,10381414,4w,female,SMLINT
90416016703,10381414,4w,female,SMLINT
90416016704,10381414,4w,female,SMLINT
90416016202,10381414,4w,female,SPLEEN
90416016203,10381414,4w,female,SPLEEN
90416016204,10381414,4w,female,SPLEEN
90416016502,10381414,4w,female,VENACV
90416017003,10381414,4w,female,WAT-SC
90416017004,10381414,4w,female,WAT-SC
90416017005,10381414,4w,female,WAT-SC
90416017006,10381414,4w,female,WAT-SC
90416017007,10381414,4w,female,WAT-SC
90416017008,10381414,4w,female,WAT-SC
90416017009,10381414,4w,female,WAT-SC
90416017010,10381414,4w,female,WAT-SC
90416017011,10381414,4w,female,WAT-SC
90416017012,10381414,4w,female,WAT-SC
90416017014,10381414,4w,female,WAT-SC
90416017702,10381414,4w,female,NA
90417013104,10387021,4w,female,PLASMA
90418013104,10391800,4w,female,PLASMA
90419013104,10398651,4w,female,PLASMA
90420016002,10411690,4w,female,ADRNL
90420016003,10411690,4w,female,ADRNL
90420016004,10411690,4w,female,ADRNL
90420016902,10411690,4w,female,BAT
90420016903,10411690,4w,female,BAT
90420016904,10411690,4w,female,BAT
90420016905,10411690,4w,female,BAT
90420016906,10411690,4w,female,BAT
90420016907,10411690,4w,female,BAT
90420016908,10411690,4w,female,BAT
90420016909,10411690,4w,female,BAT
90420013001,10411690,4w,female,BLOOD
90420016102,10411690,4w,female,COLON
90420016103,10411690,4w,female,COLON
90420016104,10411690,4w,female,COLON
90420016105,10411690,4w,female,COLON
90420015302,10411690,4w,female,CORTEX
90420015303,10411690,4w,female,CORTEX
90420015304,10411690,4w,female,CORTEX
90420015305,10411690,4w,female,CORTEX
90420015306,10411690,4w,female,CORTEX
90420015802,10411690,4w,female,HEART
90420015803,10411690,4w,female,HEART
90420015804,10411690,4w,female,HEART
90420015805,10411690,4w,female,HEART
90420015806,10411690,4w,female,HEART
90420015807,10411690,4w,female,HEART
90420015808,10411690,4w,female,HEART
90420015809,10411690,4w,female,HEART
90420015810,10411690,4w,female,HEART
90420015811,10411690,4w,female,HEART
90420015812,10411690,4w,female,HEART
90420015202,10411690,4w,female,HIPPOC
90420015203,10411690,4w,female,HIPPOC
90420015204,10411690,4w,female,HIPPOC
90420015205,10411690,4w,female,HIPPOC
90420015206,10411690,4w,female,HIPPOC
90420015207,10411690,4w,female,HIPPOC
90420015208,10411690,4w,female,HIPPOC
90420015209,10411690,4w,female,HIPPOC
90420015210,10411690,4w,female,HIPPOC
90420015402,10411690,4w,female,HYPOTH
90420015403,10411690,4w,female,HYPOTH
90420015902,10411690,4w,female,KIDNEY
90420015903,10411690,4w,female,KIDNEY
90420015904,10411690,4w,female,KIDNEY
90420015905,10411690,4w,female,KIDNEY
90420015906,10411690,4w,female,KIDNEY
90420015907,10411690,4w,female,KIDNEY
90420015908,10411690,4w,female,KIDNEY
90420015909,10411690,4w,female,KIDNEY
90420015910,10411690,4w,female,KIDNEY
90420015911,10411690,4w,female,KIDNEY
90420016803,10411690,4w,female,LIVER
90420016804,10411690,4w,female,LIVER
90420016805,10411690,4w,female,LIVER
90420016806,10411690,4w,female,LIVER
90420016807,10411690,4w,female,LIVER
90420016808,10411690,4w,female,LIVER
90420016809,10411690,4w,female,LIVER
90420016810,10411690,4w,female,LIVER
90420016811,10411690,4w,female,LIVER
90420016812,10411690,4w,female,LIVER
90420016813,10411690,4w,female,LIVER
90420016602,10411690,4w,female,LUNG
90420016603,10411690,4w,female,LUNG
90420016604,10411690,4w,female,LUNG
90420016605,10411690,4w,female,LUNG
90420016606,10411690,4w,female,LUNG
90420016607,10411690,4w,female,LUNG
90420016608,10411690,4w,female,LUNG
90420016609,10411690,4w,female,LUNG
90420016610,10411690,4w,female,LUNG
90420016611,10411690,4w,female,LUNG
90420016402,10411690,4w,female,OVARY
90420016403,10411690,4w,female,OVARY
90420016404,10411690,4w,female,OVARY
90420013104,10411690,4w,female,PLASMA
90420013105,10411690,4w,female,PLASMA
90420013106,10411690,4w,female,PLASMA
90420013107,10411690,4w,female,PLASMA
90420013108,10411690,4w,female,PLASMA
90420013109,10411690,4w,female,PLASMA
90420013110,10411690,4w,female,PLASMA
90420013111,10411690,4w,female,PLASMA
90420015503,10411690,4w,female,SKM-GN
90420015504,10411690,4w,female,SKM-GN
90420015505,10411690,4w,female,SKM-GN
90420015507,10411690,4w,female,SKM-GN
90420015508,10411690,4w,female,SKM-GN
90420015509,10411690,4w,female,SKM-GN
90420015510,10411690,4w,female,SKM-GN
90420015511,10411690,4w,female,SKM-GN
90420015512,10411690,4w,female,SKM-GN
90420015514,10411690,4w,female,SKM-GN
90420015515,10411690,4w,female,SKM-GN
90420015516,10411690,4w,female,SKM-GN
90420015603,10411690,4w,female,SKM-VL
90420015604,10411690,4w,female,SKM-VL
90420015605,10411690,4w,female,SKM-VL
90420015606,10411690,4w,female,SKM-VL
90420016702,10411690,4w,female,SMLINT
90420016703,10411690,4w,female,SMLINT
90420016704,10411690,4w,female,SMLINT
90420016705,10411690,4w,female,SMLINT
90420016202,10411690,4w,female,SPLEEN
90420016203,10411690,4w,female,SPLEEN
90420016204,10411690,4w,female,SPLEEN
90420016205,10411690,4w,female,SPLEEN
90420016502,10411690,4w,female,VENACV
90420017003,10411690,4w,female,WAT-SC
90420017004,10411690,4w,female,WAT-SC
90420017005,10411690,4w,female,WAT-SC
90420017006,10411690,4w,female,WAT-SC
90420017007,10411690,4w,female,WAT-SC
90420017008,10411690,4w,female,WAT-SC
90420017009,10411690,4w,female,WAT-SC
90420017010,10411690,4w,female,WAT-SC
90420017011,10411690,4w,female,WAT-SC
90420017012,10411690,4w,female,WAT-SC
90420017013,10411690,4w,female,WAT-SC
90420017014,10411690,4w,female,WAT-SC
90420017702,10411690,4w,female,NA
90246013104,10043608,8w,female,PLASMA
90251016002,10044256,8w,female,ADRNL
90251016003,10044256,8w,female,ADRNL
90251016004,10044256,8w,female,ADRNL
90251016902,10044256,8w,female,BAT
90251016903,10044256,8w,female,BAT
90251016904,10044256,8w,female,BAT
90251016905,10044256,8w,female,BAT
90251016906,10044256,8w,female,BAT
90251016907,10044256,8w,female,BAT
90251016908,10044256,8w,female,BAT
90251016909,10044256,8w,female,BAT
90251016910,10044256,8w,female,BAT
90251013001,10044256,8w,female,BLOOD
90251016102,10044256,8w,female,COLON
90251016103,10044256,8w,female,COLON
90251016104,10044256,8w,female,COLON
90251015302,10044256,8w,female,CORTEX
90251015303,10044256,8w,female,CORTEX
90251015304,10044256,8w,female,CORTEX
90251015305,10044256,8w,female,CORTEX
90251015802,10044256,8w,female,HEART
90251015803,10044256,8w,female,HEART
90251015804,10044256,8w,female,HEART
90251015805,10044256,8w,female,HEART
90251015806,10044256,8w,female,HEART
90251015807,10044256,8w,female,HEART
90251015808,10044256,8w,female,HEART
90251015809,10044256,8w,female,HEART
90251015810,10044256,8w,female,HEART
90251015812,10044256,8w,female,HEART
90251015202,10044256,8w,female,HIPPOC
90251015203,10044256,8w,female,HIPPOC
90251015204,10044256,8w,female,HIPPOC
90251015205,10044256,8w,female,HIPPOC
90251015206,10044256,8w,female,HIPPOC
90251015207,10044256,8w,female,HIPPOC
90251015208,10044256,8w,female,HIPPOC
90251015210,10044256,8w,female,HIPPOC
90251015402,10044256,8w,female,HYPOTH
90251015403,10044256,8w,female,HYPOTH
90251015902,10044256,8w,female,KIDNEY
90251015903,10044256,8w,female,KIDNEY
90251015904,10044256,8w,female,KIDNEY
90251015905,10044256,8w,female,KIDNEY
90251015906,10044256,8w,female,KIDNEY
90251015907,10044256,8w,female,KIDNEY
90251015908,10044256,8w,female,KIDNEY
90251015909,10044256,8w,female,KIDNEY
90251015911,10044256,8w,female,KIDNEY
90251016803,10044256,8w,female,LIVER
90251016804,10044256,8w,female,LIVER
90251016805,10044256,8w,female,LIVER
90251016806,10044256,8w,female,LIVER
90251016807,10044256,8w,female,LIVER
90251016808,10044256,8w,female,LIVER
90251016809,10044256,8w,female,LIVER
90251016810,10044256,8w,female,LIVER
90251016811,10044256,8w,female,LIVER
90251016813,10044256,8w,female,LIVER
90251016602,10044256,8w,female,LUNG
90251016603,10044256,8w,female,LUNG
90251016604,10044256,8w,female,LUNG
90251016605,10044256,8w,female,LUNG
90251016606,10044256,8w,female,LUNG
90251016607,10044256,8w,female,LUNG
90251016608,10044256,8w,female,LUNG
90251016609,10044256,8w,female,LUNG
90251016611,10044256,8w,female,LUNG
90251016402,10044256,8w,female,OVARY
90251016403,10044256,8w,female,OVARY
90251016404,10044256,8w,female,OVARY
90251013104,10044256,8w,female,PLASMA
90251013105,10044256,8w,female,PLASMA
90251013106,10044256,8w,female,PLASMA
90251013107,10044256,8w,female,PLASMA
90251013108,10044256,8w,female,PLASMA
90251013110,10044256,8w,female,PLASMA
90251013111,10044256,8w,female,PLASMA
90251015503,10044256,8w,female,SKM-GN
90251015504,10044256,8w,female,SKM-GN
90251015505,10044256,8w,female,SKM-GN
90251015507,10044256,8w,female,SKM-GN
90251015508,10044256,8w,female,SKM-GN
90251015509,10044256,8w,female,SKM-GN
90251015510,10044256,8w,female,SKM-GN
90251015511,10044256,8w,female,SKM-GN
90251015512,10044256,8w,female,SKM-GN
90251015514,10044256,8w,female,SKM-GN
90251015516,10044256,8w,female,SKM-GN
90251015603,10044256,8w,female,SKM-VL
90251015604,10044256,8w,female,SKM-VL
90251015605,10044256,8w,female,SKM-VL
90251016702,10044256,8w,female,SMLINT
90251016703,10044256,8w,female,SMLINT
90251016704,10044256,8w,female,SMLINT
90251016202,10044256,8w,female,SPLEEN
90251016203,10044256,8w,female,SPLEEN
90251016204,10044256,8w,female,SPLEEN
90251016502,10044256,8w,female,VENACV
90251016503,10044256,8w,female,VENACV
90251016504,10044256,8w,female,VENACV
90251017003,10044256,8w,female,WAT-SC
90251017004,10044256,8w,female,WAT-SC
90251017005,10044256,8w,female,WAT-SC
90251017006,10044256,8w,female,WAT-SC
90251017007,10044256,8w,female,WAT-SC
90251017008,10044256,8w,female,WAT-SC
90251017009,10044256,8w,female,WAT-SC
90251017010,10044256,8w,female,WAT-SC
90251017011,10044256,8w,female,WAT-SC
90251017012,10044256,8w,female,WAT-SC
90251017702,10044256,8w,female,NA
90254016002,10044760,8w,female,ADRNL
90254016003,10044760,8w,female,ADRNL
90254016004,10044760,8w,female,ADRNL
90254016902,10044760,8w,female,BAT
90254016903,10044760,8w,female,BAT
90254016904,10044760,8w,female,BAT
90254016905,10044760,8w,female,BAT
90254016906,10044760,8w,female,BAT
90254016907,10044760,8w,female,BAT
90254013002,10044760,8w,female,BLOOD
90254016102,10044760,8w,female,COLON
90254016103,10044760,8w,female,COLON
90254016104,10044760,8w,female,COLON
90254015302,10044760,8w,female,CORTEX
90254015303,10044760,8w,female,CORTEX
90254015304,10044760,8w,female,CORTEX
90254015305,10044760,8w,female,CORTEX
90254015802,10044760,8w,female,HEART
90254015803,10044760,8w,female,HEART
90254015804,10044760,8w,female,HEART
90254015805,10044760,8w,female,HEART
90254015806,10044760,8w,female,HEART
90254015807,10044760,8w,female,HEART
90254015808,10044760,8w,female,HEART
90254015809,10044760,8w,female,HEART
90254015810,10044760,8w,female,HEART
90254015812,10044760,8w,female,HEART
90254015202,10044760,8w,female,HIPPOC
90254015203,10044760,8w,female,HIPPOC
90254015204,10044760,8w,female,HIPPOC
90254015205,10044760,8w,female,HIPPOC
90254015206,10044760,8w,female,HIPPOC
90254015207,10044760,8w,female,HIPPOC
90254015208,10044760,8w,female,HIPPOC
90254015210,10044760,8w,female,HIPPOC
90254015402,10044760,8w,female,HYPOTH
90254015403,10044760,8w,female,HYPOTH
90254015902,10044760,8w,female,KIDNEY
90254015903,10044760,8w,female,KIDNEY
90254015904,10044760,8w,female,KIDNEY
90254015905,10044760,8w,female,KIDNEY
90254015906,10044760,8w,female,KIDNEY
90254015907,10044760,8w,female,KIDNEY
90254015908,10044760,8w,female,KIDNEY
90254015909,10044760,8w,female,KIDNEY
90254015911,10044760,8w,female,KIDNEY
90254016803,10044760,8w,female,LIVER
90254016804,10044760,8w,female,LIVER
90254016805,10044760,8w,female,LIVER
90254016806,10044760,8w,female,LIVER
90254016807,10044760,8w,female,LIVER
90254016808,10044760,8w,female,LIVER
90254016809,10044760,8w,female,LIVER
90254016810,10044760,8w,female,LIVER
90254016811,10044760,8w,female,LIVER
90254016813,10044760,8w,female,LIVER
90254016602,10044760,8w,female,LUNG
90254016603,10044760,8w,female,LUNG
90254016604,10044760,8w,female,LUNG
90254016605,10044760,8w,female,LUNG
90254016606,10044760,8w,female,LUNG
90254016607,10044760,8w,female,LUNG
90254016608,10044760,8w,female,LUNG
90254016609,10044760,8w,female,LUNG
90254016611,10044760,8w,female,LUNG
90254016402,10044760,8w,female,OVARY
90254016403,10044760,8w,female,OVARY
90254016404,10044760,8w,female,OVARY
90254013104,10044760,8w,female,PLASMA
90254013105,10044760,8w,female,PLASMA
90254013106,10044760,8w,female,PLASMA
90254013107,10044760,8w,female,PLASMA
90254013108,10044760,8w,female,PLASMA
90254013110,10044760,8w,female,PLASMA
90254013111,10044760,8w,female,PLASMA
90254015503,10044760,8w,female,SKM-GN
90254015504,10044760,8w,female,SKM-GN
90254015505,10044760,8w,female,SKM-GN
90254015507,10044760,8w,female,SKM-GN
90254015508,10044760,8w,female,SKM-GN
90254015509,10044760,8w,female,SKM-GN
90254015510,10044760,8w,female,SKM-GN
90254015511,10044760,8w,female,SKM-GN
90254015512,10044760,8w,female,SKM-GN
90254015514,10044760,8w,female,SKM-GN
90254015516,10044760,8w,female,SKM-GN
90254015603,10044760,8w,female,SKM-VL
90254015604,10044760,8w,female,SKM-VL
90254015605,10044760,8w,female,SKM-VL
90254016702,10044760,8w,female,SMLINT
90254016703,10044760,8w,female,SMLINT
90254016704,10044760,8w,female,SMLINT
90254016202,10044760,8w,female,SPLEEN
90254016203,10044760,8w,female,SPLEEN
90254016204,10044760,8w,female,SPLEEN
90254016502,10044760,8w,female,VENACV
90254016503,10044760,8w,female,VENACV
90254017003,10044760,8w,female,WAT-SC
90254017004,10044760,8w,female,WAT-SC
90254017005,10044760,8w,female,WAT-SC
90254017006,10044760,8w,female,WAT-SC
90254017007,10044760,8w,female,WAT-SC
90254017008,10044760,8w,female,WAT-SC
90254017009,10044760,8w,female,WAT-SC
90254017010,10044760,8w,female,WAT-SC
90254017011,10044760,8w,female,WAT-SC
90254017012,10044760,8w,female,WAT-SC
90254017013,10044760,8w,female,WAT-SC
90254017014,10044760,8w,female,WAT-SC
90254017702,10044760,8w,female,NA
90255016005,10044841,8w,female,ADRNL
90255016909,10044841,8w,female,BAT
90255016910,10044841,8w,female,BAT
90255015305,10044841,8w,female,CORTEX
90255015802,10044841,8w,female,HEART
90255015909,10044841,8w,female,KIDNEY
90255016803,10044841,8w,female,LIVER
90255016609,10044841,8w,female,LUNG
90255016405,10044841,8w,female,OVARY
90255013104,10044841,8w,female,PLASMA
90255015503,10044841,8w,female,SKM-GN
90255017003,10044841,8w,female,WAT-SC
90255017702,10044841,8w,female,NA
90258016002,10045228,8w,female,ADRNL
90258016003,10045228,8w,female,ADRNL
90258016004,10045228,8w,female,ADRNL
90258016902,10045228,8w,female,BAT
90258016903,10045228,8w,female,BAT
90258016904,10045228,8w,female,BAT
90258016905,10045228,8w,female,BAT
90258016906,10045228,8w,female,BAT
90258013001,10045228,8w,female,BLOOD
90258016102,10045228,8w,female,COLON
90258016103,10045228,8w,female,COLON
90258016104,10045228,8w,female,COLON
90258016105,10045228,8w,female,COLON
90258015302,10045228,8w,female,CORTEX
90258015303,10045228,8w,female,CORTEX
90258015304,10045228,8w,female,CORTEX
90258015305,10045228,8w,female,CORTEX
90258015306,10045228,8w,female,CORTEX
90258015802,10045228,8w,female,HEART
90258015803,10045228,8w,female,HEART
90258015804,10045228,8w,female,HEART
90258015805,10045228,8w,female,HEART
90258015806,10045228,8w,female,HEART
90258015807,10045228,8w,female,HEART
90258015808,10045228,8w,female,HEART
90258015809,10045228,8w,female,HEART
90258015810,10045228,8w,female,HEART
90258015811,10045228,8w,female,HEART
90258015812,10045228,8w,female,HEART
90258015202,10045228,8w,female,HIPPOC
90258015203,10045228,8w,female,HIPPOC
90258015204,10045228,8w,female,HIPPOC
90258015205,10045228,8w,female,HIPPOC
90258015206,10045228,8w,female,HIPPOC
90258015207,10045228,8w,female,HIPPOC
90258015208,10045228,8w,female,HIPPOC
90258015209,10045228,8w,female,HIPPOC
90258015210,10045228,8w,female,HIPPOC
90258015402,10045228,8w,female,HYPOTH
90258015403,10045228,8w,female,HYPOTH
90258015902,10045228,8w,female,KIDNEY
90258015903,10045228,8w,female,KIDNEY
90258015904,10045228,8w,female,KIDNEY
90258015905,10045228,8w,female,KIDNEY
90258015906,10045228,8w,female,KIDNEY
90258015907,10045228,8w,female,KIDNEY
90258015908,10045228,8w,female,KIDNEY
90258015909,10045228,8w,female,KIDNEY
90258015910,10045228,8w,female,KIDNEY
90258015911,10045228,8w,female,KIDNEY
90258016803,10045228,8w,female,LIVER
90258016804,10045228,8w,female,LIVER
90258016805,10045228,8w,female,LIVER
90258016806,10045228,8w,female,LIVER
90258016807,10045228,8w,female,LIVER
90258016808,10045228,8w,female,LIVER
90258016809,10045228,8w,female,LIVER
90258016810,10045228,8w,female,LIVER
90258016811,10045228,8w,female,LIVER
90258016812,10045228,8w,female,LIVER
90258016813,10045228,8w,female,LIVER
90258016602,10045228,8w,female,LUNG
90258016603,10045228,8w,female,LUNG
90258016604,10045228,8w,female,LUNG
90258016605,10045228,8w,female,LUNG
90258016606,10045228,8w,female,LUNG
90258016607,10045228,8w,female,LUNG
90258016608,10045228,8w,female,LUNG
90258016609,10045228,8w,female,LUNG
90258016610,10045228,8w,female,LUNG
90258016611,10045228,8w,female,LUNG
90258016402,10045228,8w,female,OVARY
90258016403,10045228,8w,female,OVARY
90258016404,10045228,8w,female,OVARY
90258016405,10045228,8w,female,OVARY
90258013104,10045228,8w,female,PLASMA
90258013105,10045228,8w,female,PLASMA
90258013106,10045228,8w,female,PLASMA
90258013107,10045228,8w,female,PLASMA
90258013108,10045228,8w,female,PLASMA
90258013109,10045228,8w,female,PLASMA
90258013110,10045228,8w,female,PLASMA
90258013111,10045228,8w,female,PLASMA
90258015503,10045228,8w,female,SKM-GN
90258015504,10045228,8w,female,SKM-GN
90258015505,10045228,8w,female,SKM-GN
90258015507,10045228,8w,female,SKM-GN
90258015508,10045228,8w,female,SKM-GN
90258015509,10045228,8w,female,SKM-GN
90258015510,10045228,8w,female,SKM-GN
90258015511,10045228,8w,female,SKM-GN
90258015512,10045228,8w,female,SKM-GN
90258015514,10045228,8w,female,SKM-GN
90258015515,10045228,8w,female,SKM-GN
90258015516,10045228,8w,female,SKM-GN
90258015603,10045228,8w,female,SKM-VL
90258015604,10045228,8w,female,SKM-VL
90258015605,10045228,8w,female,SKM-VL
90258015606,10045228,8w,female,SKM-VL
90258016702,10045228,8w,female,SMLINT
90258016703,10045228,8w,female,SMLINT
90258016704,10045228,8w,female,SMLINT
90258016705,10045228,8w,female,SMLINT
90258016202,10045228,8w,female,SPLEEN
90258016203,10045228,8w,female,SPLEEN
90258016204,10045228,8w,female,SPLEEN
90258016205,10045228,8w,female,SPLEEN
90258016502,10045228,8w,female,VENACV
90258017003,10045228,8w,female,WAT-SC
90258017004,10045228,8w,female,WAT-SC
90258017005,10045228,8w,female,WAT-SC
90258017006,10045228,8w,female,WAT-SC
90258017007,10045228,8w,female,WAT-SC
90258017008,10045228,8w,female,WAT-SC
90258017009,10045228,8w,female,WAT-SC
90258017010,10045228,8w,female,WAT-SC
90258017011,10045228,8w,female,WAT-SC
90258017012,10045228,8w,female,WAT-SC
90258017702,10045228,8w,female,NA
90259016002,10045309,8w,female,ADRNL
90259016003,10045309,8w,female,ADRNL
90259016004,10045309,8w,female,ADRNL
90259016902,10045309,8w,female,BAT
90259016903,10045309,8w,female,BAT
90259016904,10045309,8w,female,BAT
90259013002,10045309,8w,female,BLOOD
90259016102,10045309,8w,female,COLON
90259016103,10045309,8w,female,COLON
90259016104,10045309,8w,female,COLON
90259016105,10045309,8w,female,COLON
90259015302,10045309,8w,female,CORTEX
90259015303,10045309,8w,female,CORTEX
90259015304,10045309,8w,female,CORTEX
90259015305,10045309,8w,female,CORTEX
90259015306,10045309,8w,female,CORTEX
90259015802,10045309,8w,female,HEART
90259015803,10045309,8w,female,HEART
90259015804,10045309,8w,female,HEART
90259015805,10045309,8w,female,HEART
90259015806,10045309,8w,female,HEART
90259015807,10045309,8w,female,HEART
90259015808,10045309,8w,female,HEART
90259015809,10045309,8w,female,HEART
90259015810,10045309,8w,female,HEART
90259015811,10045309,8w,female,HEART
90259015812,10045309,8w,female,HEART
90259015202,10045309,8w,female,HIPPOC
90259015203,10045309,8w,female,HIPPOC
90259015204,10045309,8w,female,HIPPOC
90259015205,10045309,8w,female,HIPPOC
90259015206,10045309,8w,female,HIPPOC
90259015207,10045309,8w,female,HIPPOC
90259015208,10045309,8w,female,HIPPOC
90259015209,10045309,8w,female,HIPPOC
90259015210,10045309,8w,female,HIPPOC
90259015402,10045309,8w,female,HYPOTH
90259015403,10045309,8w,female,HYPOTH
90259015902,10045309,8w,female,KIDNEY
90259015903,10045309,8w,female,KIDNEY
90259015904,10045309,8w,female,KIDNEY
90259015905,10045309,8w,female,KIDNEY
90259015906,10045309,8w,female,KIDNEY
90259015907,10045309,8w,female,KIDNEY
90259015908,10045309,8w,female,KIDNEY
90259015909,10045309,8w,female,KIDNEY
90259015910,10045309,8w,female,KIDNEY
90259015911,10045309,8w,female,KIDNEY
90259016803,10045309,8w,female,LIVER
90259016804,10045309,8w,female,LIVER
90259016805,10045309,8w,female,LIVER
90259016806,10045309,8w,female,LIVER
90259016807,10045309,8w,female,LIVER
90259016808,10045309,8w,female,LIVER
90259016809,10045309,8w,female,LIVER
90259016810,10045309,8w,female,LIVER
90259016811,10045309,8w,female,LIVER
90259016812,10045309,8w,female,LIVER
90259016813,10045309,8w,female,LIVER
90259016602,10045309,8w,female,LUNG
90259016603,10045309,8w,female,LUNG
90259016604,10045309,8w,female,LUNG
90259016605,10045309,8w,female,LUNG
90259016606,10045309,8w,female,LUNG
90259016607,10045309,8w,female,LUNG
90259016608,10045309,8w,female,LUNG
90259016609,10045309,8w,female,LUNG
90259016610,10045309,8w,female,LUNG
90259016611,10045309,8w,female,LUNG
90259016402,10045309,8w,female,OVARY
90259016403,10045309,8w,female,OVARY
90259016404,10045309,8w,female,OVARY
90259013104,10045309,8w,female,PLASMA
90259013105,10045309,8w,female,PLASMA
90259013106,10045309,8w,female,PLASMA
90259013107,10045309,8w,female,PLASMA
90259013108,10045309,8w,female,PLASMA
90259013109,10045309,8w,female,PLASMA
90259013110,10045309,8w,female,PLASMA
90259013111,10045309,8w,female,PLASMA
90259015503,10045309,8w,female,SKM-GN
90259015504,10045309,8w,female,SKM-GN
90259015505,10045309,8w,female,SKM-GN
90259015507,10045309,8w,female,SKM-GN
90259015508,10045309,8w,female,SKM-GN
90259015509,10045309,8w,female,SKM-GN
90259015510,10045309,8w,female,SKM-GN
90259015511,10045309,8w,female,SKM-GN
90259015512,10045309,8w,female,SKM-GN
90259015514,10045309,8w,female,SKM-GN
90259015515,10045309,8w,female,SKM-GN
90259015516,10045309,8w,female,SKM-GN
90259015603,10045309,8w,female,SKM-VL
90259015604,10045309,8w,female,SKM-VL
90259015605,10045309,8w,female,SKM-VL
90259015606,10045309,8w,female,SKM-VL
90259016702,10045309,8w,female,SMLINT
90259016703,10045309,8w,female,SMLINT
90259016704,10045309,8w,female,SMLINT
90259016705,10045309,8w,female,SMLINT
90259016202,10045309,8w,female,SPLEEN
90259016203,10045309,8w,female,SPLEEN
90259016204,10045309,8w,female,SPLEEN
90259016205,10045309,8w,female,SPLEEN
90259016502,10045309,8w,female,VENACV
90259016503,10045309,8w,female,VENACV
90259017003,10045309,8w,female,WAT-SC
90259017004,10045309,8w,female,WAT-SC
90259017005,10045309,8w,female,WAT-SC
90259017006,10045309,8w,female,WAT-SC
90259017007,10045309,8w,female,WAT-SC
90259017008,10045309,8w,female,WAT-SC
90259017009,10045309,8w,female,WAT-SC
90259017010,10045309,8w,female,WAT-SC
90259017011,10045309,8w,female,WAT-SC
90259017012,10045309,8w,female,WAT-SC
90259017013,10045309,8w,female,WAT-SC
90259017014,10045309,8w,female,WAT-SC
90259017702,10045309,8w,female,NA
90261013104,10045651,8w,female,PLASMA
90262013104,10045732,8w,female,PLASMA
90267016002,10046461,8w,female,ADRNL
90267016003,10046461,8w,female,ADRNL
90267016004,10046461,8w,female,ADRNL
90267016902,10046461,8w,female,BAT
90267016903,10046461,8w,female,BAT
90267016904,10046461,8w,female,BAT
90267016905,10046461,8w,female,BAT
90267016906,10046461,8w,female,BAT
90267013002,10046461,8w,female,BLOOD
90267016102,10046461,8w,female,COLON
90267016103,10046461,8w,female,COLON
90267016104,10046461,8w,female,COLON
90267016105,10046461,8w,female,COLON
90267015302,10046461,8w,female,CORTEX
90267015303,10046461,8w,female,CORTEX
90267015304,10046461,8w,female,CORTEX
90267015305,10046461,8w,female,CORTEX
90267015306,10046461,8w,female,CORTEX
90267015802,10046461,8w,female,HEART
90267015803,10046461,8w,female,HEART
90267015804,10046461,8w,female,HEART
90267015805,10046461,8w,female,HEART
90267015806,10046461,8w,female,HEART
90267015807,10046461,8w,female,HEART
90267015808,10046461,8w,female,HEART
90267015809,10046461,8w,female,HEART
90267015810,10046461,8w,female,HEART
90267015811,10046461,8w,female,HEART
90267015812,10046461,8w,female,HEART
90267015202,10046461,8w,female,HIPPOC
90267015203,10046461,8w,female,HIPPOC
90267015204,10046461,8w,female,HIPPOC
90267015205,10046461,8w,female,HIPPOC
90267015206,10046461,8w,female,HIPPOC
90267015207,10046461,8w,female,HIPPOC
90267015208,10046461,8w,female,HIPPOC
90267015209,10046461,8w,female,HIPPOC
90267015210,10046461,8w,female,HIPPOC
90267015402,10046461,8w,female,HYPOTH
90267015403,10046461,8w,female,HYPOTH
90267015902,10046461,8w,female,KIDNEY
90267015903,10046461,8w,female,KIDNEY
90267015904,10046461,8w,female,KIDNEY
90267015905,10046461,8w,female,KIDNEY
90267015906,10046461,8w,female,KIDNEY
90267015907,10046461,8w,female,KIDNEY
90267015908,10046461,8w,female,KIDNEY
90267015909,10046461,8w,female,KIDNEY
90267015910,10046461,8w,female,KIDNEY
90267015911,10046461,8w,female,KIDNEY
90267016803,10046461,8w,female,LIVER
90267016804,10046461,8w,female,LIVER
90267016805,10046461,8w,female,LIVER
90267016806,10046461,8w,female,LIVER
90267016807,10046461,8w,female,LIVER
90267016808,10046461,8w,female,LIVER
90267016809,10046461,8w,female,LIVER
90267016810,10046461,8w,female,LIVER
90267016811,10046461,8w,female,LIVER
90267016812,10046461,8w,female,LIVER
90267016813,10046461,8w,female,LIVER
90267016602,10046461,8w,female,LUNG
90267016603,10046461,8w,female,LUNG
90267016604,10046461,8w,female,LUNG
90267016605,10046461,8w,female,LUNG
90267016606,10046461,8w,female,LUNG
90267016607,10046461,8w,female,LUNG
90267016608,10046461,8w,female,LUNG
90267016609,10046461,8w,female,LUNG
90267016610,10046461,8w,female,LUNG
90267016611,10046461,8w,female,LUNG
90267016402,10046461,8w,female,OVARY
90267016403,10046461,8w,female,OVARY
90267016404,10046461,8w,female,OVARY
90267016405,10046461,8w,female,OVARY
90267013104,10046461,8w,female,PLASMA
90267013105,10046461,8w,female,PLASMA
90267013106,10046461,8w,female,PLASMA
90267013107,10046461,8w,female,PLASMA
90267013108,10046461,8w,female,PLASMA
90267013109,10046461,8w,female,PLASMA
90267013110,10046461,8w,female,PLASMA
90267013111,10046461,8w,female,PLASMA
90267015503,10046461,8w,female,SKM-GN
90267015504,10046461,8w,female,SKM-GN
90267015505,10046461,8w,female,SKM-GN
90267015507,10046461,8w,female,SKM-GN
90267015508,10046461,8w,female,SKM-GN
90267015509,10046461,8w,female,SKM-GN
90267015510,10046461,8w,female,SKM-GN
90267015511,10046461,8w,female,SKM-GN
90267015512,10046461,8w,female,SKM-GN
90267015514,10046461,8w,female,SKM-GN
90267015515,10046461,8w,female,SKM-GN
90267015516,10046461,8w,female,SKM-GN
90267015603,10046461,8w,female,SKM-VL
90267015604,10046461,8w,female,SKM-VL
90267015605,10046461,8w,female,SKM-VL
90267015606,10046461,8w,female,SKM-VL
90267016702,10046461,8w,female,SMLINT
90267016703,10046461,8w,female,SMLINT
90267016704,10046461,8w,female,SMLINT
90267016705,10046461,8w,female,SMLINT
90267016202,10046461,8w,female,SPLEEN
90267016203,10046461,8w,female,SPLEEN
90267016204,10046461,8w,female,SPLEEN
90267016205,10046461,8w,female,SPLEEN
90267016502,10046461,8w,female,VENACV
90267016503,10046461,8w,female,VENACV
90267016504,10046461,8w,female,VENACV
90267017003,10046461,8w,female,WAT-SC
90267017004,10046461,8w,female,WAT-SC
90267017005,10046461,8w,female,WAT-SC
90267017006,10046461,8w,female,WAT-SC
90267017007,10046461,8w,female,WAT-SC
90267017008,10046461,8w,female,WAT-SC
90267017009,10046461,8w,female,WAT-SC
90267017010,10046461,8w,female,WAT-SC
90267017011,10046461,8w,female,WAT-SC
90267017012,10046461,8w,female,WAT-SC
90267017013,10046461,8w,female,WAT-SC
90267017014,10046461,8w,female,WAT-SC
90267017702,10046461,8w,female,NA
90268016005,10046542,8w,female,ADRNL
90268016909,10046542,8w,female,BAT
90268013104,10046542,8w,female,PLASMA
90269013104,10046623,8w,female,PLASMA
90270016005,10046704,8w,female,ADRNL
90270013104,10046704,8w,female,PLASMA
90271013104,10046895,8w,female,PLASMA
90272013104,10046976,8w,female,PLASMA
90245016002,10043527,control,female,ADRNL
90245016003,10043527,control,female,ADRNL
90245016004,10043527,control,female,ADRNL
90245016902,10043527,control,female,BAT
90245016903,10043527,control,female,BAT
90245016904,10043527,control,female,BAT
90245016905,10043527,control,female,BAT
90245013002,10043527,control,female,BLOOD
90245016102,10043527,control,female,COLON
90245016103,10043527,control,female,COLON
90245016104,10043527,control,female,COLON
90245016105,10043527,control,female,COLON
90245015302,10043527,control,female,CORTEX
90245015303,10043527,control,female,CORTEX
90245015304,10043527,control,female,CORTEX
90245015305,10043527,control,female,CORTEX
90245015306,10043527,control,female,CORTEX
90245015802,10043527,control,female,HEART
90245015803,10043527,control,female,HEART
90245015804,10043527,control,female,HEART
90245015805,10043527,control,female,HEART
90245015806,10043527,control,female,HEART
90245015807,10043527,control,female,HEART
90245015808,10043527,control,female,HEART
90245015809,10043527,control,female,HEART
90245015810,10043527,control,female,HEART
90245015811,10043527,control,female,HEART
90245015812,10043527,control,female,HEART
90245015202,10043527,control,female,HIPPOC
90245015203,10043527,control,female,HIPPOC
90245015204,10043527,control,female,HIPPOC
90245015205,10043527,control,female,HIPPOC
90245015206,10043527,control,female,HIPPOC
90245015207,10043527,control,female,HIPPOC
90245015208,10043527,control,female,HIPPOC
90245015209,10043527,control,female,HIPPOC
90245015210,10043527,control,female,HIPPOC
90245015402,10043527,control,female,HYPOTH
90245015403,10043527,control,female,HYPOTH
90245015404,10043527,control,female,HYPOTH
90245015902,10043527,control,female,KIDNEY
90245015903,10043527,control,female,KIDNEY
90245015904,10043527,control,female,KIDNEY
90245015905,10043527,control,female,KIDNEY
90245015906,10043527,control,female,KIDNEY
90245015907,10043527,control,female,KIDNEY
90245015908,10043527,control,female,KIDNEY
90245015909,10043527,control,female,KIDNEY
90245015910,10043527,control,female,KIDNEY
90245015911,10043527,control,female,KIDNEY
90245016803,10043527,control,female,LIVER
90245016804,10043527,control,female,LIVER
90245016805,10043527,control,female,LIVER
90245016806,10043527,control,female,LIVER
90245016807,10043527,control,female,LIVER
90245016808,10043527,control,female,LIVER
90245016809,10043527,control,female,LIVER
90245016810,10043527,control,female,LIVER
90245016811,10043527,control,female,LIVER
90245016812,10043527,control,female,LIVER
90245016813,10043527,control,female,LIVER
90245016602,10043527,control,female,LUNG
90245016603,10043527,control,female,LUNG
90245016604,10043527,control,female,LUNG
90245016605,10043527,control,female,LUNG
90245016606,10043527,control,female,LUNG
90245016607,10043527,control,female,LUNG
90245016608,10043527,control,female,LUNG
90245016609,10043527,control,female,LUNG
90245016610,10043527,control,female,LUNG
90245016611,10043527,control,female,LUNG
90245016402,10043527,control,female,OVARY
90245016403,10043527,control,female,OVARY
90245016404,10043527,control,female,OVARY
90245013104,10043527,control,female,PLASMA
90245013105,10043527,control,female,PLASMA
90245013106,10043527,control,female,PLASMA
90245013107,10043527,control,female,PLASMA
90245013108,10043527,control,female,PLASMA
90245013109,10043527,control,female,PLASMA
90245013110,10043527,control,female,PLASMA
90245013111,10043527,control,female,PLASMA
90245015503,10043527,control,female,SKM-GN
90245015504,10043527,control,female,SKM-GN
90245015505,10043527,control,female,SKM-GN
90245015507,10043527,control,female,SKM-GN
90245015508,10043527,control,female,SKM-GN
90245015509,10043527,control,female,SKM-GN
90245015510,10043527,control,female,SKM-GN
90245015511,10043527,control,female,SKM-GN
90245015512,10043527,control,female,SKM-GN
90245015514,10043527,control,female,SKM-GN
90245015515,10043527,control,female,SKM-GN
90245015516,10043527,control,female,SKM-GN
90245015603,10043527,control,female,SKM-VL
90245015604,10043527,control,female,SKM-VL
90245015605,10043527,control,female,SKM-VL
90245015606,10043527,control,female,SKM-VL
90245016702,10043527,control,female,SMLINT
90245016703,10043527,control,female,SMLINT
90245016704,10043527,control,female,SMLINT
90245016705,10043527,control,female,SMLINT
90245016202,10043527,control,female,SPLEEN
90245016203,10043527,control,female,SPLEEN
90245016204,10043527,control,female,SPLEEN
90245016205,10043527,control,female,SPLEEN
90245016502,10043527,control,female,VENACV
90245017003,10043527,control,female,WAT-SC
90245017004,10043527,control,female,WAT-SC
90245017005,10043527,control,female,WAT-SC
90245017006,10043527,control,female,WAT-SC
90245017007,10043527,control,female,WAT-SC
90245017008,10043527,control,female,WAT-SC
90245017009,10043527,control,female,WAT-SC
90245017010,10043527,control,female,WAT-SC
90245017011,10043527,control,female,WAT-SC
90245017012,10043527,control,female,WAT-SC
90245017013,10043527,control,female,WAT-SC
90245017702,10043527,control,female,NA
90247016005,10043799,control,female,ADRNL
90248016002,10043950,control,female,ADRNL
90248016003,10043950,control,female,ADRNL
90248016004,10043950,control,female,ADRNL
90248016902,10043950,control,female,BAT
90248016903,10043950,control,female,BAT
90248016904,10043950,control,female,BAT
90248016905,10043950,control,female,BAT
90248016906,10043950,control,female,BAT
90248013001,10043950,control,female,BLOOD
90248016102,10043950,control,female,COLON
90248016103,10043950,control,female,COLON
90248016104,10043950,control,female,COLON
90248015302,10043950,control,female,CORTEX
90248015303,10043950,control,female,CORTEX
90248015304,10043950,control,female,CORTEX
90248015305,10043950,control,female,CORTEX
90248015802,10043950,control,female,HEART
90248015803,10043950,control,female,HEART
90248015804,10043950,control,female,HEART
90248015805,10043950,control,female,HEART
90248015806,10043950,control,female,HEART
90248015807,10043950,control,female,HEART
90248015808,10043950,control,female,HEART
90248015809,10043950,control,female,HEART
90248015810,10043950,control,female,HEART
90248015812,10043950,control,female,HEART
90248015202,10043950,control,female,HIPPOC
90248015203,10043950,control,female,HIPPOC
90248015204,10043950,control,female,HIPPOC
90248015205,10043950,control,female,HIPPOC
90248015206,10043950,control,female,HIPPOC
90248015207,10043950,control,female,HIPPOC
90248015208,10043950,control,female,HIPPOC
90248015210,10043950,control,female,HIPPOC
90248015402,10043950,control,female,HYPOTH
90248015403,10043950,control,female,HYPOTH
90248015902,10043950,control,female,KIDNEY
90248015903,10043950,control,female,KIDNEY
90248015904,10043950,control,female,KIDNEY
90248015905,10043950,control,female,KIDNEY
90248015906,10043950,control,female,KIDNEY
90248015907,10043950,control,female,KIDNEY
90248015908,10043950,control,female,KIDNEY
90248015909,10043950,control,female,KIDNEY
90248015911,10043950,control,female,KIDNEY
90248016803,10043950,control,female,LIVER
90248016804,10043950,control,female,LIVER
90248016805,10043950,control,female,LIVER
90248016806,10043950,control,female,LIVER
90248016807,10043950,control,female,LIVER
90248016808,10043950,control,female,LIVER
90248016809,10043950,control,female,LIVER
90248016810,10043950,control,female,LIVER
90248016811,10043950,control,female,LIVER
90248016813,10043950,control,female,LIVER
90248016602,10043950,control,female,LUNG
90248016603,10043950,control,female,LUNG
90248016604,10043950,control,female,LUNG
90248016605,10043950,control,female,LUNG
90248016606,10043950,control,female,LUNG
90248016607,10043950,control,female,LUNG
90248016608,10043950,control,female,LUNG
90248016609,10043950,control,female,LUNG
90248016611,10043950,control,female,LUNG
90248016402,10043950,control,female,OVARY
90248016403,10043950,control,female,OVARY
90248016404,10043950,control,female,OVARY
90248016405,10043950,control,female,OVARY
90248013104,10043950,control,female,PLASMA
90248013105,10043950,control,female,PLASMA
90248013106,10043950,control,female,PLASMA
90248013107,10043950,control,female,PLASMA
90248013108,10043950,control,female,PLASMA
90248013110,10043950,control,female,PLASMA
90248013111,10043950,control,female,PLASMA
90248015503,10043950,control,female,SKM-GN
90248015504,10043950,control,female,SKM-GN
90248015505,10043950,control,female,SKM-GN
90248015507,10043950,control,female,SKM-GN
90248015508,10043950,control,female,SKM-GN
90248015509,10043950,control,female,SKM-GN
90248015510,10043950,control,female,SKM-GN
90248015511,10043950,control,female,SKM-GN
90248015512,10043950,control,female,SKM-GN
90248015514,10043950,control,female,SKM-GN
90248015516,10043950,control,female,SKM-GN
90248015603,10043950,control,female,SKM-VL
90248015604,10043950,control,female,SKM-VL
90248015605,10043950,control,female,SKM-VL
90248016702,10043950,control,female,SMLINT
90248016703,10043950,control,female,SMLINT
90248016704,10043950,control,female,SMLINT
90248016202,10043950,control,female,SPLEEN
90248016203,10043950,control,female,SPLEEN
90248016204,10043950,control,female,SPLEEN
90248016502,10043950,control,female,VENACV
90248016503,10043950,control,female,VENACV
90248017003,10043950,control,female,WAT-SC
90248017004,10043950,control,female,WAT-SC
90248017005,10043950,control,female,WAT-SC
90248017006,10043950,control,female,WAT-SC
90248017007,10043950,control,female,WAT-SC
90248017008,10043950,control,female,WAT-SC
90248017009,10043950,control,female,WAT-SC
90248017010,10043950,control,female,WAT-SC
90248017011,10043950,control,female,WAT-SC
90248017012,10043950,control,female,WAT-SC
90248017014,10043950,control,female,WAT-SC
90248017702,10043950,control,female,NA
90249013104,10044094,control,female,PLASMA
90252016002,10044337,control,female,ADRNL
90252016003,10044337,control,female,ADRNL
90252016004,10044337,control,female,ADRNL
90252016902,10044337,control,female,BAT
90252016903,10044337,control,female,BAT
90252016904,10044337,control,female,BAT
90252016905,10044337,control,female,BAT
90252016906,10044337,control,female,BAT
90252016907,10044337,control,female,BAT
90252016908,10044337,control,female,BAT
90252013001,10044337,control,female,BLOOD
90252016102,10044337,control,female,COLON
90252016103,10044337,control,female,COLON
90252016104,10044337,control,female,COLON
90252016105,10044337,control,female,COLON
90252015302,10044337,control,female,CORTEX
90252015303,10044337,control,female,CORTEX
90252015304,10044337,control,female,CORTEX
90252015305,10044337,control,female,CORTEX
90252015306,10044337,control,female,CORTEX
90252015802,10044337,control,female,HEART
90252015803,10044337,control,female,HEART
90252015804,10044337,control,female,HEART
90252015805,10044337,control,female,HEART
90252015806,10044337,control,female,HEART
90252015807,10044337,control,female,HEART
90252015808,10044337,control,female,HEART
90252015809,10044337,control,female,HEART
90252015810,10044337,control,female,HEART
90252015811,10044337,control,female,HEART
90252015812,10044337,control,female,HEART
90252015202,10044337,control,female,HIPPOC
90252015203,10044337,control,female,HIPPOC
90252015204,10044337,control,female,HIPPOC
90252015205,10044337,control,female,HIPPOC
90252015206,10044337,control,female,HIPPOC
90252015207,10044337,control,female,HIPPOC
90252015208,10044337,control,female,HIPPOC
90252015209,10044337,control,female,HIPPOC
90252015210,10044337,control,female,HIPPOC
90252015402,10044337,control,female,HYPOTH
90252015403,10044337,control,female,HYPOTH
90252015902,10044337,control,female,KIDNEY
90252015903,10044337,control,female,KIDNEY
90252015904,10044337,control,female,KIDNEY
90252015905,10044337,control,female,KIDNEY
90252015906,10044337,control,female,KIDNEY
90252015907,10044337,control,female,KIDNEY
90252015908,10044337,control,female,KIDNEY
90252015909,10044337,control,female,KIDNEY
90252015910,10044337,control,female,KIDNEY
90252015911,10044337,control,female,KIDNEY
90252016803,10044337,control,female,LIVER
90252016804,10044337,control,female,LIVER
90252016805,10044337,control,female,LIVER
90252016806,10044337,control,female,LIVER
90252016807,10044337,control,female,LIVER
90252016808,10044337,control,female,LIVER
90252016809,10044337,control,female,LIVER
90252016810,10044337,control,female,LIVER
90252016811,10044337,control,female,LIVER
90252016812,10044337,control,female,LIVER
90252016813,10044337,control,female,LIVER
90252016602,10044337,control,female,LUNG
90252016603,10044337,control,female,LUNG
90252016604,10044337,control,female,LUNG
90252016605,10044337,control,female,LUNG
90252016606,10044337,control,female,LUNG
90252016607,10044337,control,female,LUNG
90252016608,10044337,control,female,LUNG
90252016609,10044337,control,female,LUNG
90252016610,10044337,control,female,LUNG
90252016611,10044337,control,female,LUNG
90252016402,10044337,control,female,OVARY
90252016403,10044337,control,female,OVARY
90252016404,10044337,control,female,OVARY
90252013104,10044337,control,female,PLASMA
90252013105,10044337,control,female,PLASMA
90252013106,10044337,control,female,PLASMA
90252013107,10044337,control,female,PLASMA
90252013108,10044337,control,female,PLASMA
90252013109,10044337,control,female,PLASMA
90252013110,10044337,control,female,PLASMA
90252013111,10044337,control,female,PLASMA
90252015503,10044337,control,female,SKM-GN
90252015504,10044337,control,female,SKM-GN
90252015505,10044337,control,female,SKM-GN
90252015507,10044337,control,female,SKM-GN
90252015508,10044337,control,female,SKM-GN
90252015509,10044337,control,female,SKM-GN
90252015510,10044337,control,female,SKM-GN
90252015511,10044337,control,female,SKM-GN
90252015512,10044337,control,female,SKM-GN
90252015514,10044337,control,female,SKM-GN
90252015515,10044337,control,female,SKM-GN
90252015516,10044337,control,female,SKM-GN
90252015603,10044337,control,female,SKM-VL
90252015604,10044337,control,female,SKM-VL
90252015605,10044337,control,female,SKM-VL
90252015606,10044337,control,female,SKM-VL
90252016702,10044337,control,female,SMLINT
90252016703,10044337,control,female,SMLINT
90252016704,10044337,control,female,SMLINT
90252016705,10044337,control,female,SMLINT
90252016202,10044337,control,female,SPLEEN
90252016203,10044337,control,female,SPLEEN
90252016204,10044337,control,female,SPLEEN
90252016205,10044337,control,female,SPLEEN
90252016502,10044337,control,female,VENACV
90252016503,10044337,control,female,VENACV
90252017003,10044337,control,female,WAT-SC
90252017004,10044337,control,female,WAT-SC
90252017005,10044337,control,female,WAT-SC
90252017006,10044337,control,female,WAT-SC
90252017007,10044337,control,female,WAT-SC
90252017008,10044337,control,female,WAT-SC
90252017009,10044337,control,female,WAT-SC
90252017010,10044337,control,female,WAT-SC
90252017011,10044337,control,female,WAT-SC
90252017012,10044337,control,female,WAT-SC
90252017013,10044337,control,female,WAT-SC
90252017014,10044337,control,female,WAT-SC
90252017702,10044337,control,female,NA
90253013104,10044418,control,female,PLASMA
90256016005,10044922,control,female,ADRNL
90256016909,10044922,control,female,BAT
90256016910,10044922,control,female,BAT
90256015305,10044922,control,female,CORTEX
90256015802,10044922,control,female,HEART
90256015909,10044922,control,female,KIDNEY
90256016803,10044922,control,female,LIVER
90256016609,10044922,control,female,LUNG
90256013104,10044922,control,female,PLASMA
90256015503,10044922,control,female,SKM-GN
90256017003,10044922,control,female,WAT-SC
90256017702,10044922,control,female,NA
90260013104,10045570,control,female,PLASMA
90263013104,10045813,control,female,PLASMA
90264013104,10046038,control,female,PLASMA
90265016002,10046119,control,female,ADRNL
90265016003,10046119,control,female,ADRNL
90265016004,10046119,control,female,ADRNL
90265016005,10046119,control,female,ADRNL
90265016902,10046119,control,female,BAT
90265016903,10046119,control,female,BAT
90265016904,10046119,control,female,BAT
90265016905,10046119,control,female,BAT
90265016906,10046119,control,female,BAT
90265016907,10046119,control,female,BAT
90265016908,10046119,control,female,BAT
90265016909,10046119,control,female,BAT
90265016910,10046119,control,female,BAT
90265013001,10046119,control,female,BLOOD
90265016102,10046119,control,female,COLON
90265016103,10046119,control,female,COLON
90265016104,10046119,control,female,COLON
90265015302,10046119,control,female,CORTEX
90265015303,10046119,control,female,CORTEX
90265015304,10046119,control,female,CORTEX
90265015305,10046119,control,female,CORTEX
90265015802,10046119,control,female,HEART
90265015803,10046119,control,female,HEART
90265015804,10046119,control,female,HEART
90265015805,10046119,control,female,HEART
90265015806,10046119,control,female,HEART
90265015807,10046119,control,female,HEART
90265015808,10046119,control,female,HEART
90265015809,10046119,control,female,HEART
90265015810,10046119,control,female,HEART
90265015812,10046119,control,female,HEART
90265015202,10046119,control,female,HIPPOC
90265015203,10046119,control,female,HIPPOC
90265015204,10046119,control,female,HIPPOC
90265015205,10046119,control,female,HIPPOC
90265015206,10046119,control,female,HIPPOC
90265015207,10046119,control,female,HIPPOC
90265015208,10046119,control,female,HIPPOC
90265015210,10046119,control,female,HIPPOC
90265015402,10046119,control,female,HYPOTH
90265015403,10046119,control,female,HYPOTH
90265015902,10046119,control,female,KIDNEY
90265015903,10046119,control,female,KIDNEY
90265015904,10046119,control,female,KIDNEY
90265015905,10046119,control,female,KIDNEY
90265015906,10046119,control,female,KIDNEY
90265015907,10046119,control,female,KIDNEY
90265015908,10046119,control,female,KIDNEY
90265015909,10046119,control,female,KIDNEY
90265015911,10046119,control,female,KIDNEY
90265016803,10046119,control,female,LIVER
90265016804,10046119,control,female,LIVER
90265016805,10046119,control,female,LIVER
90265016806,10046119,control,female,LIVER
90265016807,10046119,control,female,LIVER
90265016808,10046119,control,female,LIVER
90265016809,10046119,control,female,LIVER
90265016810,10046119,control,female,LIVER
90265016811,10046119,control,female,LIVER
90265016813,10046119,control,female,LIVER
90265016602,10046119,control,female,LUNG
90265016603,10046119,control,female,LUNG
90265016604,10046119,control,female,LUNG
90265016605,10046119,control,female,LUNG
90265016606,10046119,control,female,LUNG
90265016607,10046119,control,female,LUNG
90265016608,10046119,control,female,LUNG
90265016609,10046119,control,female,LUNG
90265016611,10046119,control,female,LUNG
90265016402,10046119,control,female,OVARY
90265016403,10046119,control,female,OVARY
90265016404,10046119,control,female,OVARY
90265016405,10046119,control,female,OVARY
90265013104,10046119,control,female,PLASMA
90265013105,10046119,control,female,PLASMA
90265013106,10046119,control,female,PLASMA
90265013107,10046119,control,female,PLASMA
90265013108,10046119,control,female,PLASMA
90265013110,10046119,control,female,PLASMA
90265013111,10046119,control,female,PLASMA
90265015503,10046119,control,female,SKM-GN
90265015504,10046119,control,female,SKM-GN
90265015505,10046119,control,female,SKM-GN
90265015507,10046119,control,female,SKM-GN
90265015508,10046119,control,female,SKM-GN
90265015509,10046119,control,female,SKM-GN
90265015510,10046119,control,female,SKM-GN
90265015511,10046119,control,female,SKM-GN
90265015512,10046119,control,female,SKM-GN
90265015514,10046119,control,female,SKM-GN
90265015516,10046119,control,female,SKM-GN
90265015603,10046119,control,female,SKM-VL
90265015604,10046119,control,female,SKM-VL
90265015605,10046119,control,female,SKM-VL
90265016702,10046119,control,female,SMLINT
90265016703,10046119,control,female,SMLINT
90265016704,10046119,control,female,SMLINT
90265016202,10046119,control,female,SPLEEN
90265016203,10046119,control,female,SPLEEN
90265016204,10046119,control,female,SPLEEN
90265016502,10046119,control,female,VENACV
90265016503,10046119,control,female,VENACV
90265017003,10046119,control,female,WAT-SC
90265017004,10046119,control,female,WAT-SC
90265017005,10046119,control,female,WAT-SC
90265017006,10046119,control,female,WAT-SC
90265017007,10046119,control,female,WAT-SC
90265017008,10046119,control,female,WAT-SC
90265017009,10046119,control,female,WAT-SC
90265017010,10046119,control,female,WAT-SC
90265017011,10046119,control,female,WAT-SC
90265017012,10046119,control,female,WAT-SC
90265017014,10046119,control,female,WAT-SC
90265017702,10046119,control,female,NA
90266016002,10046380,control,female,ADRNL
90266016003,10046380,control,female,ADRNL
90266016004,10046380,control,female,ADRNL
90266016902,10046380,control,female,BAT
90266016903,10046380,control,female,BAT
90266016904,10046380,control,female,BAT
90266016905,10046380,control,female,BAT
90266016906,10046380,control,female,BAT
90266016907,10046380,control,female,BAT
90266016908,10046380,control,female,BAT
90266016909,10046380,control,female,BAT
90266016910,10046380,control,female,BAT
90266013002,10046380,control,female,BLOOD
90266016102,10046380,control,female,COLON
90266016103,10046380,control,female,COLON
90266016104,10046380,control,female,COLON
90266016105,10046380,control,female,COLON
90266015302,10046380,control,female,CORTEX
90266015303,10046380,control,female,CORTEX
90266015304,10046380,control,female,CORTEX
90266015305,10046380,control,female,CORTEX
90266015306,10046380,control,female,CORTEX
90266015802,10046380,control,female,HEART
90266015803,10046380,control,female,HEART
90266015804,10046380,control,female,HEART
90266015805,10046380,control,female,HEART
90266015806,10046380,control,female,HEART
90266015807,10046380,control,female,HEART
90266015808,10046380,control,female,HEART
90266015809,10046380,control,female,HEART
90266015810,10046380,control,female,HEART
90266015811,10046380,control,female,HEART
90266015812,10046380,control,female,HEART
90266015202,10046380,control,female,HIPPOC
90266015203,10046380,control,female,HIPPOC
90266015204,10046380,control,female,HIPPOC
90266015205,10046380,control,female,HIPPOC
90266015206,10046380,control,female,HIPPOC
90266015207,10046380,control,female,HIPPOC
90266015208,10046380,control,female,HIPPOC
90266015209,10046380,control,female,HIPPOC
90266015210,10046380,control,female,HIPPOC
90266015402,10046380,control,female,HYPOTH
90266015403,10046380,control,female,HYPOTH
90266015902,10046380,control,female,KIDNEY
90266015903,10046380,control,female,KIDNEY
90266015904,10046380,control,female,KIDNEY
90266015905,10046380,control,female,KIDNEY
90266015906,10046380,control,female,KIDNEY
90266015907,10046380,control,female,KIDNEY
90266015908,10046380,control,female,KIDNEY
90266015909,10046380,control,female,KIDNEY
90266015910,10046380,control,female,KIDNEY
90266015911,10046380,control,female,KIDNEY
90266016803,10046380,control,female,LIVER
90266016804,10046380,control,female,LIVER
90266016805,10046380,control,female,LIVER
90266016806,10046380,control,female,LIVER
90266016807,10046380,control,female,LIVER
90266016808,10046380,control,female,LIVER
90266016809,10046380,control,female,LIVER
90266016810,10046380,control,female,LIVER
90266016811,10046380,control,female,LIVER
90266016812,10046380,control,female,LIVER
90266016813,10046380,control,female,LIVER
90266016602,10046380,control,female,LUNG
90266016603,10046380,control,female,LUNG
90266016604,10046380,control,female,LUNG
90266016605,10046380,control,female,LUNG
90266016606,10046380,control,female,LUNG
90266016607,10046380,control,female,LUNG
90266016608,10046380,control,female,LUNG
90266016609,10046380,control,female,LUNG
90266016610,10046380,control,female,LUNG
90266016611,10046380,control,female,LUNG
90266016402,10046380,control,female,OVARY
90266016403,10046380,control,female,OVARY
90266016404,10046380,control,female,OVARY
90266016405,10046380,control,female,OVARY
90266013104,10046380,control,female,PLASMA
90266013105,10046380,control,female,PLASMA
90266013106,10046380,control,female,PLASMA
90266013107,10046380,control,female,PLASMA
90266013108,10046380,control,female,PLASMA
90266013109,10046380,control,female,PLASMA
90266013110,10046380,control,female,PLASMA
90266013111,10046380,control,female,PLASMA
90266015503,10046380,control,female,SKM-GN
90266015504,10046380,control,female,SKM-GN
90266015505,10046380,control,female,SKM-GN
90266015507,10046380,control,female,SKM-GN
90266015508,10046380,control,female,SKM-GN
90266015509,10046380,control,female,SKM-GN
90266015510,10046380,control,female,SKM-GN
90266015511,10046380,control,female,SKM-GN
90266015512,10046380,control,female,SKM-GN
90266015514,10046380,control,female,SKM-GN
90266015515,10046380,control,female,SKM-GN
90266015516,10046380,control,female,SKM-GN
90266015603,10046380,control,female,SKM-VL
90266015604,10046380,control,female,SKM-VL
90266015605,10046380,control,female,SKM-VL
90266015606,10046380,control,female,SKM-VL
90266016702,10046380,control,female,SMLINT
90266016703,10046380,control,female,SMLINT
90266016704,10046380,control,female,SMLINT
90266016705,10046380,control,female,SMLINT
90266016202,10046380,control,female,SPLEEN
90266016203,10046380,control,female,SPLEEN
90266016204,10046380,control,female,SPLEEN
90266016205,10046380,control,female,SPLEEN
90266016502,10046380,control,female,VENACV
90266016503,10046380,control,female,VENACV
90266017003,10046380,control,female,WAT-SC
90266017004,10046380,control,female,WAT-SC
90266017005,10046380,control,female,WAT-SC
90266017006,10046380,control,female,WAT-SC
90266017007,10046380,control,female,WAT-SC
90266017008,10046380,control,female,WAT-SC
90266017009,10046380,control,female,WAT-SC
90266017010,10046380,control,female,WAT-SC
90266017011,10046380,control,female,WAT-SC
90266017012,10046380,control,female,WAT-SC
90266017013,10046380,control,female,WAT-SC
90266017014,10046380,control,female,WAT-SC
90266017702,10046380,control,female,NA
90421016002,10417702,1w,male,ADRNL
90421016003,10417702,1w,male,ADRNL
90421016004,10417702,1w,male,ADRNL
90421016902,10417702,1w,male,BAT
90421016903,10417702,1w,male,BAT
90421016904,10417702,1w,male,BAT
90421016905,10417702,1w,male,BAT
90421016906,10417702,1w,male,BAT
90421016907,10417702,1w,male,BAT
90421016908,10417702,1w,male,BAT
90421013002,10417702,1w,male,BLOOD
90421016102,10417702,1w,male,COLON
90421016103,10417702,1w,male,COLON
90421016104,10417702,1w,male,COLON
90421015302,10417702,1w,male,CORTEX
90421015303,10417702,1w,male,CORTEX
90421015304,10417702,1w,male,CORTEX
90421015305,10417702,1w,male,CORTEX
90421015802,10417702,1w,male,HEART
90421015803,10417702,1w,male,HEART
90421015804,10417702,1w,male,HEART
90421015805,10417702,1w,male,HEART
90421015806,10417702,1w,male,HEART
90421015807,10417702,1w,male,HEART
90421015808,10417702,1w,male,HEART
90421015809,10417702,1w,male,HEART
90421015810,10417702,1w,male,HEART
90421015812,10417702,1w,male,HEART
90421015202,10417702,1w,male,HIPPOC
90421015203,10417702,1w,male,HIPPOC
90421015204,10417702,1w,male,HIPPOC
90421015205,10417702,1w,male,HIPPOC
90421015206,10417702,1w,male,HIPPOC
90421015207,10417702,1w,male,HIPPOC
90421015208,10417702,1w,male,HIPPOC
90421015210,10417702,1w,male,HIPPOC
90421015402,10417702,1w,male,HYPOTH
90421015403,10417702,1w,male,HYPOTH
90421015902,10417702,1w,male,KIDNEY
90421015903,10417702,1w,male,KIDNEY
90421015904,10417702,1w,male,KIDNEY
90421015905,10417702,1w,male,KIDNEY
90421015906,10417702,1w,male,KIDNEY
90421015907,10417702,1w,male,KIDNEY
90421015908,10417702,1w,male,KIDNEY
90421015909,10417702,1w,male,KIDNEY
90421015911,10417702,1w,male,KIDNEY
90421016803,10417702,1w,male,LIVER
90421016804,10417702,1w,male,LIVER
90421016805,10417702,1w,male,LIVER
90421016806,10417702,1w,male,LIVER
90421016807,10417702,1w,male,LIVER
90421016808,10417702,1w,male,LIVER
90421016809,10417702,1w,male,LIVER
90421016810,10417702,1w,male,LIVER
90421016811,10417702,1w,male,LIVER
90421016813,10417702,1w,male,LIVER
90421016602,10417702,1w,male,LUNG
90421016603,10417702,1w,male,LUNG
90421016604,10417702,1w,male,LUNG
90421016605,10417702,1w,male,LUNG
90421016606,10417702,1w,male,LUNG
90421016607,10417702,1w,male,LUNG
90421016608,10417702,1w,male,LUNG
90421016609,10417702,1w,male,LUNG
90421016611,10417702,1w,male,LUNG
90421013104,10417702,1w,male,PLASMA
90421013105,10417702,1w,male,PLASMA
90421013106,10417702,1w,male,PLASMA
90421013107,10417702,1w,male,PLASMA
90421013108,10417702,1w,male,PLASMA
90421013110,10417702,1w,male,PLASMA
90421013111,10417702,1w,male,PLASMA
90421015503,10417702,1w,male,SKM-GN
90421015504,10417702,1w,male,SKM-GN
90421015505,10417702,1w,male,SKM-GN
90421015507,10417702,1w,male,SKM-GN
90421015508,10417702,1w,male,SKM-GN
90421015509,10417702,1w,male,SKM-GN
90421015510,10417702,1w,male,SKM-GN
90421015511,10417702,1w,male,SKM-GN
90421015512,10417702,1w,male,SKM-GN
90421015514,10417702,1w,male,SKM-GN
90421015516,10417702,1w,male,SKM-GN
90421015603,10417702,1w,male,SKM-VL
90421015604,10417702,1w,male,SKM-VL
90421015605,10417702,1w,male,SKM-VL
90421016702,10417702,1w,male,SMLINT
90421016703,10417702,1w,male,SMLINT
90421016704,10417702,1w,male,SMLINT
90421016202,10417702,1w,male,SPLEEN
90421016203,10417702,1w,male,SPLEEN
90421016204,10417702,1w,male,SPLEEN
90421016302,10417702,1w,male,TESTES
90421016303,10417702,1w,male,TESTES
90421016304,10417702,1w,male,TESTES
90421016502,10417702,1w,male,VENACV
90421016503,10417702,1w,male,VENACV
90421016504,10417702,1w,male,VENACV
90421017003,10417702,1w,male,WAT-SC
90421017004,10417702,1w,male,WAT-SC
90421017005,10417702,1w,male,WAT-SC
90421017006,10417702,1w,male,WAT-SC
90421017007,10417702,1w,male,WAT-SC
90421017008,10417702,1w,male,WAT-SC
90421017009,10417702,1w,male,WAT-SC
90421017010,10417702,1w,male,WAT-SC
90421017011,10417702,1w,male,WAT-SC
90421017012,10417702,1w,male,WAT-SC
90421017014,10417702,1w,male,WAT-SC
90421017702,10417702,1w,male,NA
90422016002,10422463,1w,male,ADRNL
90422016003,10422463,1w,male,ADRNL
90422016004,10422463,1w,male,ADRNL
90422016005,10422463,1w,male,ADRNL
90422016902,10422463,1w,male,BAT
90422016903,10422463,1w,male,BAT
90422016904,10422463,1w,male,BAT
90422016905,10422463,1w,male,BAT
90422016906,10422463,1w,male,BAT
90422016907,10422463,1w,male,BAT
90422013002,10422463,1w,male,BLOOD
90422016102,10422463,1w,male,COLON
90422016103,10422463,1w,male,COLON
90422016104,10422463,1w,male,COLON
90422015302,10422463,1w,male,CORTEX
90422015303,10422463,1w,male,CORTEX
90422015304,10422463,1w,male,CORTEX
90422015305,10422463,1w,male,CORTEX
90422015802,10422463,1w,male,HEART
90422015803,10422463,1w,male,HEART
90422015804,10422463,1w,male,HEART
90422015805,10422463,1w,male,HEART
90422015806,10422463,1w,male,HEART
90422015807,10422463,1w,male,HEART
90422015808,10422463,1w,male,HEART
90422015809,10422463,1w,male,HEART
90422015810,10422463,1w,male,HEART
90422015812,10422463,1w,male,HEART
90422015202,10422463,1w,male,HIPPOC
90422015203,10422463,1w,male,HIPPOC
90422015204,10422463,1w,male,HIPPOC
90422015205,10422463,1w,male,HIPPOC
90422015206,10422463,1w,male,HIPPOC
90422015207,10422463,1w,male,HIPPOC
90422015208,10422463,1w,male,HIPPOC
90422015210,10422463,1w,male,HIPPOC
90422015402,10422463,1w,male,HYPOTH
90422015403,10422463,1w,male,HYPOTH
90422015902,10422463,1w,male,KIDNEY
90422015903,10422463,1w,male,KIDNEY
90422015904,10422463,1w,male,KIDNEY
90422015905,10422463,1w,male,KIDNEY
90422015906,10422463,1w,male,KIDNEY
90422015907,10422463,1w,male,KIDNEY
90422015908,10422463,1w,male,KIDNEY
90422015909,10422463,1w,male,KIDNEY
90422015911,10422463,1w,male,KIDNEY
90422016803,10422463,1w,male,LIVER
90422016804,10422463,1w,male,LIVER
90422016805,10422463,1w,male,LIVER
90422016806,10422463,1w,male,LIVER
90422016807,10422463,1w,male,LIVER
90422016808,10422463,1w,male,LIVER
90422016809,10422463,1w,male,LIVER
90422016810,10422463,1w,male,LIVER
90422016811,10422463,1w,male,LIVER
90422016813,10422463,1w,male,LIVER
90422016602,10422463,1w,male,LUNG
90422016603,10422463,1w,male,LUNG
90422016604,10422463,1w,male,LUNG
90422016605,10422463,1w,male,LUNG
90422016606,10422463,1w,male,LUNG
90422016607,10422463,1w,male,LUNG
90422016608,10422463,1w,male,LUNG
90422016609,10422463,1w,male,LUNG
90422016611,10422463,1w,male,LUNG
90422013104,10422463,1w,male,PLASMA
90422013105,10422463,1w,male,PLASMA
90422013106,10422463,1w,male,PLASMA
90422013107,10422463,1w,male,PLASMA
90422013108,10422463,1w,male,PLASMA
90422013110,10422463,1w,male,PLASMA
90422013111,10422463,1w,male,PLASMA
90422015503,10422463,1w,male,SKM-GN
90422015504,10422463,1w,male,SKM-GN
90422015505,10422463,1w,male,SKM-GN
90422015507,10422463,1w,male,SKM-GN
90422015508,10422463,1w,male,SKM-GN
90422015509,10422463,1w,male,SKM-GN
90422015510,10422463,1w,male,SKM-GN
90422015511,10422463,1w,male,SKM-GN
90422015512,10422463,1w,male,SKM-GN
90422015514,10422463,1w,male,SKM-GN
90422015516,10422463,1w,male,SKM-GN
90422015603,10422463,1w,male,SKM-VL
90422015604,10422463,1w,male,SKM-VL
90422015605,10422463,1w,male,SKM-VL
90422016702,10422463,1w,male,SMLINT
90422016703,10422463,1w,male,SMLINT
90422016704,10422463,1w,male,SMLINT
90422016202,10422463,1w,male,SPLEEN
90422016203,10422463,1w,male,SPLEEN
90422016204,10422463,1w,male,SPLEEN
90422016302,10422463,1w,male,TESTES
90422016303,10422463,1w,male,TESTES
90422016304,10422463,1w,male,TESTES
90422016502,10422463,1w,male,VENACV
90422016503,10422463,1w,male,VENACV
90422016504,10422463,1w,male,VENACV
90422017003,10422463,1w,male,WAT-SC
90422017004,10422463,1w,male,WAT-SC
90422017005,10422463,1w,male,WAT-SC
90422017006,10422463,1w,male,WAT-SC
90422017007,10422463,1w,male,WAT-SC
90422017008,10422463,1w,male,WAT-SC
90422017009,10422463,1w,male,WAT-SC
90422017010,10422463,1w,male,WAT-SC
90422017011,10422463,1w,male,WAT-SC
90422017012,10422463,1w,male,WAT-SC
90422017014,10422463,1w,male,WAT-SC
90422017702,10422463,1w,male,NA
90423016002,10424911,1w,male,ADRNL
90423016003,10424911,1w,male,ADRNL
90423016004,10424911,1w,male,ADRNL
90423016902,10424911,1w,male,BAT
90423016903,10424911,1w,male,BAT
90423016904,10424911,1w,male,BAT
90423016905,10424911,1w,male,BAT
90423016906,10424911,1w,male,BAT
90423016907,10424911,1w,male,BAT
90423016908,10424911,1w,male,BAT
90423016909,10424911,1w,male,BAT
90423016910,10424911,1w,male,BAT
90423013002,10424911,1w,male,BLOOD
90423016102,10424911,1w,male,COLON
90423016103,10424911,1w,male,COLON
90423016104,10424911,1w,male,COLON
90423016105,10424911,1w,male,COLON
90423015302,10424911,1w,male,CORTEX
90423015303,10424911,1w,male,CORTEX
90423015304,10424911,1w,male,CORTEX
90423015305,10424911,1w,male,CORTEX
90423015306,10424911,1w,male,CORTEX
90423015802,10424911,1w,male,HEART
90423015803,10424911,1w,male,HEART
90423015804,10424911,1w,male,HEART
90423015805,10424911,1w,male,HEART
90423015806,10424911,1w,male,HEART
90423015807,10424911,1w,male,HEART
90423015808,10424911,1w,male,HEART
90423015809,10424911,1w,male,HEART
90423015810,10424911,1w,male,HEART
90423015811,10424911,1w,male,HEART
90423015812,10424911,1w,male,HEART
90423015202,10424911,1w,male,HIPPOC
90423015203,10424911,1w,male,HIPPOC
90423015204,10424911,1w,male,HIPPOC
90423015205,10424911,1w,male,HIPPOC
90423015206,10424911,1w,male,HIPPOC
90423015207,10424911,1w,male,HIPPOC
90423015208,10424911,1w,male,HIPPOC
90423015209,10424911,1w,male,HIPPOC
90423015210,10424911,1w,male,HIPPOC
90423015402,10424911,1w,male,HYPOTH
90423015403,10424911,1w,male,HYPOTH
90423015404,10424911,1w,male,HYPOTH
90423015902,10424911,1w,male,KIDNEY
90423015903,10424911,1w,male,KIDNEY
90423015904,10424911,1w,male,KIDNEY
90423015905,10424911,1w,male,KIDNEY
90423015906,10424911,1w,male,KIDNEY
90423015907,10424911,1w,male,KIDNEY
90423015908,10424911,1w,male,KIDNEY
90423015909,10424911,1w,male,KIDNEY
90423015910,10424911,1w,male,KIDNEY
90423015911,10424911,1w,male,KIDNEY
90423016803,10424911,1w,male,LIVER
90423016804,10424911,1w,male,LIVER
90423016805,10424911,1w,male,LIVER
90423016806,10424911,1w,male,LIVER
90423016807,10424911,1w,male,LIVER
90423016808,10424911,1w,male,LIVER
90423016809,10424911,1w,male,LIVER
90423016810,10424911,1w,male,LIVER
90423016811,10424911,1w,male,LIVER
90423016812,10424911,1w,male,LIVER
90423016813,10424911,1w,male,LIVER
90423016602,10424911,1w,male,LUNG
90423016603,10424911,1w,male,LUNG
90423016604,10424911,1w,male,LUNG
90423016605,10424911,1w,male,LUNG
90423016606,10424911,1w,male,LUNG
90423016607,10424911,1w,male,LUNG
90423016608,10424911,1w,male,LUNG
90423016609,10424911,1w,male,LUNG
90423016610,10424911,1w,male,LUNG
90423016611,10424911,1w,male,LUNG
90423013104,10424911,1w,male,PLASMA
90423013105,10424911,1w,male,PLASMA
90423013106,10424911,1w,male,PLASMA
90423013107,10424911,1w,male,PLASMA
90423013108,10424911,1w,male,PLASMA
90423013109,10424911,1w,male,PLASMA
90423013110,10424911,1w,male,PLASMA
90423013111,10424911,1w,male,PLASMA
90423015503,10424911,1w,male,SKM-GN
90423015504,10424911,1w,male,SKM-GN
90423015505,10424911,1w,male,SKM-GN
90423015507,10424911,1w,male,SKM-GN
90423015508,10424911,1w,male,SKM-GN
90423015509,10424911,1w,male,SKM-GN
90423015510,10424911,1w,male,SKM-GN
90423015511,10424911,1w,male,SKM-GN
90423015512,10424911,1w,male,SKM-GN
90423015514,10424911,1w,male,SKM-GN
90423015515,10424911,1w,male,SKM-GN
90423015516,10424911,1w,male,SKM-GN
90423015603,10424911,1w,male,SKM-VL
90423015604,10424911,1w,male,SKM-VL
90423015605,10424911,1w,male,SKM-VL
90423015606,10424911,1w,male,SKM-VL
90423016702,10424911,1w,male,SMLINT
90423016703,10424911,1w,male,SMLINT
90423016704,10424911,1w,male,SMLINT
90423016705,10424911,1w,male,SMLINT
90423016202,10424911,1w,male,SPLEEN
90423016203,10424911,1w,male,SPLEEN
90423016204,10424911,1w,male,SPLEEN
90423016205,10424911,1w,male,SPLEEN
90423016302,10424911,1w,male,TESTES
90423016303,10424911,1w,male,TESTES
90423016304,10424911,1w,male,TESTES
90423016305,10424911,1w,male,TESTES
90423016502,10424911,1w,male,VENACV
90423016503,10424911,1w,male,VENACV
90423016504,10424911,1w,male,VENACV
90423017003,10424911,1w,male,WAT-SC
90423017004,10424911,1w,male,WAT-SC
90423017005,10424911,1w,male,WAT-SC
90423017006,10424911,1w,male,WAT-SC
90423017007,10424911,1w,male,WAT-SC
90423017008,10424911,1w,male,WAT-SC
90423017009,10424911,1w,male,WAT-SC
90423017010,10424911,1w,male,WAT-SC
90423017011,10424911,1w,male,WAT-SC
90423017012,10424911,1w,male,WAT-SC
90423017013,10424911,1w,male,WAT-SC
90423017014,10424911,1w,male,WAT-SC
90423017702,10424911,1w,male,NA
90424013104,10471596,1w,male,PLASMA
90425013104,10478337,1w,male,PLASMA
90426016002,10503110,1w,male,ADRNL
90426016003,10503110,1w,male,ADRNL
90426016004,10503110,1w,male,ADRNL
90426016005,10503110,1w,male,ADRNL
90426016902,10503110,1w,male,BAT
90426016903,10503110,1w,male,BAT
90426016904,10503110,1w,male,BAT
90426016905,10503110,1w,male,BAT
90426016906,10503110,1w,male,BAT
90426016907,10503110,1w,male,BAT
90426016908,10503110,1w,male,BAT
90426013001,10503110,1w,male,BLOOD
90426016102,10503110,1w,male,COLON
90426016103,10503110,1w,male,COLON
90426016104,10503110,1w,male,COLON
90426016105,10503110,1w,male,COLON
90426015302,10503110,1w,male,CORTEX
90426015303,10503110,1w,male,CORTEX
90426015304,10503110,1w,male,CORTEX
90426015305,10503110,1w,male,CORTEX
90426015306,10503110,1w,male,CORTEX
90426015802,10503110,1w,male,HEART
90426015803,10503110,1w,male,HEART
90426015804,10503110,1w,male,HEART
90426015805,10503110,1w,male,HEART
90426015806,10503110,1w,male,HEART
90426015807,10503110,1w,male,HEART
90426015808,10503110,1w,male,HEART
90426015809,10503110,1w,male,HEART
90426015810,10503110,1w,male,HEART
90426015811,10503110,1w,male,HEART
90426015812,10503110,1w,male,HEART
90426015202,10503110,1w,male,HIPPOC
90426015203,10503110,1w,male,HIPPOC
90426015204,10503110,1w,male,HIPPOC
90426015205,10503110,1w,male,HIPPOC
90426015206,10503110,1w,male,HIPPOC
90426015207,10503110,1w,male,HIPPOC
90426015208,10503110,1w,male,HIPPOC
90426015209,10503110,1w,male,HIPPOC
90426015210,10503110,1w,male,HIPPOC
90426015402,10503110,1w,male,HYPOTH
90426015403,10503110,1w,male,HYPOTH
90426015404,10503110,1w,male,HYPOTH
90426015902,10503110,1w,male,KIDNEY
90426015903,10503110,1w,male,KIDNEY
90426015904,10503110,1w,male,KIDNEY
90426015905,10503110,1w,male,KIDNEY
90426015906,10503110,1w,male,KIDNEY
90426015907,10503110,1w,male,KIDNEY
90426015908,10503110,1w,male,KIDNEY
90426015909,10503110,1w,male,KIDNEY
90426015910,10503110,1w,male,KIDNEY
90426015911,10503110,1w,male,KIDNEY
90426016803,10503110,1w,male,LIVER
90426016804,10503110,1w,male,LIVER
90426016805,10503110,1w,male,LIVER
90426016806,10503110,1w,male,LIVER
90426016807,10503110,1w,male,LIVER
90426016808,10503110,1w,male,LIVER
90426016809,10503110,1w,male,LIVER
90426016810,10503110,1w,male,LIVER
90426016811,10503110,1w,male,LIVER
90426016812,10503110,1w,male,LIVER
90426016813,10503110,1w,male,LIVER
90426016602,10503110,1w,male,LUNG
90426016603,10503110,1w,male,LUNG
90426016604,10503110,1w,male,LUNG
90426016605,10503110,1w,male,LUNG
90426016606,10503110,1w,male,LUNG
90426016607,10503110,1w,male,LUNG
90426016608,10503110,1w,male,LUNG
90426016609,10503110,1w,male,LUNG
90426016610,10503110,1w,male,LUNG
90426016611,10503110,1w,male,LUNG
90426013104,10503110,1w,male,PLASMA
90426013105,10503110,1w,male,PLASMA
90426013106,10503110,1w,male,PLASMA
90426013107,10503110,1w,male,PLASMA
90426013108,10503110,1w,male,PLASMA
90426013109,10503110,1w,male,PLASMA
90426013110,10503110,1w,male,PLASMA
90426013111,10503110,1w,male,PLASMA
90426015503,10503110,1w,male,SKM-GN
90426015504,10503110,1w,male,SKM-GN
90426015505,10503110,1w,male,SKM-GN
90426015507,10503110,1w,male,SKM-GN
90426015508,10503110,1w,male,SKM-GN
90426015509,10503110,1w,male,SKM-GN
90426015510,10503110,1w,male,SKM-GN
90426015511,10503110,1w,male,SKM-GN
90426015512,10503110,1w,male,SKM-GN
90426015514,10503110,1w,male,SKM-GN
90426015515,10503110,1w,male,SKM-GN
90426015516,10503110,1w,male,SKM-GN
90426015603,10503110,1w,male,SKM-VL
90426015604,10503110,1w,male,SKM-VL
90426015605,10503110,1w,male,SKM-VL
90426015606,10503110,1w,male,SKM-VL
90426016702,10503110,1w,male,SMLINT
90426016703,10503110,1w,male,SMLINT
90426016704,10503110,1w,male,SMLINT
90426016705,10503110,1w,male,SMLINT
90426016202,10503110,1w,male,SPLEEN
90426016203,10503110,1w,male,SPLEEN
90426016204,10503110,1w,male,SPLEEN
90426016205,10503110,1w,male,SPLEEN
90426016302,10503110,1w,male,TESTES
90426016303,10503110,1w,male,TESTES
90426016304,10503110,1w,male,TESTES
90426016305,10503110,1w,male,TESTES
90426016502,10503110,1w,male,VENACV
90426016503,10503110,1w,male,VENACV
90426016504,10503110,1w,male,VENACV
90426017003,10503110,1w,male,WAT-SC
90426017004,10503110,1w,male,WAT-SC
90426017005,10503110,1w,male,WAT-SC
90426017006,10503110,1w,male,WAT-SC
90426017007,10503110,1w,male,WAT-SC
90426017008,10503110,1w,male,WAT-SC
90426017009,10503110,1w,male,WAT-SC
90426017010,10503110,1w,male,WAT-SC
90426017011,10503110,1w,male,WAT-SC
90426017012,10503110,1w,male,WAT-SC
90426017013,10503110,1w,male,WAT-SC
90426017014,10503110,1w,male,WAT-SC
90426017702,10503110,1w,male,NA
90427013104,10536558,1w,male,PLASMA
90428013104,10543767,1w,male,PLASMA
90429013104,10553053,1w,male,PLASMA
90430016002,10561072,1w,male,ADRNL
90430016003,10561072,1w,male,ADRNL
90430016004,10561072,1w,male,ADRNL
90430016005,10561072,1w,male,ADRNL
90430016902,10561072,1w,male,BAT
90430016903,10561072,1w,male,BAT
90430016904,10561072,1w,male,BAT
90430016905,10561072,1w,male,BAT
90430016906,10561072,1w,male,BAT
90430016907,10561072,1w,male,BAT
90430016908,10561072,1w,male,BAT
90430016909,10561072,1w,male,BAT
90430016910,10561072,1w,male,BAT
90430013001,10561072,1w,male,BLOOD
90430016102,10561072,1w,male,COLON
90430016103,10561072,1w,male,COLON
90430016104,10561072,1w,male,COLON
90430016105,10561072,1w,male,COLON
90430015302,10561072,1w,male,CORTEX
90430015303,10561072,1w,male,CORTEX
90430015304,10561072,1w,male,CORTEX
90430015305,10561072,1w,male,CORTEX
90430015306,10561072,1w,male,CORTEX
90430015802,10561072,1w,male,HEART
90430015803,10561072,1w,male,HEART
90430015804,10561072,1w,male,HEART
90430015805,10561072,1w,male,HEART
90430015806,10561072,1w,male,HEART
90430015807,10561072,1w,male,HEART
90430015808,10561072,1w,male,HEART
90430015809,10561072,1w,male,HEART
90430015810,10561072,1w,male,HEART
90430015811,10561072,1w,male,HEART
90430015812,10561072,1w,male,HEART
90430015202,10561072,1w,male,HIPPOC
90430015203,10561072,1w,male,HIPPOC
90430015204,10561072,1w,male,HIPPOC
90430015205,10561072,1w,male,HIPPOC
90430015206,10561072,1w,male,HIPPOC
90430015207,10561072,1w,male,HIPPOC
90430015208,10561072,1w,male,HIPPOC
90430015209,10561072,1w,male,HIPPOC
90430015210,10561072,1w,male,HIPPOC
90430015402,10561072,1w,male,HYPOTH
90430015403,10561072,1w,male,HYPOTH
90430015902,10561072,1w,male,KIDNEY
90430015903,10561072,1w,male,KIDNEY
90430015904,10561072,1w,male,KIDNEY
90430015905,10561072,1w,male,KIDNEY
90430015906,10561072,1w,male,KIDNEY
90430015907,10561072,1w,male,KIDNEY
90430015908,10561072,1w,male,KIDNEY
90430015909,10561072,1w,male,KIDNEY
90430015910,10561072,1w,male,KIDNEY
90430015911,10561072,1w,male,KIDNEY
90430016803,10561072,1w,male,LIVER
90430016804,10561072,1w,male,LIVER
90430016805,10561072,1w,male,LIVER
90430016806,10561072,1w,male,LIVER
90430016807,10561072,1w,male,LIVER
90430016808,10561072,1w,male,LIVER
90430016809,10561072,1w,male,LIVER
90430016810,10561072,1w,male,LIVER
90430016811,10561072,1w,male,LIVER
90430016812,10561072,1w,male,LIVER
90430016813,10561072,1w,male,LIVER
90430016602,10561072,1w,male,LUNG
90430016603,10561072,1w,male,LUNG
90430016604,10561072,1w,male,LUNG
90430016605,10561072,1w,male,LUNG
90430016606,10561072,1w,male,LUNG
90430016607,10561072,1w,male,LUNG
90430016608,10561072,1w,male,LUNG
90430016609,10561072,1w,male,LUNG
90430016610,10561072,1w,male,LUNG
90430016611,10561072,1w,male,LUNG
90430013104,10561072,1w,male,PLASMA
90430013105,10561072,1w,male,PLASMA
90430013106,10561072,1w,male,PLASMA
90430013107,10561072,1w,male,PLASMA
90430013108,10561072,1w,male,PLASMA
90430013109,10561072,1w,male,PLASMA
90430013110,10561072,1w,male,PLASMA
90430013111,10561072,1w,male,PLASMA
90430015503,10561072,1w,male,SKM-GN
90430015504,10561072,1w,male,SKM-GN
90430015505,10561072,1w,male,SKM-GN
90430015507,10561072,1w,male,SKM-GN
90430015508,10561072,1w,male,SKM-GN
90430015509,10561072,1w,male,SKM-GN
90430015510,10561072,1w,male,SKM-GN
90430015511,10561072,1w,male,SKM-GN
90430015512,10561072,1w,male,SKM-GN
90430015514,10561072,1w,male,SKM-GN
90430015515,10561072,1w,male,SKM-GN
90430015516,10561072,1w,male,SKM-GN
90430015603,10561072,1w,male,SKM-VL
90430015604,10561072,1w,male,SKM-VL
90430015605,10561072,1w,male,SKM-VL
90430015606,10561072,1w,male,SKM-VL
90430016702,10561072,1w,male,SMLINT
90430016703,10561072,1w,male,SMLINT
90430016704,10561072,1w,male,SMLINT
90430016705,10561072,1w,male,SMLINT
90430016202,10561072,1w,male,SPLEEN
90430016203,10561072,1w,male,SPLEEN
90430016204,10561072,1w,male,SPLEEN
90430016205,10561072,1w,male,SPLEEN
90430016302,10561072,1w,male,TESTES
90430016303,10561072,1w,male,TESTES
90430016304,10561072,1w,male,TESTES
90430016305,10561072,1w,male,TESTES
90430016502,10561072,1w,male,VENACV
90430017003,10561072,1w,male,WAT-SC
90430017004,10561072,1w,male,WAT-SC
90430017005,10561072,1w,male,WAT-SC
90430017006,10561072,1w,male,WAT-SC
90430017007,10561072,1w,male,WAT-SC
90430017008,10561072,1w,male,WAT-SC
90430017009,10561072,1w,male,WAT-SC
90430017010,10561072,1w,male,WAT-SC
90430017011,10561072,1w,male,WAT-SC
90430017012,10561072,1w,male,WAT-SC
90430017013,10561072,1w,male,WAT-SC
90430017014,10561072,1w,male,WAT-SC
90430017702,10561072,1w,male,NA
90431013104,10616233,1w,male,PLASMA
90432015305,10619259,1w,male,CORTEX
90432015802,10619259,1w,male,HEART
90432015909,10619259,1w,male,KIDNEY
90432016803,10619259,1w,male,LIVER
90432016609,10619259,1w,male,LUNG
90432013104,10619259,1w,male,PLASMA
90432015503,10619259,1w,male,SKM-GN
90432017003,10619259,1w,male,WAT-SC
90432017702,10619259,1w,male,NA
90433013104,10621903,1w,male,PLASMA
90434013104,10675086,1w,male,PLASMA
90435016909,10677887,1w,male,BAT
90435013104,10677887,1w,male,PLASMA
90436013104,10434046,2w,male,PLASMA
90437013104,10436170,2w,male,PLASMA
90438013104,10472053,2w,male,PLASMA
90439016002,10486003,2w,male,ADRNL
90439016003,10486003,2w,male,ADRNL
90439016004,10486003,2w,male,ADRNL
90439016005,10486003,2w,male,ADRNL
90439016902,10486003,2w,male,BAT
90439016903,10486003,2w,male,BAT
90439016904,10486003,2w,male,BAT
90439016905,10486003,2w,male,BAT
90439016906,10486003,2w,male,BAT
90439016907,10486003,2w,male,BAT
90439016908,10486003,2w,male,BAT
90439016909,10486003,2w,male,BAT
90439016910,10486003,2w,male,BAT
90439013001,10486003,2w,male,BLOOD
90439016102,10486003,2w,male,COLON
90439016103,10486003,2w,male,COLON
90439016104,10486003,2w,male,COLON
90439016105,10486003,2w,male,COLON
90439015302,10486003,2w,male,CORTEX
90439015303,10486003,2w,male,CORTEX
90439015304,10486003,2w,male,CORTEX
90439015305,10486003,2w,male,CORTEX
90439015306,10486003,2w,male,CORTEX
90439015802,10486003,2w,male,HEART
90439015803,10486003,2w,male,HEART
90439015804,10486003,2w,male,HEART
90439015805,10486003,2w,male,HEART
90439015806,10486003,2w,male,HEART
90439015807,10486003,2w,male,HEART
90439015808,10486003,2w,male,HEART
90439015809,10486003,2w,male,HEART
90439015810,10486003,2w,male,HEART
90439015811,10486003,2w,male,HEART
90439015812,10486003,2w,male,HEART
90439015202,10486003,2w,male,HIPPOC
90439015203,10486003,2w,male,HIPPOC
90439015204,10486003,2w,male,HIPPOC
90439015205,10486003,2w,male,HIPPOC
90439015206,10486003,2w,male,HIPPOC
90439015207,10486003,2w,male,HIPPOC
90439015208,10486003,2w,male,HIPPOC
90439015209,10486003,2w,male,HIPPOC
90439015210,10486003,2w,male,HIPPOC
90439015402,10486003,2w,male,HYPOTH
90439015403,10486003,2w,male,HYPOTH
90439015902,10486003,2w,male,KIDNEY
90439015903,10486003,2w,male,KIDNEY
90439015904,10486003,2w,male,KIDNEY
90439015905,10486003,2w,male,KIDNEY
90439015906,10486003,2w,male,KIDNEY
90439015907,10486003,2w,male,KIDNEY
90439015908,10486003,2w,male,KIDNEY
90439015909,10486003,2w,male,KIDNEY
90439015910,10486003,2w,male,KIDNEY
90439015911,10486003,2w,male,KIDNEY
90439016803,10486003,2w,male,LIVER
90439016804,10486003,2w,male,LIVER
90439016805,10486003,2w,male,LIVER
90439016806,10486003,2w,male,LIVER
90439016807,10486003,2w,male,LIVER
90439016808,10486003,2w,male,LIVER
90439016809,10486003,2w,male,LIVER
90439016810,10486003,2w,male,LIVER
90439016811,10486003,2w,male,LIVER
90439016812,10486003,2w,male,LIVER
90439016813,10486003,2w,male,LIVER
90439016602,10486003,2w,male,LUNG
90439016603,10486003,2w,male,LUNG
90439016604,10486003,2w,male,LUNG
90439016605,10486003,2w,male,LUNG
90439016606,10486003,2w,male,LUNG
90439016607,10486003,2w,male,LUNG
90439016608,10486003,2w,male,LUNG
90439016609,10486003,2w,male,LUNG
90439016610,10486003,2w,male,LUNG
90439016611,10486003,2w,male,LUNG
90439013104,10486003,2w,male,PLASMA
90439013105,10486003,2w,male,PLASMA
90439013106,10486003,2w,male,PLASMA
90439013107,10486003,2w,male,PLASMA
90439013108,10486003,2w,male,PLASMA
90439013109,10486003,2w,male,PLASMA
90439013110,10486003,2w,male,PLASMA
90439013111,10486003,2w,male,PLASMA
90439015503,10486003,2w,male,SKM-GN
90439015504,10486003,2w,male,SKM-GN
90439015505,10486003,2w,male,SKM-GN
90439015507,10486003,2w,male,SKM-GN
90439015508,10486003,2w,male,SKM-GN
90439015509,10486003,2w,male,SKM-GN
90439015510,10486003,2w,male,SKM-GN
90439015511,10486003,2w,male,SKM-GN
90439015512,10486003,2w,male,SKM-GN
90439015514,10486003,2w,male,SKM-GN
90439015515,10486003,2w,male,SKM-GN
90439015516,10486003,2w,male,SKM-GN
90439015603,10486003,2w,male,SKM-VL
90439015604,10486003,2w,male,SKM-VL
90439015605,10486003,2w,male,SKM-VL
90439015606,10486003,2w,male,SKM-VL
90439016702,10486003,2w,male,SMLINT
90439016703,10486003,2w,male,SMLINT
90439016704,10486003,2w,male,SMLINT
90439016705,10486003,2w,male,SMLINT
90439016202,10486003,2w,male,SPLEEN
90439016203,10486003,2w,male,SPLEEN
90439016204,10486003,2w,male,SPLEEN
90439016205,10486003,2w,male,SPLEEN
90439016302,10486003,2w,male,TESTES
90439016303,10486003,2w,male,TESTES
90439016304,10486003,2w,male,TESTES
90439016305,10486003,2w,male,TESTES
90439016502,10486003,2w,male,VENACV
90439017003,10486003,2w,male,WAT-SC
90439017004,10486003,2w,male,WAT-SC
90439017005,10486003,2w,male,WAT-SC
90439017006,10486003,2w,male,WAT-SC
90439017007,10486003,2w,male,WAT-SC
90439017008,10486003,2w,male,WAT-SC
90439017009,10486003,2w,male,WAT-SC
90439017010,10486003,2w,male,WAT-SC
90439017011,10486003,2w,male,WAT-SC
90439017012,10486003,2w,male,WAT-SC
90439017013,10486003,2w,male,WAT-SC
90439017014,10486003,2w,male,WAT-SC
90439017702,10486003,2w,male,NA
90440013104,10496580,2w,male,PLASMA
90441016002,10502300,2w,male,ADRNL
90441016003,10502300,2w,male,ADRNL
90441016004,10502300,2w,male,ADRNL
90441016005,10502300,2w,male,ADRNL
90441016902,10502300,2w,male,BAT
90441016903,10502300,2w,male,BAT
90441016904,10502300,2w,male,BAT
90441016905,10502300,2w,male,BAT
90441016906,10502300,2w,male,BAT
90441016907,10502300,2w,male,BAT
90441016908,10502300,2w,male,BAT
90441016909,10502300,2w,male,BAT
90441016910,10502300,2w,male,BAT
90441013002,10502300,2w,male,BLOOD
90441016102,10502300,2w,male,COLON
90441016103,10502300,2w,male,COLON
90441016104,10502300,2w,male,COLON
90441016105,10502300,2w,male,COLON
90441015302,10502300,2w,male,CORTEX
90441015303,10502300,2w,male,CORTEX
90441015304,10502300,2w,male,CORTEX
90441015305,10502300,2w,male,CORTEX
90441015306,10502300,2w,male,CORTEX
90441015802,10502300,2w,male,HEART
90441015803,10502300,2w,male,HEART
90441015804,10502300,2w,male,HEART
90441015805,10502300,2w,male,HEART
90441015806,10502300,2w,male,HEART
90441015807,10502300,2w,male,HEART
90441015808,10502300,2w,male,HEART
90441015809,10502300,2w,male,HEART
90441015810,10502300,2w,male,HEART
90441015811,10502300,2w,male,HEART
90441015812,10502300,2w,male,HEART
90441015202,10502300,2w,male,HIPPOC
90441015203,10502300,2w,male,HIPPOC
90441015204,10502300,2w,male,HIPPOC
90441015205,10502300,2w,male,HIPPOC
90441015206,10502300,2w,male,HIPPOC
90441015207,10502300,2w,male,HIPPOC
90441015208,10502300,2w,male,HIPPOC
90441015209,10502300,2w,male,HIPPOC
90441015210,10502300,2w,male,HIPPOC
90441015402,10502300,2w,male,HYPOTH
90441015403,10502300,2w,male,HYPOTH
90441015404,10502300,2w,male,HYPOTH
90441015902,10502300,2w,male,KIDNEY
90441015903,10502300,2w,male,KIDNEY
90441015904,10502300,2w,male,KIDNEY
90441015905,10502300,2w,male,KIDNEY
90441015906,10502300,2w,male,KIDNEY
90441015907,10502300,2w,male,KIDNEY
90441015908,10502300,2w,male,KIDNEY
90441015909,10502300,2w,male,KIDNEY
90441015910,10502300,2w,male,KIDNEY
90441015911,10502300,2w,male,KIDNEY
90441016803,10502300,2w,male,LIVER
90441016804,10502300,2w,male,LIVER
90441016805,10502300,2w,male,LIVER
90441016806,10502300,2w,male,LIVER
90441016807,10502300,2w,male,LIVER
90441016808,10502300,2w,male,LIVER
90441016809,10502300,2w,male,LIVER
90441016810,10502300,2w,male,LIVER
90441016811,10502300,2w,male,LIVER
90441016812,10502300,2w,male,LIVER
90441016813,10502300,2w,male,LIVER
90441016602,10502300,2w,male,LUNG
90441016603,10502300,2w,male,LUNG
90441016604,10502300,2w,male,LUNG
90441016605,10502300,2w,male,LUNG
90441016606,10502300,2w,male,LUNG
90441016607,10502300,2w,male,LUNG
90441016608,10502300,2w,male,LUNG
90441016609,10502300,2w,male,LUNG
90441016610,10502300,2w,male,LUNG
90441016611,10502300,2w,male,LUNG
90441013104,10502300,2w,male,PLASMA
90441013105,10502300,2w,male,PLASMA
90441013106,10502300,2w,male,PLASMA
90441013107,10502300,2w,male,PLASMA
90441013108,10502300,2w,male,PLASMA
90441013109,10502300,2w,male,PLASMA
90441013110,10502300,2w,male,PLASMA
90441013111,10502300,2w,male,PLASMA
90441015503,10502300,2w,male,SKM-GN
90441015504,10502300,2w,male,SKM-GN
90441015505,10502300,2w,male,SKM-GN
90441015507,10502300,2w,male,SKM-GN
90441015508,10502300,2w,male,SKM-GN
90441015509,10502300,2w,male,SKM-GN
90441015510,10502300,2w,male,SKM-GN
90441015511,10502300,2w,male,SKM-GN
90441015512,10502300,2w,male,SKM-GN
90441015514,10502300,2w,male,SKM-GN
90441015515,10502300,2w,male,SKM-GN
90441015516,10502300,2w,male,SKM-GN
90441015603,10502300,2w,male,SKM-VL
90441015604,10502300,2w,male,SKM-VL
90441015605,10502300,2w,male,SKM-VL
90441015606,10502300,2w,male,SKM-VL
90441016702,10502300,2w,male,SMLINT
90441016703,10502300,2w,male,SMLINT
90441016704,10502300,2w,male,SMLINT
90441016705,10502300,2w,male,SMLINT
90441016202,10502300,2w,male,SPLEEN
90441016203,10502300,2w,male,SPLEEN
90441016204,10502300,2w,male,SPLEEN
90441016205,10502300,2w,male,SPLEEN
90441016302,10502300,2w,male,TESTES
90441016303,10502300,2w,male,TESTES
90441016304,10502300,2w,male,TESTES
90441016305,10502300,2w,male,TESTES
90441016502,10502300,2w,male,VENACV
90441016503,10502300,2w,male,VENACV
90441017003,10502300,2w,male,WAT-SC
90441017004,10502300,2w,male,WAT-SC
90441017005,10502300,2w,male,WAT-SC
90441017006,10502300,2w,male,WAT-SC
90441017007,10502300,2w,male,WAT-SC
90441017008,10502300,2w,male,WAT-SC
90441017009,10502300,2w,male,WAT-SC
90441017010,10502300,2w,male,WAT-SC
90441017011,10502300,2w,male,WAT-SC
90441017012,10502300,2w,male,WAT-SC
90441017013,10502300,2w,male,WAT-SC
90441017014,10502300,2w,male,WAT-SC
90441017702,10502300,2w,male,NA
90442013104,10531599,2w,male,PLASMA
90443013104,10564179,2w,male,PLASMA
90444016002,10587543,2w,male,ADRNL
90444016003,10587543,2w,male,ADRNL
90444016004,10587543,2w,male,ADRNL
90444016902,10587543,2w,male,BAT
90444016903,10587543,2w,male,BAT
90444016904,10587543,2w,male,BAT
90444016905,10587543,2w,male,BAT
90444016906,10587543,2w,male,BAT
90444016907,10587543,2w,male,BAT
90444016908,10587543,2w,male,BAT
90444016910,10587543,2w,male,BAT
90444013001,10587543,2w,male,BLOOD
90444016102,10587543,2w,male,COLON
90444016103,10587543,2w,male,COLON
90444016104,10587543,2w,male,COLON
90444015302,10587543,2w,male,CORTEX
90444015303,10587543,2w,male,CORTEX
90444015304,10587543,2w,male,CORTEX
90444015305,10587543,2w,male,CORTEX
90444015802,10587543,2w,male,HEART
90444015803,10587543,2w,male,HEART
90444015804,10587543,2w,male,HEART
90444015805,10587543,2w,male,HEART
90444015806,10587543,2w,male,HEART
90444015807,10587543,2w,male,HEART
90444015808,10587543,2w,male,HEART
90444015809,10587543,2w,male,HEART
90444015810,10587543,2w,male,HEART
90444015812,10587543,2w,male,HEART
90444015202,10587543,2w,male,HIPPOC
90444015203,10587543,2w,male,HIPPOC
90444015204,10587543,2w,male,HIPPOC
90444015205,10587543,2w,male,HIPPOC
90444015206,10587543,2w,male,HIPPOC
90444015207,10587543,2w,male,HIPPOC
90444015208,10587543,2w,male,HIPPOC
90444015210,10587543,2w,male,HIPPOC
90444015402,10587543,2w,male,HYPOTH
90444015403,10587543,2w,male,HYPOTH
90444015902,10587543,2w,male,KIDNEY
90444015903,10587543,2w,male,KIDNEY
90444015904,10587543,2w,male,KIDNEY
90444015905,10587543,2w,male,KIDNEY
90444015906,10587543,2w,male,KIDNEY
90444015907,10587543,2w,male,KIDNEY
90444015908,10587543,2w,male,KIDNEY
90444015909,10587543,2w,male,KIDNEY
90444015911,10587543,2w,male,KIDNEY
90444016803,10587543,2w,male,LIVER
90444016804,10587543,2w,male,LIVER
90444016805,10587543,2w,male,LIVER
90444016806,10587543,2w,male,LIVER
90444016807,10587543,2w,male,LIVER
90444016808,10587543,2w,male,LIVER
90444016809,10587543,2w,male,LIVER
90444016810,10587543,2w,male,LIVER
90444016811,10587543,2w,male,LIVER
90444016813,10587543,2w,male,LIVER
90444016602,10587543,2w,male,LUNG
90444016603,10587543,2w,male,LUNG
90444016604,10587543,2w,male,LUNG
90444016605,10587543,2w,male,LUNG
90444016606,10587543,2w,male,LUNG
90444016607,10587543,2w,male,LUNG
90444016608,10587543,2w,male,LUNG
90444016609,10587543,2w,male,LUNG
90444016611,10587543,2w,male,LUNG
90444013104,10587543,2w,male,PLASMA
90444013105,10587543,2w,male,PLASMA
90444013106,10587543,2w,male,PLASMA
90444013107,10587543,2w,male,PLASMA
90444013108,10587543,2w,male,PLASMA
90444013110,10587543,2w,male,PLASMA
90444013111,10587543,2w,male,PLASMA
90444015503,10587543,2w,male,SKM-GN
90444015504,10587543,2w,male,SKM-GN
90444015505,10587543,2w,male,SKM-GN
90444015507,10587543,2w,male,SKM-GN
90444015508,10587543,2w,male,SKM-GN
90444015509,10587543,2w,male,SKM-GN
90444015510,10587543,2w,male,SKM-GN
90444015511,10587543,2w,male,SKM-GN
90444015512,10587543,2w,male,SKM-GN
90444015514,10587543,2w,male,SKM-GN
90444015516,10587543,2w,male,SKM-GN
90444015603,10587543,2w,male,SKM-VL
90444015604,10587543,2w,male,SKM-VL
90444015605,10587543,2w,male,SKM-VL
90444016702,10587543,2w,male,SMLINT
90444016703,10587543,2w,male,SMLINT
90444016704,10587543,2w,male,SMLINT
90444016202,10587543,2w,male,SPLEEN
90444016203,10587543,2w,male,SPLEEN
90444016204,10587543,2w,male,SPLEEN
90444016302,10587543,2w,male,TESTES
90444016303,10587543,2w,male,TESTES
90444016304,10587543,2w,male,TESTES
90444016502,10587543,2w,male,VENACV
90444016503,10587543,2w,male,VENACV
90444017003,10587543,2w,male,WAT-SC
90444017004,10587543,2w,male,WAT-SC
90444017005,10587543,2w,male,WAT-SC
90444017006,10587543,2w,male,WAT-SC
90444017007,10587543,2w,male,WAT-SC
90444017008,10587543,2w,male,WAT-SC
90444017009,10587543,2w,male,WAT-SC
90444017010,10587543,2w,male,WAT-SC
90444017011,10587543,2w,male,WAT-SC
90444017012,10587543,2w,male,WAT-SC
90444017014,10587543,2w,male,WAT-SC
90444017702,10587543,2w,male,NA
90445015305,10589325,2w,male,CORTEX
90445015802,10589325,2w,male,HEART
90445015909,10589325,2w,male,KIDNEY
90445016803,10589325,2w,male,LIVER
90445016609,10589325,2w,male,LUNG
90445013104,10589325,2w,male,PLASMA
90445015503,10589325,2w,male,SKM-GN
90445017003,10589325,2w,male,WAT-SC
90445017702,10589325,2w,male,NA
90446013104,10591575,2w,male,PLASMA
90447013104,10611193,2w,male,PLASMA
90448013104,10637079,2w,male,PLASMA
90449016002,10641858,2w,male,ADRNL
90449016003,10641858,2w,male,ADRNL
90449016004,10641858,2w,male,ADRNL
90449016005,10641858,2w,male,ADRNL
90449016902,10641858,2w,male,BAT
90449016903,10641858,2w,male,BAT
90449016904,10641858,2w,male,BAT
90449016905,10641858,2w,male,BAT
90449016906,10641858,2w,male,BAT
90449016907,10641858,2w,male,BAT
90449016908,10641858,2w,male,BAT
90449016909,10641858,2w,male,BAT
90449016910,10641858,2w,male,BAT
90449013001,10641858,2w,male,BLOOD
90449016102,10641858,2w,male,COLON
90449016103,10641858,2w,male,COLON
90449016104,10641858,2w,male,COLON
90449016105,10641858,2w,male,COLON
90449015302,10641858,2w,male,CORTEX
90449015303,10641858,2w,male,CORTEX
90449015304,10641858,2w,male,CORTEX
90449015305,10641858,2w,male,CORTEX
90449015306,10641858,2w,male,CORTEX
90449015802,10641858,2w,male,HEART
90449015803,10641858,2w,male,HEART
90449015804,10641858,2w,male,HEART
90449015805,10641858,2w,male,HEART
90449015806,10641858,2w,male,HEART
90449015807,10641858,2w,male,HEART
90449015808,10641858,2w,male,HEART
90449015809,10641858,2w,male,HEART
90449015810,10641858,2w,male,HEART
90449015811,10641858,2w,male,HEART
90449015812,10641858,2w,male,HEART
90449015202,10641858,2w,male,HIPPOC
90449015203,10641858,2w,male,HIPPOC
90449015204,10641858,2w,male,HIPPOC
90449015205,10641858,2w,male,HIPPOC
90449015206,10641858,2w,male,HIPPOC
90449015207,10641858,2w,male,HIPPOC
90449015208,10641858,2w,male,HIPPOC
90449015209,10641858,2w,male,HIPPOC
90449015210,10641858,2w,male,HIPPOC
90449015402,10641858,2w,male,HYPOTH
90449015403,10641858,2w,male,HYPOTH
90449015902,10641858,2w,male,KIDNEY
90449015903,10641858,2w,male,KIDNEY
90449015904,10641858,2w,male,KIDNEY
90449015905,10641858,2w,male,KIDNEY
90449015906,10641858,2w,male,KIDNEY
90449015907,10641858,2w,male,KIDNEY
90449015908,10641858,2w,male,KIDNEY
90449015909,10641858,2w,male,KIDNEY
90449015910,10641858,2w,male,KIDNEY
90449015911,10641858,2w,male,KIDNEY
90449016803,10641858,2w,male,LIVER
90449016804,10641858,2w,male,LIVER
90449016805,10641858,2w,male,LIVER
90449016806,10641858,2w,male,LIVER
90449016807,10641858,2w,male,LIVER
90449016808,10641858,2w,male,LIVER
90449016809,10641858,2w,male,LIVER
90449016810,10641858,2w,male,LIVER
90449016811,10641858,2w,male,LIVER
90449016812,10641858,2w,male,LIVER
90449016813,10641858,2w,male,LIVER
90449016602,10641858,2w,male,LUNG
90449016603,10641858,2w,male,LUNG
90449016604,10641858,2w,male,LUNG
90449016605,10641858,2w,male,LUNG
90449016606,10641858,2w,male,LUNG
90449016607,10641858,2w,male,LUNG
90449016608,10641858,2w,male,LUNG
90449016609,10641858,2w,male,LUNG
90449016610,10641858,2w,male,LUNG
90449016611,10641858,2w,male,LUNG
90449013104,10641858,2w,male,PLASMA
90449013105,10641858,2w,male,PLASMA
90449013106,10641858,2w,male,PLASMA
90449013107,10641858,2w,male,PLASMA
90449013108,10641858,2w,male,PLASMA
90449013109,10641858,2w,male,PLASMA
90449013110,10641858,2w,male,PLASMA
90449013111,10641858,2w,male,PLASMA
90449015503,10641858,2w,male,SKM-GN
90449015504,10641858,2w,male,SKM-GN
90449015505,10641858,2w,male,SKM-GN
90449015507,10641858,2w,male,SKM-GN
90449015508,10641858,2w,male,SKM-GN
90449015509,10641858,2w,male,SKM-GN
90449015510,10641858,2w,male,SKM-GN
90449015511,10641858,2w,male,SKM-GN
90449015512,10641858,2w,male,SKM-GN
90449015514,10641858,2w,male,SKM-GN
90449015515,10641858,2w,male,SKM-GN
90449015516,10641858,2w,male,SKM-GN
90449015603,10641858,2w,male,SKM-VL
90449015604,10641858,2w,male,SKM-VL
90449015605,10641858,2w,male,SKM-VL
90449015606,10641858,2w,male,SKM-VL
90449016702,10641858,2w,male,SMLINT
90449016703,10641858,2w,male,SMLINT
90449016704,10641858,2w,male,SMLINT
90449016705,10641858,2w,male,SMLINT
90449016202,10641858,2w,male,SPLEEN
90449016203,10641858,2w,male,SPLEEN
90449016204,10641858,2w,male,SPLEEN
90449016205,10641858,2w,male,SPLEEN
90449016302,10641858,2w,male,TESTES
90449016303,10641858,2w,male,TESTES
90449016304,10641858,2w,male,TESTES
90449016305,10641858,2w,male,TESTES
90449016502,10641858,2w,male,VENACV
90449016503,10641858,2w,male,VENACV
90449017003,10641858,2w,male,WAT-SC
90449017004,10641858,2w,male,WAT-SC
90449017005,10641858,2w,male,WAT-SC
90449017006,10641858,2w,male,WAT-SC
90449017007,10641858,2w,male,WAT-SC
90449017008,10641858,2w,male,WAT-SC
90449017009,10641858,2w,male,WAT-SC
90449017010,10641858,2w,male,WAT-SC
90449017011,10641858,2w,male,WAT-SC
90449017012,10641858,2w,male,WAT-SC
90449017013,10641858,2w,male,WAT-SC
90449017014,10641858,2w,male,WAT-SC
90449017702,10641858,2w,male,NA
90450016002,10672656,2w,male,ADRNL
90450016003,10672656,2w,male,ADRNL
90450016004,10672656,2w,male,ADRNL
90450016902,10672656,2w,male,BAT
90450016903,10672656,2w,male,BAT
90450016904,10672656,2w,male,BAT
90450016905,10672656,2w,male,BAT
90450016906,10672656,2w,male,BAT
90450016907,10672656,2w,male,BAT
90450016908,10672656,2w,male,BAT
90450016910,10672656,2w,male,BAT
90450013001,10672656,2w,male,BLOOD
90450016102,10672656,2w,male,COLON
90450016103,10672656,2w,male,COLON
90450016104,10672656,2w,male,COLON
90450015302,10672656,2w,male,CORTEX
90450015303,10672656,2w,male,CORTEX
90450015304,10672656,2w,male,CORTEX
90450015305,10672656,2w,male,CORTEX
90450015802,10672656,2w,male,HEART
90450015803,10672656,2w,male,HEART
90450015804,10672656,2w,male,HEART
90450015805,10672656,2w,male,HEART
90450015806,10672656,2w,male,HEART
90450015807,10672656,2w,male,HEART
90450015808,10672656,2w,male,HEART
90450015809,10672656,2w,male,HEART
90450015810,10672656,2w,male,HEART
90450015812,10672656,2w,male,HEART
90450015202,10672656,2w,male,HIPPOC
90450015203,10672656,2w,male,HIPPOC
90450015204,10672656,2w,male,HIPPOC
90450015205,10672656,2w,male,HIPPOC
90450015206,10672656,2w,male,HIPPOC
90450015207,10672656,2w,male,HIPPOC
90450015208,10672656,2w,male,HIPPOC
90450015210,10672656,2w,male,HIPPOC
90450015402,10672656,2w,male,HYPOTH
90450015403,10672656,2w,male,HYPOTH
90450015902,10672656,2w,male,KIDNEY
90450015903,10672656,2w,male,KIDNEY
90450015904,10672656,2w,male,KIDNEY
90450015905,10672656,2w,male,KIDNEY
90450015906,10672656,2w,male,KIDNEY
90450015907,10672656,2w,male,KIDNEY
90450015908,10672656,2w,male,KIDNEY
90450015909,10672656,2w,male,KIDNEY
90450015911,10672656,2w,male,KIDNEY
90450016803,10672656,2w,male,LIVER
90450016804,10672656,2w,male,LIVER
90450016805,10672656,2w,male,LIVER
90450016806,10672656,2w,male,LIVER
90450016807,10672656,2w,male,LIVER
90450016808,10672656,2w,male,LIVER
90450016809,10672656,2w,male,LIVER
90450016810,10672656,2w,male,LIVER
90450016811,10672656,2w,male,LIVER
90450016813,10672656,2w,male,LIVER
90450016602,10672656,2w,male,LUNG
90450016603,10672656,2w,male,LUNG
90450016604,10672656,2w,male,LUNG
90450016605,10672656,2w,male,LUNG
90450016606,10672656,2w,male,LUNG
90450016607,10672656,2w,male,LUNG
90450016608,10672656,2w,male,LUNG
90450016609,10672656,2w,male,LUNG
90450016611,10672656,2w,male,LUNG
90450013104,10672656,2w,male,PLASMA
90450013105,10672656,2w,male,PLASMA
90450013106,10672656,2w,male,PLASMA
90450013107,10672656,2w,male,PLASMA
90450013108,10672656,2w,male,PLASMA
90450013110,10672656,2w,male,PLASMA
90450013111,10672656,2w,male,PLASMA
90450015503,10672656,2w,male,SKM-GN
90450015504,10672656,2w,male,SKM-GN
90450015505,10672656,2w,male,SKM-GN
90450015507,10672656,2w,male,SKM-GN
90450015508,10672656,2w,male,SKM-GN
90450015509,10672656,2w,male,SKM-GN
90450015510,10672656,2w,male,SKM-GN
90450015511,10672656,2w,male,SKM-GN
90450015512,10672656,2w,male,SKM-GN
90450015514,10672656,2w,male,SKM-GN
90450015516,10672656,2w,male,SKM-GN
90450015603,10672656,2w,male,SKM-VL
90450015604,10672656,2w,male,SKM-VL
90450015605,10672656,2w,male,SKM-VL
90450016702,10672656,2w,male,SMLINT
90450016703,10672656,2w,male,SMLINT
90450016704,10672656,2w,male,SMLINT
90450016202,10672656,2w,male,SPLEEN
90450016203,10672656,2w,male,SPLEEN
90450016204,10672656,2w,male,SPLEEN
90450016302,10672656,2w,male,TESTES
90450016303,10672656,2w,male,TESTES
90450016304,10672656,2w,male,TESTES
90450016502,10672656,2w,male,VENACV
90450016503,10672656,2w,male,VENACV
90450017003,10672656,2w,male,WAT-SC
90450017004,10672656,2w,male,WAT-SC
90450017005,10672656,2w,male,WAT-SC
90450017006,10672656,2w,male,WAT-SC
90450017007,10672656,2w,male,WAT-SC
90450017008,10672656,2w,male,WAT-SC
90450017009,10672656,2w,male,WAT-SC
90450017010,10672656,2w,male,WAT-SC
90450017011,10672656,2w,male,WAT-SC
90450017012,10672656,2w,male,WAT-SC
90450017014,10672656,2w,male,WAT-SC
90450017702,10672656,2w,male,NA
90275016005,10059369,4w,male,ADRNL
90275013104,10059369,4w,male,PLASMA
90276013104,10063633,4w,male,PLASMA
90277013104,10085017,4w,male,PLASMA
90278013104,10088113,4w,male,PLASMA
90279013104,10093702,4w,male,PLASMA
90280016002,10095241,4w,male,ADRNL
90280016003,10095241,4w,male,ADRNL
90280016004,10095241,4w,male,ADRNL
90280016902,10095241,4w,male,BAT
90280016903,10095241,4w,male,BAT
90280016904,10095241,4w,male,BAT
90280016905,10095241,4w,male,BAT
90280016906,10095241,4w,male,BAT
90280016907,10095241,4w,male,BAT
90280016908,10095241,4w,male,BAT
90280016909,10095241,4w,male,BAT
90280016910,10095241,4w,male,BAT
90280013001,10095241,4w,male,BLOOD
90280016102,10095241,4w,male,COLON
90280016103,10095241,4w,male,COLON
90280016104,10095241,4w,male,COLON
90280016105,10095241,4w,male,COLON
90280015302,10095241,4w,male,CORTEX
90280015303,10095241,4w,male,CORTEX
90280015304,10095241,4w,male,CORTEX
90280015305,10095241,4w,male,CORTEX
90280015306,10095241,4w,male,CORTEX
90280015802,10095241,4w,male,HEART
90280015803,10095241,4w,male,HEART
90280015804,10095241,4w,male,HEART
90280015805,10095241,4w,male,HEART
90280015806,10095241,4w,male,HEART
90280015807,10095241,4w,male,HEART
90280015808,10095241,4w,male,HEART
90280015809,10095241,4w,male,HEART
90280015810,10095241,4w,male,HEART
90280015811,10095241,4w,male,HEART
90280015812,10095241,4w,male,HEART
90280015202,10095241,4w,male,HIPPOC
90280015203,10095241,4w,male,HIPPOC
90280015204,10095241,4w,male,HIPPOC
90280015205,10095241,4w,male,HIPPOC
90280015206,10095241,4w,male,HIPPOC
90280015207,10095241,4w,male,HIPPOC
90280015208,10095241,4w,male,HIPPOC
90280015209,10095241,4w,male,HIPPOC
90280015210,10095241,4w,male,HIPPOC
90280015402,10095241,4w,male,HYPOTH
90280015403,10095241,4w,male,HYPOTH
90280015404,10095241,4w,male,HYPOTH
90280015902,10095241,4w,male,KIDNEY
90280015903,10095241,4w,male,KIDNEY
90280015904,10095241,4w,male,KIDNEY
90280015905,10095241,4w,male,KIDNEY
90280015906,10095241,4w,male,KIDNEY
90280015907,10095241,4w,male,KIDNEY
90280015908,10095241,4w,male,KIDNEY
90280015909,10095241,4w,male,KIDNEY
90280015910,10095241,4w,male,KIDNEY
90280015911,10095241,4w,male,KIDNEY
90280016803,10095241,4w,male,LIVER
90280016804,10095241,4w,male,LIVER
90280016805,10095241,4w,male,LIVER
90280016806,10095241,4w,male,LIVER
90280016807,10095241,4w,male,LIVER
90280016808,10095241,4w,male,LIVER
90280016809,10095241,4w,male,LIVER
90280016810,10095241,4w,male,LIVER
90280016811,10095241,4w,male,LIVER
90280016812,10095241,4w,male,LIVER
90280016813,10095241,4w,male,LIVER
90280016602,10095241,4w,male,LUNG
90280016603,10095241,4w,male,LUNG
90280016604,10095241,4w,male,LUNG
90280016605,10095241,4w,male,LUNG
90280016606,10095241,4w,male,LUNG
90280016607,10095241,4w,male,LUNG
90280016608,10095241,4w,male,LUNG
90280016609,10095241,4w,male,LUNG
90280016610,10095241,4w,male,LUNG
90280016611,10095241,4w,male,LUNG
90280013104,10095241,4w,male,PLASMA
90280013105,10095241,4w,male,PLASMA
90280013106,10095241,4w,male,PLASMA
90280013107,10095241,4w,male,PLASMA
90280013108,10095241,4w,male,PLASMA
90280013109,10095241,4w,male,PLASMA
90280013110,10095241,4w,male,PLASMA
90280013111,10095241,4w,male,PLASMA
90280015503,10095241,4w,male,SKM-GN
90280015504,10095241,4w,male,SKM-GN
90280015505,10095241,4w,male,SKM-GN
90280015507,10095241,4w,male,SKM-GN
90280015508,10095241,4w,male,SKM-GN
90280015509,10095241,4w,male,SKM-GN
90280015510,10095241,4w,male,SKM-GN
90280015511,10095241,4w,male,SKM-GN
90280015512,10095241,4w,male,SKM-GN
90280015514,10095241,4w,male,SKM-GN
90280015515,10095241,4w,male,SKM-GN
90280015516,10095241,4w,male,SKM-GN
90280015603,10095241,4w,male,SKM-VL
90280015604,10095241,4w,male,SKM-VL
90280015605,10095241,4w,male,SKM-VL
90280015606,10095241,4w,male,SKM-VL
90280016702,10095241,4w,male,SMLINT
90280016703,10095241,4w,male,SMLINT
90280016704,10095241,4w,male,SMLINT
90280016705,10095241,4w,male,SMLINT
90280016202,10095241,4w,male,SPLEEN
90280016203,10095241,4w,male,SPLEEN
90280016204,10095241,4w,male,SPLEEN
90280016205,10095241,4w,male,SPLEEN
90280016302,10095241,4w,male,TESTES
90280016303,10095241,4w,male,TESTES
90280016304,10095241,4w,male,TESTES
90280016305,10095241,4w,male,TESTES
90280016502,10095241,4w,male,VENACV
90280016503,10095241,4w,male,VENACV
90280017003,10095241,4w,male,WAT-SC
90280017004,10095241,4w,male,WAT-SC
90280017005,10095241,4w,male,WAT-SC
90280017006,10095241,4w,male,WAT-SC
90280017007,10095241,4w,male,WAT-SC
90280017008,10095241,4w,male,WAT-SC
90280017009,10095241,4w,male,WAT-SC
90280017010,10095241,4w,male,WAT-SC
90280017011,10095241,4w,male,WAT-SC
90280017012,10095241,4w,male,WAT-SC
90280017013,10095241,4w,male,WAT-SC
90280017014,10095241,4w,male,WAT-SC
90280017702,10095241,4w,male,NA
90281016002,10106383,4w,male,ADRNL
90281016003,10106383,4w,male,ADRNL
90281016004,10106383,4w,male,ADRNL
90281016902,10106383,4w,male,BAT
90281016903,10106383,4w,male,BAT
90281016904,10106383,4w,male,BAT
90281016905,10106383,4w,male,BAT
90281016906,10106383,4w,male,BAT
90281016907,10106383,4w,male,BAT
90281016908,10106383,4w,male,BAT
90281016910,10106383,4w,male,BAT
90281013001,10106383,4w,male,BLOOD
90281016102,10106383,4w,male,COLON
90281016103,10106383,4w,male,COLON
90281016104,10106383,4w,male,COLON
90281015302,10106383,4w,male,CORTEX
90281015303,10106383,4w,male,CORTEX
90281015304,10106383,4w,male,CORTEX
90281015305,10106383,4w,male,CORTEX
90281015802,10106383,4w,male,HEART
90281015803,10106383,4w,male,HEART
90281015804,10106383,4w,male,HEART
90281015805,10106383,4w,male,HEART
90281015806,10106383,4w,male,HEART
90281015807,10106383,4w,male,HEART
90281015808,10106383,4w,male,HEART
90281015809,10106383,4w,male,HEART
90281015810,10106383,4w,male,HEART
90281015812,10106383,4w,male,HEART
90281015202,10106383,4w,male,HIPPOC
90281015203,10106383,4w,male,HIPPOC
90281015204,10106383,4w,male,HIPPOC
90281015205,10106383,4w,male,HIPPOC
90281015206,10106383,4w,male,HIPPOC
90281015207,10106383,4w,male,HIPPOC
90281015208,10106383,4w,male,HIPPOC
90281015210,10106383,4w,male,HIPPOC
90281015402,10106383,4w,male,HYPOTH
90281015403,10106383,4w,male,HYPOTH
90281015902,10106383,4w,male,KIDNEY
90281015903,10106383,4w,male,KIDNEY
90281015904,10106383,4w,male,KIDNEY
90281015905,10106383,4w,male,KIDNEY
90281015906,10106383,4w,male,KIDNEY
90281015907,10106383,4w,male,KIDNEY
90281015908,10106383,4w,male,KIDNEY
90281015909,10106383,4w,male,KIDNEY
90281015911,10106383,4w,male,KIDNEY
90281016803,10106383,4w,male,LIVER
90281016804,10106383,4w,male,LIVER
90281016805,10106383,4w,male,LIVER
90281016806,10106383,4w,male,LIVER
90281016807,10106383,4w,male,LIVER
90281016808,10106383,4w,male,LIVER
90281016809,10106383,4w,male,LIVER
90281016810,10106383,4w,male,LIVER
90281016811,10106383,4w,male,LIVER
90281016813,10106383,4w,male,LIVER
90281016602,10106383,4w,male,LUNG
90281016603,10106383,4w,male,LUNG
90281016604,10106383,4w,male,LUNG
90281016605,10106383,4w,male,LUNG
90281016606,10106383,4w,male,LUNG
90281016607,10106383,4w,male,LUNG
90281016608,10106383,4w,male,LUNG
90281016609,10106383,4w,male,LUNG
90281016611,10106383,4w,male,LUNG
90281013104,10106383,4w,male,PLASMA
90281013105,10106383,4w,male,PLASMA
90281013106,10106383,4w,male,PLASMA
90281013107,10106383,4w,male,PLASMA
90281013108,10106383,4w,male,PLASMA
90281013110,10106383,4w,male,PLASMA
90281013111,10106383,4w,male,PLASMA
90281015503,10106383,4w,male,SKM-GN
90281015504,10106383,4w,male,SKM-GN
90281015505,10106383,4w,male,SKM-GN
90281015507,10106383,4w,male,SKM-GN
90281015508,10106383,4w,male,SKM-GN
90281015509,10106383,4w,male,SKM-GN
90281015510,10106383,4w,male,SKM-GN
90281015511,10106383,4w,male,SKM-GN
90281015512,10106383,4w,male,SKM-GN
90281015514,10106383,4w,male,SKM-GN
90281015516,10106383,4w,male,SKM-GN
90281015603,10106383,4w,male,SKM-VL
90281015604,10106383,4w,male,SKM-VL
90281015605,10106383,4w,male,SKM-VL
90281016702,10106383,4w,male,SMLINT
90281016703,10106383,4w,male,SMLINT
90281016704,10106383,4w,male,SMLINT
90281016202,10106383,4w,male,SPLEEN
90281016203,10106383,4w,male,SPLEEN
90281016204,10106383,4w,male,SPLEEN
90281016302,10106383,4w,male,TESTES
90281016303,10106383,4w,male,TESTES
90281016304,10106383,4w,male,TESTES
90281016502,10106383,4w,male,VENACV
90281016503,10106383,4w,male,VENACV
90281016504,10106383,4w,male,VENACV
90281017003,10106383,4w,male,WAT-SC
90281017004,10106383,4w,male,WAT-SC
90281017005,10106383,4w,male,WAT-SC
90281017006,10106383,4w,male,WAT-SC
90281017007,10106383,4w,male,WAT-SC
90281017008,10106383,4w,male,WAT-SC
90281017009,10106383,4w,male,WAT-SC
90281017010,10106383,4w,male,WAT-SC
90281017011,10106383,4w,male,WAT-SC
90281017012,10106383,4w,male,WAT-SC
90281017014,10106383,4w,male,WAT-SC
90281017702,10106383,4w,male,NA
90282013104,10136967,4w,male,PLASMA
90283016002,10139044,4w,male,ADRNL
90283016003,10139044,4w,male,ADRNL
90283016004,10139044,4w,male,ADRNL
90283016902,10139044,4w,male,BAT
90283016903,10139044,4w,male,BAT
90283016904,10139044,4w,male,BAT
90283016905,10139044,4w,male,BAT
90283016906,10139044,4w,male,BAT
90283016907,10139044,4w,male,BAT
90283016908,10139044,4w,male,BAT
90283016909,10139044,4w,male,BAT
90283016910,10139044,4w,male,BAT
90283013001,10139044,4w,male,BLOOD
90283016102,10139044,4w,male,COLON
90283016103,10139044,4w,male,COLON
90283016104,10139044,4w,male,COLON
90283016105,10139044,4w,male,COLON
90283015302,10139044,4w,male,CORTEX
90283015303,10139044,4w,male,CORTEX
90283015304,10139044,4w,male,CORTEX
90283015305,10139044,4w,male,CORTEX
90283015306,10139044,4w,male,CORTEX
90283015802,10139044,4w,male,HEART
90283015803,10139044,4w,male,HEART
90283015804,10139044,4w,male,HEART
90283015805,10139044,4w,male,HEART
90283015806,10139044,4w,male,HEART
90283015807,10139044,4w,male,HEART
90283015808,10139044,4w,male,HEART
90283015809,10139044,4w,male,HEART
90283015810,10139044,4w,male,HEART
90283015811,10139044,4w,male,HEART
90283015812,10139044,4w,male,HEART
90283015202,10139044,4w,male,HIPPOC
90283015203,10139044,4w,male,HIPPOC
90283015204,10139044,4w,male,HIPPOC
90283015205,10139044,4w,male,HIPPOC
90283015206,10139044,4w,male,HIPPOC
90283015207,10139044,4w,male,HIPPOC
90283015208,10139044,4w,male,HIPPOC
90283015209,10139044,4w,male,HIPPOC
90283015210,10139044,4w,male,HIPPOC
90283015402,10139044,4w,male,HYPOTH
90283015403,10139044,4w,male,HYPOTH
90283015902,10139044,4w,male,KIDNEY
90283015903,10139044,4w,male,KIDNEY
90283015904,10139044,4w,male,KIDNEY
90283015905,10139044,4w,male,KIDNEY
90283015906,10139044,4w,male,KIDNEY
90283015907,10139044,4w,male,KIDNEY
90283015908,10139044,4w,male,KIDNEY
90283015909,10139044,4w,male,KIDNEY
90283015910,10139044,4w,male,KIDNEY
90283015911,10139044,4w,male,KIDNEY
90283016803,10139044,4w,male,LIVER
90283016804,10139044,4w,male,LIVER
90283016805,10139044,4w,male,LIVER
90283016806,10139044,4w,male,LIVER
90283016807,10139044,4w,male,LIVER
90283016808,10139044,4w,male,LIVER
90283016809,10139044,4w,male,LIVER
90283016810,10139044,4w,male,LIVER
90283016811,10139044,4w,male,LIVER
90283016812,10139044,4w,male,LIVER
90283016813,10139044,4w,male,LIVER
90283016602,10139044,4w,male,LUNG
90283016603,10139044,4w,male,LUNG
90283016604,10139044,4w,male,LUNG
90283016605,10139044,4w,male,LUNG
90283016606,10139044,4w,male,LUNG
90283016607,10139044,4w,male,LUNG
90283016608,10139044,4w,male,LUNG
90283016609,10139044,4w,male,LUNG
90283016610,10139044,4w,male,LUNG
90283016611,10139044,4w,male,LUNG
90283013104,10139044,4w,male,PLASMA
90283013105,10139044,4w,male,PLASMA
90283013106,10139044,4w,male,PLASMA
90283013107,10139044,4w,male,PLASMA
90283013108,10139044,4w,male,PLASMA
90283013109,10139044,4w,male,PLASMA
90283013110,10139044,4w,male,PLASMA
90283013111,10139044,4w,male,PLASMA
90283015503,10139044,4w,male,SKM-GN
90283015504,10139044,4w,male,SKM-GN
90283015505,10139044,4w,male,SKM-GN
90283015507,10139044,4w,male,SKM-GN
90283015508,10139044,4w,male,SKM-GN
90283015509,10139044,4w,male,SKM-GN
90283015510,10139044,4w,male,SKM-GN
90283015511,10139044,4w,male,SKM-GN
90283015512,10139044,4w,male,SKM-GN
90283015514,10139044,4w,male,SKM-GN
90283015515,10139044,4w,male,SKM-GN
90283015516,10139044,4w,male,SKM-GN
90283015603,10139044,4w,male,SKM-VL
90283015604,10139044,4w,male,SKM-VL
90283015605,10139044,4w,male,SKM-VL
90283015606,10139044,4w,male,SKM-VL
90283016702,10139044,4w,male,SMLINT
90283016703,10139044,4w,male,SMLINT
90283016704,10139044,4w,male,SMLINT
90283016705,10139044,4w,male,SMLINT
90283016202,10139044,4w,male,SPLEEN
90283016203,10139044,4w,male,SPLEEN
90283016204,10139044,4w,male,SPLEEN
90283016205,10139044,4w,male,SPLEEN
90283016302,10139044,4w,male,TESTES
90283016303,10139044,4w,male,TESTES
90283016304,10139044,4w,male,TESTES
90283016305,10139044,4w,male,TESTES
90283016502,10139044,4w,male,VENACV
90283016503,10139044,4w,male,VENACV
90283016504,10139044,4w,male,VENACV
90283017003,10139044,4w,male,WAT-SC
90283017004,10139044,4w,male,WAT-SC
90283017005,10139044,4w,male,WAT-SC
90283017006,10139044,4w,male,WAT-SC
90283017007,10139044,4w,male,WAT-SC
90283017008,10139044,4w,male,WAT-SC
90283017009,10139044,4w,male,WAT-SC
90283017010,10139044,4w,male,WAT-SC
90283017011,10139044,4w,male,WAT-SC
90283017012,10139044,4w,male,WAT-SC
90283017013,10139044,4w,male,WAT-SC
90283017014,10139044,4w,male,WAT-SC
90283017702,10139044,4w,male,NA
90284013104,10139710,4w,male,PLASMA
90285016005,10152148,4w,male,ADRNL
90285013104,10152148,4w,male,PLASMA
90286013104,10171010,4w,male,PLASMA
90287013104,10175431,4w,male,PLASMA
90288013104,10179267,4w,male,PLASMA
90289016002,10185585,4w,male,ADRNL
90289016003,10185585,4w,male,ADRNL
90289016004,10185585,4w,male,ADRNL
90289016902,10185585,4w,male,BAT
90289016903,10185585,4w,male,BAT
90289016904,10185585,4w,male,BAT
90289016905,10185585,4w,male,BAT
90289016906,10185585,4w,male,BAT
90289016907,10185585,4w,male,BAT
90289016908,10185585,4w,male,BAT
90289016910,10185585,4w,male,BAT
90289013001,10185585,4w,male,BLOOD
90289016102,10185585,4w,male,COLON
90289016103,10185585,4w,male,COLON
90289016104,10185585,4w,male,COLON
90289015302,10185585,4w,male,CORTEX
90289015303,10185585,4w,male,CORTEX
90289015304,10185585,4w,male,CORTEX
90289015305,10185585,4w,male,CORTEX
90289015802,10185585,4w,male,HEART
90289015803,10185585,4w,male,HEART
90289015804,10185585,4w,male,HEART
90289015805,10185585,4w,male,HEART
90289015806,10185585,4w,male,HEART
90289015807,10185585,4w,male,HEART
90289015808,10185585,4w,male,HEART
90289015809,10185585,4w,male,HEART
90289015810,10185585,4w,male,HEART
90289015812,10185585,4w,male,HEART
90289015202,10185585,4w,male,HIPPOC
90289015203,10185585,4w,male,HIPPOC
90289015204,10185585,4w,male,HIPPOC
90289015205,10185585,4w,male,HIPPOC
90289015206,10185585,4w,male,HIPPOC
90289015207,10185585,4w,male,HIPPOC
90289015208,10185585,4w,male,HIPPOC
90289015210,10185585,4w,male,HIPPOC
90289015402,10185585,4w,male,HYPOTH
90289015403,10185585,4w,male,HYPOTH
90289015902,10185585,4w,male,KIDNEY
90289015903,10185585,4w,male,KIDNEY
90289015904,10185585,4w,male,KIDNEY
90289015905,10185585,4w,male,KIDNEY
90289015906,10185585,4w,male,KIDNEY
90289015907,10185585,4w,male,KIDNEY
90289015908,10185585,4w,male,KIDNEY
90289015909,10185585,4w,male,KIDNEY
90289015911,10185585,4w,male,KIDNEY
90289016803,10185585,4w,male,LIVER
90289016804,10185585,4w,male,LIVER
90289016805,10185585,4w,male,LIVER
90289016806,10185585,4w,male,LIVER
90289016807,10185585,4w,male,LIVER
90289016808,10185585,4w,male,LIVER
90289016809,10185585,4w,male,LIVER
90289016810,10185585,4w,male,LIVER
90289016811,10185585,4w,male,LIVER
90289016813,10185585,4w,male,LIVER
90289016602,10185585,4w,male,LUNG
90289016603,10185585,4w,male,LUNG
90289016604,10185585,4w,male,LUNG
90289016605,10185585,4w,male,LUNG
90289016606,10185585,4w,male,LUNG
90289016607,10185585,4w,male,LUNG
90289016608,10185585,4w,male,LUNG
90289016609,10185585,4w,male,LUNG
90289016611,10185585,4w,male,LUNG
90289013104,10185585,4w,male,PLASMA
90289013105,10185585,4w,male,PLASMA
90289013106,10185585,4w,male,PLASMA
90289013107,10185585,4w,male,PLASMA
90289013108,10185585,4w,male,PLASMA
90289013110,10185585,4w,male,PLASMA
90289013111,10185585,4w,male,PLASMA
90289015503,10185585,4w,male,SKM-GN
90289015504,10185585,4w,male,SKM-GN
90289015505,10185585,4w,male,SKM-GN
90289015507,10185585,4w,male,SKM-GN
90289015508,10185585,4w,male,SKM-GN
90289015509,10185585,4w,male,SKM-GN
90289015510,10185585,4w,male,SKM-GN
90289015511,10185585,4w,male,SKM-GN
90289015512,10185585,4w,male,SKM-GN
90289015514,10185585,4w,male,SKM-GN
90289015516,10185585,4w,male,SKM-GN
90289015603,10185585,4w,male,SKM-VL
90289015604,10185585,4w,male,SKM-VL
90289015605,10185585,4w,male,SKM-VL
90289016702,10185585,4w,male,SMLINT
90289016703,10185585,4w,male,SMLINT
90289016704,10185585,4w,male,SMLINT
90289016202,10185585,4w,male,SPLEEN
90289016203,10185585,4w,male,SPLEEN
90289016204,10185585,4w,male,SPLEEN
90289016302,10185585,4w,male,TESTES
90289016303,10185585,4w,male,TESTES
90289016304,10185585,4w,male,TESTES
90289016502,10185585,4w,male,VENACV
90289016503,10185585,4w,male,VENACV
90289016504,10185585,4w,male,VENACV
90289017003,10185585,4w,male,WAT-SC
90289017004,10185585,4w,male,WAT-SC
90289017005,10185585,4w,male,WAT-SC
90289017006,10185585,4w,male,WAT-SC
90289017007,10185585,4w,male,WAT-SC
90289017008,10185585,4w,male,WAT-SC
90289017009,10185585,4w,male,WAT-SC
90289017010,10185585,4w,male,WAT-SC
90289017011,10185585,4w,male,WAT-SC
90289017012,10185585,4w,male,WAT-SC
90289017014,10185585,4w,male,WAT-SC
90289017702,10185585,4w,male,NA
90290016005,10204989,4w,male,ADRNL
90290016909,10204989,4w,male,BAT
90290016910,10204989,4w,male,BAT
90290015305,10204989,4w,male,CORTEX
90290015802,10204989,4w,male,HEART
90290015909,10204989,4w,male,KIDNEY
90290016803,10204989,4w,male,LIVER
90290016609,10204989,4w,male,LUNG
90290013104,10204989,4w,male,PLASMA
90290015503,10204989,4w,male,SKM-GN
90290017003,10204989,4w,male,WAT-SC
90290017702,10204989,4w,male,NA
90291013104,10219315,4w,male,PLASMA
90292016002,10220917,4w,male,ADRNL
90292016003,10220917,4w,male,ADRNL
90292016004,10220917,4w,male,ADRNL
90292016902,10220917,4w,male,BAT
90292016903,10220917,4w,male,BAT
90292016904,10220917,4w,male,BAT
90292016905,10220917,4w,male,BAT
90292016906,10220917,4w,male,BAT
90292013001,10220917,4w,male,BLOOD
90292016102,10220917,4w,male,COLON
90292016103,10220917,4w,male,COLON
90292016104,10220917,4w,male,COLON
90292016105,10220917,4w,male,COLON
90292015302,10220917,4w,male,CORTEX
90292015303,10220917,4w,male,CORTEX
90292015304,10220917,4w,male,CORTEX
90292015305,10220917,4w,male,CORTEX
90292015306,10220917,4w,male,CORTEX
90292015802,10220917,4w,male,HEART
90292015803,10220917,4w,male,HEART
90292015804,10220917,4w,male,HEART
90292015805,10220917,4w,male,HEART
90292015806,10220917,4w,male,HEART
90292015807,10220917,4w,male,HEART
90292015808,10220917,4w,male,HEART
90292015809,10220917,4w,male,HEART
90292015810,10220917,4w,male,HEART
90292015811,10220917,4w,male,HEART
90292015812,10220917,4w,male,HEART
90292015202,10220917,4w,male,HIPPOC
90292015203,10220917,4w,male,HIPPOC
90292015204,10220917,4w,male,HIPPOC
90292015205,10220917,4w,male,HIPPOC
90292015206,10220917,4w,male,HIPPOC
90292015207,10220917,4w,male,HIPPOC
90292015208,10220917,4w,male,HIPPOC
90292015209,10220917,4w,male,HIPPOC
90292015210,10220917,4w,male,HIPPOC
90292015402,10220917,4w,male,HYPOTH
90292015403,10220917,4w,male,HYPOTH
90292015404,10220917,4w,male,HYPOTH
90292015902,10220917,4w,male,KIDNEY
90292015903,10220917,4w,male,KIDNEY
90292015904,10220917,4w,male,KIDNEY
90292015905,10220917,4w,male,KIDNEY
90292015906,10220917,4w,male,KIDNEY
90292015907,10220917,4w,male,KIDNEY
90292015908,10220917,4w,male,KIDNEY
90292015909,10220917,4w,male,KIDNEY
90292015910,10220917,4w,male,KIDNEY
90292015911,10220917,4w,male,KIDNEY
90292016803,10220917,4w,male,LIVER
90292016804,10220917,4w,male,LIVER
90292016805,10220917,4w,male,LIVER
90292016806,10220917,4w,male,LIVER
90292016807,10220917,4w,male,LIVER
90292016808,10220917,4w,male,LIVER
90292016809,10220917,4w,male,LIVER
90292016810,10220917,4w,male,LIVER
90292016811,10220917,4w,male,LIVER
90292016812,10220917,4w,male,LIVER
90292016813,10220917,4w,male,LIVER
90292016602,10220917,4w,male,LUNG
90292016603,10220917,4w,male,LUNG
90292016604,10220917,4w,male,LUNG
90292016605,10220917,4w,male,LUNG
90292016606,10220917,4w,male,LUNG
90292016607,10220917,4w,male,LUNG
90292016608,10220917,4w,male,LUNG
90292016609,10220917,4w,male,LUNG
90292016610,10220917,4w,male,LUNG
90292016611,10220917,4w,male,LUNG
90292013104,10220917,4w,male,PLASMA
90292013105,10220917,4w,male,PLASMA
90292013106,10220917,4w,male,PLASMA
90292013107,10220917,4w,male,PLASMA
90292013108,10220917,4w,male,PLASMA
90292013109,10220917,4w,male,PLASMA
90292013110,10220917,4w,male,PLASMA
90292013111,10220917,4w,male,PLASMA
90292015503,10220917,4w,male,SKM-GN
90292015504,10220917,4w,male,SKM-GN
90292015505,10220917,4w,male,SKM-GN
90292015507,10220917,4w,male,SKM-GN
90292015508,10220917,4w,male,SKM-GN
90292015509,10220917,4w,male,SKM-GN
90292015510,10220917,4w,male,SKM-GN
90292015511,10220917,4w,male,SKM-GN
90292015512,10220917,4w,male,SKM-GN
90292015514,10220917,4w,male,SKM-GN
90292015515,10220917,4w,male,SKM-GN
90292015516,10220917,4w,male,SKM-GN
90292015603,10220917,4w,male,SKM-VL
90292015604,10220917,4w,male,SKM-VL
90292015605,10220917,4w,male,SKM-VL
90292015606,10220917,4w,male,SKM-VL
90292016702,10220917,4w,male,SMLINT
90292016703,10220917,4w,male,SMLINT
90292016704,10220917,4w,male,SMLINT
90292016705,10220917,4w,male,SMLINT
90292016202,10220917,4w,male,SPLEEN
90292016203,10220917,4w,male,SPLEEN
90292016204,10220917,4w,male,SPLEEN
90292016205,10220917,4w,male,SPLEEN
90292016302,10220917,4w,male,TESTES
90292016303,10220917,4w,male,TESTES
90292016304,10220917,4w,male,TESTES
90292016305,10220917,4w,male,TESTES
90292016502,10220917,4w,male,VENACV
90292016503,10220917,4w,male,VENACV
90292017003,10220917,4w,male,WAT-SC
90292017004,10220917,4w,male,WAT-SC
90292017005,10220917,4w,male,WAT-SC
90292017006,10220917,4w,male,WAT-SC
90292017007,10220917,4w,male,WAT-SC
90292017008,10220917,4w,male,WAT-SC
90292017009,10220917,4w,male,WAT-SC
90292017010,10220917,4w,male,WAT-SC
90292017011,10220917,4w,male,WAT-SC
90292017012,10220917,4w,male,WAT-SC
90292017013,10220917,4w,male,WAT-SC
90292017014,10220917,4w,male,WAT-SC
90292017702,10220917,4w,male,NA
90218016002,10024735,8w,male,ADRNL
90218016003,10024735,8w,male,ADRNL
90218016004,10024735,8w,male,ADRNL
90218016005,10024735,8w,male,ADRNL
90218016902,10024735,8w,male,BAT
90218016903,10024735,8w,male,BAT
90218016904,10024735,8w,male,BAT
90218016905,10024735,8w,male,BAT
90218013001,10024735,8w,male,BLOOD
90218016102,10024735,8w,male,COLON
90218016103,10024735,8w,male,COLON
90218016104,10024735,8w,male,COLON
90218016105,10024735,8w,male,COLON
90218015302,10024735,8w,male,CORTEX
90218015303,10024735,8w,male,CORTEX
90218015304,10024735,8w,male,CORTEX
90218015305,10024735,8w,male,CORTEX
90218015306,10024735,8w,male,CORTEX
90218015802,10024735,8w,male,HEART
90218015803,10024735,8w,male,HEART
90218015804,10024735,8w,male,HEART
90218015805,10024735,8w,male,HEART
90218015806,10024735,8w,male,HEART
90218015807,10024735,8w,male,HEART
90218015808,10024735,8w,male,HEART
90218015809,10024735,8w,male,HEART
90218015810,10024735,8w,male,HEART
90218015811,10024735,8w,male,HEART
90218015812,10024735,8w,male,HEART
90218015202,10024735,8w,male,HIPPOC
90218015203,10024735,8w,male,HIPPOC
90218015204,10024735,8w,male,HIPPOC
90218015205,10024735,8w,male,HIPPOC
90218015206,10024735,8w,male,HIPPOC
90218015207,10024735,8w,male,HIPPOC
90218015208,10024735,8w,male,HIPPOC
90218015209,10024735,8w,male,HIPPOC
90218015210,10024735,8w,male,HIPPOC
90218015402,10024735,8w,male,HYPOTH
90218015403,10024735,8w,male,HYPOTH
90218015902,10024735,8w,male,KIDNEY
90218015903,10024735,8w,male,KIDNEY
90218015904,10024735,8w,male,KIDNEY
90218015905,10024735,8w,male,KIDNEY
90218015906,10024735,8w,male,KIDNEY
90218015907,10024735,8w,male,KIDNEY
90218015908,10024735,8w,male,KIDNEY
90218015909,10024735,8w,male,KIDNEY
90218015910,10024735,8w,male,KIDNEY
90218015911,10024735,8w,male,KIDNEY
90218016803,10024735,8w,male,LIVER
90218016804,10024735,8w,male,LIVER
90218016805,10024735,8w,male,LIVER
90218016806,10024735,8w,male,LIVER
90218016807,10024735,8w,male,LIVER
90218016808,10024735,8w,male,LIVER
90218016809,10024735,8w,male,LIVER
90218016810,10024735,8w,male,LIVER
90218016811,10024735,8w,male,LIVER
90218016812,10024735,8w,male,LIVER
90218016813,10024735,8w,male,LIVER
90218016602,10024735,8w,male,LUNG
90218016603,10024735,8w,male,LUNG
90218016604,10024735,8w,male,LUNG
90218016605,10024735,8w,male,LUNG
90218016606,10024735,8w,male,LUNG
90218016607,10024735,8w,male,LUNG
90218016608,10024735,8w,male,LUNG
90218016609,10024735,8w,male,LUNG
90218016610,10024735,8w,male,LUNG
90218016611,10024735,8w,male,LUNG
90218013104,10024735,8w,male,PLASMA
90218013105,10024735,8w,male,PLASMA
90218013106,10024735,8w,male,PLASMA
90218013107,10024735,8w,male,PLASMA
90218013108,10024735,8w,male,PLASMA
90218013109,10024735,8w,male,PLASMA
90218013110,10024735,8w,male,PLASMA
90218013111,10024735,8w,male,PLASMA
90218015503,10024735,8w,male,SKM-GN
90218015504,10024735,8w,male,SKM-GN
90218015505,10024735,8w,male,SKM-GN
90218015507,10024735,8w,male,SKM-GN
90218015508,10024735,8w,male,SKM-GN
90218015509,10024735,8w,male,SKM-GN
90218015510,10024735,8w,male,SKM-GN
90218015511,10024735,8w,male,SKM-GN
90218015512,10024735,8w,male,SKM-GN
90218015514,10024735,8w,male,SKM-GN
90218015515,10024735,8w,male,SKM-GN
90218015516,10024735,8w,male,SKM-GN
90218015603,10024735,8w,male,SKM-VL
90218015604,10024735,8w,male,SKM-VL
90218015605,10024735,8w,male,SKM-VL
90218015606,10024735,8w,male,SKM-VL
90218016702,10024735,8w,male,SMLINT
90218016703,10024735,8w,male,SMLINT
90218016704,10024735,8w,male,SMLINT
90218016705,10024735,8w,male,SMLINT
90218016202,10024735,8w,male,SPLEEN
90218016203,10024735,8w,male,SPLEEN
90218016204,10024735,8w,male,SPLEEN
90218016205,10024735,8w,male,SPLEEN
90218016302,10024735,8w,male,TESTES
90218016303,10024735,8w,male,TESTES
90218016304,10024735,8w,male,TESTES
90218016305,10024735,8w,male,TESTES
90218016502,10024735,8w,male,VENACV
90218016503,10024735,8w,male,VENACV
90218017003,10024735,8w,male,WAT-SC
90218017004,10024735,8w,male,WAT-SC
90218017005,10024735,8w,male,WAT-SC
90218017006,10024735,8w,male,WAT-SC
90218017007,10024735,8w,male,WAT-SC
90218017008,10024735,8w,male,WAT-SC
90218017009,10024735,8w,male,WAT-SC
90218017010,10024735,8w,male,WAT-SC
90218017011,10024735,8w,male,WAT-SC
90218017012,10024735,8w,male,WAT-SC
90218017013,10024735,8w,male,WAT-SC
90218017014,10024735,8w,male,WAT-SC
90218017702,10024735,8w,male,NA
90222016002,10025626,8w,male,ADRNL
90222016003,10025626,8w,male,ADRNL
90222016004,10025626,8w,male,ADRNL
90222016902,10025626,8w,male,BAT
90222016903,10025626,8w,male,BAT
90222016904,10025626,8w,male,BAT
90222016905,10025626,8w,male,BAT
90222016906,10025626,8w,male,BAT
90222013002,10025626,8w,male,BLOOD
90222016102,10025626,8w,male,COLON
90222016103,10025626,8w,male,COLON
90222016104,10025626,8w,male,COLON
90222016105,10025626,8w,male,COLON
90222015302,10025626,8w,male,CORTEX
90222015303,10025626,8w,male,CORTEX
90222015304,10025626,8w,male,CORTEX
90222015305,10025626,8w,male,CORTEX
90222015306,10025626,8w,male,CORTEX
90222015802,10025626,8w,male,HEART
90222015803,10025626,8w,male,HEART
90222015804,10025626,8w,male,HEART
90222015805,10025626,8w,male,HEART
90222015806,10025626,8w,male,HEART
90222015807,10025626,8w,male,HEART
90222015808,10025626,8w,male,HEART
90222015809,10025626,8w,male,HEART
90222015810,10025626,8w,male,HEART
90222015811,10025626,8w,male,HEART
90222015812,10025626,8w,male,HEART
90222015202,10025626,8w,male,HIPPOC
90222015203,10025626,8w,male,HIPPOC
90222015204,10025626,8w,male,HIPPOC
90222015205,10025626,8w,male,HIPPOC
90222015206,10025626,8w,male,HIPPOC
90222015207,10025626,8w,male,HIPPOC
90222015208,10025626,8w,male,HIPPOC
90222015209,10025626,8w,male,HIPPOC
90222015210,10025626,8w,male,HIPPOC
90222015402,10025626,8w,male,HYPOTH
90222015902,10025626,8w,male,KIDNEY
90222015903,10025626,8w,male,KIDNEY
90222015904,10025626,8w,male,KIDNEY
90222015905,10025626,8w,male,KIDNEY
90222015906,10025626,8w,male,KIDNEY
90222015907,10025626,8w,male,KIDNEY
90222015908,10025626,8w,male,KIDNEY
90222015909,10025626,8w,male,KIDNEY
90222015910,10025626,8w,male,KIDNEY
90222015911,10025626,8w,male,KIDNEY
90222016803,10025626,8w,male,LIVER
90222016804,10025626,8w,male,LIVER
90222016805,10025626,8w,male,LIVER
90222016806,10025626,8w,male,LIVER
90222016807,10025626,8w,male,LIVER
90222016808,10025626,8w,male,LIVER
90222016809,10025626,8w,male,LIVER
90222016810,10025626,8w,male,LIVER
90222016811,10025626,8w,male,LIVER
90222016812,10025626,8w,male,LIVER
90222016813,10025626,8w,male,LIVER
90222016602,10025626,8w,male,LUNG
90222016603,10025626,8w,male,LUNG
90222016604,10025626,8w,male,LUNG
90222016605,10025626,8w,male,LUNG
90222016606,10025626,8w,male,LUNG
90222016607,10025626,8w,male,LUNG
90222016608,10025626,8w,male,LUNG
90222016609,10025626,8w,male,LUNG
90222016610,10025626,8w,male,LUNG
90222016611,10025626,8w,male,LUNG
90222013104,10025626,8w,male,PLASMA
90222013105,10025626,8w,male,PLASMA
90222013106,10025626,8w,male,PLASMA
90222013107,10025626,8w,male,PLASMA
90222013108,10025626,8w,male,PLASMA
90222013109,10025626,8w,male,PLASMA
90222013110,10025626,8w,male,PLASMA
90222013111,10025626,8w,male,PLASMA
90222015503,10025626,8w,male,SKM-GN
90222015504,10025626,8w,male,SKM-GN
90222015505,10025626,8w,male,SKM-GN
90222015507,10025626,8w,male,SKM-GN
90222015508,10025626,8w,male,SKM-GN
90222015509,10025626,8w,male,SKM-GN
90222015510,10025626,8w,male,SKM-GN
90222015511,10025626,8w,male,SKM-GN
90222015512,10025626,8w,male,SKM-GN
90222015514,10025626,8w,male,SKM-GN
90222015515,10025626,8w,male,SKM-GN
90222015516,10025626,8w,male,SKM-GN
90222015603,10025626,8w,male,SKM-VL
90222015604,10025626,8w,male,SKM-VL
90222015605,10025626,8w,male,SKM-VL
90222015606,10025626,8w,male,SKM-VL
90222016702,10025626,8w,male,SMLINT
90222016703,10025626,8w,male,SMLINT
90222016704,10025626,8w,male,SMLINT
90222016705,10025626,8w,male,SMLINT
90222016202,10025626,8w,male,SPLEEN
90222016203,10025626,8w,male,SPLEEN
90222016204,10025626,8w,male,SPLEEN
90222016205,10025626,8w,male,SPLEEN
90222016302,10025626,8w,male,TESTES
90222016303,10025626,8w,male,TESTES
90222016304,10025626,8w,male,TESTES
90222016305,10025626,8w,male,TESTES
90222016502,10025626,8w,male,VENACV
90222016503,10025626,8w,male,VENACV
90222017003,10025626,8w,male,WAT-SC
90222017004,10025626,8w,male,WAT-SC
90222017005,10025626,8w,male,WAT-SC
90222017006,10025626,8w,male,WAT-SC
90222017007,10025626,8w,male,WAT-SC
90222017008,10025626,8w,male,WAT-SC
90222017009,10025626,8w,male,WAT-SC
90222017010,10025626,8w,male,WAT-SC
90222017011,10025626,8w,male,WAT-SC
90222017012,10025626,8w,male,WAT-SC
90222017013,10025626,8w,male,WAT-SC
90222017014,10025626,8w,male,WAT-SC
90222017702,10025626,8w,male,NA
90223016002,10025707,8w,male,ADRNL
90223016003,10025707,8w,male,ADRNL
90223016004,10025707,8w,male,ADRNL
90223016902,10025707,8w,male,BAT
90223016903,10025707,8w,male,BAT
90223016904,10025707,8w,male,BAT
90223016905,10025707,8w,male,BAT
90223013002,10025707,8w,male,BLOOD
90223016102,10025707,8w,male,COLON
90223016103,10025707,8w,male,COLON
90223016104,10025707,8w,male,COLON
90223015302,10025707,8w,male,CORTEX
90223015303,10025707,8w,male,CORTEX
90223015304,10025707,8w,male,CORTEX
90223015305,10025707,8w,male,CORTEX
90223015802,10025707,8w,male,HEART
90223015803,10025707,8w,male,HEART
90223015804,10025707,8w,male,HEART
90223015805,10025707,8w,male,HEART
90223015806,10025707,8w,male,HEART
90223015807,10025707,8w,male,HEART
90223015808,10025707,8w,male,HEART
90223015809,10025707,8w,male,HEART
90223015810,10025707,8w,male,HEART
90223015812,10025707,8w,male,HEART
90223015202,10025707,8w,male,HIPPOC
90223015203,10025707,8w,male,HIPPOC
90223015204,10025707,8w,male,HIPPOC
90223015205,10025707,8w,male,HIPPOC
90223015206,10025707,8w,male,HIPPOC
90223015207,10025707,8w,male,HIPPOC
90223015208,10025707,8w,male,HIPPOC
90223015210,10025707,8w,male,HIPPOC
90223015402,10025707,8w,male,HYPOTH
90223015902,10025707,8w,male,KIDNEY
90223015903,10025707,8w,male,KIDNEY
90223015904,10025707,8w,male,KIDNEY
90223015905,10025707,8w,male,KIDNEY
90223015906,10025707,8w,male,KIDNEY
90223015907,10025707,8w,male,KIDNEY
90223015908,10025707,8w,male,KIDNEY
90223015909,10025707,8w,male,KIDNEY
90223015911,10025707,8w,male,KIDNEY
90223016803,10025707,8w,male,LIVER
90223016804,10025707,8w,male,LIVER
90223016805,10025707,8w,male,LIVER
90223016806,10025707,8w,male,LIVER
90223016807,10025707,8w,male,LIVER
90223016808,10025707,8w,male,LIVER
90223016809,10025707,8w,male,LIVER
90223016810,10025707,8w,male,LIVER
90223016811,10025707,8w,male,LIVER
90223016813,10025707,8w,male,LIVER
90223016602,10025707,8w,male,LUNG
90223016603,10025707,8w,male,LUNG
90223016604,10025707,8w,male,LUNG
90223016605,10025707,8w,male,LUNG
90223016606,10025707,8w,male,LUNG
90223016607,10025707,8w,male,LUNG
90223016608,10025707,8w,male,LUNG
90223016609,10025707,8w,male,LUNG
90223016611,10025707,8w,male,LUNG
90223013104,10025707,8w,male,PLASMA
90223013105,10025707,8w,male,PLASMA
90223013106,10025707,8w,male,PLASMA
90223013107,10025707,8w,male,PLASMA
90223013108,10025707,8w,male,PLASMA
90223013110,10025707,8w,male,PLASMA
90223013111,10025707,8w,male,PLASMA
90223015503,10025707,8w,male,SKM-GN
90223015504,10025707,8w,male,SKM-GN
90223015505,10025707,8w,male,SKM-GN
90223015507,10025707,8w,male,SKM-GN
90223015508,10025707,8w,male,SKM-GN
90223015509,10025707,8w,male,SKM-GN
90223015510,10025707,8w,male,SKM-GN
90223015511,10025707,8w,male,SKM-GN
90223015512,10025707,8w,male,SKM-GN
90223015514,10025707,8w,male,SKM-GN
90223015516,10025707,8w,male,SKM-GN
90223015603,10025707,8w,male,SKM-VL
90223015604,10025707,8w,male,SKM-VL
90223015605,10025707,8w,male,SKM-VL
90223016702,10025707,8w,male,SMLINT
90223016703,10025707,8w,male,SMLINT
90223016704,10025707,8w,male,SMLINT
90223016202,10025707,8w,male,SPLEEN
90223016203,10025707,8w,male,SPLEEN
90223016204,10025707,8w,male,SPLEEN
90223016302,10025707,8w,male,TESTES
90223016303,10025707,8w,male,TESTES
90223016304,10025707,8w,male,TESTES
90223016502,10025707,8w,male,VENACV
90223016503,10025707,8w,male,VENACV
90223017003,10025707,8w,male,WAT-SC
90223017004,10025707,8w,male,WAT-SC
90223017005,10025707,8w,male,WAT-SC
90223017006,10025707,8w,male,WAT-SC
90223017007,10025707,8w,male,WAT-SC
90223017008,10025707,8w,male,WAT-SC
90223017009,10025707,8w,male,WAT-SC
90223017010,10025707,8w,male,WAT-SC
90223017011,10025707,8w,male,WAT-SC
90223017012,10025707,8w,male,WAT-SC
90223017014,10025707,8w,male,WAT-SC
90223017702,10025707,8w,male,NA
90224013104,10025898,8w,male,PLASMA
90225016002,10025979,8w,male,ADRNL
90225016003,10025979,8w,male,ADRNL
90225016004,10025979,8w,male,ADRNL
90225016902,10025979,8w,male,BAT
90225016903,10025979,8w,male,BAT
90225016904,10025979,8w,male,BAT
90225016905,10025979,8w,male,BAT
90225016906,10025979,8w,male,BAT
90225016907,10025979,8w,male,BAT
90225016908,10025979,8w,male,BAT
90225013001,10025979,8w,male,BLOOD
90225016102,10025979,8w,male,COLON
90225016103,10025979,8w,male,COLON
90225016104,10025979,8w,male,COLON
90225016105,10025979,8w,male,COLON
90225015302,10025979,8w,male,CORTEX
90225015303,10025979,8w,male,CORTEX
90225015304,10025979,8w,male,CORTEX
90225015305,10025979,8w,male,CORTEX
90225015306,10025979,8w,male,CORTEX
90225015802,10025979,8w,male,HEART
90225015803,10025979,8w,male,HEART
90225015804,10025979,8w,male,HEART
90225015805,10025979,8w,male,HEART
90225015806,10025979,8w,male,HEART
90225015807,10025979,8w,male,HEART
90225015808,10025979,8w,male,HEART
90225015809,10025979,8w,male,HEART
90225015810,10025979,8w,male,HEART
90225015811,10025979,8w,male,HEART
90225015812,10025979,8w,male,HEART
90225015202,10025979,8w,male,HIPPOC
90225015203,10025979,8w,male,HIPPOC
90225015204,10025979,8w,male,HIPPOC
90225015205,10025979,8w,male,HIPPOC
90225015206,10025979,8w,male,HIPPOC
90225015207,10025979,8w,male,HIPPOC
90225015208,10025979,8w,male,HIPPOC
90225015209,10025979,8w,male,HIPPOC
90225015210,10025979,8w,male,HIPPOC
90225015402,10025979,8w,male,HYPOTH
90225015403,10025979,8w,male,HYPOTH
90225015902,10025979,8w,male,KIDNEY
90225015903,10025979,8w,male,KIDNEY
90225015904,10025979,8w,male,KIDNEY
90225015905,10025979,8w,male,KIDNEY
90225015906,10025979,8w,male,KIDNEY
90225015907,10025979,8w,male,KIDNEY
90225015908,10025979,8w,male,KIDNEY
90225015909,10025979,8w,male,KIDNEY
90225015910,10025979,8w,male,KIDNEY
90225015911,10025979,8w,male,KIDNEY
90225016803,10025979,8w,male,LIVER
90225016804,10025979,8w,male,LIVER
90225016805,10025979,8w,male,LIVER
90225016806,10025979,8w,male,LIVER
90225016807,10025979,8w,male,LIVER
90225016808,10025979,8w,male,LIVER
90225016809,10025979,8w,male,LIVER
90225016810,10025979,8w,male,LIVER
90225016811,10025979,8w,male,LIVER
90225016812,10025979,8w,male,LIVER
90225016813,10025979,8w,male,LIVER
90225016602,10025979,8w,male,LUNG
90225016603,10025979,8w,male,LUNG
90225016604,10025979,8w,male,LUNG
90225016605,10025979,8w,male,LUNG
90225016606,10025979,8w,male,LUNG
90225016607,10025979,8w,male,LUNG
90225016608,10025979,8w,male,LUNG
90225016609,10025979,8w,male,LUNG
90225016610,10025979,8w,male,LUNG
90225016611,10025979,8w,male,LUNG
90225013104,10025979,8w,male,PLASMA
90225013105,10025979,8w,male,PLASMA
90225013106,10025979,8w,male,PLASMA
90225013107,10025979,8w,male,PLASMA
90225013108,10025979,8w,male,PLASMA
90225013111,10025979,8w,male,PLASMA
90225015503,10025979,8w,male,SKM-GN
90225015504,10025979,8w,male,SKM-GN
90225015505,10025979,8w,male,SKM-GN
90225015507,10025979,8w,male,SKM-GN
90225015508,10025979,8w,male,SKM-GN
90225015509,10025979,8w,male,SKM-GN
90225015510,10025979,8w,male,SKM-GN
90225015511,10025979,8w,male,SKM-GN
90225015512,10025979,8w,male,SKM-GN
90225015513,10025979,8w,male,SKM-GN
90225015514,10025979,8w,male,SKM-GN
90225015515,10025979,8w,male,SKM-GN
90225015516,10025979,8w,male,SKM-GN
90225015603,10025979,8w,male,SKM-VL
90225015604,10025979,8w,male,SKM-VL
90225015605,10025979,8w,male,SKM-VL
90225015606,10025979,8w,male,SKM-VL
90225016702,10025979,8w,male,SMLINT
90225016703,10025979,8w,male,SMLINT
90225016704,10025979,8w,male,SMLINT
90225016705,10025979,8w,male,SMLINT
90225016202,10025979,8w,male,SPLEEN
90225016203,10025979,8w,male,SPLEEN
90225016204,10025979,8w,male,SPLEEN
90225016205,10025979,8w,male,SPLEEN
90225016302,10025979,8w,male,TESTES
90225016303,10025979,8w,male,TESTES
90225016304,10025979,8w,male,TESTES
90225016305,10025979,8w,male,TESTES
90225016502,10025979,8w,male,VENACV
90225016503,10025979,8w,male,VENACV
90225016504,10025979,8w,male,VENACV
90225017003,10025979,8w,male,WAT-SC
90225017004,10025979,8w,male,WAT-SC
90225017005,10025979,8w,male,WAT-SC
90225017006,10025979,8w,male,WAT-SC
90225017007,10025979,8w,male,WAT-SC
90225017008,10025979,8w,male,WAT-SC
90225017009,10025979,8w,male,WAT-SC
90225017010,10025979,8w,male,WAT-SC
90225017011,10025979,8w,male,WAT-SC
90225017012,10025979,8w,male,WAT-SC
90225017013,10025979,8w,male,WAT-SC
90225017014,10025979,8w,male,WAT-SC
90225017702,10025979,8w,male,NA
90227016002,10026193,8w,male,ADRNL
90227016003,10026193,8w,male,ADRNL
90227016004,10026193,8w,male,ADRNL
90227016902,10026193,8w,male,BAT
90227016903,10026193,8w,male,BAT
90227016904,10026193,8w,male,BAT
90227016905,10026193,8w,male,BAT
90227016906,10026193,8w,male,BAT
90227013002,10026193,8w,male,BLOOD
90227016102,10026193,8w,male,COLON
90227016103,10026193,8w,male,COLON
90227016104,10026193,8w,male,COLON
90227015302,10026193,8w,male,CORTEX
90227015303,10026193,8w,male,CORTEX
90227015304,10026193,8w,male,CORTEX
90227015305,10026193,8w,male,CORTEX
90227015802,10026193,8w,male,HEART
90227015803,10026193,8w,male,HEART
90227015804,10026193,8w,male,HEART
90227015805,10026193,8w,male,HEART
90227015806,10026193,8w,male,HEART
90227015807,10026193,8w,male,HEART
90227015808,10026193,8w,male,HEART
90227015809,10026193,8w,male,HEART
90227015810,10026193,8w,male,HEART
90227015812,10026193,8w,male,HEART
90227015202,10026193,8w,male,HIPPOC
90227015203,10026193,8w,male,HIPPOC
90227015204,10026193,8w,male,HIPPOC
90227015205,10026193,8w,male,HIPPOC
90227015206,10026193,8w,male,HIPPOC
90227015207,10026193,8w,male,HIPPOC
90227015208,10026193,8w,male,HIPPOC
90227015210,10026193,8w,male,HIPPOC
90227015402,10026193,8w,male,HYPOTH
90227015403,10026193,8w,male,HYPOTH
90227015902,10026193,8w,male,KIDNEY
90227015903,10026193,8w,male,KIDNEY
90227015904,10026193,8w,male,KIDNEY
90227015905,10026193,8w,male,KIDNEY
90227015906,10026193,8w,male,KIDNEY
90227015907,10026193,8w,male,KIDNEY
90227015908,10026193,8w,male,KIDNEY
90227015909,10026193,8w,male,KIDNEY
90227015911,10026193,8w,male,KIDNEY
90227016803,10026193,8w,male,LIVER
90227016804,10026193,8w,male,LIVER
90227016805,10026193,8w,male,LIVER
90227016806,10026193,8w,male,LIVER
90227016807,10026193,8w,male,LIVER
90227016808,10026193,8w,male,LIVER
90227016809,10026193,8w,male,LIVER
90227016810,10026193,8w,male,LIVER
90227016811,10026193,8w,male,LIVER
90227016813,10026193,8w,male,LIVER
90227016602,10026193,8w,male,LUNG
90227016603,10026193,8w,male,LUNG
90227016604,10026193,8w,male,LUNG
90227016605,10026193,8w,male,LUNG
90227016606,10026193,8w,male,LUNG
90227016607,10026193,8w,male,LUNG
90227016608,10026193,8w,male,LUNG
90227016609,10026193,8w,male,LUNG
90227016611,10026193,8w,male,LUNG
90227013104,10026193,8w,male,PLASMA
90227013105,10026193,8w,male,PLASMA
90227013106,10026193,8w,male,PLASMA
90227013107,10026193,8w,male,PLASMA
90227013108,10026193,8w,male,PLASMA
90227013111,10026193,8w,male,PLASMA
90227015503,10026193,8w,male,SKM-GN
90227015504,10026193,8w,male,SKM-GN
90227015505,10026193,8w,male,SKM-GN
90227015507,10026193,8w,male,SKM-GN
90227015508,10026193,8w,male,SKM-GN
90227015509,10026193,8w,male,SKM-GN
90227015510,10026193,8w,male,SKM-GN
90227015511,10026193,8w,male,SKM-GN
90227015512,10026193,8w,male,SKM-GN
90227015514,10026193,8w,male,SKM-GN
90227015516,10026193,8w,male,SKM-GN
90227015603,10026193,8w,male,SKM-VL
90227015604,10026193,8w,male,SKM-VL
90227015605,10026193,8w,male,SKM-VL
90227016702,10026193,8w,male,SMLINT
90227016703,10026193,8w,male,SMLINT
90227016704,10026193,8w,male,SMLINT
90227016202,10026193,8w,male,SPLEEN
90227016203,10026193,8w,male,SPLEEN
90227016204,10026193,8w,male,SPLEEN
90227016302,10026193,8w,male,TESTES
90227016303,10026193,8w,male,TESTES
90227016304,10026193,8w,male,TESTES
90227016502,10026193,8w,male,VENACV
90227016503,10026193,8w,male,VENACV
90227017003,10026193,8w,male,WAT-SC
90227017004,10026193,8w,male,WAT-SC
90227017005,10026193,8w,male,WAT-SC
90227017006,10026193,8w,male,WAT-SC
90227017007,10026193,8w,male,WAT-SC
90227017008,10026193,8w,male,WAT-SC
90227017009,10026193,8w,male,WAT-SC
90227017010,10026193,8w,male,WAT-SC
90227017011,10026193,8w,male,WAT-SC
90227017012,10026193,8w,male,WAT-SC
90227017702,10026193,8w,male,NA
90230013104,10026436,8w,male,PLASMA
90233013104,10026940,8w,male,PLASMA
90235013104,10027084,8w,male,PLASMA
90234016005,10027165,8w,male,ADRNL
90234016909,10027165,8w,male,BAT
90234015305,10027165,8w,male,CORTEX
90234015802,10027165,8w,male,HEART
90234015909,10027165,8w,male,KIDNEY
90234016803,10027165,8w,male,LIVER
90234016609,10027165,8w,male,LUNG
90234013104,10027165,8w,male,PLASMA
90234015503,10027165,8w,male,SKM-GN
90234017003,10027165,8w,male,WAT-SC
90234017702,10027165,8w,male,NA
90236013104,10027246,8w,male,PLASMA
90238016005,10027408,8w,male,ADRNL
90238016909,10027408,8w,male,BAT
90238013104,10027408,8w,male,PLASMA
90241016909,10027912,8w,male,BAT
90241013104,10027912,8w,male,PLASMA
90217016002,10023259,control,male,ADRNL
90217016003,10023259,control,male,ADRNL
90217016004,10023259,control,male,ADRNL
90217016902,10023259,control,male,BAT
90217016903,10023259,control,male,BAT
90217016904,10023259,control,male,BAT
90217016905,10023259,control,male,BAT
90217016906,10023259,control,male,BAT
90217016907,10023259,control,male,BAT
90217016908,10023259,control,male,BAT
90217016909,10023259,control,male,BAT
90217013001,10023259,control,male,BLOOD
90217016102,10023259,control,male,COLON
90217016103,10023259,control,male,COLON
90217016104,10023259,control,male,COLON
90217016105,10023259,control,male,COLON
90217015302,10023259,control,male,CORTEX
90217015303,10023259,control,male,CORTEX
90217015304,10023259,control,male,CORTEX
90217015305,10023259,control,male,CORTEX
90217015306,10023259,control,male,CORTEX
90217015802,10023259,control,male,HEART
90217015803,10023259,control,male,HEART
90217015804,10023259,control,male,HEART
90217015805,10023259,control,male,HEART
90217015806,10023259,control,male,HEART
90217015807,10023259,control,male,HEART
90217015808,10023259,control,male,HEART
90217015809,10023259,control,male,HEART
90217015810,10023259,control,male,HEART
90217015811,10023259,control,male,HEART
90217015812,10023259,control,male,HEART
90217015202,10023259,control,male,HIPPOC
90217015203,10023259,control,male,HIPPOC
90217015204,10023259,control,male,HIPPOC
90217015205,10023259,control,male,HIPPOC
90217015206,10023259,control,male,HIPPOC
90217015207,10023259,control,male,HIPPOC
90217015208,10023259,control,male,HIPPOC
90217015209,10023259,control,male,HIPPOC
90217015210,10023259,control,male,HIPPOC
90217015402,10023259,control,male,HYPOTH
90217015902,10023259,control,male,KIDNEY
90217015903,10023259,control,male,KIDNEY
90217015904,10023259,control,male,KIDNEY
90217015905,10023259,control,male,KIDNEY
90217015906,10023259,control,male,KIDNEY
90217015907,10023259,control,male,KIDNEY
90217015908,10023259,control,male,KIDNEY
90217015909,10023259,control,male,KIDNEY
90217015910,10023259,control,male,KIDNEY
90217015911,10023259,control,male,KIDNEY
90217016803,10023259,control,male,LIVER
90217016804,10023259,control,male,LIVER
90217016805,10023259,control,male,LIVER
90217016806,10023259,control,male,LIVER
90217016807,10023259,control,male,LIVER
90217016808,10023259,control,male,LIVER
90217016809,10023259,control,male,LIVER
90217016810,10023259,control,male,LIVER
90217016811,10023259,control,male,LIVER
90217016812,10023259,control,male,LIVER
90217016813,10023259,control,male,LIVER
90217016602,10023259,control,male,LUNG
90217016603,10023259,control,male,LUNG
90217016604,10023259,control,male,LUNG
90217016605,10023259,control,male,LUNG
90217016606,10023259,control,male,LUNG
90217016607,10023259,control,male,LUNG
90217016608,10023259,control,male,LUNG
90217016609,10023259,control,male,LUNG
90217016610,10023259,control,male,LUNG
90217016611,10023259,control,male,LUNG
90217013104,10023259,control,male,PLASMA
90217013105,10023259,control,male,PLASMA
90217013106,10023259,control,male,PLASMA
90217013107,10023259,control,male,PLASMA
90217013108,10023259,control,male,PLASMA
90217013109,10023259,control,male,PLASMA
90217013110,10023259,control,male,PLASMA
90217013111,10023259,control,male,PLASMA
90217015503,10023259,control,male,SKM-GN
90217015504,10023259,control,male,SKM-GN
90217015505,10023259,control,male,SKM-GN
90217015507,10023259,control,male,SKM-GN
90217015508,10023259,control,male,SKM-GN
90217015509,10023259,control,male,SKM-GN
90217015510,10023259,control,male,SKM-GN
90217015511,10023259,control,male,SKM-GN
90217015512,10023259,control,male,SKM-GN
90217015514,10023259,control,male,SKM-GN
90217015515,10023259,control,male,SKM-GN
90217015516,10023259,control,male,SKM-GN
90217015603,10023259,control,male,SKM-VL
90217015604,10023259,control,male,SKM-VL
90217015605,10023259,control,male,SKM-VL
90217015606,10023259,control,male,SKM-VL
90217016702,10023259,control,male,SMLINT
90217016703,10023259,control,male,SMLINT
90217016704,10023259,control,male,SMLINT
90217016705,10023259,control,male,SMLINT
90217016202,10023259,control,male,SPLEEN
90217016203,10023259,control,male,SPLEEN
90217016204,10023259,control,male,SPLEEN
90217016205,10023259,control,male,SPLEEN
90217016302,10023259,control,male,TESTES
90217016303,10023259,control,male,TESTES
90217016304,10023259,control,male,TESTES
90217016305,10023259,control,male,TESTES
90217016502,10023259,control,male,VENACV
90217016503,10023259,control,male,VENACV
90217017003,10023259,control,male,WAT-SC
90217017004,10023259,control,male,WAT-SC
90217017005,10023259,control,male,WAT-SC
90217017006,10023259,control,male,WAT-SC
90217017007,10023259,control,male,WAT-SC
90217017008,10023259,control,male,WAT-SC
90217017009,10023259,control,male,WAT-SC
90217017010,10023259,control,male,WAT-SC
90217017011,10023259,control,male,WAT-SC
90217017012,10023259,control,male,WAT-SC
90217017013,10023259,control,male,WAT-SC
90217017014,10023259,control,male,WAT-SC
90217017702,10023259,control,male,NA
90219013104,10024816,control,male,PLASMA
90220016005,10025464,control,male,ADRNL
90220013104,10025464,control,male,PLASMA
90221013104,10025545,control,male,PLASMA
90226013104,10026002,control,male,PLASMA
90228016005,10026274,control,male,ADRNL
90228013104,10026274,control,male,PLASMA
90229016002,10026355,control,male,ADRNL
90229016003,10026355,control,male,ADRNL
90229016004,10026355,control,male,ADRNL
90229016902,10026355,control,male,BAT
90229016903,10026355,control,male,BAT
90229016904,10026355,control,male,BAT
90229016905,10026355,control,male,BAT
90229016906,10026355,control,male,BAT
90229016907,10026355,control,male,BAT
90229016908,10026355,control,male,BAT
90229016909,10026355,control,male,BAT
90229016910,10026355,control,male,BAT
90229013002,10026355,control,male,BLOOD
90229016102,10026355,control,male,COLON
90229016103,10026355,control,male,COLON
90229016104,10026355,control,male,COLON
90229016105,10026355,control,male,COLON
90229015302,10026355,control,male,CORTEX
90229015303,10026355,control,male,CORTEX
90229015304,10026355,control,male,CORTEX
90229015305,10026355,control,male,CORTEX
90229015306,10026355,control,male,CORTEX
90229015802,10026355,control,male,HEART
90229015803,10026355,control,male,HEART
90229015804,10026355,control,male,HEART
90229015805,10026355,control,male,HEART
90229015806,10026355,control,male,HEART
90229015807,10026355,control,male,HEART
90229015808,10026355,control,male,HEART
90229015809,10026355,control,male,HEART
90229015810,10026355,control,male,HEART
90229015811,10026355,control,male,HEART
90229015812,10026355,control,male,HEART
90229015202,10026355,control,male,HIPPOC
90229015203,10026355,control,male,HIPPOC
90229015204,10026355,control,male,HIPPOC
90229015205,10026355,control,male,HIPPOC
90229015206,10026355,control,male,HIPPOC
90229015207,10026355,control,male,HIPPOC
90229015208,10026355,control,male,HIPPOC
90229015209,10026355,control,male,HIPPOC
90229015210,10026355,control,male,HIPPOC
90229015402,10026355,control,male,HYPOTH
90229015403,10026355,control,male,HYPOTH
90229015902,10026355,control,male,KIDNEY
90229015903,10026355,control,male,KIDNEY
90229015904,10026355,control,male,KIDNEY
90229015905,10026355,control,male,KIDNEY
90229015906,10026355,control,male,KIDNEY
90229015907,10026355,control,male,KIDNEY
90229015908,10026355,control,male,KIDNEY
90229015909,10026355,control,male,KIDNEY
90229015910,10026355,control,male,KIDNEY
90229015911,10026355,control,male,KIDNEY
90229016803,10026355,control,male,LIVER
90229016804,10026355,control,male,LIVER
90229016805,10026355,control,male,LIVER
90229016806,10026355,control,male,LIVER
90229016807,10026355,control,male,LIVER
90229016808,10026355,control,male,LIVER
90229016809,10026355,control,male,LIVER
90229016810,10026355,control,male,LIVER
90229016811,10026355,control,male,LIVER
90229016812,10026355,control,male,LIVER
90229016813,10026355,control,male,LIVER
90229016602,10026355,control,male,LUNG
90229016603,10026355,control,male,LUNG
90229016604,10026355,control,male,LUNG
90229016605,10026355,control,male,LUNG
90229016606,10026355,control,male,LUNG
90229016607,10026355,control,male,LUNG
90229016608,10026355,control,male,LUNG
90229016609,10026355,control,male,LUNG
90229016610,10026355,control,male,LUNG
90229016611,10026355,control,male,LUNG
90229013104,10026355,control,male,PLASMA
90229013105,10026355,control,male,PLASMA
90229013106,10026355,control,male,PLASMA
90229013107,10026355,control,male,PLASMA
90229013108,10026355,control,male,PLASMA
90229013111,10026355,control,male,PLASMA
90229015503,10026355,control,male,SKM-GN
90229015504,10026355,control,male,SKM-GN
90229015505,10026355,control,male,SKM-GN
90229015507,10026355,control,male,SKM-GN
90229015508,10026355,control,male,SKM-GN
90229015509,10026355,control,male,SKM-GN
90229015510,10026355,control,male,SKM-GN
90229015511,10026355,control,male,SKM-GN
90229015512,10026355,control,male,SKM-GN
90229015514,10026355,control,male,SKM-GN
90229015515,10026355,control,male,SKM-GN
90229015516,10026355,control,male,SKM-GN
90229015603,10026355,control,male,SKM-VL
90229015604,10026355,control,male,SKM-VL
90229015605,10026355,control,male,SKM-VL
90229015606,10026355,control,male,SKM-VL
90229016702,10026355,control,male,SMLINT
90229016703,10026355,control,male,SMLINT
90229016704,10026355,control,male,SMLINT
90229016705,10026355,control,male,SMLINT
90229016202,10026355,control,male,SPLEEN
90229016203,10026355,control,male,SPLEEN
90229016204,10026355,control,male,SPLEEN
90229016205,10026355,control,male,SPLEEN
90229016302,10026355,control,male,TESTES
90229016303,10026355,control,male,TESTES
90229016304,10026355,control,male,TESTES
90229016305,10026355,control,male,TESTES
90229016502,10026355,control,male,VENACV
90229016503,10026355,control,male,VENACV
90229016504,10026355,control,male,VENACV
90229017003,10026355,control,male,WAT-SC
90229017004,10026355,control,male,WAT-SC
90229017005,10026355,control,male,WAT-SC
90229017006,10026355,control,male,WAT-SC
90229017007,10026355,control,male,WAT-SC
90229017008,10026355,control,male,WAT-SC
90229017009,10026355,control,male,WAT-SC
90229017010,10026355,control,male,WAT-SC
90229017011,10026355,control,male,WAT-SC
90229017012,10026355,control,male,WAT-SC
90229017013,10026355,control,male,WAT-SC
90229017014,10026355,control,male,WAT-SC
90229017702,10026355,control,male,NA
90231016005,10026517,control,male,ADRNL
90231015305,10026517,control,male,CORTEX
90231015802,10026517,control,male,HEART
90231015909,10026517,control,male,KIDNEY
90231016803,10026517,control,male,LIVER
90231016609,10026517,control,male,LUNG
90231013104,10026517,control,male,PLASMA
90231015503,10026517,control,male,SKM-GN
90231017003,10026517,control,male,WAT-SC
90231017702,10026517,control,male,NA
90232016002,10026789,control,male,ADRNL
90232016003,10026789,control,male,ADRNL
90232016004,10026789,control,male,ADRNL
90232016902,10026789,control,male,BAT
90232016903,10026789,control,male,BAT
90232016904,10026789,control,male,BAT
90232016905,10026789,control,male,BAT
90232016906,10026789,control,male,BAT
90232016907,10026789,control,male,BAT
90232016908,10026789,control,male,BAT
90232016909,10026789,control,male,BAT
90232016910,10026789,control,male,BAT
90232013002,10026789,control,male,BLOOD
90232016102,10026789,control,male,COLON
90232016103,10026789,control,male,COLON
90232016104,10026789,control,male,COLON
90232016105,10026789,control,male,COLON
90232015302,10026789,control,male,CORTEX
90232015303,10026789,control,male,CORTEX
90232015304,10026789,control,male,CORTEX
90232015305,10026789,control,male,CORTEX
90232015306,10026789,control,male,CORTEX
90232015802,10026789,control,male,HEART
90232015803,10026789,control,male,HEART
90232015804,10026789,control,male,HEART
90232015805,10026789,control,male,HEART
90232015806,10026789,control,male,HEART
90232015807,10026789,control,male,HEART
90232015808,10026789,control,male,HEART
90232015809,10026789,control,male,HEART
90232015810,10026789,control,male,HEART
90232015811,10026789,control,male,HEART
90232015812,10026789,control,male,HEART
90232015202,10026789,control,male,HIPPOC
90232015203,10026789,control,male,HIPPOC
90232015204,10026789,control,male,HIPPOC
90232015205,10026789,control,male,HIPPOC
90232015206,10026789,control,male,HIPPOC
90232015207,10026789,control,male,HIPPOC
90232015208,10026789,control,male,HIPPOC
90232015209,10026789,control,male,HIPPOC
90232015210,10026789,control,male,HIPPOC
90232015402,10026789,control,male,HYPOTH
90232015403,10026789,control,male,HYPOTH
90232015902,10026789,control,male,KIDNEY
90232015903,10026789,control,male,KIDNEY
90232015904,10026789,control,male,KIDNEY
90232015905,10026789,control,male,KIDNEY
90232015906,10026789,control,male,KIDNEY
90232015907,10026789,control,male,KIDNEY
90232015908,10026789,control,male,KIDNEY
90232015909,10026789,control,male,KIDNEY
90232015910,10026789,control,male,KIDNEY
90232015911,10026789,control,male,KIDNEY
90232016803,10026789,control,male,LIVER
90232016804,10026789,control,male,LIVER
90232016805,10026789,control,male,LIVER
90232016806,10026789,control,male,LIVER
90232016807,10026789,control,male,LIVER
90232016808,10026789,control,male,LIVER
90232016809,10026789,control,male,LIVER
90232016810,10026789,control,male,LIVER
90232016811,10026789,control,male,LIVER
90232016812,10026789,control,male,LIVER
90232016813,10026789,control,male,LIVER
90232016602,10026789,control,male,LUNG
90232016603,10026789,control,male,LUNG
90232016604,10026789,control,male,LUNG
90232016605,10026789,control,male,LUNG
90232016606,10026789,control,male,LUNG
90232016607,10026789,control,male,LUNG
90232016608,10026789,control,male,LUNG
90232016609,10026789,control,male,LUNG
90232016610,10026789,control,male,LUNG
90232016611,10026789,control,male,LUNG
90232013104,10026789,control,male,PLASMA
90232013105,10026789,control,male,PLASMA
90232013106,10026789,control,male,PLASMA
90232013107,10026789,control,male,PLASMA
90232013108,10026789,control,male,PLASMA
90232013109,10026789,control,male,PLASMA
90232013110,10026789,control,male,PLASMA
90232013111,10026789,control,male,PLASMA
90232015503,10026789,control,male,SKM-GN
90232015504,10026789,control,male,SKM-GN
90232015505,10026789,control,male,SKM-GN
90232015507,10026789,control,male,SKM-GN
90232015508,10026789,control,male,SKM-GN
90232015509,10026789,control,male,SKM-GN
90232015510,10026789,control,male,SKM-GN
90232015511,10026789,control,male,SKM-GN
90232015512,10026789,control,male,SKM-GN
90232015514,10026789,control,male,SKM-GN
90232015515,10026789,control,male,SKM-GN
90232015516,10026789,control,male,SKM-GN
90232015603,10026789,control,male,SKM-VL
90232015604,10026789,control,male,SKM-VL
90232015605,10026789,control,male,SKM-VL
90232015606,10026789,control,male,SKM-VL
90232016702,10026789,control,male,SMLINT
90232016703,10026789,control,male,SMLINT
90232016704,10026789,control,male,SMLINT
90232016705,10026789,control,male,SMLINT
90232016202,10026789,control,male,SPLEEN
90232016203,10026789,control,male,SPLEEN
90232016204,10026789,control,male,SPLEEN
90232016205,10026789,control,male,SPLEEN
90232016302,10026789,control,male,TESTES
90232016303,10026789,control,male,TESTES
90232016304,10026789,control,male,TESTES
90232016305,10026789,control,male,TESTES
90232016502,10026789,control,male,VENACV
90232017003,10026789,control,male,WAT-SC
90232017004,10026789,control,male,WAT-SC
90232017005,10026789,control,male,WAT-SC
90232017006,10026789,control,male,WAT-SC
90232017007,10026789,control,male,WAT-SC
90232017008,10026789,control,male,WAT-SC
90232017009,10026789,control,male,WAT-SC
90232017010,10026789,control,male,WAT-SC
90232017011,10026789,control,male,WAT-SC
90232017012,10026789,control,male,WAT-SC
90232017013,10026789,control,male,WAT-SC
90232017014,10026789,control,male,WAT-SC
90232017702,10026789,control,male,NA
90237016002,10027327,control,male,ADRNL
90237016003,10027327,control,male,ADRNL
90237016004,10027327,control,male,ADRNL
90237016902,10027327,control,male,BAT
90237016903,10027327,control,male,BAT
90237016904,10027327,control,male,BAT
90237016905,10027327,control,male,BAT
90237016906,10027327,control,male,BAT
90237016907,10027327,control,male,BAT
90237016908,10027327,control,male,BAT
90237016910,10027327,control,male,BAT
90237013002,10027327,control,male,BLOOD
90237016102,10027327,control,male,COLON
90237016103,10027327,control,male,COLON
90237016104,10027327,control,male,COLON
90237015302,10027327,control,male,CORTEX
90237015303,10027327,control,male,CORTEX
90237015304,10027327,control,male,CORTEX
90237015305,10027327,control,male,CORTEX
90237015802,10027327,control,male,HEART
90237015803,10027327,control,male,HEART
90237015804,10027327,control,male,HEART
90237015805,10027327,control,male,HEART
90237015806,10027327,control,male,HEART
90237015807,10027327,control,male,HEART
90237015808,10027327,control,male,HEART
90237015809,10027327,control,male,HEART
90237015810,10027327,control,male,HEART
90237015812,10027327,control,male,HEART
90237015202,10027327,control,male,HIPPOC
90237015203,10027327,control,male,HIPPOC
90237015204,10027327,control,male,HIPPOC
90237015205,10027327,control,male,HIPPOC
90237015206,10027327,control,male,HIPPOC
90237015207,10027327,control,male,HIPPOC
90237015208,10027327,control,male,HIPPOC
90237015210,10027327,control,male,HIPPOC
90237015402,10027327,control,male,HYPOTH
90237015403,10027327,control,male,HYPOTH
90237015902,10027327,control,male,KIDNEY
90237015903,10027327,control,male,KIDNEY
90237015904,10027327,control,male,KIDNEY
90237015905,10027327,control,male,KIDNEY
90237015906,10027327,control,male,KIDNEY
90237015907,10027327,control,male,KIDNEY
90237015908,10027327,control,male,KIDNEY
90237015909,10027327,control,male,KIDNEY
90237015911,10027327,control,male,KIDNEY
90237016803,10027327,control,male,LIVER
90237016804,10027327,control,male,LIVER
90237016805,10027327,control,male,LIVER
90237016806,10027327,control,male,LIVER
90237016807,10027327,control,male,LIVER
90237016808,10027327,control,male,LIVER
90237016809,10027327,control,male,LIVER
90237016810,10027327,control,male,LIVER
90237016811,10027327,control,male,LIVER
90237016813,10027327,control,male,LIVER
90237016602,10027327,control,male,LUNG
90237016603,10027327,control,male,LUNG
90237016604,10027327,control,male,LUNG
90237016605,10027327,control,male,LUNG
90237016606,10027327,control,male,LUNG
90237016607,10027327,control,male,LUNG
90237016608,10027327,control,male,LUNG
90237016609,10027327,control,male,LUNG
90237016611,10027327,control,male,LUNG
90237013104,10027327,control,male,PLASMA
90237013105,10027327,control,male,PLASMA
90237013106,10027327,control,male,PLASMA
90237013107,10027327,control,male,PLASMA
90237013108,10027327,control,male,PLASMA
90237013110,10027327,control,male,PLASMA
90237013111,10027327,control,male,PLASMA
90237015503,10027327,control,male,SKM-GN
90237015504,10027327,control,male,SKM-GN
90237015505,10027327,control,male,SKM-GN
90237015507,10027327,control,male,SKM-GN
90237015508,10027327,control,male,SKM-GN
90237015509,10027327,control,male,SKM-GN
90237015510,10027327,control,male,SKM-GN
90237015511,10027327,control,male,SKM-GN
90237015512,10027327,control,male,SKM-GN
90237015514,10027327,control,male,SKM-GN
90237015516,10027327,control,male,SKM-GN
90237015603,10027327,control,male,SKM-VL
90237015604,10027327,control,male,SKM-VL
90237015605,10027327,control,male,SKM-VL
90237016702,10027327,control,male,SMLINT
90237016703,10027327,control,male,SMLINT
90237016704,10027327,control,male,SMLINT
90237016202,10027327,control,male,SPLEEN
90237016203,10027327,control,male,SPLEEN
90237016204,10027327,control,male,SPLEEN
90237016302,10027327,control,male,TESTES
90237016303,10027327,control,male,TESTES
90237016304,10027327,control,male,TESTES
90237016502,10027327,control,male,VENACV
90237016503,10027327,control,male,VENACV
90237016504,10027327,control,male,VENACV
90237017003,10027327,control,male,WAT-SC
90237017004,10027327,control,male,WAT-SC
90237017005,10027327,control,male,WAT-SC
90237017006,10027327,control,male,WAT-SC
90237017007,10027327,control,male,WAT-SC
90237017008,10027327,control,male,WAT-SC
90237017009,10027327,control,male,WAT-SC
90237017010,10027327,control,male,WAT-SC
90237017011,10027327,control,male,WAT-SC
90237017012,10027327,control,male,WAT-SC
90237017014,10027327,control,male,WAT-SC
90237017702,10027327,control,male,NA
90239016002,10027599,control,male,ADRNL
90239016003,10027599,control,male,ADRNL
90239016004,10027599,control,male,ADRNL
90239016902,10027599,control,male,BAT
90239016903,10027599,control,male,BAT
90239016904,10027599,control,male,BAT
90239016905,10027599,control,male,BAT
90239016906,10027599,control,male,BAT
90239016907,10027599,control,male,BAT
90239016908,10027599,control,male,BAT
90239016910,10027599,control,male,BAT
90239013002,10027599,control,male,BLOOD
90239016102,10027599,control,male,COLON
90239016103,10027599,control,male,COLON
90239016104,10027599,control,male,COLON
90239015302,10027599,control,male,CORTEX
90239015303,10027599,control,male,CORTEX
90239015304,10027599,control,male,CORTEX
90239015305,10027599,control,male,CORTEX
90239015802,10027599,control,male,HEART
90239015803,10027599,control,male,HEART
90239015804,10027599,control,male,HEART
90239015805,10027599,control,male,HEART
90239015806,10027599,control,male,HEART
90239015807,10027599,control,male,HEART
90239015808,10027599,control,male,HEART
90239015809,10027599,control,male,HEART
90239015810,10027599,control,male,HEART
90239015812,10027599,control,male,HEART
90239015202,10027599,control,male,HIPPOC
90239015203,10027599,control,male,HIPPOC
90239015204,10027599,control,male,HIPPOC
90239015205,10027599,control,male,HIPPOC
90239015206,10027599,control,male,HIPPOC
90239015207,10027599,control,male,HIPPOC
90239015208,10027599,control,male,HIPPOC
90239015210,10027599,control,male,HIPPOC
90239015402,10027599,control,male,HYPOTH
90239015902,10027599,control,male,KIDNEY
90239015903,10027599,control,male,KIDNEY
90239015904,10027599,control,male,KIDNEY
90239015905,10027599,control,male,KIDNEY
90239015906,10027599,control,male,KIDNEY
90239015907,10027599,control,male,KIDNEY
90239015908,10027599,control,male,KIDNEY
90239015909,10027599,control,male,KIDNEY
90239015911,10027599,control,male,KIDNEY
90239016803,10027599,control,male,LIVER
90239016804,10027599,control,male,LIVER
90239016805,10027599,control,male,LIVER
90239016806,10027599,control,male,LIVER
90239016807,10027599,control,male,LIVER
90239016808,10027599,control,male,LIVER
90239016809,10027599,control,male,LIVER
90239016810,10027599,control,male,LIVER
90239016811,10027599,control,male,LIVER
90239016813,10027599,control,male,LIVER
90239016602,10027599,control,male,LUNG
90239016603,10027599,control,male,LUNG
90239016604,10027599,control,male,LUNG
90239016605,10027599,control,male,LUNG
90239016606,10027599,control,male,LUNG
90239016607,10027599,control,male,LUNG
90239016608,10027599,control,male,LUNG
90239016609,10027599,control,male,LUNG
90239016611,10027599,control,male,LUNG
90239013104,10027599,control,male,PLASMA
90239013105,10027599,control,male,PLASMA
90239013106,10027599,control,male,PLASMA
90239013107,10027599,control,male,PLASMA
90239013108,10027599,control,male,PLASMA
90239013110,10027599,control,male,PLASMA
90239013111,10027599,control,male,PLASMA
90239015503,10027599,control,male,SKM-GN
90239015504,10027599,control,male,SKM-GN
90239015505,10027599,control,male,SKM-GN
90239015507,10027599,control,male,SKM-GN
90239015508,10027599,control,male,SKM-GN
90239015509,10027599,control,male,SKM-GN
90239015510,10027599,control,male,SKM-GN
90239015511,10027599,control,male,SKM-GN
90239015512,10027599,control,male,SKM-GN
90239015514,10027599,control,male,SKM-GN
90239015516,10027599,control,male,SKM-GN
90239015603,10027599,control,male,SKM-VL
90239015604,10027599,control,male,SKM-VL
90239015605,10027599,control,male,SKM-VL
90239016702,10027599,control,male,SMLINT
90239016703,10027599,control,male,SMLINT
90239016704,10027599,control,male,SMLINT
90239016202,10027599,control,male,SPLEEN
90239016203,10027599,control,male,SPLEEN
90239016204,10027599,control,male,SPLEEN
90239016302,10027599,control,male,TESTES
90239016303,10027599,control,male,TESTES
90239016304,10027599,control,male,TESTES
90239016502,10027599,control,male,VENACV
90239016503,10027599,control,male,VENACV
90239017003,10027599,control,male,WAT-SC
90239017004,10027599,control,male,WAT-SC
90239017005,10027599,control,male,WAT-SC
90239017006,10027599,control,male,WAT-SC
90239017007,10027599,control,male,WAT-SC
90239017008,10027599,control,male,WAT-SC
90239017009,10027599,control,male,WAT-SC
90239017010,10027599,control,male,WAT-SC
90239017011,10027599,control,male,WAT-SC
90239017012,10027599,control,male,WAT-SC
90239017014,10027599,control,male,WAT-SC
90239017702,10027599,control,male,NA
90240013104,10027831,control,male,PLASMA
