Feature,AM1,AM2,AM3,FM3,FM4,FM5
0610007L01Rik,1092,1156,1192,880,808,851
0610007P08Rik,476,388,452,549,450,655
0610007P14Rik,419,489,395,525,540,491
0610007P22Rik,365,378,321,502,486,389
0610009B22Rik,233,242,244,248,217,209
0610009D07Rik,449,422,408,676,723,842
0610009L18Rik,46,46,59,53,58,60
0610009O20Rik,656,758,642,710,660,641
0610010F05Rik,1107,1021,866,2482,2218,3036
0610010K06Rik,0,0,0,0,0,0
0610010K14Rik,354,450,407,1081,925,749
0610010O12Rik,0,0,0,0,0,0
0610011F06Rik,317,388,380,260,224,199
0610011L14Rik,697,725,732,637,632,648
0610012H03Rik,0,0,0,0,0,0
0610030E20Rik,202,208,224,360,317,329
0610031J06Rik,637,617,676,348,327,241
0610037L13Rik,892,897,1010,940,922,848
0610037P05Rik,551,535,572,627,634,636
0610039K10Rik,44,30,27,8,6,13
0610040B10Rik,4,0,6,3,5,4
0610040J01Rik,75,115,112,18,25,10
0910001L09Rik,512,717,689,571,613,538
1.3000001-3776472.1,1,1,1,1,0,0
1.58030135-58280699.1,1,1,2,3,3,3
10.113745972-114224148.1,1,0,0,0,0,0
10.86263323-86547784.1,1,2,0,0,1,0
1100001G20Rik,0,1,0,0,0,2
1110001A16Rik,151,129,114,95,127,87
1110002B05Rik,308,340,325,616,495,551
1110002L01Rik,60,68,71,116,90,106
1110002N22Rik,87,68,82,109,106,113
1110003E01Rik,2780,2596,2632,1763,1722,1756
1110003O08Rik,264,270,349,133,158,143
1110004E09Rik,553,526,501,453,423,329
1110004F10Rik,1707,1757,1608,2974,2819,2624
1110005A03Rik,196,177,203,297,352,363
1110006G14Rik,2,4,2,1,0,0
1110007A13Rik,574,554,531,1711,1497,1750
1110007C09Rik,114,167,100,70,62,45
1110008E08Rik,4,2,1,0,0,0
1110008F13Rik,352,450,429,464,482,430
1110008J03Rik,394,437,377,306,273,269
1110008L16Rik,125,104,140,241,212,266
1110008P14Rik,1702,1839,1926,307,355,269
1110012D08Rik,121,164,136,216,193,158
1110012J17Rik,2411,3297,2898,2159,1926,1833
1110012L19Rik,126,150,142,215,250,214
1110014N23Rik,999,1101,1011,910,933,879
1110015M06Rik,0,5,1,0,0,0
1110017D15Rik,27,36,53,45,38,38
1110018G07Rik,3781,3716,4002,2895,2827,3044
1110018J18Rik,95,91,84,35,25,31
1110020C17Rik,4,1,1,1,2,1
1110020G09Rik,1199,1145,1139,679,557,626
1110021J02Rik,180,239,279,316,297,320
1110021L09Rik,333,328,313,381,336,357
1110028C15Rik,255,222,229,504,450,614
1110031I02Rik,136,139,109,96,85,79
1110032A03Rik,423,468,494,231,259,250
1110032A04Rik,72,55,61,2,1,4
1110032A13Rik,586,632,520,447,422,416
1110032F04Rik,364,223,358,98,74,95
1110034A24Rik,275,335,285,322,282,298
1110034B05Rik,0,0,0,0,0,0
1110034G24Rik,106,92,144,126,121,100
1110036O03Rik,235,261,191,130,146,136
1110037F02Rik,1145,1081,1102,1844,1641,1870
1110038D17Rik,279,330,333,498,432,442
1110038F14Rik,261,261,259,395,382,373
1110049F12Rik,1311,1388,1250,443,469,411
1110051M20Rik,1415,1416,1465,1112,1212,1323
1110054O05Rik,458,400,412,893,744,819
1110057K04Rik,647,674,646,712,781,810
1110057P08Rik,0,0,0,0,0,0
1110058L19Rik,183,181,197,169,119,152
1110059E24Rik,301,290,296,318,298,273
1110059G10Rik,216,160,165,182,174,215
1110059M19Rik,24,23,18,0,1,0
1110067D22Rik,1728,1309,1453,1147,1099,1413
1190002A17Rik,45,38,39,7,4,5
1190002H23Rik,223,224,193,122,112,115
1190002N15Rik,1066,664,892,451,343,456
1190003J15Rik,9,9,20,1,0,1
1190005F20Rik,538,603,526,612,571,576
1190005I06Rik,116,139,106,83,111,81
1190007I07Rik,96,84,90,94,72,81
1200009I06Rik,20,42,22,9,8,6
1200009O22Rik,606,942,659,116,123,138
1200011I18Rik,1122,975,958,976,959,1028
1200011M11Rik,352,347,341,509,442,456
1200014J11Rik,390,466,399,797,647,741
1200016B10Rik,181,205,136,223,179,208
1300001I01Rik,2390,2460,2506,1276,1259,1209
1300002K09Rik,1,1,1,64,61,49
1300003B13Rik,374,258,264,740,637,843
1300010F03Rik,1217,1290,1314,422,377,428
1300014I06Rik,102,127,93,96,79,74
1300017J02Rik,3,2,3,3,6,7
1300018I17Rik,999,1151,1003,1200,1136,1102
1300018J18Rik,290,316,302,383,351,333
1500001M20Rik,143,128,146,314,268,296
1500002C15Rik,20,31,17,21,19,27
1500002O20Rik,641,815,751,722,722,634
1500003O03Rik,2620,2345,2629,1192,1071,1063
1500009C09Rik,1782,2131,1770,856,883,847
1500010J02Rik,689,756,684,2052,1880,1976
1500011H22Rik,487,525,480,512,423,429
1500012F01Rik,0,0,0,0,0,0
1500015L24Rik,12,1,12,0,0,0
1500015O10Rik,167,173,160,50,33,35
1500031L02Rik,1090,1063,1033,394,465,513
1500032L24Rik,1691,2080,1967,1287,1272,1079
1500035H01Rik,642,655,759,1294,1260,1218
1500035N22Rik,21,28,14,90,90,93
1520401A03Rik,5,1,5,0,1,1
1520402A15Rik,576,573,615,95,123,133
1600002H07Rik,156,141,152,264,236,220
1600002K03Rik,41,58,64,102,102,75
1600012F09Rik,301,299,244,428,357,442
1600012H06Rik,354,311,320,415,410,412
1600012P17Rik,1,0,1,2,3,11
1600014C10Rik,100,116,92,45,52,41
1600014C23Rik,1,1,3,0,1,0
1600014K23Rik,0,0,0,0,0,0
1600015I10Rik,0,0,0,0,1,0
1600016N20Rik,1,2,1,34,14,16
1600021P15Rik,904,823,832,789,924,872
1600027N09Rik,355,396,399,924,824,734
1600029D21Rik,8,6,6,7,7,7
1600029I14Rik,5,5,6,0,0,0
1700001C02Rik,6,5,5,1,0,0
1700001C19Rik,3,1,1,5,2,2
1700001E04Rik,7,14,11,31,23,60
1700001F09Rik,0,0,0,0,0,0
1700001G17Rik,10,10,6,23,30,17
1700001J03Rik,3,3,3,3,5,1
1700001K19Rik,19,19,26,50,55,56
1700001K23Rik,5,4,4,1,2,4
1700001L05Rik,67,66,58,9,9,6
1700001L19Rik,217,287,272,30,43,36
1700001O22Rik,72,74,81,19,14,19
1700001P01Rik,5,5,7,17,10,11
1700003E16Rik,503,567,446,77,97,63
1700003F12Rik,23,39,23,15,17,12
1700003H04Rik,0,0,0,0,0,0
1700003M02Rik,53,51,37,10,6,8
1700003O11Rik,0,1,0,0,0,1
1700006A11Rik,0,0,0,0,0,0
1700006E09Rik,0,0,0,0,0,0
1700007B14Rik,2,0,1,3,1,0
1700007E06Rik,3,0,1,0,0,0
1700007G11Rik,5,5,16,3,1,1
1700007I08Rik,48,69,64,21,32,20
1700007K09Rik,4,2,4,6,5,2
1700007K13Rik,32,48,34,5,3,2
1700008A04Rik,0,0,0,0,0,0
1700008F21Rik,13,5,10,4,1,4
1700008I05Rik,0,1,0,0,0,0
1700008O03Rik,245,217,165,65,82,52
1700008P02Rik,0,0,0,0,0,0
1700008P20Rik,0,1,0,0,0,0
1700009N14Rik,0,0,0,0,0,0
1700009P17Rik,28,46,20,4,6,4
1700010B08Rik,0,0,0,1,0,0
1700010D01Rik,0,0,2,0,0,0
1700010H22Rik,0,0,0,0,4,5
1700010I14Rik,30,21,17,22,18,21
1700010L04Rik,0,0,3,1,0,2
1700010L13Rik,0,3,0,1,0,2
1700010M22Rik,0,0,0,0,0,0
1700011A15Rik,0,0,0,0,0,0
1700011E24Rik,3,1,1,2,0,2
1700011F03Rik,0,0,0,0,0,0
1700011F14Rik,1,1,1,0,0,0
1700011H14Rik,0,2,2,2,1,3
1700011H22Rik,0,0,0,0,0,0
1700011I03Rik,1,0,3,0,2,0
1700011L22Rik,1,0,0,0,1,1
1700012A03Rik,0,0,0,0,0,0
1700012A16Rik,53,38,41,26,30,39
1700012B07Rik,0,0,0,0,0,0
1700012B09Rik,5,7,6,1,1,0
1700012L04Rik,0,0,1,0,0,0
1700012P22Rik,0,0,0,0,0,0
1700013D24Rik,0,0,0,0,0,0
1700013F07Rik,17,23,26,11,6,4
1700013G24Rik,0,0,0,0,0,0
1700013H16Rik,0,0,0,0,0,0
1700013N18Rik,1,0,1,2,1,1
1700014B07Rik,0,1,0,1,0,1
1700014D04Rik,19,25,22,10,3,4
1700014N06Rik,0,0,0,0,0,0
1700015E13Rik,8,6,8,25,17,17
1700016A09Rik,4,9,4,8,4,8
1700016C15Rik,2,1,0,0,2,0
1700016D06Rik,0,0,0,0,2,2
1700016H13Rik,0,0,1,1,6,4
1700016K19Rik,60,66,38,7,11,8
1700016M24Rik,0,0,5,0,0,0
1700017D01Rik,0,0,0,0,0,0
1700017G19Rik,0,0,0,0,0,0
1700017N19Rik,0,2,0,0,0,0
1700018A14Rik,0,0,1,5,2,5
1700018B08Rik,0,0,0,2,1,0
1700018B24Rik,0,0,0,0,0,0
1700018C11Rik,0,1,1,0,0,0
1700018F24Rik,0,0,0,0,0,0
1700018L24Rik,1,2,0,11,12,10
1700019A02Rik,1,0,1,1,1,3
1700019B03Rik,0,1,5,2,7,2
1700019D03Rik,347,290,350,33,38,52
1700019E19Rik,126,172,179,310,219,191
1700019G06Rik,0,0,0,0,0,0
1700019G17Rik,236,266,228,116,92,102
1700019L03Rik,40,42,46,38,41,21
1700019M22Rik,0,0,0,0,0,0
1700019N12Rik,106,144,144,10,16,3
1700019N19Rik,3,3,4,1,0,0
1700019O17Rik,0,0,0,0,1,0
1700020A23Rik,20,14,14,45,39,33
1700020C07Rik,0,2,0,2,1,0
1700020C11Rik,1264,1293,1296,83,99,79
1700020L24Rik,8,17,16,11,12,7
1700020N01Rik,0,0,0,0,0,0
1700020N15Rik,0,0,0,0,0,1
1700020O03Rik,773,810,749,1016,1008,1048
1700021A07Rik,0,0,0,0,0,0
1700021C14Rik,48,35,30,47,49,37
1700021F05Rik,408,415,439,435,460,419
1700021F07Rik,0,1,0,0,0,0
1700021K19Rik,1960,2151,2083,1985,1951,1904
1700021O21Rik,0,1,1,0,0,0
1700021P04Rik,0,0,0,0,0,0
1700022C21Rik,63,47,45,31,28,26
1700022I11Rik,20,17,30,43,40,41
1700023A16Rik,2,0,0,0,0,0
1700023E05Rik,0,3,8,6,2,5
1700023F06Rik,39,45,17,13,16,11
1700023I07Rik,0,0,0,0,0,0
1700024B05Rik,0,0,0,0,0,0
1700024G13Rik,6,6,5,0,0,0
1700024P04Rik,0,0,0,0,0,0
1700024P16Rik,40,14,26,4,16,10
1700025E21Rik,1,3,0,1,0,1
1700025F22Rik,0,0,0,0,0,0
1700025G04Rik,1005,1130,942,1173,1077,1118
1700025H01Rik,0,0,0,0,0,0
1700025K23Rik,231,200,222,146,171,188
1700026D08Rik,19,34,18,1,6,0
1700026J04Rik,9,12,4,2,2,3
1700026L06Rik,5,6,2,0,0,0
1700027A23Rik,18,23,8,0,1,1
1700027D21Rik,1,2,0,2,1,1
1700028I16Rik,0,0,0,0,0,1
1700028J19Rik,22,23,19,3,10,10
1700028K03Rik,83,78,114,101,112,156
1700028P14Rik,19,13,12,2,2,3
1700029F09Rik,46,50,54,166,126,133
1700029F12Rik,0,0,0,0,0,0
1700029G01Rik,44,35,26,12,8,11
1700029H14Rik,0,1,0,0,0,0
1700029I01Rik,160,112,138,203,151,251
1700029I15Rik,63,59,75,80,88,69
1700029J07Rik,100,114,128,116,107,127
1700029J11Rik,0,1,1,8,11,2
1700029P11Rik,0,0,0,0,0,1
1700030C10Rik,4,8,2,7,3,9
1700030F18Rik,1,0,2,0,0,0
1700030J22Rik,134,183,132,77,96,79
1700030K09Rik,175,175,191,406,418,417
1700031F05Rik,0,0,0,0,0,0
1700034E13Rik,0,0,0,0,0,0
1700034F02Rik,4,0,4,6,2,5
1700034H14Rik,169,160,139,286,297,328
1700034H15Rik,63,66,72,45,50,44
1700034I23Rik,2,1,2,1,2,2
1700034J04Rik,0,0,0,0,0,0
1700034J05Rik,1,2,0,0,0,0
1700034O15Rik,0,0,0,0,0,0
1700036A12Rik,1,0,0,0,0,0
1700037C18Rik,102,116,87,78,80,59
1700037H04Rik,933,1272,1115,759,792,665
1700038P13Rik,1,1,2,0,0,0
1700039E15Rik,0,1,0,0,0,0
1700040F15Rik,0,0,0,0,0,0
1700040F17Rik,0,0,0,0,0,0
1700040I03Rik,265,330,350,165,121,133
1700040L02Rik,28,37,24,0,1,1
1700041B01Rik,4,7,14,5,3,2
1700041G16Rik,3,4,3,0,2,0
1700042B14Rik,0,1,1,0,0,0
1700045I11Rik,5,0,2,1,2,0
1700047G07Rik,0,0,0,0,0,0
1700047I17Rik1,572,1462,545,733,856,803
1700047I17Rik2,579,1484,543,733,856,808
1700048O20Rik,97,218,121,220,260,197
1700049G17Rik,254,216,239,469,385,516
1700049J03Rik,1,1,2,0,1,0
1700049L16Rik,0,0,0,6,1,3
1700052N19Rik,479,402,554,300,247,246
1700054N08Rik,1110,1006,1284,258,292,268
1700054O13Rik,0,0,0,0,0,0
1700054O19Rik,0,0,0,0,1,0
1700055D18Rik,6,5,6,9,8,4
1700055N04Rik,0,5,8,1,0,0
1700056E22Rik,1,6,0,1,1,4
1700057G04Rik,0,0,0,0,0,0
1700057K13Rik,2,2,1,1,3,1
1700058C13Rik,0,0,0,0,0,0
1700061G19Rik,12,10,15,29,31,29
1700061I17Rik,0,0,0,0,0,0
1700061J05Rik,0,0,0,1,1,0
1700063H04Rik,0,0,0,1,1,0
1700065I17Rik,0,0,0,0,1,1
1700066B19Rik,2,1,1,1,0,2
1700066M21Rik,275,212,215,191,168,246
1700067K01Rik,11,15,11,13,12,14
1700067P10Rik,0,0,2,0,0,0
1700069B07Rik,25,27,26,7,9,10
1700069L16Rik,0,1,0,0,0,2
1700072E05Rik,0,0,0,0,0,0
1700074P13Rik,0,0,0,0,0,0
1700080E11Rik,0,0,0,0,0,0
1700080G18Rik,17,15,16,5,4,5
1700080O16Rik,0,0,0,0,0,0
1700081L11Rik,2132,2009,2087,2982,2633,2957
1700084C01Rik,191,197,162,33,20,18
1700086D15Rik,4,2,0,3,1,3
1700086L19Rik,315,298,237,84,107,127
1700088E04Rik,31,28,28,9,12,11
1700090G07Rik,0,0,0,0,1,0
1700093K21Rik,8,0,1,16,21,25
1700094C09Rik,0,0,0,0,0,0
1700094D03Rik,51,79,69,131,111,127
1700101E01Rik,8,13,3,6,3,2
1700101G07Rik,0,0,0,0,0,0
1700101I19Rik,2,1,1,2,0,2
1700102P08Rik,10,21,4,47,45,49
1700104B16Rik,0,0,1,1,1,0
1700106J16Rik,1,0,0,0,1,2
1700106N22Rik,160,155,141,127,154,136
1700108M19Rik,0,0,0,0,0,0
1700109H08Rik,21,20,28,37,30,38
1700110I01Rik,55,33,16,57,67,63
1700110M21Rik,0,0,0,0,0,0
1700111E14Rik,6,1,0,4,3,6
1700112E06Rik,0,4,3,1,0,0
1700113H08Rik,0,0,0,0,0,0
1700116B05Rik,0,0,0,1,0,0
1700120B22Rik,0,3,2,6,2,4
1700120K04Rik,2,11,1,23,12,15
1700122O11Rik,0,0,0,0,0,0
1700123I01Rik,4,0,0,3,0,1
1700123K08Rik,0,0,0,1,4,0
1700123L14Rik,9,7,9,1,1,0
1700123O20Rik,220,273,271,430,418,388
1700125D06Rik,2,1,1,1,1,1
1700125H20Rik,0,1,0,0,1,5
1700128F08Rik,0,1,0,0,0,0
1700129C05Rik,0,0,0,0,0,0
1700129L04Rik,1,0,2,1,0,1
1810006K21Rik,365,379,371,874,811,648
1810008A18Rik,507,554,422,489,472,357
1810009A15Rik,206,203,162,219,182,197
1810009J06Rik,0,0,0,0,0,0
1810011O10Rik,7,7,4,16,14,8
1810012P15Rik,0,0,0,0,0,0
1810013L24Rik,777,910,655,768,644,760
1810014F10Rik,333,334,335,30,36,30
1810019J16Rik,10,2,4,7,1,0
1810020D17Rik,381,390,438,203,278,212
1810022C23Rik,22,13,14,28,12,23
1810022K09Rik,189,182,171,307,280,352
1810024B03Rik,24,15,23,18,19,14
1810026J23Rik,1390,1476,1491,1816,1701,1856
1810027O10Rik,325,387,353,284,314,310
1810029B16Rik,283,229,252,418,403,418
1810030J14Rik,0,0,0,0,0,0
1810030N24Rik,144,137,111,84,101,120
1810030O07Rik,423,406,385,583,563,647
1810031K17Rik,563,535,639,1144,1046,924
1810032O08Rik,56,33,54,196,192,153
1810033B17Rik,4,8,5,5,2,3
1810034E14Rik,7,10,4,2,1,2
1810035L17Rik,337,332,363,386,480,474
1810037I17Rik,637,701,594,397,370,320
1810041L15Rik,1619,1952,1378,884,792,854
1810043G02Rik,616,688,572,348,422,381
1810043H04Rik,188,243,210,121,123,133
1810046J19Rik,611,791,604,530,592,546
1810046K07Rik,1,1,2,0,0,0
1810048J11Rik,805,861,828,653,553,785
1810049H13Rik,64,97,84,27,32,39
1810055G02Rik,341,528,388,465,481,467
1810058N15Rik,0,0,0,0,0,0
1810062G17Rik,0,3,4,0,1,0
1810063B05Rik,200,218,193,89,101,121
1810063B07Rik,113,121,121,134,129,147
1810065E05Rik,0,0,0,0,0,0
1810074P20Rik,777,825,743,633,616,716
19.47525802-47711187.1,0,0,1,1,2,1
2.145048962-146444327.1,1,0,0,0,0,1
2010001E11Rik,1,6,3,1,1,3
2010001M09Rik,9,2,4,4,1,3
2010002M12Rik,20,23,18,4,5,7
2010002N04Rik,279,136,245,17,16,16
2010003K11Rik,0,0,0,0,0,1
2010005H15Rik,2,2,0,0,0,0
2010007H06Rik,5,3,1,0,1,0
2010007H12Rik,168,219,107,288,254,200
2010011I20Rik,732,665,645,2148,1743,1726
2010012O05Rik,152,148,156,106,111,95
2010015L04Rik,313,286,323,65,74,73
2010106E10Rik,0,0,0,0,0,0
2010106G01Rik,936,907,919,1338,1113,1445
2010107E04Rik,960,987,1016,813,902,821
2010107G12Rik,12,12,10,19,24,21
2010107G23Rik,517,629,541,875,976,836
2010107H07Rik,103,99,97,109,109,95
2010109A12Rik,1,4,2,1,2,2
2010109I03Rik,0,4,7,0,0,0
2010109K11Rik,178,171,110,220,162,212
2010110P09Rik,21,37,22,26,28,12
2010111I01Rik,387,360,542,218,217,236
2010300C02Rik,8677,6150,7782,148,196,196
2010305A19Rik,311,313,352,606,620,605
2010315B03Rik,0,0,0,0,0,0
2010317E24Rik,35,54,35,262,202,163
2010321M09Rik,340,351,359,672,594,629
2200001I15Rik,0,0,0,1,0,0
2200002D01Rik,14,5,7,11,3,3
2200002J24Rik,0,0,0,0,0,0
2200002K05Rik,249,242,251,158,144,167
2210009G21Rik,299,238,221,433,399,509
2210010C04Rik,0,0,0,0,0,0
2210010C17Rik,1,0,1,0,0,0
2210011C24Rik,7,15,5,0,0,0
2210012G02Rik,348,428,368,724,736,656
2210016F16Rik,206,231,201,198,172,204
2210016L21Rik,2141,2104,1854,1101,1192,943
2210017I01Rik,0,0,0,0,1,0
2210018M11Rik,942,917,979,1572,1344,1489
2210021J22Rik,198,216,204,113,109,109
2210023G05Rik,2,2,1,0,0,1
2210404O07Rik,15,34,17,24,26,16
2210407C18Rik,1,0,0,0,0,0
2210408I21Rik,170,186,142,245,199,234
2210411K11Rik,27,57,39,31,29,51
2210415F13Rik,0,0,0,0,0,1
2210418O10Rik,1564,1415,1477,1259,1049,1483
2300002M23Rik,0,0,0,0,0,0
2300005B03Rik,0,0,0,0,0,0
2300009A05Rik,120,114,99,107,99,105
2310001A20Rik,1030,979,1170,464,451,455
2310001H12Rik,1230,1205,1389,1756,1774,2275
2310001K24Rik,1,4,4,1,1,0
2310002J15Rik,3,0,1,0,0,0
2310002L09Rik,0,0,0,0,0,0
2310002L13Rik,0,0,0,0,0,0
2310003C23Rik,842,820,804,918,876,1010
2310003F16Rik,140,147,163,217,274,231
2310003H01Rik,231,336,198,1318,1282,1290
2310003L06Rik,2,1,1,0,1,1
2310003L22Rik,441,519,490,397,443,413
2310004I24Rik,205,193,231,222,207,251
2310004N24Rik,284,292,344,312,289,282
2310005G13Rik,6,1,0,0,1,1
2310007A19Rik,31,27,24,21,13,19
2310007B03Rik,1,1,0,0,0,0
2310007L24Rik,5,6,3,0,0,1
2310008H04Rik,58,47,60,145,120,162
2310008H09Rik,547,564,511,1386,1268,1328
2310009B15Rik,66,45,40,38,48,39
2310010M20Rik,3,1,5,1,1,0
2310011J03Rik,552,592,473,221,227,198
2310014H01Rik,177,191,193,1321,1263,1125
2310014L17Rik,19,20,16,37,32,32
2310015B20Rik,0,0,2,1,2,1
2310015D24Rik,2,2,1,0,0,1
2310016C08Rik,81,58,81,185,214,182
2310016E02Rik,0,0,0,0,0,0
2310016G11Rik,3,2,2,0,0,0
2310016M24Rik,704,965,918,603,530,477
2310021H06Rik,0,0,0,0,0,0
2310021P13Rik,3134,3372,3624,5370,4648,4790
2310022A10Rik,465,489,413,593,537,541
2310022B05Rik,1504,2142,1210,2407,2131,2077
2310028H24Rik,4623,5163,4867,2259,2185,2010
2310028O11Rik,1344,1371,1309,1285,1225,1159
2310030G06Rik,26,21,16,2,3,6
2310030N02Rik,96,118,113,121,108,117
2310033E01Rik,0,2,0,2,1,0
2310033P09Rik,225,300,265,238,250,220
2310034G01Rik,13,6,6,8,9,6
2310035C23Rik,1134,1139,1079,1237,899,1335
2310035K24Rik,275,276,291,231,214,200
2310036O22Rik,1076,1244,1116,1893,1863,1493
2310037I24Rik,840,910,865,1842,1532,1783
2310038E17Rik,0,0,0,0,0,0
2310039H08Rik,56,73,55,131,127,116
2310042D19Rik,64,70,90,243,229,226
2310042E22Rik,12,9,7,0,2,0
2310043J07Rik,0,1,2,0,0,0
2310044G17Rik,1903,1787,1801,1418,1411,1442
2310044H10Rik,3041,3563,3514,2059,1931,1747
2310046A06Rik,401,326,355,81,122,141
2310046K01Rik,30,47,32,17,10,11
2310046O06Rik,381,392,407,485,494,447
2310047B19Rik,191,199,204,197,187,205
2310047M10Rik,484,571,584,320,300,237
2310057J16Rik,497,624,432,1777,1698,1642
2310057J18Rik,0,0,0,0,0,0
2310057M21Rik,297,271,266,182,198,199
2310057N15Rik,0,0,0,0,0,0
2310061C15Rik,207,216,278,89,96,95
2310061I04Rik,767,853,757,490,597,533
2310061J03Rik,75,103,42,30,25,20
2310061N02Rik,0,0,0,0,0,0
2310067B10Rik,1605,1816,1710,1954,1485,1676
2310079F23Rik,111,114,117,155,160,159
2310079G19Rik,0,0,0,0,0,0
2310079N02Rik,318,338,321,181,202,194
2400001E08Rik,1158,1394,1341,1161,1246,904
2400003C14Rik,1383,1456,1516,2744,2464,2351
2410001C21Rik,1490,1460,1452,1260,1312,1118
2410002F23Rik,1027,1106,951,3266,3226,3180
2410002I01Rik,274,315,278,351,363,365
2410002O22Rik,1531,1459,1391,969,875,1057
2410003K15Rik,193,172,177,167,216,179
2410004A20Rik,9,6,4,1,1,0
2410004B18Rik,444,535,492,554,549,533
2410012M07Rik,0,0,0,0,0,0
2410015M20Rik,666,786,860,712,691,521
2410016O06Rik,259,318,252,260,243,257
2410017I17Rik,0,0,0,0,0,0
2410017P07Rik,80,91,80,158,147,172
2410018L13Rik,4,13,14,42,31,34
2410022L05Rik,341,424,432,374,373,304
2410022M11Rik,45,43,39,38,22,34
2410042D21Rik,189,138,165,337,276,387
2410066E13Rik,367,461,358,854,709,824
2410075B13Rik,75,77,61,80,80,77
2410076I21Rik,4,9,10,6,8,9
2410089E03Rik,1393,1373,1452,3196,2673,2952
2410091C18Rik,586,532,546,453,568,475
2410124H12Rik,1,1,0,5,1,2
2410127L17Rik,139,112,92,113,77,145
2410129H14Rik,958,686,615,683,524,783
2410131K14Rik,711,892,806,1402,1380,1254
2410137M14Rik,8,4,5,9,7,3
2410141K09Rik,0,0,0,0,0,0
2500003M10Rik,2561,2989,2686,4021,3965,3920
2510002D24Rik,206,266,286,220,229,204
2510003E04Rik,3825,3814,3737,1582,1612,1565
2510006D16Rik,1282,1475,1483,1316,1300,1160
2510009E07Rik,1583,1664,1409,1645,1550,1647
2510012J08Rik,739,1061,793,1001,953,821
2510039O18Rik,639,750,616,727,673,609
2510046G10Rik,9,4,5,12,11,14
2600006K01Rik,7,12,13,6,7,2
2610002D18Rik,4,5,1,37,15,31
2610002I17Rik,151,194,185,382,394,382
2610002J02Rik,311,342,278,588,567,539
2610002M06Rik,1507,1589,1333,945,1015,1137
2610008E11Rik,642,637,582,1595,1474,1838
2610015P09Rik,132,134,160,133,126,141
2610017I09Rik,555,587,560,1569,1596,1412
2610018G03Rik,168,110,173,23,13,24
2610019F03Rik,358,426,357,88,76,99
2610020H08Rik,24,29,30,116,77,107
2610021K21Rik,4,1,7,52,31,33
2610024G14Rik,341,384,336,479,423,465
2610027L16Rik,201,275,229,599,583,524
2610028A01Rik,111,114,105,222,251,204
2610028H24Rik,0,3,3,1,0,1
2610029G23Rik,360,396,326,487,452,447
2610029I01Rik,336,277,313,90,108,110
2610030H06Rik,1206,934,847,732,652,893
2610034B18Rik,435,452,463,230,234,207
2610034M16Rik,23,62,68,21,19,30
2610036D13Rik,447,437,466,489,476,499
2610036L11Rik,17,18,14,43,33,33
2610039C10Rik,83,90,93,226,178,190
2610042L04Rik,10,16,15,92,102,126
2610044O15Rik,417,403,428,214,239,201
2610101N10Rik,1494,1207,1089,2101,1719,2291
2610109H07Rik,30,29,35,4915,4397,4256
2610110G12Rik,748,980,700,6320,6312,6321
2610203C20Rik,69,46,36,410,353,431
2610204G22Rik,8,13,21,35,31,34
2610301B20Rik,745,707,672,367,375,381
2610301G19Rik,2069,2208,2049,4223,3981,3731
2610303G11Rik,0,0,0,0,0,0
2610305D13Rik,13,15,10,9,14,14
2610318M16Rik,0,0,0,0,0,0
2610318N02Rik,10,12,11,84,69,72
2610507B11Rik,7555,8060,7966,4066,3838,3805
2610524H06Rik,1798,1915,1796,1378,1437,1334
2610528E23Rik,163,197,188,229,243,180
2610528J11Rik,0,1,1,0,0,0
2700007P21Rik,790,725,774,693,557,645
2700029M09Rik,704,636,610,634,681,658
2700046A07Rik,20,20,24,10,5,7
2700046G09Rik,30,40,38,16,13,13
2700049A03Rik,181,146,194,716,645,715
2700050L05Rik,518,565,563,769,770,812
2700060E02Rik,481,503,476,869,848,909
2700062C07Rik,158,187,149,190,197,199
2700073G19Rik,1,1,1,4,1,3
2700078E11Rik,1012,938,819,861,824,906
2700078K21Rik,400,482,502,335,339,279
2700081O15Rik,1056,1288,1001,8898,8273,8110
2700086A05Rik,0,0,0,0,0,0
2700089E24Rik,2931,2252,2207,738,841,1012
2700094K13Rik,170,249,210,762,665,667
2700097O09Rik,179,148,160,340,307,351
2810002N01Rik,413,427,426,282,283,269
2810004N23Rik,250,273,231,405,396,368
2810006K23Rik,178,165,168,209,194,178
2810007J24Rik,0,0,0,0,0,0
2810008M24Rik,659,642,630,497,445,477
2810021B07Rik,213,169,136,280,285,332
2810021G02Rik,206,188,193,112,94,125
2810021J22Rik,259,248,242,428,403,450
2810025M15Rik,247,244,253,492,459,372
2810026P18Rik,159,153,164,854,1058,989
2810030E01Rik,294,294,260,837,680,740
2810032G03Rik,130,142,113,97,90,88
2810046L04Rik,525,500,482,1205,1033,1230
2810055F11Rik,42,33,43,72,66,71
2810055G20Rik,30,22,32,101,106,160
2810403A07Rik,635,722,774,1353,1293,1429
2810405K02Rik,1186,1238,1288,258,260,231
2810407A14Rik,0,1,0,1,4,2
2810407C02Rik,3887,3538,3641,1965,2048,2308
2810408A11Rik,7,12,5,309,253,264
2810408M09Rik,425,477,398,650,611,489
2810408P10Rik,424,366,410,490,525,547
2810416G20Rik,31,39,27,21,23,25
2810417H13Rik,20,30,25,557,365,465
2810422J05Rik,493,482,455,339,335,308
2810422O20Rik,70,58,75,68,66,67
2810428I15Rik,725,1003,722,690,694,608
2810432D09Rik,242,207,211,247,283,183
2810432L12Rik,1259,1335,1319,774,875,850
2810453I06Rik,822,733,710,1162,1134,1125
2810459M11Rik,193,264,155,197,149,159
2810474C18Rik,4,5,5,1,7,6
2810474O19Rik,333,286,272,661,530,664
2900006K08Rik,117,121,131,135,119,166
2900010J23Rik,1532,1543,1501,1405,1496,1438
2900010M23Rik,613,729,606,349,395,309
2900011O08Rik,4745,5316,5759,3050,3211,2883
2900026A02Rik,1543,1692,1492,631,639,593
2900055J20Rik,57,48,45,3,1,1
2900060B14Rik,0,0,0,1,0,0
2900064A13Rik,2487,2278,2412,633,636,678
2900073G15Rik,962,1027,998,895,861,760
2900092C05Rik,0,0,0,0,0,0
2900092E17Rik,1047,1092,1019,866,846,705
3010026O09Rik,95,83,115,158,182,119
3100002H09Rik,0,0,4,3,6,4
3110001D03Rik,409,377,370,413,382,369
3110001I22Rik,22,33,27,58,51,62
3110002H16Rik,546,553,557,516,540,582
3110003A17Rik,128,98,114,676,679,686
3110007F17Rik,86,85,82,425,372,468
3110009E18Rik,22,20,16,46,29,40
3110018I06Rik,0,0,0,0,0,0
3110021A11Rik,12,12,7,15,28,16
3110035E14Rik,6607,6094,5710,520,618,640
3110040N11Rik,159,169,151,207,206,196
3110043O21Rik,485,455,492,976,910,1060
3110047P20Rik,1541,1358,1488,476,744,858
3110049J23Rik,21,11,15,34,31,25
3110052M02Rik,225,219,202,317,285,375
3110056O03Rik,746,995,834,1058,1040,975
3110057O12Rik,405,347,363,330,317,428
3110062M04Rik,47,61,67,131,127,103
3110070M22Rik,25,6,15,20,12,8
3110079O15Rik,3,9,6,0,0,0
3110082D06Rik,36,34,26,8,15,23
3110082I17Rik,133,121,116,131,149,117
3200002M19Rik,149,159,158,205,238,236
3222401L13Rik,24,11,25,45,27,43
3230401D17Rik,264,339,336,469,457,486
3300002A11Rik,4,7,3,1,1,1
3300002I08Rik,32,30,41,69,54,68
3632451O06Rik,612,583,573,249,281,271
3830403N18Rik,1,2,0,0,0,0
3830406C13Rik,216,169,157,109,124,126
3830408C21Rik,25,27,36,38,56,48
3830417A13Rik,0,0,0,0,0,0
3830431G21Rik,168,190,124,26,33,23
3930402G23Rik,2,3,10,8,5,6
4430402I18Rik,71,77,65,34,36,32
4432412L15Rik,72,103,80,56,99,81
4631416L12Rik,690,831,616,723,684,865
4632404H12Rik,196,170,219,229,221,239
4632411B12Rik,1856,1929,1944,1873,1831,1635
4632415K11Rik,214,258,179,282,272,253
4632415L05Rik,427,403,350,420,399,478
4632428N05Rik,773,804,853,83,76,73
4632433K11Rik,13,7,13,25,22,27
4632434I11Rik,17,8,10,112,58,111
4731417B20Rik,0,0,0,0,0,0
4732415M23Rik,21,34,32,24,12,20
4732418C07Rik,1078,1130,1025,517,404,501
4732440D04Rik,0,1,0,1,1,1
4732456N10Rik,0,3,2,0,0,0
4732465J04Rik,0,0,0,0,0,0
4732471D19Rik,392,445,442,1364,1227,1448
4732471J01Rik,16,20,26,8,10,5
4831426I19Rik,79,64,80,19,5,6
4832428D23Rik,2,0,1,0,0,0
4833403I15Rik,0,0,0,0,0,1
4833420G17Rik,678,575,686,1883,1729,1928
4833422F24Rik,0,0,0,0,0,1
4833423E24Rik,3,14,8,2,0,1
4833424O15Rik,1020,951,845,613,729,872
4833427G06Rik,8,5,5,0,0,0
4833439L19Rik,2353,2609,2201,2451,2108,2201
4833442J19Rik,60,42,61,53,56,67
4921501E09Rik,0,0,1,0,0,0
4921504E06Rik,1,0,0,0,0,0
4921506J03Rik,432,465,332,696,605,633
4921506M07Rik,1,0,0,0,1,2
4921507P07Rik,11,21,24,36,31,42
4921508M14Rik,1,3,0,0,0,1
4921509C19Rik,0,0,0,0,0,0
4921510H08Rik,0,1,0,0,0,0
4921511C20Rik,0,0,0,0,0,0
4921511H03Rik,2,0,1,0,1,1
4921513D11Rik,11,10,18,4,2,1
4921513D23Rik,3725,3702,3521,2330,2148,2414
4921513I03Rik,2,1,1,0,0,0
4921515J06Rik,12,20,18,11,8,23
4921517D21Rik,0,0,0,0,0,0
4921517D22Rik,0,0,0,0,0,0
4921517L17Rik,243,361,242,232,206,235
4921521F21Rik,0,0,0,0,0,0
4921522P10Rik,11,13,15,7,8,9
4921523A10Rik,21,10,21,15,18,12
4921524J17Rik,165,168,144,343,328,314
4921524L21Rik,0,0,0,0,0,0
4921528I01Rik,0,0,0,0,2,1
4921528I07Rik,2,0,0,0,0,0
4921528O07Rik,0,0,0,0,0,0
4921530D09Rik,41,39,35,9,16,8
4921530L21Rik,0,0,0,0,0,0
4921536K21Rik,8,8,13,23,23,20
4921539E11Rik,0,1,0,0,1,0
4922501C03Rik,370,356,330,563,521,584
4922501L14Rik,221,194,179,24,37,29
4922502B01Rik,40,37,36,298,280,246
4922502D21Rik,0,0,0,0,0,0
4922505E12Rik,0,1,2,0,0,0
4922505G16Rik,19,17,24,0,5,5
4930402E16Rik,723,685,754,826,647,829
4930402F06Rik,0,0,0,1,0,0
4930402H24Rik,2447,2793,2390,3593,3101,3724
4930402K13Rik,0,0,0,0,0,0
4930403L05Rik,0,0,0,0,0,0
4930403N07Rik,0,0,0,1,0,0
4930404A10Rik,0,0,0,0,0,1
4930404H21Rik,1,0,0,0,0,0
4930404N11Rik,15,17,8,12,8,9
4930408F14Rik,0,0,0,0,0,0
4930408O17Rik,1,1,2,0,1,0
4930412F15Rik,173,237,156,118,137,115
4930412O13Rik,3,0,1,3,0,5
4930415F15Rik,1,1,2,1,0,2
4930415L06Rik,0,0,0,0,0,0
4930415O20Rik,3,2,5,7,4,7
4930417G10Rik,50,39,66,70,66,63
4930420K17Rik,130,117,112,28,15,34
4930422G04Rik,115,98,136,309,194,248
4930422I07Rik,520,527,566,467,452,459
4930423O20Rik,1,0,0,0,0,1
4930425F17Rik,4,0,0,0,0,0
4930426L09Rik,8,13,12,4,4,6
4930427A07Rik,35,30,28,253,238,196
4930428D18Rik,0,0,0,0,0,0
4930428E23Rik,0,1,1,0,0,0
4930429B21Rik,189,220,173,29,21,31
4930430A15Rik,0,0,0,0,0,0
4930430D24Rik,0,0,0,0,0,0
4930430F08Rik,258,233,230,157,156,178
4930430O22Rik,2,2,1,13,8,6
4930431F12Rik,0,0,0,0,1,0
4930432E11Rik,0,3,0,0,0,1
4930432K09Rik,0,0,0,0,0,0
4930432K21Rik,54,43,44,99,114,105
4930432M17Rik,0,0,0,0,0,0
4930432O21Rik,521,372,366,337,238,359
4930433I11Rik,0,0,0,0,0,0
4930433N12Rik,0,0,0,0,0,0
4930434E21Rik,17,11,9,6,9,1
4930435E12Rik,0,0,0,0,0,0
4930435H24Rik,0,1,0,0,1,0
4930438A08Rik,0,0,0,0,1,0
4930441O14Rik,103,78,66,31,52,41
4930442E04Rik,9,9,6,14,11,9
4930442H23Rik,0,1,1,0,0,0
4930443G12Rik,3,4,3,0,5,2
4930444A02Rik,701,730,671,492,605,481
4930444P10Rik,18,15,6,27,30,34
4930447A16Rik,2,0,2,0,0,1
4930447F04Rik,0,0,0,0,0,0
4930449A18Rik,0,0,0,0,0,0
4930449E01Rik,0,0,0,0,0,0
4930449I24Rik,0,0,0,0,0,0
4930451C15Rik,32,23,41,5,1,1
4930451G09Rik,68,89,99,66,61,68
4930451I11Rik,2,4,4,1,0,1
4930452B06Rik,229,258,180,120,108,124
4930453N24Rik,520,413,373,451,388,523
4930455C21Rik,389,402,338,437,459,424
4930455F23Rik,575,519,471,383,424,440
4930458L03Rik,1,0,0,0,0,0
4930466F19Rik,14,9,10,6,15,4
4930467E23Rik,52,32,51,18,11,21
4930470H14Rik,0,0,0,1,0,0
4930470P17Rik,4,1,6,2,2,1
4930471M23Rik,617,664,662,298,301,290
4930473A06Rik,90,88,83,275,210,261
4930474M22Rik,1,0,1,0,1,0
4930474N05Rik,0,0,0,0,0,0
4930479M11Rik,0,0,0,0,0,0
4930480E11Rik,0,0,0,0,0,0
4930485B16Rik,53,54,41,17,11,15
4930486G11Rik,24,12,15,4,6,8
4930486L24Rik,6,3,7,0,1,1
4930500M09Rik,3,3,4,0,0,1
4930502E18Rik,5,4,5,1,1,3
4930503B20Rik,0,0,0,0,0,0
4930503E14Rik,0,0,0,0,0,0
4930503L19Rik,178,124,127,257,212,340
4930504O13Rik,0,0,0,0,0,0
4930505A04Rik,6,10,5,2,0,0
4930505N22Rik,15,7,2,5,7,6
4930506F14Rik,3,1,2,2,2,1
4930506M07Rik,918,962,785,6252,7080,6510
4930510E17Rik,0,0,0,0,0,0
4930511I11Rik,0,0,0,0,0,0
4930511M11Rik,0,0,0,0,0,0
4930512B01Rik,42,57,42,15,12,19
4930513O06Rik,0,0,0,0,0,0
4930515G01Rik,1,2,1,0,0,1
4930518F22Rik,3,4,0,3,1,1
4930518I15Rik,5,5,1,6,15,16
4930519F16Rik,10,8,2,1,0,1
4930519G04Rik,1,0,0,0,0,0
4930521A18Rik,0,0,0,0,0,0
4930522H14Rik,0,0,0,0,0,0
4930522L14Rik,47,40,36,60,43,47
4930523C07Rik,3,7,6,1,2,3
4930524B15Rik,1,2,1,3,1,3
4930524J08Rik,5,5,5,12,14,15
4930524N10Rik,0,0,0,0,0,0
4930525F21Rik,6,8,1,3,7,10
4930525M21Rik,0,0,0,0,0,0
4930526D03Rik,0,0,0,1,0,1
4930528A17Rik,9,14,10,21,10,9
4930528F23Rik,0,0,1,0,0,0
4930529F22Rik,0,0,0,0,0,0
4930529M08Rik,56,53,74,16,17,24
4930533K18Rik,2,3,4,1,1,0
4930533L02Rik,0,1,0,0,0,0
4930534B04Rik,139,170,122,310,235,221
4930538K18Rik,16,10,15,10,14,20
4930539E08Rik,219,257,195,29,40,42
4930542N07Rik,0,0,0,0,0,0
4930544G11Rik,0,0,0,0,0,0
4930544L04Rik,0,0,0,0,0,0
4930544M13Rik,0,0,0,0,0,0
4930544O15Rik,3,5,6,0,2,1
4930546C10Rik,0,1,0,0,1,0
4930547C10Rik,0,0,0,1,0,0
4930547M16Rik,4,5,2,1,0,0
4930547N16Rik,14,11,8,77,58,73
4930548G14Rik,0,0,0,0,0,0
4930548H24Rik,0,0,0,2,0,0
4930549C01Rik,0,0,0,0,0,0
4930550C14Rik,2,5,3,1,2,2
4930550L24Rik,0,0,0,1,1,0
4930553M12Rik,0,0,0,0,0,0
4930555F03Rik,3,4,2,1,4,2
4930555G01Rik,0,0,0,0,0,1
4930555I21Rik,42,62,40,1,2,3
4930556A20Rik,0,0,0,0,0,0
4930556J24Rik,4,9,2,23,6,6
4930557A04Rik,0,0,0,0,0,0
4930562C15Rik,0,0,0,0,0,0
4930562F07Rik,4,10,5,0,3,3
4930563D23Rik,0,0,0,0,0,0
4930563M21Rik,2,0,1,1,3,3
4930564B18Rik,0,0,0,0,0,0
4930564C03Rik,0,0,0,1,0,0
4930564D02Rik,2,0,0,0,0,0
4930565B19Rik,10,4,11,4,9,9
4930566N20Rik,0,1,1,1,0,1
4930567H17Rik,0,0,0,0,0,0
4930568D16Rik,0,0,0,0,0,0
4930569F06Rik,0,0,0,0,0,0
4930572J05Rik,950,1043,1027,45,53,48
4930572O03Rik,3,0,0,0,0,0
4930578C19Rik,27,24,38,12,9,16
4930578G10Rik,31,29,29,15,17,17
4930578I06Rik,0,1,1,0,0,0
4930578I07Rik,1,0,3,0,4,1
4930578N16Rik,59,62,68,64,83,71
4930579C12Rik,0,1,2,1,0,3
4930579C15Rik,20,16,17,14,12,22
4930579F01Rik,0,0,0,0,0,1
4930579G18Rik,52,52,83,167,219,193
4930579G22Rik,8,5,10,6,7,5
4930579G24Rik,39,30,28,63,34,55
4930579J09Rik,23,15,22,8,20,9
4930579K19Rik,18,9,20,15,14,14
4930583H14Rik,5,0,6,3,4,7
4930583I09Rik,0,0,0,0,0,0
4930584F24Rik,0,0,0,0,0,0
4930588N13Rik,1,7,2,9,18,15
4930589L23Rik,0,0,0,0,1,0
4930590J08Rik,9,15,10,14,14,16
4930591A17Rik,0,0,0,0,0,0
4930595M18Rik,0,0,0,0,0,0
4930596D02Rik,0,0,0,0,0,0
4930597O21Rik,9,3,5,2,1,6
4931400O07Rik,0,0,0,0,0,0
4931406B18Rik,0,0,0,0,0,0
4931406C07Rik,434,460,497,585,615,656
4931406P16Rik,582,638,504,742,601,654
4931407G18Rik,0,0,0,0,2,0
4931408A02Rik,34,21,45,49,42,34
4931408C20Rik,0,0,0,0,0,0
4931409K22Rik,4,8,1,24,21,19
4931414P19Rik,87,84,98,195,167,163
4931417E11Rik,0,2,1,0,1,0
4931417G12Rik,2,2,3,0,1,2
4931422A03Rik,12,20,24,22,4,10
4931423N10Rik,4,3,2,7,3,2
4931428F04Rik,376,451,395,3017,3019,2919
4931428L18Rik,0,0,0,1,0,0
4931429I11Rik,7,12,6,2,0,0
4931429L15Rik,1,4,5,3,1,2
4931429P17Rik,0,1,0,0,0,0
4931431F19Rik,0,0,0,0,0,0
4931432M23Rik,4,0,0,0,1,0
4931440F15Rik,75,96,106,110,107,110
4931440P22Rik,16,25,17,12,16,16
4932411E22Rik,76,63,48,46,22,41
4932411K12Rik,0,0,0,0,0,0
4932411N23Rik,0,0,0,0,0,0
4932412H11Rik,5,14,15,13,12,14
4932414J04Rik,0,0,0,0,0,0
4932414N04Rik,0,0,0,0,0,0
4932415D10Rik,0,0,0,0,0,0
4932418E24Rik,45,76,63,6,12,12
4932422M17Rik,98,57,97,348,366,372
4932425I24Rik,33,50,55,12,4,6
4932429P05Rik,1,0,0,0,0,0
4932430I15Rik,1,0,0,4,1,1
4932431P20Rik,0,2,1,3,1,1
4932438A13Rik,3513,3322,3243,3845,3121,4591
4932438H23Rik,13,15,15,3,4,0
4932441B19Rik,0,0,0,0,0,0
4932441K18Rik,487,406,450,372,323,399
4932442E05Rik,29,27,32,100,79,98
4932442L08Rik,0,7,2,5,4,5
4933400A11Rik,0,0,0,0,0,0
4933400C05Rik,9,17,12,7,6,9
4933401F05Rik,1,0,0,0,1,0
4933402D24Rik,29,17,25,17,8,13
4933402E13Rik,0,0,0,0,0,0
4933402J07Rik,0,0,0,1,0,0
4933402N03Rik,0,0,0,0,1,0
4933402P03Rik,0,0,1,2,3,1
4933403F05Rik,1144,1059,1035,751,684,826
4933403G14Rik,111,89,84,183,184,184
4933403O03Rik,2,0,0,0,0,0
4933404G15Rik,0,0,0,0,0,0
4933404M02Rik,16,19,18,9,8,13
4933405L10Rik,5,8,5,8,11,5
4933406J08Rik,0,0,0,0,0,0
4933406M09Rik,0,1,0,0,1,2
4933406P04Rik,2,2,2,2,2,2
4933407C03Rik,3657,4164,3452,3655,3518,3431
4933407H18Rik,363,290,356,683,495,654
4933407I18Rik,1,3,3,3,1,2
4933407L21Rik,45,54,52,41,23,33
4933407P14Rik,0,0,0,1,3,1
4933408B17Rik,28,16,26,81,112,78
4933409G03Rik,0,0,0,0,0,0
4933409K07Rik,1452,1726,1646,975,955,966
4933411G06Rik,0,0,0,0,0,0
4933411G11Rik,0,0,0,1,1,0
4933411K20Rik,755,661,828,579,500,545
4933412E24Rik,0,0,0,0,0,0
4933413G19Rik,29,40,36,8,10,6
4933414I15Rik,0,0,0,0,0,0
4933415A04Rik,9,6,12,17,30,27
4933415F23Rik,0,0,0,0,0,0
4933416C03Rik,1,0,1,1,3,0
4933416I08Rik,1,0,0,0,1,0
4933417A18Rik,0,0,0,0,0,0
4933421E11Rik,316,276,253,298,241,348
4933421I07Rik,0,0,0,0,0,1
4933422H20Rik,3,2,1,0,0,0
4933424B01Rik,595,597,603,912,700,823
4933425L06Rik,1,0,0,0,0,2
4933425O20Rik,19,32,17,60,59,73
4933426I21Rik,73,60,61,122,90,137
4933426M11Rik,1234,1063,1114,667,552,577
4933427D06Rik,1,2,1,0,2,0
4933427D14Rik,823,793,873,1272,1229,1213
4933427E11Rik,0,2,4,0,1,4
4933427G17Rik,7,9,6,2,0,1
4933427I04Rik,6,3,11,1,2,4
4933427I18Rik,7,11,8,24,17,27
4933428M09Rik,0,0,0,0,0,0
4933429F08Rik,63,35,67,64,62,53
4933430H15Rik,23,30,20,10,10,20
4933430I17Rik,9,6,5,32,17,19
4933432B09Rik,80,78,94,256,225,221
4933432I09Rik,11,22,20,6,2,10
4933433C11Rik,8,1,3,0,1,2
4933433P14Rik,573,649,624,329,296,321
4933434E20Rik,675,734,686,792,737,778
4933434I20Rik,0,0,0,0,0,0
4933436C20Rik,12,20,8,3,5,5
4933436I01Rik,0,0,0,0,0,0
4933437F05Rik,9,43,19,23,32,36
4933439F11Rik,1,0,3,0,2,0
4933439F18Rik,2072,2020,1866,1179,1111,1152
4933440M02Rik,1,0,2,0,1,0
4933440N22Rik,27,32,16,22,23,19
5031410I06Rik,20,9,30,3,1,2
5031414D18Rik,21,17,38,2,3,1
5031434C07Rik,0,1,0,0,2,0
5031439G07Rik,3562,4920,3692,5710,5492,5398
5033411D12Rik,25,33,35,2,0,2
5033414D02Rik,236,190,230,517,513,573
5033421C21Rik,3,8,1,20,24,28
5033430I15Rik,65,58,33,38,41,46
5133401N09Rik,278,234,236,306,320,300
5330417C22Rik,1014,918,1003,294,314,316
5330417H12Rik,0,0,0,0,0,0
5330426P16Rik,29,39,15,64,29,63
5330437I02Rik,33,22,29,60,37,31
5330439B14Rik,0,1,0,1,2,0
5430401F13Rik,0,0,0,0,0,0
5430402E10Rik,0,0,0,0,0,0
5430405G05Rik,76,86,91,376,325,316
5430407P10Rik,48,94,68,23,33,41
5430411K18Rik,1049,1034,1007,722,596,751
5430413K10Rik,0,6,1,4,0,1
5430419D17Rik,0,0,0,0,1,0
5430421N21Rik,0,2,0,0,0,0
5430427O19Rik,5,6,6,1,0,0
5430435G22Rik,27,94,24,3,1,4
5430437P03Rik,1206,1453,1370,1146,1052,1053
5530400B01Rik,0,0,0,0,0,0
5530400C23Rik,0,0,0,0,0,0
5530401A14Rik,16,9,12,6,9,7
5530401N12Rik,6,10,11,34,35,26
5730403B10Rik,3988,4024,4447,1570,1447,1418
5730403M16Rik,210,231,204,344,327,330
5730407I07Rik,8,7,3,1,0,0
5730409E04Rik,2822,2925,2902,579,793,687
5730410E15Rik,1482,1700,1411,3159,3273,3440
5730419I09Rik,1377,1405,1562,2485,2237,2479
5730437N04Rik,598,608,563,444,452,404
5730455O13Rik,325,267,262,444,443,454
5730455P16Rik,1935,1588,1542,1145,1055,1193
5730460C07Rik,0,0,0,0,0,0
5730469M10Rik,2261,2051,1955,747,858,797
5730494M16Rik,1014,875,892,903,910,1051
5730494N06Rik,352,369,441,317,294,338
5730507C01Rik,1,2,3,19,17,29
5730508B09Rik,63,65,49,101,91,92
5730522E02Rik,0,0,0,2,2,1
5730528L13Rik,296,327,285,907,739,697
5730559C18Rik,70,99,74,212,129,133
5730577I03Rik,0,0,0,0,0,0
5730585A16Rik,0,0,0,0,0,0
5730590G19Rik,2,5,7,252,146,183
5730596B20Rik,0,0,0,0,0,0
5730601F06Rik,282,321,284,1323,1094,1467
5830403L16Rik,26,26,37,17,20,19
5830405N20Rik,3,1,4,1,0,0
5830411N06Rik,0,1,0,0,0,0
5830415F09Rik,44,59,45,95,102,94
5830416P10Rik,31,38,50,44,48,41
5830418K08Rik,513,517,508,1102,1081,1354
5830433M19Rik,162,106,96,166,138,240
5830453K13Rik,0,0,0,0,0,0
5830454E08Rik,11,20,12,22,16,12
5830472F04Rik,0,2,2,2,0,3
5830477G23Rik,16,11,24,21,18,20
5930403N24Rik,58,45,35,196,120,185
5930416I19Rik,210,242,248,936,876,769
5930422O12Rik,12,5,13,20,18,16
5930434B04Rik,888,1069,1257,2948,2517,2146
5S_rRNA,62,89,218,175,138,167
5_8S_rRNA,0,0,0,0,0,0
6030405A18Rik,928,744,793,483,642,667
6030408B16Rik,1,3,5,2,4,2
6030419C18Rik,3510,4254,3222,718,721,688
6030422M02Rik,37,29,51,35,49,32
6030426L16Rik,4,5,5,8,12,11
6030429G01Rik,13,14,26,25,15,11
6030445D17Rik,3,5,11,0,2,5
6030446N20Rik,94,115,95,51,66,60
6030452D12Rik,1,0,0,0,0,0
6030458C11Rik,860,715,749,600,614,673
6030468B19Rik,0,0,3,0,0,1
6030469F06Rik,0,0,0,0,0,0
6030498E09Rik,0,1,0,0,0,0
6130401L20Rik,151,133,176,46,61,54
6230409E13Rik,1426,1431,1431,3042,2631,2871
6230427J02Rik,35,64,28,58,56,67
6330403A02Rik,8605,7745,7789,798,1116,1066
6330403K07Rik,0,0,0,0,0,0
6330403L08Rik,759,900,619,159,167,175
6330406I15Rik,363,343,352,29,21,30
6330407J23Rik,2233,2512,2007,6129,4973,5414
6330408A02Rik,499,602,589,662,676,661
6330409D20Rik,21,34,21,35,41,41
6330409N04Rik,1016,916,866,429,431,546
6330416G13Rik,285,329,330,97,117,108
6330416L07Rik,318,217,199,362,279,354
6330439K17Rik,7084,7082,6567,603,499,636
6330444E15Rik,0,1,0,0,0,0
6330503K22Rik,2093,2509,1899,2304,1700,2158
6330512M04Rik,369,427,394,14,13,12
6330527O06Rik,3122,2967,3695,14,15,23
6330545A04Rik,20,38,33,54,47,41
6330577E15Rik,1677,1657,1522,1807,1850,1896
6330578E17Rik,1904,1918,1874,1312,1317,1433
6430526N21Rik,646,858,596,896,841,851
6430527G18Rik,1251,1673,1145,2571,2159,2249
6430531B16Rik,10,6,10,3,3,2
6430548M08Rik,8607,8258,9218,1917,1893,1688
6430550D23Rik,38,31,38,53,44,49
6430553K19Rik,6,4,7,0,0,0
6430571L13Rik,93,104,105,90,79,80
6430573F11Rik,277,238,262,322,322,357
6430598A04Rik,1950,2425,1761,5206,5368,4914
6430704M03Rik,9221,7267,7621,1590,1402,1880
6530401D17Rik,2212,2489,1899,1902,2016,2004
6530401N04Rik,247,282,236,133,154,132
6530403G13Rik,0,0,0,0,0,0
6530411M01Rik,7,9,4,13,9,13
6530418L21Rik,2958,3087,3259,248,272,183
6720401G13Rik,161,157,234,143,97,126
6720456B07Rik,2380,2625,2624,1698,1808,1505
6720456H20Rik,549,510,468,343,343,357
6720457D02Rik,27,21,32,42,30,30
6720463M24Rik,59,74,83,252,216,231
6720489N17Rik,61,58,45,76,93,78
6820408C15Rik,68,58,62,19,24,20
7.114106511-114462493.1,5,7,5,2,4,6
7.95953348-96898860.1,5,0,1,4,2,6
7420416P09Rik,4,1,7,0,0,0
7420426K07Rik,0,0,0,0,0,0
7SK,734,706,856,793,521,596
8030411F24Rik,0,0,0,0,0,0
8030423F21Rik,0,3,2,0,0,3
8030423J24Rik,2,3,1,1,0,0
8030462N17Rik,645,664,631,476,333,420
8430406I07Rik,111,134,116,133,143,120
8430408G22Rik,34,21,38,31,17,21
8430410A17Rik,281,348,320,487,449,403
8430410K20Rik,1370,1326,1220,1320,1152,1310
8430419L09Rik,5936,5686,6566,3042,3227,2956
8430426H19Rik,146,132,96,191,176,253
8430427H17Rik,1298,1622,1200,3843,3532,3750
8430432A02Rik,15,16,18,5,8,15
9.104944562-105295281.1,2,0,0,1,0,0
9030025P20Rik,886,826,943,993,832,1157
9030224M15Rik,38,23,26,3,5,2
9030409G11Rik,2478,2642,2673,1928,1853,1771
9030418K01Rik,1782,1511,1533,340,332,370
9030420J04Rik,193,123,141,192,191,266
9030425E11Rik,732,634,635,3852,3692,3881
9030607L17Rik,400,355,402,280,309,268
9030612E09Rik,71,43,50,36,47,43
9030617O03Rik,153,167,205,42,59,41
9030619P08Rik,1,0,0,0,0,0
9030624G23Rik,9,7,11,15,26,20
9030624J02Rik,1073,1220,1053,2068,1962,1939
9030625A04Rik,111,97,83,20,25,19
9130004J05Rik,0,0,0,0,0,0
9130008F23Rik,1,1,2,5,6,6
9130011E15Rik,481,504,453,677,683,665
9130011J15Rik,805,826,843,901,865,854
9130014G24Rik,26,24,34,1,0,2
9130017N09Rik,2,4,6,17,14,17
9130019O22Rik,101,79,72,159,131,131
9130023H24Rik,41,27,35,43,42,29
9130221D24Rik,0,0,0,0,0,0
9130230L23Rik,0,0,0,0,0,0
9130401M01Rik,428,494,438,357,420,364
9130404D08Rik,1302,1480,1467,2314,2226,2304
9130404H23Rik,0,1,0,0,0,0
9130409I23Rik,2,1,1,1,0,1
9230009I02Rik,3,2,5,1,0,0
9230019H11Rik,0,0,0,0,0,0
9230104L09Rik,0,0,1,0,0,0
9230105E10Rik,84,49,63,36,33,37
9230107M04Rik,0,0,0,0,0,0
9230109A22Rik,3,2,5,1,2,4
9230110C19Rik,121,102,103,92,90,134
9230110F15Rik,1,0,0,0,0,0
9230110K08Rik,7,4,3,3,3,2
9230112D13Rik,0,0,0,0,0,0
9230112E08Rik,268,287,343,151,155,163
9330101J02Rik,54,64,65,27,26,24
9330120H11Rik,94,76,92,43,38,48
9330129D05Rik,63,53,85,13,17,15
9330133O14Rik,51,38,48,84,59,76
9330160F10Rik,0,0,0,0,0,0
9330161L09Rik,3,2,1,21,23,10
9330171B17Rik,31,58,37,24,25,21
9330175E14Rik,1,1,0,0,0,0
9330176C04Rik,21,27,19,34,32,23
9330182L06Rik,1620,1412,1294,797,965,1290
9430002A10Rik,5,3,6,6,3,5
9430015G10Rik,378,380,538,1046,989,979
9430016H08Rik,286,276,325,246,265,294
9430020K01Rik,3999,3725,4020,473,492,512
9430023L20Rik,654,815,800,741,762,642
9430025M13Rik,54,48,43,102,108,128
9430031J16Rik,1139,938,933,1029,648,1251
9430038I01Rik,48,54,50,96,94,83
9430060I03Rik,0,0,4,0,0,0
9430070O13Rik,3,0,3,10,4,6
9430077A04Rik,1,0,0,0,0,0
9430097D07Rik,9,2,6,3,1,1
9530002B09Rik,0,0,0,0,0,0
9530002K18Rik,0,0,0,0,0,0
9530003J23Rik,0,1,1,0,0,0
9530008L14Rik,3,3,2,0,2,1
9530020O07Rik,1,1,3,3,6,1
9530053A07Rik,10,6,11,14,5,5
9530068E07Rik,1614,1721,1364,1254,1201,1223
9530077C05Rik,116,113,111,118,106,115
9630014M24Rik,0,0,0,0,0,0
9630025I21Rik,159,145,173,124,96,130
9630033F20Rik,741,854,773,483,484,423
9630041A04Rik,2,3,1,16,9,8
9830001H06Rik,968,1228,824,5613,4388,4882
9830107B12Rik,0,0,0,0,0,0
9930012K11Rik,32,29,45,55,54,62
9930013L23Rik,446,532,544,184,154,180
9930014A18Rik,12,11,14,56,50,51
9930021D14Rik,0,0,0,0,0,0
9930021J03Rik,337,332,341,476,411,583
9930022D16Rik,0,0,0,2,1,1
9930023K05Rik,10,10,11,4,7,5
9930032O22Rik,0,0,0,0,0,0
9930111J21Rik1,70,50,67,9,8,7
A130010J15Rik,77,75,72,144,96,127
A130022J15Rik,708,608,699,428,420,502
A130042E20Rik,122,109,89,93,102,104
A130050O07Rik,1,0,6,6,6,5
A130095M15Rik,0,0,0,0,0,0
A1bg,0,2,0,0,0,0
A1cf,1,0,0,0,0,0
A230006K03Rik,244,226,227,65,82,65
A230046K03Rik,1073,916,912,997,889,1253
A230050P20Rik,1101,1115,1212,118,99,113
A230051G13Rik,177,208,215,265,271,269
A230051N06Rik,35,36,28,17,14,6
A230052G05Rik,13,15,10,37,28,29
A230072I06Rik,0,0,0,6,1,7
A230083G16Rik,62,38,54,49,59,38
A2bp1,6894,5468,5880,3382,3007,3305
A2ld1,268,272,297,25,11,15
A2m,508,166,420,105,93,131
A330008L17Rik,109,55,82,58,45,70
A330017A19Rik,17,11,6,12,7,10
A330021E22Rik,402,354,369,216,174,203
A330049M08Rik,16,8,21,11,5,9
A330070K13Rik,1,6,4,0,0,0
A330084C13Rik,36,44,9,137,172,181
A3galt2,7,5,2,103,82,84
A430005L14Rik,275,292,213,245,239,203
A430033K04Rik,325,306,293,553,523,536
A430078G23Rik,3,1,2,1,0,4
A430084P05Rik,3,4,1,0,0,0
A430089I19Rik,0,0,0,0,0,0
A430090L17Rik,4,2,4,5,2,4
A430093F15Rik,2,1,2,1,1,0
A430105I19Rik,184,169,235,102,103,104
A430107O13Rik,114,84,76,15,11,14
A430110L20Rik,43,34,52,43,49,56
A430110N23Rik,51,56,65,35,47,38
A4galt,62,35,60,7,8,6
A4gnt,5,5,4,0,2,1
A530016L24Rik,7,16,9,2,2,1
A530021J07Rik,6,3,1,0,0,0
A530023O14Rik,5,7,3,0,0,1
A530032D15Rik,37,30,23,23,20,26
A530040E14Rik,0,0,0,0,0,0
A530053G22Rik,5,0,3,0,0,0
A530054K11Rik,380,299,270,410,315,501
A530064D06Rik,1,0,0,0,0,1
A530088E08Rik,0,0,2,1,0,1
A530088H08Rik,0,0,0,0,0,0
A530095I07Rik,3,2,4,1,0,1
A530098C11Rik,2,4,6,34,30,51
A530099J19Rik,0,0,0,0,0,0
A630001G21Rik,17,12,18,5,8,3
A630001O12Rik,0,1,0,0,0,0
A630007B06Rik,1449,1306,1265,1457,1436,1568
A630010A05Rik,0,0,0,0,0,0
A630033E08Rik,401,304,312,568,432,671
A630033H20Rik,4,6,1,4,1,2
A630036L10Rik,0,0,0,0,0,0
A630055G03Rik,2,1,1,11,14,8
A630089N07Rik,4,4,7,12,10,5
A630091E08Rik,0,0,0,0,0,0
A630095E13Rik,0,0,0,0,0,0
A630098A13Rik,8,0,6,0,0,0
A730011L01Rik,0,0,0,0,0,0
A730013G03Rik,0,0,1,2,2,0
A730017C20Rik,682,838,707,972,945,989
A730018C14Rik,1,5,4,13,8,9
A730020M07Rik,3,0,10,0,0,0
A730037C10Rik,3,9,9,7,4,6
A730045E13Rik,0,0,0,0,0,0
A730049H05Rik,2,1,1,1,0,4
A730061H03Rik,2,0,2,0,2,1
A730069N07Rik,84,84,90,29,20,30
A730085E03Rik,0,1,1,0,0,0
A830005F24Rik,6,14,8,7,10,12
A830007P12Rik,63,75,98,25,18,23
A830010M20Rik,3862,3794,3677,1181,1097,1285
A830018L16Rik,1205,1002,1149,162,185,255
A830019P07Rik,25,21,11,1,0,0
A830031A19Rik,12,13,11,6,5,5
A830080D01Rik,225,186,174,536,417,573
A830092H15Rik,108,121,113,144,89,109
A830093I24Rik,122,74,49,63,52,69
A930001N09Rik,1466,1153,1318,775,635,839
A930002H24Rik,5,1,4,9,5,8
A930002I21Rik,0,0,0,0,0,0
A930003A15Rik,7,4,6,0,0,0
A930004D18Rik,126,146,100,185,171,144
A930005H10Rik,125,128,118,60,46,41
A930005I04Rik,27,67,39,53,59,59
A930006D01Rik,0,0,0,0,0,0
A930018P22Rik,0,1,0,0,0,1
A930038C07Rik,232,236,196,235,293,404
AA066038,0,0,1,0,0,0
AA386476,7,11,10,12,7,10
AA388235,106,100,87,529,521,581
AA408296,387,419,425,1042,961,909
AA415398,78,77,81,62,73,63
AA467197,0,2,2,0,0,0
AA474408,0,1,1,2,0,2
AA792892,3,0,0,0,0,0
AA881470,422,453,427,559,517,551
AA960436,158,141,146,404,408,402
AA986860,84,56,73,10,15,7
AA987161,325,272,267,326,253,393
AB041803,23,6,15,2,0,0
AB041806,27,16,15,4,6,3
AB056442,0,0,0,1,0,0
AB124611,4,12,10,23,12,16
AC007307.1,0,0,0,0,0,0
AC007307.2,0,0,0,0,0,0
AC007307.3,0,0,0,0,0,0
AC007307.4,0,0,0,0,0,0
AC007585.1,0,0,0,0,0,0
AC007585.2,0,0,0,0,0,0
AC012382.1,67,74,58,126,131,135
AC015583.1,0,0,0,0,0,0
AC015800.2,10,12,9,8,11,7
AC015800.4,138,163,118,210,203,205
AC016522.1,3,2,1,0,0,0
AC016522.2,0,0,1,0,0,1
AC016791.5,59,63,60,7,16,11
AC016814.1,0,0,0,0,0,0
AC020967.1,195,242,206,236,252,254
AC020968.1,0,0,0,0,0,0
AC020971.2,238,279,242,340,312,325
AC021642.1,0,0,0,0,0,0
AC022298.1,0,0,0,0,0,0
AC022675.2,0,0,0,0,0,0
AC022699.1,1219,1234,1145,985,1043,1037
AC024607.1,1,0,2,1,1,2
AC025622.1,754,897,611,2405,2139,1863
AC025622.3,387,291,241,296,279,379
AC025669.4,203,161,166,325,315,301
AC026231.3,4,7,2,21,33,23
AC026233.1,0,0,1,0,0,0
AC026478.1,2691,3042,3133,5119,4951,4416
AC026949.1,0,0,0,0,0,0
AC026949.2,21,26,36,62,68,74
AC027184.2,255,214,259,58,52,69
AC027184.4,0,0,0,0,1,0
AC027285.1,0,1,0,2,2,1
AC027298.1,531,657,752,602,742,858
AC027740.1,0,0,0,0,0,0
AC034099.1,0,0,0,0,0,0
AC034255.1,86,106,39,91,86,96
AC046145.1,411,425,459,1584,1341,1145
AC048362.1,0,0,0,0,0,0
AC051638.1,0,0,0,0,0,0
AC055772.1,14,14,11,59,29,35
AC055818.1,0,0,0,0,0,0
AC068006.3,0,1,0,0,1,1
AC068006.4,1,2,1,1,0,0
AC068663.3,0,0,1,1,0,0
AC068905.1,0,0,0,0,0,0
AC068906.1,0,0,0,0,0,0
AC069559.1,0,0,0,0,0,0
AC073553.1,0,0,0,0,0,0
AC073553.10,0,0,0,0,0,0
AC073553.11,0,0,0,0,0,0
AC073553.12,0,0,0,0,0,0
AC073553.13,0,0,0,0,0,0
AC073553.14,0,0,0,0,0,0
AC073553.15,0,0,0,1,0,0
AC073553.16,0,0,0,0,0,0
AC073553.17,0,0,0,0,0,0
AC073553.18,2,1,1,0,0,0
AC073553.2,0,0,0,0,0,0
AC073553.3,0,0,0,0,0,0
AC073553.4,0,0,0,0,0,0
AC073553.5,2,0,0,0,0,0
AC073553.6,0,0,0,0,0,0
AC073553.7,0,0,0,0,0,0
AC073553.8,0,0,0,0,0,0
AC073553.9,0,2,3,2,0,0
AC073561.1,0,0,0,0,0,0
AC073561.10,0,0,0,0,0,0
AC073561.2,0,0,0,0,0,0
AC073561.3,0,0,0,0,0,0
AC073561.4,0,0,0,0,0,0
AC073561.5,0,0,0,0,0,0
AC073561.6,2,0,2,0,0,0
AC073561.7,0,0,0,0,0,0
AC073561.8,0,0,0,0,0,0
AC073561.9,0,0,0,0,0,0
AC073563.1,0,0,0,0,0,0
AC073563.2,1,0,1,0,0,0
AC073563.3,0,0,0,0,0,0
AC073563.4,0,0,0,0,0,0
AC073563.5,0,0,0,0,0,0
AC073563.6,0,0,0,0,0,0
AC073563.7,0,0,0,0,0,0
AC073563.8,0,0,0,0,0,0
AC073563.9,1,0,1,0,0,0
AC073565.1,0,0,0,0,0,0
AC073565.2,0,0,0,0,0,0
AC073565.3,0,0,0,0,0,0
AC073565.4,0,0,0,0,0,0
AC073565.5,1,0,0,0,0,0
AC073565.6,0,0,0,0,0,0
AC073589.1,0,0,0,0,0,0
AC073589.2,0,0,0,0,0,0
AC073589.3,0,0,0,0,0,0
AC073589.4,0,0,0,0,0,0
AC073589.5,0,0,0,0,0,0
AC073589.6,0,0,0,0,0,0
AC073590.1,0,0,0,0,0,0
AC073590.2,0,0,0,0,0,0
AC073590.3,0,0,0,0,0,0
AC073590.4,0,0,0,0,0,0
AC073590.5,0,1,0,0,0,0
AC073590.6,0,0,0,0,0,0
AC073590.7,0,0,0,0,0,0
AC073599.2,3,0,2,5,3,7
AC073599.3,2,0,1,0,1,1
AC073939.1,0,0,0,0,0,0
AC073939.2,0,0,0,0,0,0
AC073939.3,0,0,1,0,0,0
AC073939.4,0,0,0,0,0,0
AC073939.5,0,0,0,0,0,0
AC073946.1,6,11,7,29,13,24
AC073946.2,0,0,0,0,1,1
AC074229.2,0,0,0,0,1,0
AC074310.1,0,0,0,0,0,0
AC074329.1,0,0,0,0,0,0
AC074329.2,0,0,0,0,0,0
AC074329.3,0,0,1,0,0,0
AC074329.4,1,0,0,0,0,0
AC074329.5,0,0,0,0,0,0
AC074329.6,0,0,1,0,0,0
AC074336.1,42,34,44,46,46,38
AC076974.1,370,342,348,245,231,275
AC078896.2,134,259,138,87,54,91
AC079042.1,2521,2462,2627,812,833,866
AC079130.1,0,0,0,0,0,0
AC079181.1,0,0,0,0,0,0
AC079181.2,1,0,0,0,0,0
AC079181.3,0,0,0,0,0,0
AC079181.4,1,0,0,0,0,0
AC079181.5,0,0,0,0,0,0
AC079181.6,0,0,0,0,0,0
AC079181.7,0,0,0,0,0,0
AC079245.1,0,1,0,1,2,1
AC079273.1,0,0,0,0,0,0
AC079273.2,0,0,0,0,0,0
AC079273.3,0,0,0,0,0,0
AC079273.4,0,0,1,0,0,0
AC079273.5,0,0,0,0,0,0
AC079273.6,0,0,0,0,0,0
AC079441.1,14,16,19,7,9,3
AC079442.1,0,0,1,1,0,0
AC079443.1,745,809,715,985,813,955
AC079644.1,11,13,19,12,8,18
AC079644.2,57,67,53,120,89,113
AC079644.3,0,0,0,0,0,0
AC079644.4,89,89,63,211,183,166
AC079644.5,5,1,4,3,1,3
AC079644.6,0,0,0,0,3,0
AC079817.1,0,0,0,0,0,0
AC079817.2,0,0,0,0,0,0
AC079817.3,2,0,0,0,0,0
AC079817.4,0,0,0,0,0,0
AC079831.1,41,34,37,46,28,47
AC080158.1,3,0,2,4,3,4
AC083892.1,0,0,0,0,0,0
AC083948.1,0,0,0,0,0,0
AC083948.4,0,0,0,0,0,0
AC083948.7,200,209,141,303,318,376
AC084054.1,0,0,0,0,0,0
AC084071.1,4,5,6,0,0,0
AC084109.5,69,86,70,28,23,19
AC084109.6,0,0,0,0,0,0
AC084162.2,0,0,0,0,0,0
AC084162.5,4,4,6,8,11,11
AC084287.2,0,0,0,2,0,0
AC084322.1,0,1,1,1,1,0
AC084383.1,0,0,0,0,0,0
AC084389.1,0,0,0,0,0,0
AC084390.1,0,0,0,0,0,0
AC084390.5,125,88,76,150,138,176
AC084391.1,0,0,0,0,0,0
AC084391.4,1,2,6,1,1,0
AC084821.1,518,552,529,1116,1131,1098
AC084822.4,0,0,0,0,0,0
AC087062.1,0,0,0,0,0,0
AC087062.10,17,11,28,24,25,29
AC087062.5,0,0,2,1,0,3
AC087062.7,41,33,61,120,84,96
AC087062.8,25,26,38,56,65,79
AC087115.1,1,1,4,5,6,8
AC087117.1,69,83,76,530,533,539
AC087166.1,0,0,0,0,0,0
AC087166.2,0,0,0,0,0,0
AC087166.3,0,0,0,0,0,0
AC087166.4,0,0,0,0,0,0
AC087166.5,0,0,0,0,0,0
AC087183.1,0,0,0,0,0,0
AC087183.2,8,3,6,7,9,12
AC087183.3,1,0,0,0,0,0
AC087184.2,0,2,1,2,3,4
AC087233.1,228,225,196,102,109,79
AC087336.2,0,0,0,0,0,0
AC087420.7,0,1,0,4,0,0
AC087540.2,1,1,0,0,0,0
AC087541.3,8,4,4,2,3,3
AC087556.1,0,0,0,0,0,0
AC087559.1,0,0,0,0,0,0
AC087559.10,0,0,0,0,0,0
AC087559.11,0,0,0,0,0,0
AC087559.2,0,0,0,0,0,0
AC087559.3,0,0,0,0,0,0
AC087559.4,0,0,0,0,0,0
AC087559.5,0,0,0,0,0,0
AC087559.6,0,0,0,0,0,0
AC087559.7,0,0,0,0,0,0
AC087559.8,0,0,0,0,0,0
AC087559.9,0,0,0,0,0,0
AC087780.1,0,0,0,0,0,0
AC087780.13,0,0,0,0,0,0
AC087780.9,0,0,0,0,0,0
AC087781.1,0,1,0,0,0,0
AC087801.1,2,3,1,6,2,1
AC087801.10,0,0,0,0,0,1
AC087801.11,1,0,0,0,0,0
AC087801.2,0,0,0,0,0,0
AC087801.5,0,0,0,0,0,0
AC087801.6,0,0,0,0,0,0
AC087801.7,0,0,0,0,0,0
AC087801.8,0,0,0,0,0,0
AC087801.9,0,0,0,0,0,0
AC087802.1,1,0,3,1,5,2
AC087891.2,0,0,0,0,0,0
AC087898.1,1,0,0,0,0,0
AC087902.1,0,0,1,1,1,0
AC087903.1,0,4,3,2,1,1
AC090123.1,0,0,0,0,0,0
AC090123.2,575,712,420,420,415,425
AC090127.1,0,0,0,0,0,0
AC090127.6,0,0,0,0,0,0
AC090489.1,0,0,0,1,0,0
AC090496.1,0,0,0,0,0,0
AC090647.1,2,2,1,4,1,3
AC090648.1,0,0,0,0,0,0
AC090652.2,1,0,1,1,0,1
AC090843.1,0,0,0,0,0,0
AC090843.2,0,0,0,0,0,0
AC090843.3,0,0,1,0,0,0
AC090843.4,0,0,0,0,0,0
AC090843.5,0,0,0,0,0,0
AC090843.6,0,0,0,0,0,0
AC090843.7,0,0,0,0,0,0
AC090887.1,0,0,0,0,0,0
AC090887.10,0,0,0,0,0,0
AC090887.11,0,0,0,0,0,0
AC090887.2,0,0,0,0,0,0
AC090887.3,0,0,0,0,0,0
AC090887.4,196,157,166,242,211,261
AC090887.5,0,0,0,0,0,0
AC090887.6,0,0,0,0,0,0
AC090887.7,0,0,0,0,0,0
AC090887.8,0,0,0,0,0,0
AC090887.9,0,0,0,0,0,0
AC090963.2,27,18,10,1,0,2
AC090963.3,12,12,18,1,1,0
AC091260.2,18,22,16,1,2,0
AC091274.2,5,1,1,3,8,3
AC091274.3,1,1,2,5,6,5
AC091324.1,0,0,0,0,0,0
AC091333.1,0,0,0,0,0,4
AC091333.2,0,0,0,0,0,0
AC091465.2,12,2,4,5,11,8
AC091470.1,0,0,0,0,0,0
AC091521.2,899,972,971,1085,1008,817
AC091531.1,1,2,2,1,1,6
AC091681.1,2,3,3,3,4,1
AC091683.1,66,36,47,51,51,47
AC092404.2,35569,43129,39399,35648,36849,33412
AC092479.1,909,1088,1064,2452,2312,1834
AC092752.1,0,0,1,0,0,0
AC092855.1,0,1,2,3,3,3
AC092855.6,24,24,44,35,35,35
AC093317.1,0,0,0,2,1,0
AC093317.3,19,14,21,10,10,18
AC093339.1,20,10,28,19,18,20
AC093341.1,31,41,32,4,5,7
AC093350.4,0,0,0,0,0,0
AC093356.1,505,739,641,2928,2855,2381
AC093356.2,1,0,0,0,0,0
AC093356.3,0,0,0,0,0,0
AC093356.4,0,0,0,0,0,0
AC093356.5,0,0,0,0,0,0
AC093359.1,0,0,0,0,0,0
AC093366.4,0,1,1,2,2,1
AC093451.2,63,58,52,78,56,87
AC093473.3,2,2,1,1,1,1
AC093926.2,0,0,0,2,1,0
AC096628.2,62,76,69,163,134,115
AC097273.1,2523,2456,2933,3701,3618,3134
AC097273.3,5,4,11,4,2,2
AC097273.4,0,1,0,5,1,3
AC097273.7,1,0,1,0,1,0
AC098707.1,38,42,45,2,2,2
AC098714.1,0,0,0,0,0,0
AC098719.1,0,0,0,0,0,0
AC098722.1,614,634,566,1197,1195,1232
AC098726.1,0,0,0,0,0,0
AC098733.1,74,85,76,65,72,62
AC098736.3,1,1,4,0,2,2
AC098838.1,3,3,4,5,7,3
AC098849.1,2627,2792,2630,6926,6847,6303
AC098875.2,22,19,16,9,11,22
AC098881.2,0,1,0,1,0,0
AC098884.2,0,0,0,0,0,0
AC099572.1,3714,4152,4795,9548,9924,8234
AC099576.1,0,0,0,0,0,0
AC099590.1,426,459,414,985,938,702
AC099599.1,214,319,372,262,228,225
AC099599.2,0,0,0,0,0,0
AC099601.1,0,0,0,0,0,0
AC099609.1,0,2,2,2,1,1
AC099621.1,0,0,0,0,0,0
AC099627.1,7,5,5,0,2,1
AC099640.1,18,16,13,4,3,4
AC099645.1,3,7,1,0,0,0
AC099696.1,311,262,255,250,238,245
AC099701.1,7,12,5,16,11,16
AC099702.1,3,0,1,0,0,1
AC099723.3,1,2,2,3,0,2
AC099930.2,149,129,146,104,111,96
AC099930.3,77,142,112,1074,1069,1133
AC099934.1,0,0,0,0,2,0
AC100149.2,0,0,1,0,0,1
AC100180.1,5,2,5,0,0,0
AC100180.2,95,104,78,114,128,100
AC100183.2,0,0,0,0,0,0
AC100322.1,2,1,1,0,0,0
AC100382.1,1219,1204,1353,727,578,641
AC100386.1,530,565,598,790,845,889
AC100386.2,0,0,0,0,0,0
AC100541.1,0,0,0,0,0,0
AC100561.1,15,11,14,19,13,17
AC100600.1,1,0,0,0,0,0
AC100730.1,23,30,31,20,40,34
AC100730.2,5,2,2,8,8,8
AC100733.2,177,161,129,110,92,109
AC100735.2,0,0,1,0,1,0
AC100736.1,11,9,17,13,7,12
AC100751.2,78,70,78,14,10,14
AC100927.1,581,685,639,2187,1714,1837
AC100927.2,1,1,2,8,9,11
AC101004.1,0,0,0,0,0,0
AC101022.1,0,0,0,0,0,0
AC101299.1,0,0,0,0,0,0
AC101299.2,6,9,7,12,11,12
AC101299.3,59,17,32,9,2,12
AC101490.3,16,17,21,15,20,23
AC101659.2,4,1,0,1,4,5
AC101660.1,6,3,12,0,1,2
AC101685.1,57,85,69,48,64,51
AC101688.1,1,0,0,1,1,1
AC101702.1,0,0,0,0,0,0
AC101719.1,0,0,0,0,0,0
AC101740.1,2,2,2,0,0,0
AC101743.1,0,0,0,0,1,0
AC101743.2,87,89,65,8,6,7
AC101777.1,245,161,203,479,498,608
AC101777.2,0,0,0,0,0,0
AC101789.1,37,20,19,26,30,41
AC101789.2,0,1,0,0,0,0
AC101790.1,8,7,7,17,17,9
AC101807.1,252,224,253,138,107,137
AC101812.1,1685,970,1048,898,497,362
AC101816.1,572,669,520,553,494,526
AC101822.1,0,0,1,0,1,1
AC101827.1,84,99,76,37,39,57
AC101886.1,0,0,0,0,0,1
AC101915.1,3,3,2,6,3,2
AC101915.2,7,7,4,5,12,8
AC101941.3,129,81,54,47,50,68
AC101941.4,0,0,0,0,0,0
AC101941.5,9,2,5,0,0,0
AC101941.6,0,0,0,0,0,0
AC101970.1,0,0,0,0,0,0
AC101973.1,0,0,0,0,0,0
AC102009.2,264,258,239,233,260,241
AC102055.2,2,4,6,8,4,3
AC102055.4,2,5,10,9,4,8
AC102064.1,18,14,14,11,13,10
AC102077.1,0,0,0,0,1,1
AC102096.3,16,13,17,12,15,11
AC102103.1,14,8,7,8,3,3
AC102103.2,1509,1459,1877,3479,3146,2718
AC102114.1,404,499,429,514,471,405
AC102115.2,525,408,375,455,420,549
AC102121.1,0,0,0,0,0,0
AC102121.2,2580,2880,3291,8453,9095,7572
AC102121.3,329,275,278,168,140,212
AC102121.4,0,0,0,0,0,0
AC102156.2,33,27,29,13,15,12
AC102176.1,0,0,0,2,3,1
AC102195.1,0,0,0,0,0,0
AC102198.1,0,0,0,0,2,2
AC102205.1,0,0,0,0,0,0
AC102224.1,0,1,3,3,0,0
AC102224.2,0,0,0,1,2,2
AC102225.3,0,1,0,0,0,0
AC102227.1,0,0,0,0,0,0
AC102227.2,245,242,273,136,113,123
AC102235.1,1,0,1,1,12,13
AC102242.1,9,5,1,10,4,5
AC102248.2,182,195,211,185,133,191
AC102249.1,22,14,26,1,1,1
AC102262.1,88,126,95,44,43,50
AC102264.1,0,0,0,0,0,0
AC102287.1,0,0,1,1,5,8
AC102296.1,37,22,56,17,16,17
AC102311.1,289,284,204,1942,1837,1876
AC102313.1,463,443,519,576,577,661
AC102352.1,1037,1013,882,1943,1931,1786
AC102361.1,136,146,116,69,50,57
AC102363.1,0,0,0,0,0,0
AC102365.1,0,0,0,0,0,0
AC102372.2,0,0,0,0,0,0
AC102373.1,0,0,0,0,0,0
AC102376.1,27,16,14,24,27,37
AC102377.2,1983,2178,1969,4338,4207,3727
AC102388.1,13,19,7,0,1,2
AC102426.1,0,0,0,0,0,0
AC102435.1,0,0,0,0,0,0
AC102440.1,0,0,0,0,0,0
AC102441.1,293,310,284,496,511,506
AC102446.1,1,0,2,0,0,0
AC102446.2,1,1,0,0,0,1
AC102457.2,0,0,0,0,0,0
AC102463.1,0,0,0,0,0,0
AC102463.2,0,0,0,0,0,0
AC102469.1,0,1,0,1,2,0
AC102477.1,0,0,0,0,0,0
AC102480.2,0,0,0,0,0,0
AC102483.1,4087,4242,3735,9021,9285,8313
AC102488.1,993,1123,1051,2961,2571,2642
AC102494.1,9,11,6,503,285,368
AC102503.1,0,1,3,2,1,2
AC102509.1,148,116,131,25,31,30
AC102518.1,34,35,36,93,88,86
AC102524.1,25,48,25,38,57,50
AC102528.1,0,0,0,0,0,0
AC102535.1,0,0,0,0,0,0
AC102535.2,18,26,31,141,131,128
AC102547.1,6,4,4,12,9,5
AC102553.1,0,0,0,0,0,0
AC102561.1,690,630,618,1541,1684,1534
AC102561.2,0,0,0,0,0,0
AC102562.1,2804,3054,3088,16644,17013,15108
AC102570.1,130,126,111,278,255,313
AC102570.3,1,1,0,0,0,0
AC102572.1,0,0,0,0,0,0
AC102575.1,0,0,0,0,0,0
AC102575.2,3074,5086,5537,29169,25868,18547
AC102594.2,0,0,0,0,0,0
AC102594.3,0,0,0,0,0,0
AC102609.1,0,0,0,0,0,0
AC102609.2,52,46,46,60,57,58
AC102609.3,10,8,4,12,6,8
AC102611.2,1,2,3,0,1,0
AC102628.1,0,0,1,0,0,0
AC102632.1,0,0,0,0,0,0
AC102643.1,0,0,0,0,0,0
AC102643.2,1,1,0,0,0,2
AC102654.1,0,0,0,0,0,0
AC102656.1,0,1,0,0,0,0
AC102656.2,0,0,0,0,0,0
AC102668.1,0,0,0,0,0,0
AC102689.1,0,0,0,0,0,0
AC102689.2,0,0,0,0,0,0
AC102703.1,0,0,0,0,0,0
AC102735.1,720,879,871,273,272,251
AC102739.1,40,38,35,12,11,10
AC102749.2,0,0,0,0,0,0
AC102761.1,0,1,0,0,0,0
AC102786.2,28,29,15,23,22,20
AC102792.2,21,16,25,17,27,38
AC102815.1,275,318,200,342,192,312
AC102815.2,0,0,1,2,0,1
AC102841.2,20,29,17,19,14,30
AC102847.1,0,0,0,0,0,0
AC102860.1,132,170,164,142,152,140
AC102874.1,189,249,213,401,404,406
AC102895.1,4,3,7,2,1,1
AC102895.2,2,5,7,18,7,14
AC102902.1,0,0,0,0,0,0
AC102902.2,0,0,0,0,0,0
AC102906.1,3040,3536,3615,7802,7351,6167
AC103351.1,0,0,0,0,0,1
AC103380.1,15,10,19,50,62,47
AC103388.1,0,1,0,0,0,0
AC103397.2,0,0,1,0,0,0
AC103405.1,363,332,364,116,141,166
AC103620.1,5266,4844,5288,11477,12212,11263
AC103620.4,43,40,73,7,15,20
AC103621.1,30,30,15,7,6,10
AC103623.1,1089,1154,1200,1554,1629,1311
AC103664.1,0,0,0,0,0,0
AC104095.1,28,18,15,23,8,15
AC104196.1,0,0,0,0,0,0
AC104196.2,49,15,35,50,41,59
AC104225.3,0,1,1,0,0,0
AC104225.4,9,3,5,2,2,0
AC104747.1,0,0,0,0,0,0
AC104747.2,0,0,0,4,0,0
AC104832.1,1,0,0,0,1,0
AC104834.2,4,3,3,1,0,1
AC104862.1,0,0,0,0,0,0
AC104882.1,2,5,3,0,0,0
AC104882.4,1008,837,803,1867,2060,1909
AC104889.1,38,41,84,22,27,26
AC104896.2,0,1,1,1,1,0
AC104898.1,0,1,0,4,2,0
AC104917.1,5,3,6,4,3,11
AC104920.1,169,215,206,414,345,394
AC104921.1,44,19,49,46,39,66
AC104930.1,315,305,286,843,647,806
AC105067.1,0,0,1,0,0,2
AC105155.1,0,0,0,0,0,0
AC105173.1,14,7,6,4,1,2
AC105256.1,0,0,0,0,0,0
AC105256.3,209,221,192,696,584,709
AC105298.1,85,92,98,25,38,17
AC105305.1,2,1,1,3,0,1
AC105324.1,0,0,0,0,0,0
AC105324.3,0,0,0,0,0,0
AC105336.1,26,35,34,28,19,26
AC105947.1,0,2,2,0,0,0
AC105966.1,0,1,1,0,3,1
AC105966.2,0,0,0,2,1,0
AC105982.1,0,0,0,1,0,0
AC106841.1,1,0,0,0,0,2
AC107236.1,1080,1076,1025,2706,2602,2240
AC107454.1,0,0,0,0,0,0
AC107456.1,0,0,0,0,0,0
AC107638.2,9,7,5,21,18,17
AC107641.2,136,118,152,287,228,326
AC107663.1,17,27,28,4,13,9
AC107664.1,0,1,4,11,12,10
AC107669.1,3005,3072,3127,3119,3276,2696
AC107671.1,0,0,0,0,0,0
AC107678.1,0,0,0,0,0,0
AC107701.1,63,33,41,25,32,32
AC107704.1,0,0,0,0,1,0
AC107720.1,0,0,0,0,0,0
AC107721.1,236,213,224,465,385,551
AC107744.1,126,179,175,498,527,541
AC107755.1,0,0,0,0,0,0
AC107756.1,0,0,0,0,0,0
AC107757.1,84,80,53,172,134,149
AC107763.2,516,409,416,456,449,444
AC107763.3,0,0,0,0,0,0
AC107765.1,157,162,182,291,170,223
AC107766.1,17,8,19,8,3,2
AC107770.2,448,373,309,396,432,557
AC107772.1,2,2,1,0,0,0
AC107810.1,0,0,0,0,0,0
AC107815.1,256,257,287,244,230,219
AC107815.5,5431,5813,4933,6891,6856,6915
AC107822.5,12,20,11,1,1,2
AC107822.6,2,2,2,1,1,0
AC107830.1,0,0,0,0,0,0
AC107830.2,0,0,0,0,1,0
AC107839.1,24,25,36,277,225,176
AC107864.1,551,595,829,388,322,323
AC107864.2,0,0,0,0,0,0
AC107865.1,0,0,0,0,0,0
AC107868.1,0,0,0,0,0,0
AC108391.1,0,0,0,0,0,0
AC108401.1,99,101,84,43,36,52
AC108410.1,0,0,0,0,0,0
AC108410.3,0,0,0,0,0,0
AC108415.1,14,13,17,20,12,22
AC108421.1,1214,1263,998,2105,2029,1704
AC108422.2,3,3,7,0,0,0
AC108422.3,0,0,0,0,0,0
AC108422.4,0,0,0,0,0,0
AC108424.1,354,332,355,386,467,348
AC108433.2,1,0,0,0,0,0
AC108433.3,0,0,0,0,0,0
AC108434.1,4,2,5,8,5,11
AC108439.1,0,0,0,0,0,0
AC108439.2,0,0,0,0,0,0
AC108773.2,17,32,24,26,30,31
AC108797.1,6,3,2,0,0,2
AC108821.2,1775,2051,2041,3491,3384,2825
AC108827.1,0,0,0,0,0,0
AC108833.1,9,38,31,104,102,88
AC108848.2,4,3,3,3,9,16
AC108848.3,0,0,0,0,0,0
AC108848.4,0,3,0,4,1,5
AC108850.1,5,12,15,12,4,8
AC108942.1,0,0,0,0,0,0
AC108947.1,151,156,180,22,19,16
AC109139.1,12,28,27,5,1,0
AC109142.1,0,0,0,0,0,0
AC109142.2,6,8,13,0,1,1
AC109145.1,0,0,0,0,0,0
AC109165.1,1287,1233,1121,680,737,640
AC109165.2,723,714,994,500,445,479
AC109195.1,0,1,0,0,0,0
AC109196.2,0,0,0,0,0,0
AC109197.1,1,0,1,0,0,0
AC109200.1,2,3,6,4,3,1
AC109200.2,2,2,3,7,6,4
AC109202.1,31,28,39,65,54,50
AC109204.1,0,0,0,0,0,0
AC109210.1,299,355,250,346,349,248
AC109214.1,0,0,1,1,0,0
AC109220.1,0,0,0,0,0,0
AC109220.3,0,0,0,1,0,0
AC109220.5,354,307,257,225,242,188
AC109225.1,675,667,534,169,139,94
AC109225.3,0,0,0,0,0,0
AC109225.4,4,1,3,1,3,2
AC109232.1,0,0,0,0,0,0
AC109232.5,1,1,2,6,1,3
AC109257.1,1,0,3,3,10,1
AC109272.2,0,1,0,1,1,3
AC109280.1,23,24,18,7,6,11
AC109299.1,0,0,0,0,0,0
AC109311.1,105,113,76,444,337,406
AC109606.5,215,300,307,332,325,246
AC109608.8,4,4,1,0,0,0
AC109611.2,0,1,1,2,1,1
AC110028.2,22,38,36,15,13,22
AC110036.1,2,1,1,0,0,1
AC110090.1,0,0,0,0,0,0
AC110164.3,492,529,520,369,422,314
AC110164.4,0,0,0,0,0,0
AC110174.1,0,1,0,1,0,0
AC110177.2,0,2,0,0,0,2
AC110186.1,4069,4412,5165,12352,12477,11895
AC110217.1,1,2,3,0,0,0
AC110234.2,0,0,0,0,0,0
AC110234.4,20,19,15,40,45,37
AC110253.1,1,1,0,1,0,1
AC110377.2,1122,1241,1176,2082,1936,1515
AC110382.1,0,0,1,0,0,5
AC110496.1,0,1,4,0,2,1
AC110496.3,68,77,77,25,18,26
AC110496.4,201,253,331,93,55,75
AC110508.2,748,653,660,1122,1417,1473
AC110509.1,8,12,8,0,0,0
AC110527.1,7,2,5,3,4,2
AC110537.1,59,84,65,45,47,57
AC110538.1,442,455,456,408,480,435
AC110559.1,543,613,614,454,553,383
AC110564.1,494,364,433,282,236,299
AC110565.2,0,0,1,0,1,0
AC110567.1,0,0,0,0,0,0
AC110573.1,0,0,0,0,0,0
AC110574.2,154,142,129,278,257,212
AC110575.2,0,1,0,0,0,0
AC110575.3,0,0,0,0,0,0
AC110575.4,0,0,0,0,0,0
AC110576.1,0,0,0,0,0,0
AC110576.2,1,0,1,1,2,2
AC110621.1,280,245,232,318,283,278
AC110730.2,2,0,3,0,0,0
AC110735.1,0,0,0,0,0,0
AC110893.1,0,0,0,0,0,1
AC110903.1,0,0,0,0,0,0
AC110907.1,0,0,0,0,0,0
AC110909.2,0,0,0,0,0,0
AC111009.1,2561,2921,2789,4702,4115,3524
AC111011.2,1,0,2,1,1,2
AC111011.3,45,41,22,13,14,14
AC111011.5,0,0,1,0,0,0
AC111029.1,0,0,0,0,0,0
AC111029.2,0,0,0,0,0,0
AC111030.2,0,0,0,0,0,0
AC111033.1,0,0,0,3,0,2
AC111034.1,6,2,4,0,1,0
AC111044.1,17930,21824,19562,16169,16876,15857
AC111056.1,346,422,465,809,798,707
AC111064.2,0,0,0,1,2,0
AC111067.3,5,3,4,4,2,5
AC111067.4,15,10,10,9,8,11
AC111074.1,0,0,0,0,0,0
AC111080.1,7,1,1,7,3,3
AC111086.2,7,8,11,2,1,4
AC111093.1,103,94,105,83,117,100
AC111094.1,0,0,0,0,0,0
AC111100.1,1,0,0,0,0,0
AC111115.1,0,0,0,0,0,0
AC111120.1,4,3,0,6,15,19
AC111124.2,16,10,25,3,8,8
AC111132.1,0,0,0,0,0,0
AC111135.1,1,0,0,4,0,0
AC111140.2,3,0,1,0,0,0
AC112142.1,65,69,62,21,23,20
AC112261.2,104,104,104,27,28,25
AC112261.3,946,841,949,1478,1536,1188
AC112264.2,0,0,0,0,0,0
AC112264.4,0,0,0,0,0,0
AC112270.1,0,0,0,0,0,0
AC112271.1,1,0,1,0,0,0
AC112680.1,0,0,0,0,0,0
AC112681.1,0,0,0,0,0,0
AC112681.2,0,0,0,0,0,0
AC112681.3,0,0,0,0,0,0
AC112681.4,1,0,0,0,0,0
AC112681.5,0,0,0,0,0,0
AC112688.1,3049,2590,2500,4583,4459,4234
AC112790.1,0,0,0,1,1,3
AC112933.1,2,0,0,16,5,8
AC112933.2,27,25,24,18,13,13
AC112941.1,8,8,12,31,17,25
AC112941.2,0,0,0,0,0,0
AC112943.1,212,193,144,215,281,262
AC112945.1,350,326,325,779,850,914
AC112962.1,7,2,4,2,1,5
AC112968.1,0,0,0,0,0,0
AC112984.2,7,6,5,5,1,3
AC112990.1,2,4,1,0,0,3
AC112998.1,2581,2735,2242,4907,4646,4625
AC113001.2,13,5,9,16,11,11
AC113015.1,0,0,0,0,0,0
AC113028.3,0,0,0,1,0,0
AC113028.4,2,6,8,10,12,11
AC113028.5,2,5,7,7,10,19
AC113028.6,0,0,0,0,0,2
AC113028.7,0,0,0,0,0,0
AC113029.3,188,221,246,401,418,363
AC113030.1,0,0,0,0,0,0
AC113030.2,0,0,4,0,0,0
AC113030.3,0,0,2,0,0,0
AC113030.4,0,0,0,0,0,0
AC113030.5,0,0,0,0,0,0
AC113030.6,0,0,0,0,0,0
AC113049.2,1,3,1,3,1,3
AC113049.4,0,0,0,0,0,0
AC113055.2,22,43,26,23,20,25
AC113055.5,0,0,0,0,0,1
AC113055.8,799,682,620,1306,1303,1328
AC113068.1,2,5,5,9,5,0
AC113069.1,321,473,370,701,611,600
AC113069.6,83,81,77,32,40,18
AC113082.1,0,0,0,0,0,0
AC113084.1,2523,2488,2572,3637,3671,3442
AC113092.2,0,0,0,0,0,0
AC113092.3,0,0,0,0,0,0
AC113099.1,0,0,0,0,0,0
AC113104.1,2,0,0,0,1,0
AC113106.1,380,605,681,363,363,256
AC113106.2,0,0,0,0,1,1
AC113107.3,4,0,4,2,2,0
AC113107.6,0,0,1,1,1,0
AC113124.3,5,4,10,3,3,4
AC113125.1,0,0,0,0,0,0
AC113182.1,615,883,634,4252,2983,2764
AC113182.3,0,3,4,14,13,6
AC113244.2,0,0,0,0,0,2
AC113244.4,43,53,49,24,14,25
AC113270.1,275,304,435,822,992,1011
AC113271.1,8,6,6,12,12,6
AC113276.1,0,0,0,1,0,1
AC113276.2,1,0,1,0,2,0
AC113277.1,254,260,311,541,518,428
AC113279.4,226,260,246,93,65,76
AC113285.6,1,1,5,1,1,2
AC113291.1,2,1,1,1,0,0
AC113295.1,0,0,0,0,0,0
AC113299.3,81,76,91,69,69,70
AC113301.2,0,0,0,0,0,0
AC113302.1,0,0,0,0,0,0
AC113309.1,0,0,0,0,0,0
AC113316.1,0,0,0,0,0,0
AC113316.2,3,4,6,5,9,8
AC113320.1,36,37,47,97,65,81
AC113329.2,830,703,609,332,364,381
AC113469.2,50,36,46,29,28,30
AC113474.3,97,97,104,69,36,51
AC113474.6,6,6,4,3,5,3
AC113480.1,0,0,0,0,0,0
AC113483.1,0,0,0,0,0,0
AC113484.1,7,9,10,3,6,3
AC113490.3,1,2,1,3,1,1
AC113495.1,1025,859,1177,241,235,276
AC113504.2,0,1,2,2,0,3
AC113504.5,18,27,19,25,13,21
AC113507.1,158,147,168,206,140,180
AC113514.2,5,8,10,8,6,9
AC113527.1,0,0,1,0,1,0
AC113527.2,0,1,0,0,0,0
AC113586.1,40,25,32,56,42,50
AC113593.1,0,0,0,0,0,0
AC113595.1,0,0,0,0,0,0
AC113595.2,8,4,22,20,10,7
AC113597.1,9,7,7,1,6,5
AC113936.1,0,0,0,0,0,0
AC113941.1,47,25,27,4,3,3
AC113941.2,4,3,1,0,3,2
AC113945.3,2,0,0,0,1,1
AC113952.4,25,45,23,33,6,17
AC113952.5,0,0,0,0,0,0
AC113955.2,581,623,528,582,590,542
AC113961.1,1716,1769,1731,2925,2857,2368
AC113961.2,0,0,0,0,0,0
AC113977.3,2,2,5,1,3,1
AC113980.1,8,4,2,10,2,2
AC113988.1,0,0,0,0,0,0
AC113988.2,1,1,1,0,1,0
AC114005.2,7,8,8,12,6,8
AC114005.3,2,4,11,10,10,10
AC114008.1,4,10,9,5,4,5
AC114404.1,0,0,0,0,0,0
AC114408.3,40,43,34,362,334,253
AC114420.2,3,2,2,1,0,1
AC114420.3,12,10,9,2,1,3
AC114425.1,356,414,393,480,452,513
AC114539.1,2,1,5,3,3,3
AC114543.1,0,0,1,0,0,0
AC114558.2,0,0,0,0,0,0
AC114558.5,1,3,2,1,1,0
AC114558.7,0,2,2,0,0,1
AC114585.1,1,12,10,3,0,2
AC114588.1,635,518,439,814,706,890
AC114598.1,1,2,1,1,0,2
AC114608.1,0,0,0,0,0,0
AC114618.4,2,0,0,0,1,0
AC114629.2,182,147,140,319,337,258
AC114632.1,0,0,0,1,0,1
AC114645.1,27,63,42,22,17,27
AC114645.2,15,20,24,9,9,11
AC114651.2,0,1,1,1,3,2
AC114655.1,18,10,7,0,0,0
AC114657.1,1701,1673,1696,3259,3367,3373
AC114657.2,0,1,1,0,0,0
AC114657.3,19,21,22,58,36,45
AC114661.1,4,4,11,10,5,7
AC114666.2,16,13,10,1,5,5
AC114666.6,1,2,1,1,1,0
AC114668.1,0,0,0,0,0,0
AC114674.2,0,0,0,0,0,0
AC114675.1,160,179,185,362,357,262
AC114675.2,9,10,6,7,8,9
AC114901.1,0,0,0,0,0,0
AC114905.1,114,105,143,229,259,250
AC114916.1,0,1,0,0,0,0
AC114918.1,2,0,3,10,5,5
AC114988.1,509,510,567,1110,927,979
AC114995.2,0,0,0,0,0,0
AC114995.4,13,17,19,22,20,22
AC115005.1,0,0,0,0,0,0
AC115005.2,1,1,0,1,1,3
AC115011.1,0,0,0,0,0,0
AC115011.10,3,1,3,8,5,2
AC115011.7,0,0,0,0,0,0
AC115011.9,0,0,0,0,1,0
AC115013.2,0,0,0,0,0,0
AC115033.1,42,39,36,42,51,60
AC115040.1,0,0,0,0,1,0
AC115050.1,12,1,11,15,17,30
AC115051.1,0,0,0,0,0,0
AC115062.1,0,0,0,0,0,0
AC115078.1,159,187,141,284,260,296
AC115121.1,0,0,0,0,0,0
AC115121.2,0,0,0,0,0,0
AC115124.1,267,404,638,288,290,248
AC115361.1,128,102,110,177,203,205
AC115629.1,0,0,0,1,0,0
AC115631.3,507,590,574,802,875,827
AC115697.2,19,22,29,8,10,9
AC115706.1,63,38,34,118,81,109
AC115718.1,0,0,1,0,0,0
AC115723.1,426,545,566,889,807,509
AC115727.1,1,1,0,1,0,0
AC115735.1,1147,1063,935,1054,1078,1210
AC115742.1,0,0,1,0,0,0
AC115748.1,6,2,10,0,0,0
AC115748.2,109,54,82,5,2,0
AC115752.1,4586,4323,4566,5276,5906,5063
AC115763.1,1,1,0,0,1,4
AC115763.2,49,29,50,76,75,82
AC115775.2,0,0,1,0,1,0
AC115785.1,0,0,0,0,0,0
AC115800.2,8,8,8,5,5,10
AC115802.1,0,0,0,0,0,0
AC115804.1,3,0,1,1,1,0
AC115820.1,865,792,708,844,673,664
AC115823.1,54,54,57,131,160,167
AC115832.1,0,0,0,0,0,2
AC115846.1,4,5,6,9,8,9
AC115847.1,0,0,0,0,0,0
AC115849.1,1,4,1,11,5,6
AC115855.2,0,0,1,0,0,0
AC115860.1,44,45,53,66,61,57
AC115865.2,4,1,2,0,0,1
AC115877.1,1,1,5,0,0,0
AC115878.2,0,0,1,0,0,0
AC115880.1,7,2,4,3,4,7
AC115889.1,3429,3510,4007,9023,8838,7043
AC115896.3,41,32,49,25,33,17
AC115901.1,0,2,1,3,0,3
AC115901.2,312,444,316,509,531,449
AC115919.1,0,0,0,0,0,1
AC115920.10,0,0,0,0,1,0
AC115920.2,838,795,726,1213,1147,1209
AC115920.6,0,0,0,0,0,0
AC115920.7,0,1,0,0,0,0
AC115920.8,0,3,0,1,0,1
AC115920.9,0,0,1,2,0,0
AC115928.1,8,1,2,1,3,2
AC115947.1,5,3,7,0,4,4
AC115959.3,308,298,365,230,276,247
AC115968.1,17,11,17,18,21,14
AC115970.1,0,1,1,0,1,2
AC115978.1,2444,2427,2188,4006,4342,3810
AC116115.1,0,0,0,0,0,0
AC116115.2,1,2,0,1,0,1
AC116121.1,1,1,0,1,0,0
AC116121.2,1,3,1,0,4,2
AC116130.1,0,0,1,2,0,0
AC116130.2,0,0,0,0,0,0
AC116130.3,0,0,0,0,3,1
AC116136.2,0,0,0,0,0,0
AC116136.3,2097,2584,2407,1903,2255,2453
AC116138.1,1,0,0,0,0,0
AC116151.1,0,0,0,0,0,0
AC116151.2,14,24,34,1,8,3
AC116387.1,119,76,106,99,67,124
AC116389.1,3965,3733,3546,8898,7727,8721
AC116392.1,1358,1183,1074,1683,1945,2293
AC116393.2,10,8,4,7,15,8
AC116394.1,0,0,0,0,0,0
AC116394.2,0,0,0,0,0,0
AC116395.1,90,103,66,36,38,36
AC116421.1,2506,2724,2435,7379,6846,6522
AC116450.1,0,0,0,0,0,0
AC116475.2,128,132,129,81,75,79
AC116498.1,0,0,0,0,0,0
AC116499.1,0,0,0,0,0,0
AC116500.1,0,0,0,2,0,0
AC116500.2,0,0,0,0,0,1
AC116501.1,8,6,3,2,1,1
AC116511.4,8,7,4,15,13,15
AC116511.5,8,6,4,1,2,1
AC116515.2,0,0,0,0,0,0
AC116516.1,0,0,0,0,0,0
AC116520.1,56,81,66,124,78,108
AC116529.1,0,0,0,0,0,0
AC116557.1,113,112,79,114,92,134
AC116581.2,447,435,438,819,891,1063
AC116589.1,156,119,77,213,209,264
AC116589.2,156,119,77,213,209,263
AC116591.1,0,0,0,0,0,0
AC116677.2,12,9,11,13,8,14
AC116677.5,46,58,55,18,16,25
AC116686.1,1369,1312,1156,1551,1283,1054
AC116713.2,1790,2061,2059,3506,3401,2845
AC116718.1,35,36,27,30,27,38
AC116720.1,49,46,56,2,2,1
AC116723.1,10,4,5,1,1,0
AC116732.2,0,0,0,1,0,2
AC116732.3,0,0,0,0,0,0
AC116734.1,1,1,4,2,2,1
AC116736.1,9,8,2,6,7,4
AC116747.1,0,0,0,0,0,0
AC116763.1,0,0,0,1,0,0
AC116763.2,0,0,0,0,0,0
AC116764.2,3,0,3,0,0,0
AC116764.4,1,3,1,0,2,4
AC116769.1,10,9,16,2,1,0
AC116772.2,2,1,5,0,5,3
AC116783.1,5,2,3,1,6,6
AC116801.1,11,4,2,0,3,1
AC116812.1,0,0,0,0,0,0
AC116825.1,189,207,201,65,107,114
AC116841.1,5,4,2,0,0,0
AC116863,0,0,0,0,0,0
AC116997.1,26549,18195,19574,6494,6187,8989
AC116999.1,99,119,88,281,248,341
AC117185.1,1,3,4,2,1,0
AC117194.2,0,0,0,0,0,0
AC117196.1,151,114,73,80,109,129
AC117211.2,4,3,2,2,0,1
AC117215.2,69,38,27,36,46,50
AC117226.1,0,0,0,0,0,0
AC117230.1,0,0,0,0,0,0
AC117230.2,0,0,0,0,0,0
AC117230.3,0,0,0,0,0,0
AC117232.1,4,5,6,10,16,19
AC117235.1,1,0,2,0,0,1
AC117236.1,0,0,0,0,0,0
AC117250.1,45,43,43,39,18,33
AC117251.1,0,0,0,1,0,0
AC117253.1,3,3,4,0,2,0
AC117257.1,0,2,1,3,3,3
AC117550.1,31,39,23,45,41,46
AC117574.2,1,1,1,3,4,6
AC117574.7,0,0,0,0,0,0
AC117577.1,0,0,0,0,0,0
AC117578.1,0,0,0,0,0,0
AC117588.1,570,706,999,477,439,430
AC117608.1,0,0,0,0,0,0
AC117612.1,577,559,577,800,821,915
AC117621.1,169,139,164,263,223,300
AC117623.1,0,0,1,0,0,1
AC117623.2,1,0,0,0,2,0
AC117644.1,0,0,1,2,1,3
AC117663.2,47,35,57,81,93,100
AC117663.3,0,0,0,1,0,0
AC117667.1,7,1,3,0,0,0
AC117678.1,0,0,0,0,0,0
AC117678.10,0,0,0,0,0,0
AC117678.11,1,0,0,0,0,0
AC117678.12,1,5,3,0,0,0
AC117678.13,2,7,6,1,0,0
AC117678.14,37,42,58,3,3,0
AC117678.15,0,0,0,0,0,0
AC117678.16,0,0,0,0,0,0
AC117678.17,0,0,0,0,0,0
AC117678.18,1,0,0,0,0,0
AC117678.2,84,77,97,5,9,2
AC117678.3,0,2,1,1,0,1
AC117678.4,0,0,0,0,0,0
AC117678.5,0,0,0,0,0,0
AC117678.6,0,0,4,0,0,0
AC117678.7,0,0,0,0,0,0
AC117678.8,10,7,6,0,1,0
AC117678.9,0,0,0,0,0,0
AC117679.1,386,395,412,1040,983,897
AC117682.2,2,0,1,3,7,2
AC117684.1,0,1,0,0,0,0
AC117684.2,0,1,0,0,0,0
AC117688.1,0,0,0,0,0,0
AC117724.1,375,567,366,2713,1894,1870
AC117740.2,3,3,1,17,16,9
AC117740.3,7,6,5,2,2,4
AC117740.5,0,0,0,0,1,0
AC117789.2,5,2,2,13,12,13
AC117789.3,2,0,1,5,4,2
AC117805.2,37,12,15,21,17,17
AC117807.1,4,2,4,19,11,26
AC118010.1,1024,1029,836,649,631,564
AC118017.2,10,6,5,4,3,6
AC118192.1,0,0,0,0,0,0
AC118202.1,3672,4105,3474,8555,8774,8134
AC118208.1,1,0,0,2,0,3
AC118226.1,24,19,18,9,18,10
AC118232.1,0,0,1,0,0,0
AC118232.4,4,1,2,2,2,1
AC118234.1,117,90,70,106,84,107
AC118240.1,0,0,0,0,0,0
AC118245.1,0,0,0,0,0,0
AC118255.1,335,365,376,484,401,354
AC118260.1,0,0,0,0,0,0
AC118260.2,35,35,47,48,49,66
AC118260.5,6,4,9,5,4,7
AC118263.2,23,31,33,3,7,9
AC118474.1,727,877,1235,663,606,582
AC118477.1,0,0,0,0,0,0
AC118561.1,0,0,0,0,0,0
AC118620.3,1453,1744,1495,2725,2792,2672
AC118627.1,2617,2632,2297,6610,6246,6731
AC118632.2,674,835,735,339,282,279
AC118640.1,61,60,47,58,41,54
AC118696.1,0,0,0,0,0,0
AC118698.1,1617,1530,1503,3556,3417,3669
AC118698.3,9,6,14,6,17,19
AC118710.1,2,0,0,0,0,0
AC118710.2,0,0,0,0,0,0
AC118721.1,1009,1170,834,999,766,675
AC118747.1,0,1,0,0,0,0
AC118926.1,0,0,0,0,0,3
AC119189.3,0,0,0,0,1,0
AC119196.1,0,0,0,0,0,0
AC119200.1,0,0,0,0,0,0
AC119200.5,34,16,16,38,32,35
AC119204.1,0,0,0,0,0,0
AC119204.3,114,130,156,400,402,320
AC119205.1,0,0,0,0,0,0
AC119211.1,330,341,383,800,777,510
AC119212.1,1303,1381,1182,2753,2825,2800
AC119214.1,2,1,2,2,5,5
AC119237.1,0,2,0,0,2,1
AC119259.2,1170,1349,1202,2065,2059,1788
AC119268.1,0,1,0,2,0,0
AC119271.1,0,0,0,0,0,0
AC119275.1,0,0,1,0,0,0
AC119801.1,0,0,0,0,0,0
AC119806.2,1,1,3,3,4,5
AC119809.3,6,3,1,0,0,0
AC119810.1,0,0,0,0,0,0
AC119825.1,0,1,3,3,3,5
AC119834.1,0,0,0,4,0,4
AC119834.2,1,2,1,2,0,1
AC119834.3,5,4,8,2,3,3
AC119848.1,325,367,298,805,752,823
AC119856.2,363,486,551,1038,1342,783
AC119856.4,0,0,0,1,1,1
AC119857.2,31,18,23,6,8,6
AC119873.1,47,34,47,27,22,19
AC119880.1,44,53,35,13,24,14
AC119884.2,1160,1009,812,489,510,459
AC119897.2,2,0,1,0,0,1
AC119899.1,223,193,207,212,245,236
AC119914.1,0,0,0,0,0,0
AC119917.1,0,0,0,0,1,0
AC119928.1,1,4,1,3,2,0
AC119939.1,0,0,0,0,0,0
AC119957.1,10,9,4,2,5,1
AC119962.1,0,0,0,0,0,0
AC120003.4,0,0,0,2,1,2
AC120020.1,11,10,13,10,13,4
AC120020.3,0,0,2,4,0,0
AC120128.1,62,102,89,71,79,64
AC120159.1,88,98,53,86,57,84
AC120159.2,226,161,156,225,190,262
AC120180.2,2,0,0,0,0,2
AC120180.3,13,12,14,18,9,15
AC120180.5,0,0,1,1,0,0
AC120217.1,3,1,1,0,0,3
AC120353.2,0,0,0,0,1,1
AC120367.1,0,0,0,0,0,0
AC120377.3,5,1,0,0,0,0
AC120378.1,6,3,8,19,11,17
AC120381.1,2226,2166,1688,1353,1806,1652
AC120402.1,254,216,201,194,199,182
AC120403.1,0,0,0,0,0,0
AC120404.1,0,0,0,0,0,0
AC120404.2,0,0,1,0,0,0
AC120404.3,0,0,0,0,0,0
AC120404.4,0,0,0,0,0,0
AC120413.2,0,0,0,1,0,0
AC120540.1,0,0,0,0,0,1
AC120548.1,1349,1384,1306,3883,3573,3590
AC120785.3,0,1,0,0,0,1
AC120787.1,0,0,0,0,0,0
AC120787.2,0,0,0,0,0,0
AC120788.1,111,84,93,79,88,97
AC120859.1,2,8,8,11,9,10
AC120859.3,16,25,22,43,32,42
AC120860.1,2975,2996,2953,5619,5671,5079
AC120865.1,0,0,0,0,0,0
AC120865.2,0,0,0,0,1,0
AC120867.2,0,0,0,1,1,0
AC120869.1,16282,14966,14378,13590,15033,13907
AC120871.2,0,0,0,0,0,0
AC121099.1,1,0,1,0,0,0
AC121108.2,803,700,812,638,619,776
AC121113.2,450,341,463,1675,1326,1355
AC121114.1,0,0,1,0,0,1
AC121119.1,14,6,12,8,6,15
AC121131.3,4667,4935,4870,7265,7364,6148
AC121131.5,55,86,66,83,76,74
AC121131.6,430,393,347,400,312,373
AC121131.7,246,316,325,171,157,225
AC121147.1,0,0,0,0,0,0
AC121264.1,1,1,2,1,2,0
AC121290.1,0,0,0,0,0,0
AC121292.1,31,38,31,55,84,62
AC121292.3,22,20,28,66,57,68
AC121301.1,0,0,0,0,0,0
AC121499.2,25,13,30,10,15,15
AC121510.1,0,0,1,0,0,2
AC121540.1,0,0,0,0,0,0
AC121548.2,10,23,21,16,35,22
AC121564.2,62,36,46,235,170,168
AC121566.1,119,114,100,126,127,154
AC121569.1,0,0,0,0,0,0
AC121569.2,188,164,142,123,114,139
AC121575.1,3152,4003,4410,2873,3051,2335
AC121578.1,4,0,2,3,1,2
AC121578.2,0,0,0,0,0,0
AC121580.1,528,495,473,1251,1294,1153
AC121592.1,0,0,0,0,0,0
AC121599.1,35,47,40,66,63,58
AC121600.1,0,0,0,0,0,0
AC121603.1,83,88,94,146,162,129
AC121604.1,0,0,0,0,0,0
AC121604.2,0,0,0,0,0,0
AC121774.1,45,36,41,12,7,14
AC121775.2,0,0,0,0,0,0
AC121785.1,6469,5629,6028,13581,14619,13617
AC121789.1,1821,2052,2484,5912,5855,5717
AC121814.1,0,0,1,0,1,0
AC121814.3,5,3,3,2,1,1
AC121814.4,0,0,0,1,0,0
AC121815.1,3,1,2,4,4,4
AC121818.1,0,0,0,0,0,0
AC121821.1,22,14,14,26,21,29
AC121821.3,37,46,48,69,86,83
AC121823.1,41,19,32,43,27,39
AC121823.2,5,6,2,5,4,4
AC121823.7,18,18,16,4,4,8
AC121826.1,66,73,60,157,130,96
AC121835.2,1,0,0,2,0,0
AC121838.1,70,92,106,41,38,31
AC121839.1,4,1,0,2,5,0
AC121843.1,16,18,15,5,4,3
AC121845.3,28,35,49,31,41,30
AC121866.1,9,5,10,1,4,0
AC121888.3,0,0,0,0,0,0
AC121892.1,0,0,0,0,0,0
AC121903.1,3021,3260,2827,5642,5588,5539
AC121909.1,1045,1376,1059,252,277,240
AC121911.1,4,2,6,21,25,10
AC121911.2,6,5,7,30,29,13
AC121914.1,0,0,0,0,0,1
AC121915.1,1,3,1,0,0,2
AC121925.1,0,0,0,0,0,0
AC121926.1,291,367,361,390,401,400
AC121934.1,131,154,158,258,289,265
AC121937.1,0,0,0,0,0,0
AC121952.1,0,0,0,0,0,0
AC121959.2,319,480,743,346,335,306
AC121961.1,5,11,5,4,5,0
AC121964.1,0,0,0,0,0,0
AC121967.1,9,4,12,6,4,1
AC121967.2,448,479,485,1449,1219,1367
AC121973.1,23,22,32,1,0,1
AC121975.1,0,2,0,0,0,0
AC121985.1,0,0,0,0,0,0
AC121996.1,0,0,0,0,0,0
AC122005.1,5,10,11,98,98,77
AC122005.2,2,0,1,8,7,3
AC122013.1,384,454,417,356,385,329
AC122015.1,37,19,20,2,6,3
AC122020.1,0,0,0,0,0,0
AC122036.1,2,1,0,0,0,0
AC122037.2,1,1,3,2,4,4
AC122037.6,31,29,37,54,45,33
AC122037.7,130,122,141,283,273,305
AC122038.1,152,181,148,196,200,207
AC122117.1,0,2,1,0,0,1
AC122118.1,0,0,0,0,0,0
AC122119.1,1,0,0,6,5,2
AC122127.1,9,8,10,9,8,7
AC122184.1,0,0,0,0,0,0
AC122184.3,18,15,15,0,3,5
AC122186.1,54,50,43,137,154,155
AC122187.1,4,12,12,57,55,43
AC122190.1,52,53,48,1,2,1
AC122190.2,37,37,14,2,4,7
AC122193.1,0,0,0,2,1,0
AC122193.2,0,0,0,0,0,0
AC122194.1,0,0,0,1,0,0
AC122200.2,29,32,46,39,40,45
AC122203.2,1021,1090,1214,1597,1648,1485
AC122206.1,1,1,1,0,2,0
AC122209.1,0,0,0,0,0,0
AC122214.1,5,5,12,12,6,4
AC122216.1,0,1,0,0,0,0
AC122221.2,0,0,0,0,0,1
AC122223.2,1568,1972,2001,4575,5439,3491
AC122232.2,11,10,12,25,21,25
AC122242.2,2444,2440,2205,4360,4458,4525
AC122248.1,0,0,0,0,0,0
AC122248.2,83,85,100,66,106,84
AC122248.4,2619,2548,2040,1673,2094,2029
AC122252.1,774,870,830,1551,1539,1404
AC122253.1,248,275,318,109,98,79
AC122257.1,0,0,0,0,0,0
AC122260.1,0,0,0,0,0,0
AC122260.2,1,0,0,0,0,1
AC122260.3,1,0,0,0,0,0
AC122261.1,1,12,4,7,3,6
AC122263.1,1,0,0,0,0,2
AC122270.1,2,2,1,9,4,7
AC122281.1,3,0,2,13,21,20
AC122281.2,3,0,1,8,9,7
AC122291.2,3171,4043,4107,10529,11427,10237
AC122295.2,0,0,0,0,0,1
AC122296.1,0,0,2,1,0,0
AC122313.1,0,0,0,0,0,0
AC122313.2,0,0,0,1,0,0
AC122321.1,0,1,0,0,0,0
AC122322.1,0,0,1,0,0,0
AC122327.1,0,0,0,0,0,0
AC122339.3,1414,1395,1253,822,809,671
AC122341.2,0,0,0,0,0,1
AC122348.1,0,0,1,1,0,0
AC122349.1,0,0,0,0,0,0
AC122353.1,0,2,1,2,0,3
AC122357.2,0,0,0,0,1,0
AC122365.4,0,0,0,0,0,0
AC122372.2,0,1,0,0,0,0
AC122386.1,0,0,1,1,0,0
AC122386.2,0,0,1,1,0,0
AC122387.1,95,162,166,380,298,319
AC122398.1,0,2,0,2,1,1
AC122399.1,2,1,0,3,0,3
AC122400.3,118,125,91,120,107,154
AC122400.4,1,0,1,2,2,0
AC122400.5,0,0,0,0,0,0
AC122402.1,0,0,0,0,0,0
AC122406.2,40,45,66,104,126,147
AC122407.1,3,3,5,2,2,0
AC122408.1,6,3,3,6,6,10
AC122413.1,1,3,8,3,3,1
AC122416.1,0,0,0,0,0,0
AC122425.1,0,0,0,0,0,0
AC122428.2,1018,1026,1177,874,755,770
AC122428.4,1549,2082,2518,1635,1682,1289
AC122438.1,3322,3595,2937,6057,5795,5726
AC122442.1,0,1,0,0,0,0
AC122447.1,373,361,224,484,433,530
AC122451.1,0,2,0,1,0,1
AC122454.1,0,0,0,0,0,0
AC122458.1,209,204,191,394,379,469
AC122459.1,0,0,0,0,0,0
AC122464.1,29,31,25,62,48,49
AC122464.2,31,33,27,65,49,50
AC122465.1,0,0,0,1,0,0
AC122466.1,30,45,20,23,34,26
AC122475.1,0,0,0,0,0,0
AC122481.1,105,115,75,314,319,335
AC122487.1,18,13,15,13,9,8
AC122490.1,0,0,0,0,0,0
AC122490.2,216,207,190,311,279,284
AC122500.1,1,0,0,2,0,0
AC122503.1,4290,4730,4445,2897,2948,2841
AC122506.1,2,2,3,2,2,1
AC122506.2,1,2,4,0,1,1
AC122514.1,843,879,810,1749,1682,1535
AC122514.2,0,0,0,0,0,0
AC122520.1,0,0,0,0,0,0
AC122520.2,0,0,0,0,0,0
AC122521.1,1,1,0,0,0,0
AC122525.1,5,2,6,23,7,14
AC122535.2,244,259,229,224,256,274
AC122535.9,0,0,0,1,0,0
AC122542.1,0,0,0,0,0,0
AC122546.1,70,66,69,30,28,45
AC122546.3,7,5,10,10,9,6
AC122562.1,5,10,16,10,9,9
AC122735.1,0,0,0,0,0,0
AC122736.1,6,6,5,19,7,20
AC122738.1,90,77,64,86,82,90
AC122753.1,32,30,35,65,62,61
AC122767.1,0,0,0,0,0,0
AC122767.2,19,19,13,20,17,25
AC122771.1,0,0,0,0,0,0
AC122771.3,1040,1309,1004,1940,1833,1563
AC122773.2,9,6,13,7,10,14
AC122775.1,0,0,0,0,0,0
AC122789.1,85,68,60,4,6,8
AC122796.1,0,0,0,0,0,0
AC122800.2,0,0,0,0,0,1
AC122800.3,1,1,3,0,0,1
AC122806.1,0,0,1,1,0,0
AC122806.2,0,0,1,1,0,0
AC122807.2,589,444,425,498,569,580
AC122807.3,0,1,1,0,3,1
AC122809.1,0,0,0,0,0,0
AC122814.1,0,0,0,0,0,0
AC122814.2,0,0,0,0,0,0
AC122819.1,0,0,0,0,0,0
AC122819.2,0,0,0,0,0,0
AC122819.3,0,0,0,0,0,0
AC122821.1,59,67,69,25,35,34
AC122831.1,770,562,421,2364,1803,1784
AC122835.2,1,0,1,0,0,7
AC122844.2,17,8,27,6,9,10
AC122845.1,20,23,12,36,28,32
AC122848.1,465,497,556,1422,1370,1046
AC122848.2,0,0,0,0,0,0
AC122849.1,0,0,0,0,0,0
AC122849.2,3,0,5,0,0,0
AC122849.3,0,0,0,0,0,0
AC122849.4,0,0,0,0,0,0
AC122849.5,0,0,1,0,0,0
AC122849.6,0,0,0,0,0,0
AC122853.1,0,3,0,0,0,0
AC122861.1,12,12,9,7,9,7
AC122861.2,42,33,33,13,21,28
AC122861.3,41,26,41,29,22,22
AC122861.4,820,973,625,160,151,136
AC122863.2,48,27,65,33,34,42
AC122865.1,0,0,1,0,0,0
AC122867.1,0,0,0,0,0,0
AC122871.4,0,1,0,0,0,0
AC122871.5,4,9,12,8,10,4
AC122881.1,1260,1715,1937,5115,4905,3391
AC122882.1,0,0,1,0,0,0
AC122902.1,1,1,0,1,0,1
AC122911.1,0,0,1,1,0,0
AC122912.1,37,54,37,19,12,11
AC122915.2,194,198,220,566,506,503
AC122916.1,843,1006,908,593,534,637
AC122918.1,0,0,0,0,0,0
AC122918.2,0,0,0,0,0,0
AC122918.4,0,0,0,0,0,0
AC122918.5,2,0,1,0,0,0
AC122923.1,0,0,0,0,0,1
AC122929.1,2,3,7,1,1,2
AC122932.1,6,4,5,0,0,0
AC122932.2,7,8,11,9,8,5
AC123029.2,26,23,31,41,34,44
AC123039.1,14646,8193,8586,5963,3683,2481
AC123043.1,0,0,0,0,0,1
AC123045.1,0,0,0,0,0,0
AC123048.1,1034,1130,1350,3244,2639,3080
AC123057.2,0,0,0,0,0,0
AC123057.3,0,0,0,0,0,0
AC123057.5,0,0,1,0,1,0
AC123060.1,0,0,0,0,0,0
AC123060.2,2,2,1,4,8,3
AC123063.1,12,5,6,2,5,5
AC123066.1,6,3,7,1,1,2
AC123067.1,0,0,0,0,0,0
AC123068.2,51,37,60,4,0,2
AC123071.1,0,0,0,0,0,0
AC123557.1,1,1,2,5,4,3
AC123600.1,0,0,0,0,0,0
AC123606.1,465,487,565,614,598,508
AC123613.3,115,110,109,445,436,488
AC123613.4,0,0,1,1,0,1
AC123619.1,0,0,0,1,0,0
AC123647.1,474,449,377,1018,906,994
AC123650.1,32,29,29,54,39,40
AC123661.1,111,87,70,125,79,100
AC123661.2,0,0,1,0,1,2
AC123662.2,20,18,20,29,24,48
AC123665.1,0,0,0,0,0,0
AC123679.1,10,6,6,2,1,1
AC123686.1,0,0,0,0,0,0
AC123686.2,7,6,6,10,4,6
AC123686.3,31,20,22,12,13,16
AC123686.7,0,0,0,0,0,0
AC123687.1,44,44,38,64,40,72
AC123693.1,0,0,0,0,0,0
AC123697.1,42,33,38,3,3,2
AC123699.2,1,0,0,5,4,4
AC123699.3,0,0,0,0,0,0
AC123708.1,7,3,6,2,0,1
AC123720.1,0,0,0,0,0,0
AC123724.1,71,109,66,11,11,10
AC123732.3,0,0,0,0,0,0
AC123744.1,0,0,0,0,0,0
AC123744.4,5,2,3,15,7,15
AC123747.1,1508,1233,1132,531,572,552
AC123752.1,245,288,337,860,880,882
AC123760.1,0,0,0,1,1,0
AC123795.1,3884,3897,5865,10337,8400,8345
AC123798.1,251,164,136,180,161,248
AC123803.1,0,0,0,0,0,0
AC123808.1,0,0,9,6,9,7
AC123813.2,1,2,0,10,3,3
AC123821.1,0,0,0,0,0,0
AC123824.1,0,0,0,0,0,0
AC123825.1,12,14,6,14,9,11
AC123828.1,0,0,0,0,0,0
AC123828.2,0,0,0,0,0,0
AC123830.11,0,0,0,0,0,0
AC123834.1,2,2,1,0,0,1
AC123837.1,208,191,192,131,93,152
AC123838.1,119,142,114,182,162,143
AC123847.1,16,27,26,20,14,19
AC123854.1,147,125,146,226,241,192
AC123854.2,0,0,0,0,0,0
AC123856.1,1,4,3,0,0,0
AC123856.3,5,6,2,8,6,5
AC123856.5,44,26,24,31,27,19
AC123856.7,0,0,0,0,0,0
AC123857.1,26,23,22,3,5,9
AC123859.1,1,1,2,1,1,0
AC123859.2,0,0,0,0,0,0
AC123863.1,1,0,0,1,1,0
AC123867.1,0,0,0,0,0,0
AC123868.4,256,264,195,242,239,213
AC123868.5,0,4,0,0,0,0
AC123870.1,812,1032,1220,3096,3089,3057
AC123874.1,0,0,0,0,0,1
AC123917.1,2,1,3,1,1,1
AC123920.1,187,183,156,966,854,1156
AC123925.1,2393,2608,2202,902,897,887
AC123930.1,3029,2759,2498,1378,1496,1382
AC123935.1,1179,1103,958,4970,4448,4888
AC123940.1,0,0,0,0,0,0
AC123942.2,273,232,233,137,154,154
AC123943.1,0,0,2,2,1,6
AC123954.1,789,635,555,537,482,666
AC123977.1,0,1,0,0,0,0
AC124005.1,271,329,303,256,274,204
AC124080.1,0,1,0,0,0,0
AC124113.1,4708,4981,5348,2920,2651,2379
AC124120.1,42,43,47,138,137,186
AC124134.1,378,390,367,614,581,537
AC124170.1,16,23,25,9,11,6
AC124170.2,6,13,9,5,3,1
AC124176.2,12,3,5,7,5,10
AC124181.1,0,0,0,0,0,0
AC124191.1,53,57,56,10,9,10
AC124193.1,0,0,0,0,0,0
AC124198.1,2,1,0,0,0,0
AC124235.1,63,67,56,53,59,61
AC124327.3,572,620,584,573,538,459
AC124336.1,0,0,0,0,0,0
AC124346.1,1780,1216,1565,860,557,347
AC124347.2,2,3,7,2,1,0
AC124367.1,0,0,1,2,0,0
AC124379.1,0,0,0,0,0,0
AC124379.2,0,0,0,0,0,0
AC124379.6,0,1,0,3,1,2
AC124383.1,0,0,1,2,2,3
AC124384.1,36,42,29,46,43,49
AC124387.1,31,48,96,142,144,86
AC124387.3,897,817,687,466,403,487
AC124389.1,6,2,12,10,2,6
AC124389.3,506,467,493,902,950,681
AC124394.1,0,0,0,0,3,4
AC124394.3,0,0,0,0,0,0
AC124394.4,2,0,0,0,0,0
AC124395.1,0,0,0,0,0,0
AC124406.1,0,0,0,0,0,0
AC124410.1,0,0,0,0,0,0
AC124426.2,189,140,160,162,136,112
AC124426.3,154,163,176,147,161,127
AC124426.5,0,0,0,0,0,0
AC124428.1,2,1,0,0,1,1
AC124432.1,459,790,565,2390,2685,1954
AC124444.1,15,25,13,4,4,2
AC124447.2,0,0,1,0,0,0
AC124453.1,20,28,25,4,2,1
AC124457.2,1,7,4,10,18,17
AC124461.3,0,3,1,1,0,2
AC124468.1,0,0,0,0,0,0
AC124479.1,6,9,16,6,1,3
AC124479.2,19,12,10,25,18,28
AC124480.3,1,5,3,11,8,16
AC124481.1,0,0,0,1,0,1
AC124496.1,12,11,15,4,5,7
AC124505.11,18,16,21,44,53,44
AC124505.5,30,32,40,37,49,35
AC124506.1,0,0,0,0,0,0
AC124515.1,0,0,0,0,0,0
AC124524.1,665,485,520,467,494,487
AC124531.2,2,0,2,0,3,3
AC124537.1,23,11,16,24,18,28
AC124550.2,4,10,9,4,5,2
AC124550.4,1,5,2,5,1,1
AC124552.1,2,1,1,0,0,0
AC124553.1,341,358,259,668,522,736
AC124554.1,1,0,1,0,0,0
AC124566.1,0,0,0,0,0,0
AC124568.1,0,0,0,0,0,0
AC124569.1,0,0,0,0,0,0
AC124569.2,0,0,0,0,0,0
AC124581.1,1,5,0,3,8,5
AC124585.1,2,5,4,6,4,2
AC124589.1,0,0,0,0,0,0
AC124589.2,0,0,0,0,0,0
AC124589.3,0,1,0,0,0,0
AC124590.1,1,3,1,3,7,6
AC124590.2,0,0,0,1,1,1
AC124601.1,3,3,5,16,24,10
AC124604.2,0,0,1,0,1,0
AC124604.5,7,5,5,1,1,7
AC124606.1,0,0,0,0,0,0
AC124629.1,0,1,0,4,0,2
AC124659.2,7,3,1,1,1,0
AC124662.1,12,14,21,8,0,3
AC124669.4,8,15,16,8,3,1
AC124681.1,316,434,340,270,277,246
AC124698.3,0,0,0,0,0,0
AC124698.6,0,2,1,0,0,0
AC124698.7,0,0,0,0,2,0
AC124701.1,1,0,0,0,0,0
AC124712.1,0,0,0,0,0,0
AC124713.1,0,0,0,0,0,0
AC124716.1,319,235,190,164,123,199
AC124717.1,146,174,155,427,436,380
AC124717.2,0,0,0,1,1,0
AC124717.3,77,79,84,107,105,89
AC124717.4,72,52,58,142,143,126
AC124717.5,0,0,0,1,1,0
AC124724.1,0,0,0,0,0,0
AC124729.1,0,0,0,0,0,0
AC124730.1,0,0,0,0,0,1
AC124730.2,0,0,0,0,0,0
AC124730.3,0,0,0,0,1,1
AC124730.4,0,0,0,0,0,0
AC124730.5,8,16,16,71,61,32
AC124730.7,279,293,203,121,123,127
AC124732.1,0,0,0,0,0,0
AC124732.3,1,2,2,0,0,0
AC124732.4,0,1,1,1,5,2
AC124739.1,1,3,9,22,22,29
AC124739.2,0,0,0,0,0,0
AC124758.1,1,0,1,0,0,0
AC124758.2,0,0,0,0,0,0
AC124771.1,1,0,0,1,0,1
AC124779.1,0,0,0,0,0,0
AC124807.1,186,113,141,185,210,249
AC124821.1,154,151,162,115,109,122
AC124976.1,8828,8788,8279,5286,5192,6160
AC124977.2,0,0,0,4,1,0
AC124978.1,2,1,0,2,0,0
AC124979.1,530,555,480,1642,1365,1383
AC124987.1,0,0,0,0,0,0
AC124992.1,1,0,0,1,1,0
AC125005.1,44,77,53,84,70,76
AC125010.1,0,0,0,0,0,0
AC125016.1,0,0,0,0,0,0
AC125016.2,0,0,0,0,0,0
AC125028.1,0,0,0,0,0,0
AC125040.1,0,0,0,0,0,0
AC125041.1,1,0,0,0,0,0
AC125045.1,0,0,0,0,0,0
AC125047.1,215,153,197,103,75,103
AC125055.1,179,160,142,244,206,263
AC125055.2,151,183,184,111,103,84
AC125065.1,32,36,34,53,33,48
AC125066.1,3,2,0,4,4,3
AC125068.1,0,0,0,0,0,0
AC125070.1,48,53,89,53,53,39
AC125071.1,0,0,0,0,0,0
AC125073.1,0,0,0,0,0,0
AC125077.1,0,0,0,0,2,0
AC125090.1,16,3,16,2,0,1
AC125090.2,23,5,18,2,4,1
AC125090.3,7,2,9,2,1,0
AC125099.7,1,3,1,0,0,0
AC125101.2,342,342,291,387,422,372
AC125103.1,32,28,41,62,34,45
AC125108.1,0,1,0,4,2,5
AC125115.1,3827,3825,3218,2864,3140,2973
AC125115.2,3,4,2,1,5,12
AC125134.1,0,0,0,2,0,0
AC125136.1,135,106,113,62,55,68
AC125143.1,0,0,0,0,0,0
AC125148.1,129,96,92,72,40,64
AC125149.1,0,0,0,0,0,0
AC125149.2,0,0,0,0,0,0
AC125149.3,0,0,0,0,0,0
AC125149.4,0,0,0,0,0,0
AC125149.5,0,0,0,0,0,0
AC125149.6,0,0,0,0,0,0
AC125160.1,0,0,0,0,0,0
AC125166.1,0,0,0,0,0,0
AC125170.1,0,0,0,0,0,0
AC125181.1,0,0,0,0,0,0
AC125183.7,3,0,3,1,0,0
AC125185.1,1,4,0,0,0,2
AC125186.1,74,81,84,100,85,93
AC125186.3,1,1,2,0,0,0
AC125189.1,0,0,0,0,0,0
AC125189.2,0,0,0,0,0,0
AC125189.3,0,0,1,0,0,0
AC125190.1,74,90,89,253,174,190
AC125199.1,0,0,0,0,0,0
AC125199.2,0,0,0,0,0,0
AC125199.3,0,0,0,0,0,0
AC125199.4,0,0,0,0,0,0
AC125202.1,3012,3188,3017,3143,3087,2860
AC125204.1,1,0,1,0,0,2
AC125204.2,66,41,55,48,31,38
AC125207.1,1662,2168,2250,5868,5654,3939
AC125209.1,0,0,0,0,0,0
AC125212.1,903,790,842,1424,1416,1406
AC125212.2,129,153,214,85,81,79
AC125214.1,6,2,0,0,0,0
AC125223.1,1,3,4,3,3,2
AC125225.1,0,0,0,0,0,0
AC125227.2,173,159,138,102,122,88
AC125228.1,123,79,71,81,71,74
AC125228.2,0,0,0,0,0,0
AC125228.3,0,0,0,0,0,0
AC125228.4,0,0,0,0,0,0
AC125228.5,0,0,1,0,0,0
AC125228.6,0,0,0,0,0,0
AC125228.7,0,0,0,0,0,0
AC125228.8,0,0,0,0,0,0
AC125228.9,0,0,0,0,0,0
AC125254.1,0,0,0,0,0,0
AC125254.2,0,1,1,0,0,0
AC125254.3,0,0,0,0,0,0
AC125262.1,19,18,23,1,1,2
AC125268.1,0,0,0,0,0,0
AC125270.2,32,52,64,73,57,55
AC125270.3,5,3,2,2,6,3
AC125275.1,0,0,0,0,0,0
AC125276.1,184,206,164,147,184,194
AC125279.1,49,54,60,34,34,50
AC125319.1,3,0,1,3,2,1
AC125319.2,0,1,2,1,2,2
AC125319.3,0,1,1,2,0,0
AC125321.1,674,1176,845,3281,3867,3108
AC125343.1,0,0,2,2,8,8
AC125343.2,37,27,24,58,55,55
AC125344.1,0,0,0,0,0,0
AC125348.1,63,93,83,273,200,174
AC125349.1,3,4,0,0,2,1
AC125349.2,0,0,1,1,0,0
AC125349.3,0,0,0,0,1,1
AC125354.1,6,3,4,2,0,0
AC125360.1,0,0,0,0,1,1
AC125371.1,0,0,0,0,0,0
AC125374.2,12,10,16,53,39,46
AC125378.1,0,0,0,0,0,1
AC125382.1,0,1,0,0,0,0
AC125382.2,0,1,0,0,0,0
AC125382.3,0,0,0,0,0,0
AC125407.1,168,154,195,108,106,128
AC125458.2,7,6,13,31,29,25
AC125460.1,3,4,2,0,3,2
AC125465.1,0,0,0,0,0,0
AC125483.1,77,52,54,18,11,16
AC125535.1,62,72,48,76,80,84
AC125541.2,0,0,0,0,0,0
AC125542.1,0,0,1,0,0,0
AC125543.1,11,13,9,27,25,31
AC126023.1,0,0,0,0,0,0
AC126026.1,16,17,27,19,14,11
AC126030.2,3,0,2,2,1,2
AC126034.1,1,3,0,0,1,0
AC126035.1,0,0,0,0,0,0
AC126035.2,0,0,0,0,0,0
AC126042.1,2,2,4,1,4,2
AC126045.1,0,0,0,1,6,1
AC126045.2,0,0,0,0,0,0
AC126045.3,0,0,1,3,0,3
AC126241.1,0,0,0,0,0,0
AC126250.1,190,208,180,157,138,117
AC126255.1,2,0,1,4,1,2
AC126262.1,5,10,5,24,14,18
AC126266.1,269,368,327,321,241,279
AC126266.3,11,7,7,2,3,5
AC126272.1,772,748,735,641,682,646
AC126273.1,0,0,0,0,0,0
AC126274.1,0,0,0,0,0,0
AC126274.2,0,0,0,0,0,0
AC126278.2,0,3,1,2,1,0
AC126408.1,7,2,2,5,4,10
AC126408.2,0,2,2,2,3,9
AC126408.3,0,3,0,2,3,3
AC126408.4,0,0,0,4,8,9
AC126409.1,24,38,31,160,117,119
AC126410.3,2,0,1,0,1,0
AC126430.1,1005,1052,948,775,819,998
AC126435.1,0,0,0,0,0,0
AC126438.2,0,0,0,0,0,0
AC126443.1,0,0,0,0,0,0
AC126445.2,24,23,23,23,37,36
AC126445.3,1,0,2,0,0,1
AC126448.1,0,0,0,0,0,0
AC126451.1,34,34,29,6,12,8
AC126454.1,1993,2002,1895,3528,3618,3092
AC126457.1,54,53,68,112,88,113
AC126539.1,0,0,0,0,0,0
AC126554.1,141,147,124,129,149,122
AC126554.2,5,1,5,3,1,3
AC126554.3,17,12,5,8,9,13
AC126598.4,22,15,10,13,19,17
AC126598.5,48,24,26,18,13,26
AC126606.1,0,0,0,0,0,0
AC126675.3,0,0,0,0,0,0
AC126676.1,0,0,0,0,0,0
AC126681.1,13,5,10,4,5,2
AC126681.2,0,0,0,0,0,0
AC126690.2,0,0,0,0,0,0
AC126691.1,0,0,0,0,0,0
AC126798.1,0,0,0,0,0,0
AC126800.1,0,0,1,1,0,0
AC126803.1,0,0,0,0,0,0
AC126803.3,1,0,3,0,4,3
AC127028.1,0,0,0,0,0,0
AC127028.2,1,0,0,1,0,1
AC127036.1,1010,1123,1069,1136,1089,1002
AC127224.1,1158,1152,1170,575,563,524
AC127225.2,0,1,0,0,1,1
AC127227.1,0,0,1,0,0,0
AC127227.2,0,0,0,0,0,0
AC127227.3,0,0,0,0,0,0
AC127230.1,5,0,1,0,0,0
AC127230.2,0,0,0,0,0,0
AC127230.3,0,0,0,0,0,0
AC127240.1,0,0,0,0,0,0
AC127242.1,0,0,0,2,1,0
AC127242.2,0,0,0,0,0,0
AC127247.1,0,0,0,0,0,0
AC127248.1,0,0,0,0,0,0
AC127252.1,128,61,57,66,63,51
AC127252.2,1123,1178,1588,3312,3325,2503
AC127252.4,1,1,5,0,4,0
AC127252.5,22,42,32,86,89,70
AC127257.1,33,54,21,171,119,163
AC127266.4,2,0,5,4,7,2
AC127270.1,355,522,418,634,722,699
AC127280.1,0,0,1,1,0,0
AC127283.3,5,1,2,16,24,23
AC127285.1,1,0,0,2,2,2
AC127297.4,0,0,0,0,0,0
AC127299.1,0,1,3,3,3,1
AC127299.2,1,3,8,6,6,5
AC127300.1,1405,1498,1118,1139,1129,1075
AC127300.3,36,46,27,51,40,43
AC127308.2,11,16,22,37,30,42
AC127308.3,0,0,0,1,1,0
AC127308.6,0,0,0,0,0,1
AC127324.1,0,0,0,0,0,0
AC127330.1,808,329,358,248,193,152
AC127331.1,17,15,21,21,19,14
AC127331.2,19,21,26,28,27,19
AC127331.3,17,15,21,21,19,14
AC127331.4,19,21,26,28,27,19
AC127332.1,0,0,0,0,0,0
AC127334.1,1,3,0,0,0,1
AC127336.1,0,0,0,0,0,0
AC127338.1,860,1008,1096,874,996,1025
AC127339.5,3,0,3,1,2,5
AC127347.1,0,0,0,0,0,0
AC127347.2,13,20,11,25,27,28
AC127348.2,455,380,436,934,1063,1008
AC127349.1,168,120,140,419,419,383
AC127350.1,0,1,4,1,1,1
AC127355.1,0,0,0,0,1,0
AC127355.2,130,133,88,13,9,10
AC127366.1,5,1,6,4,5,2
AC127369.1,1239,1322,1122,2157,2311,2156
AC127373.1,17,17,8,1,4,2
AC127416.1,1,2,0,0,0,0
AC127419.2,1269,1482,1355,885,905,829
AC127420.1,9,11,14,9,17,11
AC127423.1,0,0,0,0,1,0
AC127431.1,0,0,0,0,0,0
AC127433.1,60,77,47,33,21,34
AC127554.1,2,2,0,0,0,0
AC127556.10,14,14,16,5,14,15
AC127556.5,2,5,2,3,7,7
AC127568.1,0,0,0,0,0,0
AC127580.1,18,22,14,4,10,5
AC127592.1,2,5,1,3,2,2
AC127594.2,1,3,3,9,5,3
AC127598.1,0,0,0,0,0,0
AC127677.1,50,49,64,24,14,15
AC127677.2,2,0,1,0,0,0
AC127684.2,4,4,4,0,0,0
AC127685.1,5,2,2,4,6,3
AC127690.1,0,0,0,0,0,0
AC127694.1,3,8,7,17,8,9
AC127694.2,4,2,4,3,3,2
AC127695.1,2018,2132,2168,882,943,1005
AC128662.1,0,0,0,0,0,1
AC128662.2,0,0,0,0,0,0
AC128663.2,4,4,6,0,2,2
AC128663.3,271,227,238,426,413,486
AC128668.1,0,0,0,0,0,0
AC129014.2,39,57,48,21,34,30
AC129014.3,0,0,0,0,0,0
AC129015.1,0,0,0,1,1,1
AC129018.1,0,1,1,3,9,3
AC129021.1,1,2,1,7,2,3
AC129024.1,1,2,1,0,1,0
AC129078.1,6,10,8,0,0,0
AC129078.2,1489,1554,1044,3025,3104,2460
AC129080.2,5,8,15,17,15,9
AC129082.1,11,11,7,3,0,1
AC129174.1,0,0,0,0,0,0
AC129174.11,0,0,0,0,0,0
AC129174.13,74,66,65,113,69,121
AC129174.14,13,17,21,22,13,31
AC129174.2,0,0,0,0,0,0
AC129174.4,0,0,0,0,0,0
AC129174.8,0,0,0,0,0,0
AC129174.9,0,0,0,0,0,0
AC129179.1,2004,1773,2669,1663,988,762
AC129184.1,0,0,0,0,0,0
AC129185.1,10,7,3,9,14,13
AC129188.1,2808,3123,2879,3416,3173,3208
AC129188.2,8,4,14,16,14,22
AC129191.1,0,0,0,0,0,0
AC129197.1,0,0,0,0,0,0
AC129197.7,0,0,0,1,0,0
AC129197.8,49,37,35,43,33,47
AC129205.1,6273,6895,8156,2478,2227,1813
AC129215.2,151,192,201,141,144,126
AC129222.1,96,100,60,134,100,120
AC129222.2,1,2,2,4,2,3
AC129223.1,264,299,260,43,34,51
AC129296.1,0,0,0,0,0,0
AC129309.1,0,0,0,0,0,0
AC129322.1,0,0,0,0,0,0
AC129322.2,0,0,0,0,0,0
AC129334.1,18,17,14,19,10,14
AC129545.2,3515,3928,3394,7366,6883,5717
AC129553.4,8,13,21,8,13,2
AC129563.1,11,10,10,7,3,7
AC129574.1,2,3,2,6,6,5
AC129574.2,307,392,487,637,592,385
AC129585.1,0,0,0,1,1,0
AC129599.1,112,87,60,177,179,173
AC129601.1,393,381,398,763,833,853
AC129603.1,23,26,36,13,10,10
AC129603.2,3,5,5,0,0,0
AC129603.3,0,0,1,1,0,0
AC129605.1,212,218,216,3,4,9
AC129606.2,6,0,3,11,8,7
AC129609.2,1221,1064,1140,2308,2210,1985
AC129773.1,0,1,0,0,0,0
AC129775.2,0,0,0,0,0,0
AC129945.2,3,0,1,0,2,1
AC129951.1,9,9,15,25,16,38
AC130208.1,0,0,0,0,0,0
AC130210.1,35,22,41,20,33,14
AC130210.2,0,0,0,0,2,0
AC130214.1,210,215,220,328,331,342
AC130216.1,40,31,35,18,41,21
AC130277.1,3613,3330,3331,4562,4694,5166
AC130277.2,35,41,48,41,50,57
AC130279.1,375,267,221,484,429,500
AC130279.3,1,0,0,4,2,2
AC130474.1,0,1,2,2,2,1
AC130530.2,2,3,9,33,17,17
AC130530.3,0,0,0,0,0,0
AC130536.1,144,171,123,306,290,199
AC130654.1,0,0,1,0,0,0
AC130654.2,0,0,0,0,0,0
AC130680.12,15,10,22,27,31,30
AC130680.15,1,1,1,1,1,1
AC130711.1,414,494,408,428,385,366
AC130713.1,0,1,0,2,1,0
AC130714.1,498,481,427,60,68,68
AC130716.1,148,160,118,62,46,56
AC130827.3,314,297,251,108,126,143
AC130827.4,3,1,1,0,0,1
AC130827.5,31,29,43,47,41,42
AC130832.1,0,0,0,0,0,0
AC130832.2,0,0,0,0,0,0
AC130839.1,0,0,0,0,0,0
AC130841.2,76,109,93,2122,1466,1617
AC130841.3,820,876,1189,624,563,607
AC131029.1,1455,1571,1670,3259,3283,2922
AC131081.1,1127,1227,1086,2791,2802,2688
AC131084.1,2,0,0,0,0,0
AC131105.1,0,0,0,0,1,0
AC131105.3,0,0,0,0,0,0
AC131111.1,0,0,0,0,0,0
AC131116.4,0,0,0,0,0,0
AC131116.5,0,0,0,0,0,0
AC131116.9,0,0,0,0,0,0
AC131120.1,457,566,620,1117,1104,742
AC131178.3,0,0,1,12,17,15
AC131184.1,73,76,65,73,63,59
AC131187.1,225,256,181,700,552,699
AC131332.1,0,0,0,0,0,0
AC131338.1,177,192,128,148,92,90
AC131340.2,79,86,92,86,94,71
AC131591.1,0,2,3,1,0,1
AC131592.1,1,2,0,0,0,0
AC131665.2,0,0,0,4,0,0
AC131679.2,0,0,1,0,0,0
AC131679.3,2,4,4,3,2,2
AC131692.2,0,0,1,11,8,9
AC131692.3,328,362,355,283,259,287
AC131692.8,10,11,21,6,5,6
AC131702.1,7,10,8,1,0,0
AC131706.1,449,427,539,1860,1557,1377
AC131709.1,2,0,1,2,4,6
AC131713.1,0,0,0,0,0,0
AC131742.1,200,145,181,29,26,27
AC131744.1,4,12,8,7,1,10
AC131746.2,0,1,0,0,1,1
AC131751.1,0,0,0,0,0,0
AC131751.2,0,0,0,0,0,0
AC131752.4,3,0,1,1,2,0
AC131756.1,283,321,300,102,135,94
AC131770.1,0,0,0,0,0,0
AC131770.2,0,0,0,0,0,0
AC131773.1,3,5,2,5,4,11
AC131773.2,0,0,2,2,0,0
AC131773.3,0,0,0,0,0,0
AC131777.1,0,0,1,1,0,0
AC131780.1,26,12,9,3,9,4
AC131780.10,17,7,14,5,11,2
AC131780.11,6,0,4,0,1,0
AC131780.12,11,2,6,0,0,1
AC131780.2,47,25,26,17,20,2
AC131780.3,41,22,21,13,20,2
AC131780.4,51,10,19,13,14,0
AC131780.5,392,131,226,103,132,30
AC131780.6,29,13,26,9,13,4
AC131780.7,16,5,3,3,7,1
AC131780.8,50,30,22,15,23,4
AC131780.9,0,0,2,0,1,0
AC131784.1,0,0,0,0,0,0
AC131785.1,3,2,3,14,6,11
AC131793.1,0,0,0,0,0,0
AC131802.1,0,0,0,0,0,0
AC131803.2,64,56,55,22,16,25
AC131803.3,772,822,701,606,463,567
AC131804.1,0,0,0,0,1,1
AC131919.1,1980,1689,1641,956,1120,1087
AC131919.2,10,9,8,2,2,3
AC131980.1,76,71,55,195,165,174
AC131983.1,0,0,0,0,0,0
AC132082.1,0,0,2,3,1,3
AC132088.1,2608,2218,2134,6367,6535,6062
AC132099.1,0,0,1,0,1,1
AC132111.2,0,1,0,0,0,1
AC132119.1,0,0,0,0,1,1
AC132126.2,1605,1869,1293,4109,4128,3775
AC132132.1,2209,2587,2693,2910,3049,2463
AC132139.2,5,6,5,43,22,18
AC132141.1,487,467,434,1205,1193,1132
AC132142.2,2,1,1,0,1,1
AC132147.1,2,5,13,4,5,6
AC132148.3,5,1,10,26,15,20
AC132189.1,0,0,0,0,0,0
AC132221.2,75,69,62,221,192,206
AC132223.1,0,0,0,0,0,0
AC132223.2,0,0,0,0,0,0
AC132229.1,0,0,0,0,0,0
AC132229.2,0,0,0,0,0,0
AC132246.1,7,17,15,9,18,14
AC132246.2,2,3,2,1,1,2
AC132251.1,0,1,0,1,0,0
AC132253.1,0,0,0,0,1,0
AC132253.2,0,0,0,0,0,0
AC132259.1,0,0,0,0,0,0
AC132263.1,0,0,0,0,0,0
AC132266.1,0,0,0,0,0,0
AC132270.1,0,0,0,0,0,0
AC132271.2,18,14,13,22,24,21
AC132273.1,0,0,0,0,0,0
AC132274.1,0,0,0,0,0,0
AC132274.4,0,0,0,0,0,0
AC132276.1,0,0,0,0,0,0
AC132277.1,1,0,0,1,0,0
AC132284.1,0,0,0,0,0,0
AC132284.2,0,0,1,0,0,0
AC132284.3,0,1,0,0,0,0
AC132284.4,1,3,0,0,1,0
AC132287.1,0,0,0,0,0,0
AC132287.2,38,73,31,25,23,27
AC132287.4,0,0,0,0,0,0
AC132288.1,443,480,404,395,350,348
AC132296.1,0,0,0,0,0,0
AC132297.1,0,0,0,0,0,0
AC132302.1,6983,7105,7534,3088,3192,2706
AC132304.1,0,0,0,0,0,0
AC132309.1,0,0,0,0,0,0
AC132327.8,19,21,22,23,20,28
AC132338.1,0,0,0,0,0,0
AC132340.1,0,0,0,0,0,0
AC132342.2,0,0,0,0,0,0
AC132347.1,17,25,35,34,31,39
AC132350.1,235,232,195,1122,929,995
AC132352.1,0,0,0,0,0,0
AC132352.2,4,1,0,0,1,1
AC132362.1,0,0,0,0,0,0
AC132362.2,0,0,0,0,0,0
AC132367.1,0,0,0,0,0,1
AC132374.2,6,5,4,1,1,1
AC132378.1,0,0,0,0,0,0
AC132380.1,72,63,90,94,111,100
AC132382.1,1,0,0,0,1,0
AC132386.1,0,0,0,0,0,0
AC132389.1,9,9,11,11,8,13
AC132393.1,5,6,4,5,6,8
AC132397.1,6,4,3,1,1,0
AC132405.1,456,405,445,397,442,429
AC132406.1,4,5,3,1,1,2
AC132412.2,0,0,0,0,4,2
AC132412.3,0,0,0,0,0,0
AC132418.1,3,3,6,9,8,10
AC132432.1,0,0,0,0,1,2
AC132444.1,0,0,0,0,0,0
AC132444.2,0,0,0,0,0,0
AC132444.3,0,0,0,0,0,0
AC132444.4,0,0,0,0,0,0
AC132444.5,0,0,0,0,0,0
AC132448.1,0,0,2,0,0,0
AC132451.1,4757,4926,5309,1310,1371,1149
AC132462.2,0,0,0,0,0,0
AC132462.5,1,2,1,5,2,2
AC132468.1,0,1,2,2,1,8
AC132471.1,0,0,1,1,0,1
AC132472.1,0,0,9,6,9,7
AC132567.1,1,1,2,1,0,3
AC132567.2,3,0,1,3,1,0
AC132577.1,0,0,0,0,0,0
AC132579.1,0,1,1,0,0,0
AC132581.1,0,0,0,0,0,0
AC132586.1,348,347,354,555,490,440
AC132587.1,129,154,99,160,150,146
AC132591.1,0,0,0,0,0,0
AC132601.1,0,0,0,0,0,0
AC132602.2,173,206,215,302,227,241
AC132607.2,8,9,14,35,37,43
AC132681.1,0,0,0,0,0,0
AC132685.1,65,92,110,25,29,32
AC132830.1,0,0,0,1,1,0
AC132833.1,8,21,25,72,71,74
AC132863.1,1760,1533,1535,2892,2891,2563
AC132939.2,0,0,0,0,0,0
AC132945.3,0,0,0,0,0,0
AC132955.1,31,17,31,31,21,33
AC132957.1,7,4,3,5,12,7
AC133082.1,0,0,0,0,0,0
AC133083.2,4,3,2,1,2,1
AC133083.3,3,3,1,0,4,2
AC133085.1,0,0,0,0,0,0
AC133085.2,0,0,0,0,0,0
AC133094.1,0,0,0,0,0,0
AC133094.10,0,0,0,0,0,0
AC133094.11,0,0,0,0,0,0
AC133094.12,0,0,0,1,0,1
AC133094.13,0,0,0,0,0,0
AC133094.14,56,37,34,72,46,68
AC133094.2,0,0,0,0,0,0
AC133094.3,0,0,0,0,0,0
AC133094.4,0,0,0,1,0,1
AC133094.5,0,0,0,0,0,0
AC133094.6,56,44,34,68,48,76
AC133094.7,0,0,0,0,0,0
AC133094.9,0,0,0,0,0,0
AC133095.1,0,0,0,0,0,0
AC133095.2,0,0,0,0,0,0
AC133096.1,21,10,24,0,2,1
AC133096.2,2,0,1,2,1,1
AC133097.2,6,11,9,14,23,31
AC133098.1,0,0,0,0,1,0
AC133103.1,0,0,0,0,0,0
AC133103.2,0,0,0,0,0,0
AC133103.3,0,0,0,0,0,0
AC133103.4,0,0,0,0,0,0
AC133103.5,0,0,0,0,0,0
AC133103.6,0,0,0,0,0,0
AC133103.7,0,0,0,0,0,0
AC133103.8,0,0,0,0,0,0
AC133159.1,2540,2432,2328,2747,2436,3082
AC133161.1,0,0,0,0,0,0
AC133169.2,1285,1262,1226,2370,2352,2024
AC133179.1,10,7,8,0,0,0
AC133183.1,10,4,17,4,7,5
AC133187.3,735,824,947,1939,1856,1412
AC133187.4,1,0,0,0,0,0
AC133190.1,1,1,3,2,4,3
AC133195.2,1,1,2,1,0,0
AC133196.1,0,0,0,0,0,0
AC133199.1,1915,1737,1662,4446,4691,4325
AC133210.1,1,0,0,0,0,0
AC133456.1,0,0,0,0,0,0
AC133459.1,0,0,0,0,1,0
AC133459.4,0,0,0,0,0,0
AC133494.1,1,0,2,0,1,1
AC133494.2,108,101,97,126,90,115
AC133496.1,38,40,37,24,30,22
AC133499.1,5,10,8,8,3,10
AC133502.2,0,1,0,0,0,0
AC133509.3,0,0,0,1,1,0
AC133509.4,0,0,0,0,0,0
AC133510.1,19,14,21,106,69,104
AC133514.1,119,134,115,113,103,79
AC133517.1,0,0,0,0,0,0
AC133523.1,9,5,5,8,3,4
AC133523.2,0,0,3,1,2,5
AC133523.6,0,0,0,0,0,0
AC133578.1,7,5,7,21,18,31
AC133581.1,0,0,0,0,0,0
AC133581.2,1,4,4,19,24,26
AC133585.1,4,5,5,1,0,1
AC133589.1,669,737,627,955,891,846
AC133601.2,0,0,0,0,0,0
AC133646.1,71,77,74,79,61,64
AC133646.2,678,546,522,1111,1038,869
AC133647.1,3,1,3,0,2,3
AC133649.1,0,0,0,0,0,0
AC133891.1,0,0,0,0,0,0
AC133896.3,73,97,141,315,349,266
AC133897.1,1,0,1,0,0,0
AC133902.3,50,46,58,85,74,102
AC133935.1,3,2,1,49,37,14
AC133935.2,2,2,5,3,4,5
AC133936.3,244,264,255,499,511,397
AC133938.1,56,53,61,88,56,62
AC133942.1,0,1,0,0,0,0
AC133954.1,103,75,115,7,5,5
AC133958.1,0,0,0,0,0,0
AC133967.1,4,6,4,2,1,1
AC134243.1,0,0,0,0,1,0
AC134243.2,0,0,0,0,0,0
AC134246.2,2524,2918,2845,4374,4021,4221
AC134253.1,0,0,0,0,0,0
AC134253.2,0,0,0,0,0,0
AC134254.1,0,0,0,0,0,0
AC134327.1,69,54,63,49,50,54
AC134339.2,3,2,10,8,10,12
AC134339.3,1,0,0,7,8,10
AC134411.3,233,241,200,361,335,361
AC134426.2,0,0,0,0,0,0
AC134437.1,195,209,175,162,175,188
AC134441.1,155,193,274,279,186,205
AC134441.2,2,10,2,6,10,10
AC134443.1,0,0,0,0,0,0
AC134445.1,0,0,0,0,0,0
AC134447.2,0,0,0,0,0,0
AC134452.1,0,0,0,1,3,3
AC134455.1,0,0,0,0,0,0
AC134463.1,825,791,796,401,335,396
AC134474.1,397,399,435,1084,1014,1157
AC134523.2,0,0,0,0,0,0
AC134527.1,127,126,107,170,130,133
AC134530.1,0,0,0,0,0,0
AC134533.1,0,0,0,0,0,0
AC134533.3,0,0,0,0,0,0
AC134533.7,57,51,37,62,51,69
AC134534.1,2,0,1,0,0,2
AC134539.2,291,239,200,383,377,374
AC134541.1,0,0,0,0,0,0
AC134545.2,0,1,0,1,0,2
AC134551.1,3,2,3,5,11,7
AC134557.1,0,0,0,0,0,0
AC134564.1,0,0,0,0,0,0
AC134564.2,0,0,0,0,0,0
AC134570.1,55,54,77,128,134,194
AC134570.2,0,0,2,0,4,4
AC134575.1,43,53,74,33,35,30
AC134575.2,3,10,6,8,3,9
AC134578.1,16,12,7,7,4,6
AC134581.1,0,0,0,0,0,0
AC134581.2,6,12,10,25,17,23
AC134581.3,3,6,5,3,0,2
AC134581.4,0,0,0,5,3,1
AC134590.1,0,0,0,0,0,0
AC134596.1,0,0,0,0,0,0
AC134615.1,5,5,5,2,4,5
AC134826.1,22,35,21,63,52,81
AC134827.2,325,268,289,212,207,164
AC134830.1,112,153,109,108,50,97
AC134838.2,0,0,0,0,0,0
AC134839.1,2,2,3,0,0,0
AC134839.2,1,0,1,2,1,0
AC134841.1,0,0,0,0,0,0
AC134848.1,1,0,0,2,1,0
AC134852.1,0,0,0,0,0,0
AC134854.2,0,0,0,0,0,0
AC134855.1,0,0,0,0,0,0
AC134856.1,0,1,0,0,0,0
AC134860.1,0,0,0,0,0,0
AC134860.2,836,967,892,667,584,553
AC134865.1,0,0,0,0,0,0
AC134869.1,1,1,1,0,1,1
AC134869.2,6,0,2,3,3,2
AC134869.3,5,0,4,0,2,1
AC134871.2,1,7,3,3,1,2
AC134903.1,0,0,0,0,0,0
AC134908.2,0,0,0,0,0,0
AC134908.3,22,12,22,21,20,20
AC134917.1,3,1,1,8,10,4
AC134918.1,1166,1294,1755,950,892,863
AC135017.1,53,40,61,12,6,9
AC135079.3,2,0,1,2,2,0
AC135079.4,5,1,1,1,1,4
AC135108.1,0,0,0,0,0,0
AC135240.1,1,1,0,0,0,3
AC135289.1,0,0,0,0,0,0
AC135291.1,370,422,324,390,374,372
AC135292.1,0,0,0,0,0,0
AC135567.1,25,9,23,25,25,42
AC135633.1,0,0,0,0,0,0
AC135633.2,207,217,195,119,143,141
AC135805.1,0,0,0,0,0,0
AC135809.1,765,847,890,1611,1561,1455
AC135963.1,0,0,1,0,0,0
AC135963.2,0,0,0,0,0,0
AC136004.1,0,0,0,0,0,0
AC136018.6,0,0,0,0,0,0
AC136018.8,0,0,0,0,0,0
AC136021.1,7,4,11,17,17,23
AC136146.1,11,11,8,11,11,12
AC136146.2,0,0,1,5,3,1
AC136146.3,0,0,0,0,0,0
AC136146.4,113,101,124,150,103,123
AC136215.1,100,93,108,77,69,71
AC136215.3,182,175,159,410,319,395
AC136453.1,13,9,6,7,5,2
AC136453.2,2,2,6,12,10,7
AC136456.1,0,0,0,1,0,2
AC136515.1,0,0,0,1,0,0
AC136516.1,3772,3503,3362,6574,6318,6353
AC136642.1,16,12,9,5,13,19
AC136642.2,0,1,2,2,2,5
AC136702.1,1,2,1,1,0,1
AC136735.1,0,1,0,0,1,0
AC136740.1,28,36,15,51,53,48
AC136741.3,0,0,0,0,0,0
AC136746.1,449,431,455,424,450,393
AC136921.2,4,2,3,0,1,1
AC136975.1,0,0,0,0,0,0
AC137104.1,4,3,8,10,22,15
AC137107.1,562,663,728,2063,2021,1887
AC137107.4,1,4,0,0,3,3
AC137128.3,0,0,0,0,0,0
AC137146.1,0,0,0,0,0,0
AC137150.1,21,41,19,17,10,24
AC137152.1,37,24,35,35,33,37
AC137156.1,9,14,19,33,28,34
AC137156.2,43,44,59,74,84,85
AC137511.1,0,0,0,2,0,0
AC137513.1,135,156,165,75,83,64
AC137524.1,0,0,1,0,0,0
AC137525.1,21,5,11,12,16,24
AC137525.2,0,0,0,0,0,0
AC137605.2,0,0,1,3,1,2
AC137678.1,24,25,16,10,11,8
AC137692.1,0,0,0,0,0,0
AC137844.1,6129,5085,7225,5200,2702,1898
AC137853.1,372,364,339,624,647,629
AC137871.1,0,0,0,0,0,0
AC137938.1,163,134,142,144,189,153
AC137948.1,0,0,0,0,0,0
AC137950.1,13,12,17,0,0,0
AC137969.1,2,2,2,0,1,3
AC137969.2,0,0,0,0,0,0
AC137982.1,0,0,0,0,0,0
AC138025.1,185,163,173,357,313,256
AC138109.1,4,2,2,113,86,77
AC138113.1,0,1,1,0,0,0
AC138113.2,1,0,0,0,0,0
AC138113.3,0,0,0,0,0,0
AC138117.1,0,0,0,0,0,0
AC138119.1,0,0,1,0,0,0
AC138177.1,117,112,131,78,75,71
AC138177.2,0,0,1,0,0,0
AC138200.1,0,0,0,0,0,0
AC138214.1,3,4,3,1,3,1
AC138229.1,0,2,7,2,1,0
AC138229.2,3,2,3,2,1,3
AC138265.1,6,1,2,2,1,4
AC138267.1,0,0,0,0,0,1
AC138284.1,0,0,0,0,0,0
AC138285.1,0,0,0,1,1,0
AC138288.1,10,19,16,20,23,27
AC138299.1,1079,767,825,747,793,761
AC138299.2,0,0,0,0,0,0
AC138311.1,0,0,0,0,0,0
AC138311.2,0,0,0,0,0,0
AC138317.1,0,0,0,0,0,0
AC138320.1,0,0,0,0,0,0
AC138359.3,79,118,87,110,97,123
AC138376.1,7,7,7,0,0,2
AC138376.2,0,0,0,0,0,0
AC138386.1,4,8,7,8,6,7
AC138394.1,0,0,0,0,0,0
AC138528.1,501,511,513,244,209,207
AC138587.1,0,0,0,0,0,0
AC138594.1,0,0,0,2,1,0
AC138601.1,540,594,654,1138,1205,1343
AC138611.1,226,227,210,308,364,369
AC138617.1,0,0,0,0,0,0
AC138640.3,23,16,32,14,17,19
AC138642.1,7,15,12,11,10,18
AC138666.2,0,0,0,0,0,0
AC138678.5,0,0,1,0,0,0
AC138741.2,0,0,0,0,0,0
AC138765.1,13,10,17,24,31,17
AC138768.1,2,6,4,2,0,0
AC138791.1,0,0,0,0,0,0
AC139023.2,0,0,0,0,0,0
AC139023.4,1,0,0,0,0,0
AC139037.2,0,0,3,1,1,1
AC139039.2,103,123,127,260,226,180
AC139040.1,2702,2985,3414,8700,9365,7876
AC139042.1,186,245,237,209,209,211
AC139063.1,827,1035,1071,540,486,489
AC139064.1,0,0,2,0,1,0
AC139064.2,11,15,16,24,19,13
AC139131.1,944,1124,883,1583,1308,1460
AC139131.3,2,4,7,21,14,11
AC139157.1,57,103,58,225,218,202
AC139186.2,13,9,5,7,2,0
AC139207.1,0,0,2,0,0,0
AC139231.2,0,0,0,0,0,0
AC139241.1,312,238,265,450,542,538
AC139245.3,1,6,9,0,0,0
AC139245.4,1,2,1,0,0,1
AC139294.1,2,3,1,1,0,1
AC139297.1,0,0,0,0,0,0
AC139320.1,2,4,1,1,1,0
AC139334.1,105,109,107,93,80,116
AC139347.1,4,3,0,0,1,1
AC139348.1,0,0,0,0,0,0
AC139376.1,0,0,0,0,0,0
AC139376.2,32,32,26,26,14,20
AC139378.1,0,0,0,0,0,0
AC139379.1,10,6,9,8,23,17
AC139573.1,0,0,0,0,0,0
AC139636.2,10,5,10,39,41,42
AC139638.1,0,0,0,0,0,0
AC139671.1,0,0,0,0,0,0
AC139673.1,15,11,19,13,13,12
AC139673.3,7,4,4,2,0,1
AC139675.1,3269,3776,3271,6211,6518,6175
AC139711.2,0,0,0,0,0,0
AC139759.2,29,31,39,86,101,75
AC139846.1,3,0,1,0,1,0
AC139884.2,276,335,230,358,275,345
AC139885.1,0,0,2,0,0,2
AC139934.1,131,134,73,243,232,259
AC140047.1,255,350,419,1874,1856,1407
AC140047.2,4,3,6,12,15,11
AC140055.1,0,0,0,0,0,0
AC140073.1,3,3,4,8,3,6
AC140188.1,0,0,0,0,0,0
AC140190.1,0,0,0,0,0,0
AC140190.2,13,18,9,29,20,23
AC140194.1,0,0,0,0,0,0
AC140194.2,0,0,0,0,0,0
AC140194.3,0,0,0,0,0,0
AC140194.4,0,0,0,0,0,0
AC140194.5,0,0,0,0,0,0
AC140205.1,0,0,0,0,0,0
AC140205.2,0,0,0,0,0,0
AC140205.3,0,0,0,0,0,0
AC140222.1,0,0,0,0,0,0
AC140234.1,0,1,0,0,0,0
AC140256.1,654,620,584,1697,1568,1663
AC140256.2,0,0,0,0,0,0
AC140257.1,115,98,102,85,96,86
AC140264.1,136,134,210,347,318,251
AC140268.2,5,8,4,15,10,16
AC140268.4,3,3,1,7,8,2
AC140277.1,0,0,2,2,1,5
AC140277.2,0,0,0,0,0,0
AC140280.1,345,477,514,847,859,790
AC140283.1,29,15,24,5,8,6
AC140300.1,1,1,0,0,0,0
AC140312.1,4,1,3,4,6,5
AC140318.1,0,0,0,0,0,0
AC140325.1,0,0,0,0,0,0
AC140325.2,0,0,0,0,0,0
AC140325.3,0,0,0,0,0,0
AC140326.1,2,0,5,0,4,1
AC140327.2,0,0,0,0,0,0
AC140327.3,0,0,0,0,0,0
AC140327.4,0,0,0,0,0,0
AC140328.1,494,547,600,1430,1564,1455
AC140333.1,0,0,1,0,0,0
AC140336.1,339,412,332,414,316,355
AC140348.1,0,0,0,0,0,0
AC140349.1,1723,1750,1532,1689,1443,1799
AC140350.1,0,0,2,1,0,1
AC140353.3,0,4,0,4,2,1
AC140364.2,0,0,1,0,0,0
AC140364.3,39,27,25,63,58,74
AC140365.1,0,0,0,0,0,0
AC140365.2,0,0,0,0,0,0
AC140370.1,222,204,154,229,281,274
AC140374.2,0,0,0,0,0,1
AC140374.3,0,0,0,0,0,0
AC140374.4,0,0,0,0,0,0
AC140377.1,558,596,651,902,604,698
AC140381.2,8,7,14,26,40,57
AC140382.1,0,0,0,0,0,0
AC140385.1,0,0,2,0,0,0
AC140385.3,0,0,0,0,0,0
AC140385.4,0,0,0,0,0,0
AC140385.5,0,0,0,0,0,0
AC140388.1,0,0,0,0,0,0
AC140392.1,154,105,105,93,95,136
AC140398.1,3,1,4,1,0,0
AC140402.1,0,0,0,0,0,0
AC140410.3,0,0,1,1,0,0
AC140426.1,2218,2284,2223,4206,4215,4230
AC140430.1,2,3,0,3,2,3
AC140437.2,836,727,705,977,1003,1081
AC140444.1,0,0,0,0,0,0
AC140486.1,0,0,1,0,0,0
AC140554.1,10,8,8,19,20,18
AC140675.2,1,1,0,1,0,0
AC140675.3,4,1,2,2,1,2
AC140675.4,0,0,2,1,0,2
AC140675.5,0,0,0,0,0,0
AC140678.1,0,0,0,0,0,0
AC140680.1,0,0,0,0,0,0
AC140724.1,2,0,3,0,0,0
AC140784.1,0,0,0,0,0,0
AC140799.1,0,1,1,1,0,0
AC140983.2,8,12,7,2,3,3
AC140984.1,0,1,0,0,0,0
AC141209.2,9,5,5,14,8,12
AC141209.3,1,1,0,0,1,1
AC141429.1,52,67,51,220,185,217
AC141438.1,0,0,0,0,0,0
AC141471.1,0,0,0,0,0,0
AC141473.2,3,2,3,1,4,2
AC141474.1,0,0,0,0,0,0
AC141481.1,2,0,1,0,1,1
AC141566.1,0,0,0,0,0,0
AC141567.1,298,272,277,363,350,334
AC141567.2,0,0,0,0,0,0
AC141567.3,0,0,0,0,0,0
AC141630.1,2,3,2,5,7,3
AC141641.1,1345,1632,1239,6538,6202,5866
AC141643.1,148,148,138,281,246,195
AC141643.2,776,831,710,401,418,434
AC141868.1,1039,1227,1368,1700,1765,1479
AC141869.1,0,1,0,0,0,1
AC141880.1,0,0,0,0,0,0
AC141881.11,0,0,0,0,0,1
AC141881.12,0,0,1,0,0,0
AC141881.15,0,1,5,1,1,1
AC141881.20,0,1,5,1,1,1
AC141881.3,0,1,5,1,1,0
AC141881.35,0,1,5,1,1,0
AC141881.4,0,1,5,1,1,1
AC141881.41,0,1,5,1,1,1
AC141881.44,0,1,5,1,1,0
AC141887.1,36,23,27,24,13,24
AC141889.1,0,0,0,0,0,0
AC141896.1,0,0,0,0,0,0
AC141896.2,12,14,17,4,9,3
AC141898.2,0,0,1,1,0,0
AC142098.4,0,0,1,0,1,0
AC142100.1,0,0,1,1,2,2
AC142100.2,0,0,0,0,0,0
AC142101.1,82,86,74,111,105,132
AC142101.2,741,746,618,1322,1236,1625
AC142103.1,11,6,8,11,2,8
AC142104.1,0,0,0,0,0,0
AC142104.2,0,0,0,0,0,0
AC142110.3,1,0,0,0,0,1
AC142110.5,13,6,13,1,4,1
AC142110.7,0,0,1,0,1,0
AC142112.1,0,2,1,0,0,0
AC142112.2,0,0,0,0,0,0
AC142115.1,23,31,10,5,1,6
AC142167.1,441,459,662,388,340,339
AC142191.1,4,1,7,0,2,2
AC142214.1,0,0,0,0,0,0
AC142215.1,0,0,0,0,0,0
AC142227.1,1055,1002,941,1684,1897,1973
AC142228.1,1,1,3,3,0,2
AC142228.2,39,24,28,1,2,0
AC142244.1,40,52,77,214,223,171
AC142266.1,1,0,1,3,3,4
AC142269.1,0,0,0,0,0,0
AC142448.2,11,22,11,14,7,10
AC142448.4,0,0,0,0,0,0
AC142449.1,0,0,0,0,0,0
AC142453.1,0,0,0,0,0,0
AC142453.2,0,0,0,0,0,0
AC142473.1,0,0,0,0,0,0
AC142504.1,877,747,889,311,310,372
AC143329.1,0,0,0,0,0,0
AC143329.2,0,0,0,0,0,0
AC144480.1,5,0,3,0,0,0
AC144480.2,171,142,162,97,70,114
AC144580.1,0,0,0,0,0,0
AC144580.2,0,0,0,0,0,0
AC144582.1,0,0,0,0,0,0
AC144583.1,0,0,0,0,0,0
AC144621.1,4973,5881,5696,2933,3037,2772
AC144627.1,0,0,0,0,0,0
AC144631.1,4,2,3,9,6,3
AC144647.1,0,0,0,0,0,0
AC144671.1,0,0,0,0,0,0
AC144776.1,0,0,0,0,0,0
AC144778.1,0,0,0,0,0,0
AC144779.1,4009,4055,3744,5313,5436,5424
AC144818.2,236,281,243,210,220,175
AC144852.1,72,81,82,42,52,41
AC144852.2,37,38,24,13,25,17
AC144853.1,0,0,0,0,0,0
AC144854.1,0,0,0,0,0,0
AC144854.2,0,0,0,0,0,0
AC144854.3,0,0,0,0,0,0
AC144857.1,0,0,0,0,0,0
AC144860.1,15,9,18,11,10,12
AC144861.1,0,0,0,0,0,0
AC144894.1,0,0,0,0,0,0
AC144905.1,5,5,5,23,22,23
AC145082.2,3,2,2,0,1,0
AC145084.1,2,3,1,1,0,0
AC145168.1,696,738,651,1201,1240,1326
AC145199.4,3,6,4,109,122,130
AC145265.1,0,0,0,0,0,0
AC145266.1,0,0,0,0,0,0
AC145270.1,0,0,0,0,0,0
AC145270.2,0,0,0,0,0,0
AC145301.1,0,0,0,0,0,0
AC145303.1,3693,4124,3504,8638,8860,8193
AC145351.1,0,0,0,0,0,0
AC145515.1,0,0,0,0,0,0
AC145552.1,0,0,0,0,0,0
AC145553.1,0,0,0,0,0,0
AC145557.2,97,111,125,140,128,102
AC145558.1,0,0,0,0,0,0
AC145563.1,0,0,0,0,0,0
AC145569.1,0,0,0,0,0,0
AC145582.1,0,0,0,0,0,0
AC145587.1,0,0,0,0,0,0
AC145588.1,0,0,0,0,0,0
AC145591.1,275,400,352,632,655,625
AC145591.2,2,0,0,10,10,7
AC145597.1,0,0,0,0,0,0
AC145608.1,0,0,0,0,0,0
AC145610.1,0,0,0,0,0,0
AC145610.2,10,5,12,0,2,4
AC145736.1,3,5,5,2,1,0
AC145742.1,0,0,0,0,0,0
AC145744.1,3291,3202,3210,5303,5341,4463
AC145748.2,2,0,0,4,1,1
AC145748.3,1,0,0,0,0,1
AC146299.1,1394,1446,1719,3280,3731,3685
AC146604.1,0,0,0,0,0,0
AC146604.2,0,0,0,0,0,0
AC146604.3,2,0,0,0,0,0
AC146604.4,0,0,0,0,0,0
AC146604.5,0,0,0,0,0,0
AC146607.3,28,27,23,30,24,30
AC146633.1,0,0,0,0,0,0
AC146815.1,452,498,393,1485,1268,1173
AC146980.5,0,0,1,3,1,0
AC147018.1,0,0,0,1,1,1
AC147020.1,10067,5842,6915,4299,2937,2230
AC147029.1,3626,3272,2940,5534,5531,5343
AC147047.1,0,0,0,0,0,0
AC147048.1,16,9,7,1,3,2
AC147105.1,0,0,0,0,0,0
AC147124.1,0,0,0,0,0,0
AC147142.1,0,0,0,0,0,0
AC147142.2,0,0,0,0,0,0
AC147149.1,0,0,0,0,0,0
AC147219.1,0,0,0,0,1,2
AC147222.3,0,0,0,0,0,0
AC147238.1,1256,1035,1075,571,592,641
AC147239.1,1,1,1,1,1,0
AC147239.2,1008,796,729,890,769,886
AC147239.4,8,6,9,14,5,11
AC147246.2,18,21,9,1,2,2
AC147249.1,0,0,0,0,0,0
AC147251.1,0,0,0,0,0,0
AC147255.1,0,0,0,0,0,0
AC147257.1,0,0,0,0,0,0
AC147261.1,0,0,0,0,0,0
AC147261.2,0,0,0,0,0,0
AC147262.1,0,0,0,0,0,0
AC147266.1,6,5,13,2,3,4
AC147266.3,153,164,200,61,79,62
AC147266.4,459,318,232,644,620,646
AC147366.1,777,796,610,1909,1798,1619
AC147474.2,57,65,60,164,176,190
AC147514.1,0,0,0,0,0,0
AC147549.1,0,0,0,0,0,0
AC147549.2,0,0,0,0,0,0
AC147555.1,1,1,1,1,0,0
AC147612.1,24,20,20,3,4,8
AC147612.2,1976,2318,2062,5264,4275,3953
AC147614.1,199,250,251,258,175,230
AC147616.1,0,0,0,0,0,0
AC147618.1,19,9,10,25,20,22
AC147622.1,0,0,0,0,0,0
AC147623.1,0,0,0,0,0,0
AC147623.2,0,0,0,0,0,0
AC147626.1,0,0,0,0,0,0
AC147632.1,1,0,0,6,3,7
AC147636.2,0,0,0,0,0,0
AC147709.1,0,0,0,0,0,0
AC147716.1,0,0,0,0,0,0
AC147806.2,2,2,0,0,0,1
AC147806.3,1,1,2,0,0,0
AC147806.5,0,0,0,0,0,0
AC147806.6,22,36,23,35,28,36
AC147806.7,0,0,0,0,0,0
AC147806.8,0,0,0,1,1,3
AC147987.1,321,320,312,256,250,234
AC147987.5,0,0,0,0,0,0
AC147996.1,0,0,0,0,0,0
AC147998.1,0,0,0,0,0,0
AC148001.1,0,0,0,0,0,0
AC148003.2,0,0,0,0,0,0
AC148011.2,5,1,1,3,2,1
AC148011.4,26,25,33,11,7,8
AC148014.1,1,0,2,1,1,0
AC148019.1,0,0,0,0,0,0
AC148089.1,2565,2552,2751,6704,6100,7799
AC148089.2,41,29,47,18,8,20
AC148114.1,0,0,1,1,0,0
AC148244.1,0,0,0,0,0,0
AC148321.1,120,96,90,8,9,19
AC148326.1,478,496,445,890,872,1082
AC148327.1,0,0,0,0,0,0
AC148768.1,6,0,8,1,3,2
AC148976.1,78,91,49,151,117,95
AC148977.2,1,4,4,12,11,8
AC148986.1,528,477,430,685,689,734
AC148988.2,5,3,4,20,18,29
AC149055.1,0,0,0,0,0,0
AC149056.1,0,0,2,0,1,2
AC149056.2,5,2,3,1,1,4
AC149057.2,10,11,5,5,16,9
AC149067.1,1,0,0,4,1,1
AC149067.7,165,161,243,548,627,574
AC149085.1,33,29,13,55,73,50
AC149085.3,0,0,0,1,2,1
AC149085.5,5,12,10,7,8,9
AC149085.6,0,0,1,0,1,1
AC149086.1,0,0,0,0,0,0
AC149086.3,2,1,1,5,3,6
AC149091.1,0,0,0,0,0,0
AC149218.1,0,0,0,0,0,0
AC149282.1,1,0,2,9,8,5
AC149282.2,0,0,0,1,0,0
AC149283.1,0,0,0,1,1,1
AC149283.3,1897,2303,1731,2371,2404,2531
AC149587.1,93,116,97,109,156,146
AC149589.1,3,4,4,5,0,2
AC149589.2,1215,1191,1170,2707,2583,2379
AC149590.1,0,2,1,1,0,0
AC149603.1,1039,1016,940,1575,1614,1494
AC149607.1,2,0,0,2,1,1
AC150033.3,5,2,6,2,5,4
AC150271.1,10,9,6,4,4,7
AC150274.1,12070,13568,12050,5175,5326,4513
AC150277.2,69,73,50,140,126,133
AC150312.2,9,10,10,12,15,18
AC150313.1,422,382,307,675,686,720
AC150648.1,621,732,714,176,187,154
AC150660.1,4792,4975,5442,2874,2605,2319
AC150682.1,0,0,0,2,0,1
AC150744.1,451,409,592,240,221,245
AC150894.1,0,0,0,0,2,2
AC150895.1,0,0,1,0,0,0
AC150897.2,0,1,0,1,0,0
AC150898.1,25,20,19,18,13,12
AC151281.1,28,14,11,30,25,36
AC151283.1,0,0,0,0,0,0
AC151286.1,0,0,0,0,0,0
AC151288.1,391,295,300,196,165,181
AC151294.2,17,10,24,52,40,48
AC151409.1,1,1,3,1,2,1
AC151412.2,0,0,0,0,0,0
AC151472.1,0,1,0,0,0,0
AC151472.2,225,213,214,231,205,236
AC151477.2,0,1,0,2,0,2
AC151477.4,3,1,2,6,5,8
AC151532.1,0,0,0,0,0,0
AC151572.1,1,0,0,0,1,1
AC151601.1,0,0,0,0,0,0
AC151602.1,0,0,0,0,0,0
AC151602.13,1,2,4,2,2,2
AC151602.15,17,19,22,50,35,29
AC151602.2,0,0,0,0,0,0
AC151669.1,1,6,1,0,5,9
AC151715.1,5,7,7,6,3,2
AC151732.1,15,22,28,45,47,36
AC151736.3,23,31,26,291,343,330
AC151834.1,1,3,0,1,0,0
AC151836.1,38,26,36,5,12,6
AC151841.1,1,5,7,1,4,1
AC151895.1,65,79,94,195,196,198
AC151908.1,1,1,1,98,51,64
AC151973.1,2,2,2,5,3,6
AC151974.1,0,0,0,0,0,0
AC151974.2,0,0,0,0,0,0
AC151974.3,0,0,0,0,0,0
AC151980.4,0,3,3,0,4,2
AC151983.2,0,0,0,0,0,0
AC151986.1,0,0,0,0,0,0
AC151987.1,6,2,3,3,1,4
AC151989.1,16,9,16,10,14,13
AC151990.1,5,7,5,64,42,45
AC151990.2,1,0,0,0,0,0
AC151999.1,0,0,0,0,0,0
AC151999.2,0,3,2,33,24,21
AC151999.3,0,0,0,0,1,0
AC151999.4,488,384,335,461,442,497
AC152059.1,588,826,465,502,380,401
AC152062.1,0,0,0,0,0,0
AC152063.33,10,6,5,4,5,4
AC152076.1,0,0,0,0,0,0
AC152162.1,2,3,4,0,0,0
AC152164.1,1717,1950,2142,4661,3898,4354
AC152164.3,3311,3269,3402,8403,7481,9419
AC152395.1,3,2,4,0,2,3
AC152395.2,6,4,7,1,3,2
AC152398.1,42,28,35,23,26,22
AC152398.2,0,0,0,0,0,0
AC152411.1,1,1,0,5,1,8
AC152418.1,0,0,0,0,0,0
AC152418.2,0,0,0,0,0,0
AC152453.1,113,112,81,74,97,111
AC152453.2,1065,1395,1293,569,663,580
AC152500.2,8,8,13,3,6,5
AC152500.4,9,9,6,8,12,18
AC152718.1,0,0,0,0,0,0
AC152824.1,0,0,0,0,0,0
AC152825.1,8835,10616,8428,49034,52480,43719
AC152922.1,0,0,0,1,0,0
AC152939.3,0,0,0,0,0,0
AC152946.1,0,0,0,0,0,0
AC152949.1,2,2,0,0,2,0
AC152949.2,1218,1384,1512,3367,3146,2519
AC152987.2,1,0,0,0,0,0
AC153007.1,0,0,1,0,0,0
AC153133.1,231,284,246,741,531,710
AC153137.2,0,0,0,0,0,0
AC153147.1,0,0,0,0,0,0
AC153147.2,0,1,1,2,1,0
AC153153.1,648,556,501,2791,2445,2903
AC153356.1,0,0,0,0,0,0
AC153365.1,7,6,4,6,9,12
AC153367.1,61,83,57,153,112,113
AC153368.1,3764,3883,3488,1345,1279,1262
AC153373.1,30,31,27,28,22,18
AC153382.1,12,8,4,18,16,19
AC153382.2,6,13,10,69,68,71
AC153433.1,4,6,2,2,2,4
AC153493.1,0,0,0,0,1,2
AC153506.1,536,460,548,125,105,124
AC153516.2,1,0,1,0,0,0
AC153521.1,35,34,50,32,17,43
AC153524.1,0,0,0,0,0,0
AC153525.1,0,2,1,1,3,1
AC153534.1,0,1,0,1,0,1
AC153536.1,1,2,1,3,2,2
AC153546.1,5,3,5,1,1,4
AC153555.1,0,0,0,0,0,0
AC153555.2,0,0,1,2,5,2
AC153556.1,15,12,17,10,8,10
AC153556.2,0,0,0,0,0,0
AC153564.2,0,0,0,0,0,0
AC153565.1,0,3,2,1,0,1
AC153570.2,1,1,2,2,0,2
AC153570.3,0,1,0,0,0,1
AC153580.1,7,2,0,8,12,10
AC153582.1,0,0,0,1,2,0
AC153582.2,0,0,0,0,0,0
AC153591.1,8,4,10,3,6,4
AC153591.2,0,0,0,0,0,0
AC153612.1,0,0,0,0,0,0
AC153612.2,0,0,0,0,0,0
AC153612.3,0,0,0,0,0,0
AC153612.4,0,0,0,0,0,0
AC153612.5,0,0,0,0,0,0
AC153612.6,0,0,0,0,0,0
AC153612.7,0,0,0,0,0,0
AC153612.8,1,0,0,0,0,0
AC153612.9,0,0,0,0,0,0
AC153614.1,1,0,0,0,0,0
AC153614.2,0,0,0,0,0,0
AC153614.3,0,0,0,0,0,0
AC153614.4,0,0,0,0,0,0
AC153614.5,0,0,0,0,0,0
AC153614.6,0,0,0,0,0,0
AC153615.1,0,0,0,0,0,0
AC153615.2,0,0,0,0,0,0
AC153615.3,0,0,0,0,0,0
AC153615.4,0,0,0,0,0,0
AC153615.5,0,0,0,0,0,0
AC153615.6,0,0,0,0,0,0
AC153615.7,0,0,0,0,0,0
AC153616.1,0,0,0,0,0,0
AC153618.1,25,18,24,33,33,33
AC153621.1,0,0,0,0,0,0
AC153638.1,0,1,0,6,4,5
AC153650.1,52,31,38,16,11,23
AC153654.2,2066,2119,1747,3612,3570,3500
AC153658.1,0,0,0,0,0,0
AC153696.1,0,0,0,0,0,0
AC153727.1,0,0,0,0,0,0
AC153789.1,68,61,68,172,143,161
AC153790.1,0,0,0,0,0,0
AC153792.2,1,1,0,5,5,3
AC153818.1,0,0,0,0,0,0
AC153821.1,0,0,0,0,0,0
AC153823.1,1,0,0,2,0,2
AC153830.1,10,7,7,4,3,5
AC153843.1,52,41,36,51,39,58
AC153851.1,0,0,1,0,0,0
AC153851.10,0,0,0,0,0,0
AC153851.11,0,0,0,0,0,0
AC153851.12,0,0,1,1,0,0
AC153851.2,0,0,1,0,0,0
AC153851.3,0,0,0,0,0,0
AC153851.4,0,0,0,0,0,0
AC153851.5,0,0,0,0,0,0
AC153851.6,0,0,0,0,0,0
AC153851.7,0,0,0,0,0,0
AC153851.8,0,0,0,0,0,0
AC153851.9,0,0,0,0,0,0
AC153855.1,0,0,1,0,0,0
AC153855.2,0,0,0,0,0,0
AC153855.3,0,0,1,0,0,0
AC153855.4,86,64,86,67,97,58
AC153855.5,3,0,1,0,0,0
AC153855.6,0,0,0,1,0,1
AC153855.7,1,0,0,0,0,0
AC153856.1,370,379,344,614,593,556
AC153856.2,370,379,342,614,592,554
AC153860.1,42,54,50,5,4,2
AC153864.2,0,0,0,0,0,0
AC153864.3,0,0,0,0,1,0
AC153864.4,0,0,0,0,0,0
AC153872.1,14,22,16,18,11,13
AC153873.1,1,0,0,0,0,0
AC153873.2,0,1,0,0,1,0
AC153874.1,0,0,1,0,1,3
AC153874.2,1,0,1,0,0,0
AC153874.3,0,1,1,0,0,0
AC153884.1,0,1,0,2,1,0
AC153889.1,2,8,6,23,24,31
AC153889.2,6,11,5,14,8,17
AC153889.3,569,506,567,1284,1429,1632
AC153891.2,0,0,0,0,0,0
AC153902.1,0,0,0,0,0,0
AC153910.1,0,0,0,0,0,0
AC153912.2,1361,1164,1136,3354,3258,3747
AC153915.2,0,0,0,0,0,0
AC153915.3,3,2,2,2,8,8
AC153928.1,0,0,0,0,0,0
AC153928.2,0,0,0,0,0,0
AC153928.3,0,0,0,0,0,0
AC153928.4,0,0,0,0,0,0
AC153928.5,0,0,0,0,0,0
AC153937.1,66,108,109,143,159,111
AC153937.2,0,0,0,0,0,0
AC153942.2,2,0,3,1,1,1
AC153958.1,2,4,3,24,15,17
AC153969.2,1544,1881,1985,2708,2487,2265
AC153972.1,0,0,0,0,0,0
AC153981.1,0,0,0,0,0,0
AC153982.1,0,0,0,0,0,0
AC153987.1,0,0,0,0,0,0
AC153998.1,354,393,363,818,800,618
AC154006.1,0,0,0,0,0,0
AC154006.2,0,0,0,0,0,0
AC154006.3,0,0,0,0,0,0
AC154006.4,0,0,0,0,0,0
AC154006.5,0,0,0,0,0,0
AC154006.6,1,0,0,0,0,0
AC154006.7,0,0,0,0,0,0
AC154010.1,0,1,0,0,2,1
AC154013.1,873,876,720,568,518,525
AC154014.1,20,25,17,20,16,13
AC154026.1,1,0,0,0,0,0
AC154136.1,201,232,226,236,247,229
AC154141.1,0,0,0,0,0,0
AC154173.1,27,31,17,121,110,125
AC154187.1,1,1,1,0,2,1
AC154188.2,0,0,0,0,0,0
AC154200.1,58,38,54,110,105,115
AC154200.2,6435,7900,5715,5621,5346,4234
AC154213.2,1215,1209,1082,2449,2334,2439
AC154214.1,393,302,368,174,126,115
AC154231.1,344,310,283,401,544,451
AC154232.1,0,0,0,0,0,0
AC154235.1,141,137,132,273,263,265
AC154235.2,6,11,11,9,11,18
AC154236.1,0,0,4,1,0,1
AC154237.2,3,4,1,5,3,4
AC154238.1,9,27,16,16,11,11
AC154239.1,1,2,1,17,17,15
AC154247.1,0,0,0,0,2,0
AC154257.2,4,0,2,0,2,1
AC154257.3,0,0,0,0,0,0
AC154265.2,0,0,0,2,3,2
AC154266.1,1099,1325,1092,2629,2528,2383
AC154274.2,8,5,4,3,4,1
AC154297.1,113,116,103,655,531,648
AC154306.1,2,5,6,43,36,33
AC154309.1,1,0,0,0,0,1
AC154314.1,47,67,33,40,24,27
AC154322.1,0,0,0,0,0,0
AC154328.1,6,8,9,10,12,16
AC154336.1,30,39,44,60,62,40
AC154338.1,568,580,505,1713,1431,1460
AC154355.1,0,0,0,0,0,0
AC154363.1,138,100,93,85,69,77
AC154366.1,1,0,0,0,0,0
AC154375.1,0,0,0,1,2,0
AC154375.2,0,0,0,0,0,0
AC154377.2,10,8,15,29,19,17
AC154378.1,82,82,50,80,77,89
AC154412.1,0,0,0,0,0,0
AC154424.1,0,0,1,0,0,0
AC154425.1,2,2,0,0,4,1
AC154435.1,243,193,180,1001,941,1038
AC154436.1,0,0,0,0,0,0
AC154437.1,2,5,5,16,19,16
AC154442.1,9,9,5,11,4,9
AC154449.1,0,0,0,0,0,0
AC154453.1,0,0,0,0,0,0
AC154453.2,0,0,0,0,0,0
AC154463.1,7,11,10,2,3,5
AC154473.1,0,0,1,0,0,0
AC154483.1,1,3,1,1,4,2
AC154485.1,0,1,0,0,0,0
AC154495.1,0,1,0,0,0,0
AC154506.1,1239,1133,1084,1203,1358,1236
AC154506.2,100,82,41,123,137,155
AC154507.1,0,0,0,0,0,0
AC154517.3,236,227,228,209,201,186
AC154528.1,1351,1440,1231,1206,1083,1115
AC154532.2,866,996,843,729,779,734
AC154542.1,82,90,64,22,23,23
AC154550.1,4,2,1,4,4,1
AC154552.1,0,1,4,2,8,10
AC154571.1,12,20,22,14,15,17
AC154572.1,1132,1373,1262,988,988,765
AC154575.1,3,0,1,5,1,6
AC154586.1,92,73,69,12,7,14
AC154603.1,404,350,330,203,204,231
AC154606.1,2,0,1,2,0,1
AC154607.1,1,1,5,3,2,5
AC154608.1,0,0,0,0,0,0
AC154620.1,24,46,27,113,99,96
AC154625.1,46,40,65,113,91,123
AC154627.1,3,2,1,0,0,0
AC154649.1,0,5,5,0,1,0
AC154650.2,37,23,19,59,67,64
AC154650.3,0,0,0,0,0,0
AC154654.3,0,0,0,0,0,0
AC154660.1,99,100,101,108,89,129
AC154683.2,59,57,24,48,19,23
AC154687.1,287,302,276,106,105,89
AC154698.2,1125,1253,1229,915,880,911
AC154701.1,0,0,0,0,0,0
AC154701.2,1,0,0,2,0,1
AC154731.1,244,222,356,263,155,96
AC154731.2,103,83,93,236,238,259
AC154738.1,15,18,11,143,92,138
AC154738.2,3297,3910,3974,10495,11300,10467
AC154753.1,0,0,0,0,0,0
AC154759.1,0,0,0,0,0,0
AC154759.2,2359,1940,2173,487,464,418
AC154760.1,64,66,68,47,45,45
AC154764.1,0,0,0,0,0,0
AC154767.1,10853,13012,10601,64265,65055,58091
AC154767.2,3205,2507,3531,2252,1418,1093
AC154781.1,4,10,6,3,7,2
AC154806.1,0,1,0,0,0,0
AC154808.1,23,28,31,74,76,47
AC154811.1,35,33,25,30,27,29
AC154816.1,0,0,0,0,0,0
AC154824.1,19,25,17,21,16,20
AC154824.2,5831,7963,7247,20844,18823,17848
AC154840.1,1,0,1,3,6,1
AC154846.2,0,0,0,0,0,0
AC154849.1,1143,1496,1024,2054,2172,2272
AC154861.1,4,3,1,1,0,0
AC154871.1,0,0,0,0,0,0
AC154873.1,3,3,1,0,2,3
AC154885.2,5,3,5,0,0,0
AC154885.3,2,3,5,1,2,0
AC154885.5,2,0,3,2,3,1
AC154908.2,0,0,0,0,0,0
AC154910.1,33,38,36,60,55,64
AC154911.1,0,1,2,16,20,19
AC154992.1,0,0,0,0,0,0
AC155074.1,5,5,2,11,17,22
AC155074.2,915,807,819,1709,1716,1722
AC155158.1,0,0,1,1,2,0
AC155158.2,3,0,2,2,1,2
AC155163.6,1,0,0,1,3,1
AC155164.1,0,0,0,0,0,0
AC155234.1,0,0,0,0,0,0
AC155240.1,0,0,0,0,0,0
AC155248.1,0,0,0,0,0,0
AC155252.1,936,855,907,2246,2303,1860
AC155256.1,0,0,2,0,0,1
AC155258.1,30,25,41,38,30,26
AC155261.1,0,0,0,0,0,0
AC155262.1,0,0,1,3,5,7
AC155287.2,5,6,3,15,10,10
AC155300.1,1,2,0,0,0,2
AC155304.3,0,4,3,2,3,2
AC155307.1,43,41,27,27,28,34
AC155314.3,2052,2001,1797,5078,4933,4756
AC155315.1,0,0,0,0,0,0
AC155315.2,0,0,0,0,0,0
AC155316.6,0,0,3,6,4,6
AC155317.1,30,31,27,152,137,96
AC155333.1,0,0,1,0,0,0
AC155333.2,0,0,0,0,0,0
AC155333.3,0,0,0,0,0,0
AC155333.4,0,0,0,0,0,0
AC155333.5,0,0,2,0,0,0
AC155333.6,0,0,0,0,0,0
AC155636.1,0,0,0,0,0,0
AC155640.1,0,0,0,0,0,0
AC155640.2,0,0,2,0,0,0
AC155659.1,0,0,0,0,0,0
AC155806.1,17,16,11,21,15,19
AC155806.4,21,16,27,90,73,88
AC155814.1,41,73,64,92,121,113
AC155819.1,0,0,0,0,0,0
AC155828.1,21,24,20,8,6,7
AC155833.1,0,0,0,0,0,0
AC155835.1,0,0,0,0,0,0
AC155844.1,0,0,0,0,0,0
AC155844.2,0,0,0,0,0,0
AC155844.4,0,0,0,0,0,0
AC155846.1,0,0,0,0,0,0
AC155921.1,1,2,1,1,3,4
AC155932.4,67,81,84,164,136,170
AC155933.1,71,53,74,83,59,56
AC155933.4,1,1,2,3,0,0
AC155934.1,1629,1699,1345,4363,4038,3798
AC155937.1,0,0,0,0,0,0
AC155937.7,5,12,5,0,4,1
AC155941.1,51,53,45,221,169,202
AC156021.1,0,1,0,0,3,2
AC156022.1,0,0,0,0,0,0
AC156026.3,979,1156,1372,1667,1718,1344
AC156028.1,0,7,8,2,1,5
AC156028.2,35,39,43,36,32,31
AC156029.3,12,20,11,26,22,19
AC156036.1,0,0,0,0,5,1
AC156273.1,0,0,0,0,0,0
AC156396.1,0,0,0,0,0,0
AC156499.1,157,189,194,127,106,121
AC156506.1,278,311,259,516,469,502
AC156506.2,13,12,6,1,2,0
AC156543.1,2,1,4,7,4,9
AC156546.1,633,714,524,537,533,572
AC156551.2,2002,2627,2329,6479,6199,6810
AC156551.3,38,65,69,40,51,39
AC156553.1,0,0,0,0,0,0
AC156553.2,0,0,0,0,0,0
AC156554.1,0,0,0,0,0,0
AC156554.3,2,0,3,4,2,1
AC156555.1,0,0,1,3,0,0
AC156557.1,0,0,0,0,0,0
AC156561.1,0,0,0,0,0,0
AC156561.2,0,0,0,0,0,0
AC156564.1,0,0,0,0,0,1
AC156570.1,0,0,0,0,0,0
AC156571.1,1683,1768,1909,3809,3765,3423
AC156572.1,0,0,0,0,0,0
AC156572.3,162,175,144,74,87,103
AC156605.2,9,4,1,7,6,10
AC156608.2,14,27,15,20,23,21
AC156643.1,0,0,0,0,0,0
AC156939.1,7078,7196,7601,3125,3223,2722
AC156953.1,0,0,0,0,0,0
AC156953.2,0,0,0,0,0,0
AC156953.3,0,0,0,0,0,0
AC156953.4,0,0,1,0,0,0
AC156953.5,0,0,0,0,0,0
AC156953.6,0,0,0,0,0,0
AC156980.3,9,5,7,7,5,4
AC157019.1,1,0,0,0,0,0
AC157021.1,5,1,0,1,2,0
AC157101.1,0,0,0,0,0,0
AC157352.1,0,0,0,0,0,0
AC157361.1,0,0,0,0,0,0
AC157361.4,0,0,0,0,0,0
AC157362.1,0,1,0,0,0,0
AC157475.1,0,0,0,0,0,0
AC157475.2,0,0,0,0,0,0
AC157492.1,36,21,27,11,8,9
AC157512.1,0,0,0,1,0,0
AC157513.1,4,2,2,1,0,2
AC157521.1,37,18,22,4,4,6
AC157543.3,0,0,0,1,0,0
AC157550.1,13,12,14,20,11,8
AC157553.6,0,0,0,0,0,0
AC157554.1,1,5,3,1,0,2
AC157561.2,1,0,0,1,0,0
AC157561.3,0,0,0,0,1,0
AC157561.6,29,26,34,38,33,51
AC157561.8,0,3,3,1,4,2
AC157561.9,220,208,252,152,133,154
AC157563.1,1,3,0,1,0,0
AC157563.2,340,336,375,170,155,128
AC157563.3,23,18,39,43,67,58
AC157571.1,8,27,20,27,12,15
AC157572.1,2,1,6,12,9,15
AC157572.2,4,3,4,4,6,10
AC157584.1,3,0,2,1,0,2
AC157587.1,7,10,11,4,7,6
AC157601.1,18,13,7,13,15,27
AC157602.2,2,0,0,2,0,0
AC157606.1,238,294,272,422,275,365
AC157608.1,1,0,2,2,0,2
AC157608.3,0,0,1,0,1,0
AC157610.1,15,11,13,58,59,67
AC157610.2,7,3,7,5,12,9
AC157610.3,0,0,0,0,0,0
AC157653.2,12,3,4,3,5,7
AC157654.1,0,0,0,0,0,0
AC157657.1,10,15,15,14,15,8
AC157658.1,16,20,19,15,22,23
AC157659.2,0,0,0,0,0,0
AC157660.1,0,0,0,0,0,0
AC157660.3,0,0,0,0,0,0
AC157660.5,0,0,0,0,0,0
AC157770.1,80,104,88,41,33,23
AC157783.1,0,0,0,0,0,0
AC157789.1,92,84,84,172,173,127
AC157800.1,27,43,90,133,133,76
AC157805.1,0,0,0,0,0,0
AC157805.2,0,1,0,2,0,0
AC157822.1,20,34,21,19,12,11
AC157823.1,0,0,0,0,1,0
AC157903.1,12,9,10,42,26,30
AC157912.1,0,0,0,0,0,0
AC157914.2,3,0,0,0,0,0
AC157914.3,1317,1170,1073,3529,3134,3445
AC157923.1,0,0,1,0,2,2
AC157923.3,1,0,0,2,1,1
AC157924.3,0,0,1,0,0,0
AC157926.1,55,74,67,80,62,93
AC157931.1,0,2,1,1,1,1
AC157931.3,70,67,97,97,115,110
AC157947.2,1,0,1,1,0,1
AC157947.3,0,0,1,0,0,0
AC157986.1,1,0,1,4,5,8
AC157991.2,1,0,3,2,0,0
AC157994.1,0,0,0,0,0,0
AC158114.1,345,424,255,729,509,518
AC158114.3,361,310,477,1500,1534,1439
AC158114.4,422,534,642,490,463,303
AC158121.1,0,0,1,2,2,2
AC158121.2,302,342,366,4469,4240,3054
AC158122.1,0,0,0,2,4,2
AC158132.1,0,0,0,0,0,0
AC158136.1,4,1,0,3,2,7
AC158136.2,0,1,0,0,0,0
AC158141.1,0,2,1,2,1,0
AC158147.1,498,595,603,1218,1174,1102
AC158155.1,4686,5423,4597,1860,1591,1509
AC158162.4,9,10,7,21,17,22
AC158296.1,0,0,0,0,0,0
AC158296.2,7,11,5,1,4,1
AC158299.1,0,0,0,0,0,0
AC158300.1,0,1,2,58,37,59
AC158301.1,1876,2177,2181,4425,4851,4130
AC158304.1,0,0,0,0,0,0
AC158304.5,0,2,1,4,1,0
AC158308.3,3,5,5,11,10,7
AC158352.1,0,2,1,0,0,1
AC158360.1,0,0,0,0,0,0
AC158360.2,0,0,1,0,1,0
AC158361.1,273,316,286,1505,1445,1251
AC158365.1,0,3,2,6,5,4
AC158365.2,0,1,0,0,0,0
AC158366.1,0,0,0,0,0,0
AC158366.2,13,18,11,52,34,67
AC158379.1,0,0,0,0,0,0
AC158384.4,15,6,9,3,6,5
AC158385.1,40,41,31,37,45,49
AC158391.1,0,0,0,0,0,0
AC158396.2,29,44,42,95,80,113
AC158396.3,868,924,1297,639,580,567
AC158402.1,1557,1627,1269,3895,3732,3059
AC158516.1,9,3,5,0,4,2
AC158530.1,65,54,60,133,133,139
AC158537.1,2,4,3,4,2,3
AC158549.1,0,0,3,1,1,1
AC158552.2,3,0,0,0,0,2
AC158558.2,0,0,0,0,0,0
AC158563.1,0,0,0,0,0,0
AC158569.1,0,0,0,0,0,0
AC158570.1,8,10,9,16,8,8
AC158570.2,0,0,1,0,4,1
AC158576.1,50,55,48,18,29,24
AC158576.3,1,1,0,0,0,0
AC158577.1,380,375,346,180,156,160
AC158586.1,1287,948,1026,568,654,878
AC158586.2,0,0,0,0,0,0
AC158589.1,4174,3628,3697,8192,8913,8588
AC158592.1,3006,3255,2999,5456,5544,5137
AC158595.1,0,0,0,0,0,0
AC158600.1,316,349,391,613,594,564
AC158600.2,295,331,346,555,546,518
AC158600.3,319,350,394,612,595,567
AC158600.4,371,400,432,705,694,649
AC158600.5,374,401,435,704,695,652
AC158600.6,314,351,364,592,579,551
AC158601.1,5,9,8,2,5,1
AC158601.2,0,0,0,0,0,0
AC158603.1,0,0,0,0,0,0
AC158605.1,1,2,1,7,7,6
AC158612.1,1,0,1,1,2,0
AC158614.1,1,1,1,1,3,1
AC158618.1,4,4,4,3,11,8
AC158626.1,0,0,0,0,0,0
AC158626.2,0,1,2,0,0,0
AC158626.3,3520,4133,5151,6839,6703,5547
AC158630.1,13,19,11,12,8,11
AC158642.1,11,10,7,1,5,1
AC158649.1,0,0,0,0,0,0
AC158649.2,0,0,0,0,0,0
AC158649.3,0,0,0,0,0,0
AC158649.4,0,0,0,0,0,0
AC158656.1,4561,2385,2273,1508,1046,790
AC158660.1,0,0,0,0,0,0
AC158662.1,2,0,1,0,0,0
AC158662.2,103,146,122,461,443,446
AC158665.1,0,0,0,0,0,0
AC158667.1,110,95,89,193,128,166
AC158671.1,0,0,0,1,0,0
AC158672.1,0,0,1,0,0,0
AC158672.10,0,0,0,0,0,0
AC158672.11,0,0,1,0,0,0
AC158672.2,0,0,0,0,0,0
AC158672.3,0,0,0,0,0,0
AC158672.4,0,0,0,0,0,0
AC158672.5,0,0,0,0,0,0
AC158672.6,0,0,1,0,0,0
AC158672.7,0,0,0,0,0,0
AC158672.8,2,2,0,0,0,0
AC158672.9,0,0,1,0,0,0
AC158673.1,0,0,0,0,0,0
AC158673.2,0,0,0,0,0,0
AC158673.3,0,0,0,0,0,0
AC158673.4,0,0,0,0,0,0
AC158680.1,407,361,411,1053,862,928
AC158682.1,0,0,0,0,0,1
AC158747.1,0,0,0,0,0,0
AC158747.2,0,0,0,0,0,0
AC158749.1,1,1,0,0,0,0
AC158751.1,18,26,14,9,6,3
AC158763.2,1,0,2,0,1,1
AC158772.1,2917,2673,2103,1721,2192,2117
AC158772.2,0,1,0,4,3,1
AC158776.2,3,1,3,0,0,0
AC158782.2,2,0,1,0,0,0
AC158782.3,1,0,0,0,0,0
AC158782.4,16,23,22,6,13,4
AC158782.5,0,1,2,1,0,1
AC158782.6,0,0,2,0,0,0
AC158782.7,29,19,33,0,1,0
AC158782.8,11,12,12,2,2,4
AC158786.1,0,0,1,1,0,0
AC158787.2,0,0,0,0,0,0
AC158789.2,3,3,3,7,2,3
AC158803.1,0,0,0,0,0,0
AC158898.1,0,0,0,0,0,0
AC158898.4,11,15,14,53,43,55
AC158901.1,977,1267,1165,1396,1543,1188
AC158909.1,0,0,0,0,0,0
AC158913.1,3112,3376,2944,7838,7677,6726
AC158920.1,0,1,4,3,3,3
AC158928.2,14,19,15,6,4,9
AC158928.3,35,34,41,84,78,68
AC158930.1,0,0,0,3,0,3
AC158935.2,0,0,0,0,0,0
AC158939.1,0,0,0,0,2,0
AC158943.1,0,0,1,0,1,1
AC158953.1,0,0,0,0,0,0
AC158956.1,55,47,44,82,62,108
AC158958.1,0,0,0,0,0,0
AC158958.2,0,0,0,0,0,0
AC158958.3,2633,2653,2280,5531,5479,5318
AC158958.4,0,0,0,0,0,0
AC158958.5,0,0,0,0,0,0
AC158960.1,0,0,0,0,0,0
AC158961.2,0,0,0,0,0,0
AC158966.1,0,0,1,0,0,0
AC158983.1,26,36,33,37,39,33
AC158985.1,0,0,0,0,0,0
AC158992.1,10,17,6,1,0,2
AC158993.1,7,14,12,23,43,37
AC158994.1,102,123,122,117,105,86
AC158996.2,3,3,0,0,1,1
AC158996.3,0,0,0,0,0,0
AC158997.2,176,201,235,131,179,179
AC158998.1,1318,1374,1367,3318,2941,3111
AC158998.2,58,44,50,12,14,17
AC159001.1,1421,1376,1340,3861,3701,3498
AC159001.2,2191,2797,2626,4086,3814,3793
AC159003.2,0,0,0,0,0,0
AC159003.3,0,0,0,0,0,0
AC159005.1,31,23,31,22,11,14
AC159092.3,1,3,1,1,4,0
AC159099.1,4,2,0,0,0,1
AC159106.1,4,1,1,0,0,0
AC159126.1,0,0,0,0,0,0
AC159136.1,717,758,718,475,426,451
AC159140.5,0,0,0,0,0,0
AC159150.1,0,0,0,0,0,0
AC159207.1,2,0,0,1,4,2
AC159207.2,0,0,0,0,0,0
AC159210.2,0,0,0,0,0,0
AC159228.1,905,848,842,1266,1227,1278
AC159245.1,0,0,0,0,0,0
AC159255.3,1,0,2,0,0,0
AC159257.3,0,0,0,0,0,0
AC159257.6,28,29,34,39,34,38
AC159266.4,0,1,0,0,1,3
AC159277.1,69,60,80,85,75,68
AC159277.2,177,126,197,141,162,167
AC159281.2,0,0,0,0,0,0
AC159283.1,153,169,150,161,108,140
AC159283.2,91,59,78,72,81,82
AC159287.1,0,0,0,0,0,0
AC159288.1,0,0,0,0,0,0
AC159290.1,0,0,0,0,0,0
AC159290.2,0,0,0,0,0,0
AC159290.3,87,83,65,66,79,58
AC159298.2,11,13,28,34,30,40
AC159308.1,474,601,460,2886,2036,1853
AC159308.2,2,0,0,0,0,0
AC159308.3,1,0,0,1,0,1
AC159311.1,2878,3089,2806,6529,6647,6562
AC159312.1,39,63,42,14,18,13
AC159313.1,40,23,40,74,66,66
AC159313.3,2,0,2,0,0,0
AC159318.1,113,128,134,183,208,215
AC159318.2,0,0,0,0,0,0
AC159323.1,2,4,4,9,3,11
AC159330.1,1,0,0,0,0,0
AC159378.1,11,9,17,11,10,12
AC159378.2,0,0,0,0,0,0
AC159473.1,343,386,435,564,416,351
AC159474.1,0,0,0,0,0,0
AC159474.3,22,16,28,48,55,59
AC159474.6,0,0,1,0,0,0
AC159477.1,0,0,0,0,0,0
AC159502.1,0,0,0,0,0,0
AC159539.1,7,8,5,1,3,1
AC159547.2,0,0,0,0,0,0
AC159548.1,213,195,199,283,264,351
AC159614.2,0,2,1,8,2,7
AC159622.1,4,5,3,0,0,2
AC159624.1,0,0,0,0,0,0
AC159637.1,154,166,120,181,207,183
AC159639.1,0,0,0,0,0,0
AC159649.1,1722,2034,1985,2001,1998,1677
AC159712.1,301,271,333,331,222,324
AC159715.1,0,0,0,0,0,0
AC159715.2,1,2,0,0,0,0
AC159715.3,1,0,0,0,0,0
AC159715.4,0,0,0,0,0,0
AC159715.5,0,0,0,0,0,0
AC159809.1,0,0,0,0,0,0
AC159809.2,48,68,42,8,8,16
AC159810.1,0,0,0,0,0,0
AC159815.1,636,591,736,1498,1622,1411
AC159829.1,4,8,8,1,1,1
AC159881.1,14,32,16,27,21,32
AC159896.1,0,0,0,0,0,0
AC159899.1,4,8,2,1,8,11
AC159994.1,1856,2043,1819,5406,5063,5014
AC159999.1,0,0,0,0,0,0
AC160052.1,15,10,12,2,2,2
AC160088.1,2,1,2,2,1,0
AC160088.2,27,17,16,11,21,21
AC160088.3,1,2,2,3,3,3
AC160088.4,0,0,0,0,0,0
AC160088.5,1,1,0,0,0,1
AC160088.6,9,3,3,3,3,5
AC160088.7,8,3,5,4,1,9
AC160088.8,13,8,5,13,6,16
AC160104.1,0,0,1,0,1,0
AC160109.1,0,0,0,0,0,0
AC160116.1,5,0,4,7,5,8
AC160122.1,0,0,0,0,0,0
AC160125.1,1690,1530,1463,4072,4259,5062
AC160134.1,0,0,0,0,0,0
AC160134.2,17,18,14,41,25,33
AC160336.1,669,540,542,168,139,171
AC160404.1,0,0,0,0,0,0
AC160404.2,542,429,372,431,400,527
AC160411.1,472,637,577,978,1051,873
AC160460.2,0,0,0,1,0,0
AC160471.1,0,0,0,0,0,0
AC160471.3,0,0,0,0,0,1
AC160471.4,0,0,0,0,0,0
AC160473.1,1,0,0,0,0,0
AC160473.2,0,0,0,0,0,0
AC160473.3,1,0,0,0,0,0
AC160473.4,0,0,1,0,0,0
AC160473.5,0,0,0,0,0,0
AC160526.1,222,187,168,359,424,448
AC160526.2,8,6,5,18,12,6
AC160527.1,0,1,0,2,0,0
AC160528.1,11,19,11,14,12,14
AC160533.2,1199,1383,1336,2265,2192,1790
AC160535.2,0,1,1,3,1,1
AC160540.1,3374,2929,2601,5157,5103,4846
AC160543.1,2,2,3,5,3,1
AC160543.2,0,0,0,0,0,0
AC160545.3,2,0,1,0,1,0
AC160545.4,86,107,76,119,121,98
AC160757.1,24,28,43,45,33,47
AC160757.2,39,20,38,66,58,77
AC160757.3,2,1,2,1,2,2
AC160931.1,2,1,2,0,3,1
AC160969.1,0,0,0,0,0,0
AC160976.1,19,14,16,116,92,119
AC160978.1,0,0,0,0,0,0
AC160979.1,0,0,0,0,0,0
AC160982.1,0,0,0,0,0,0
AC160982.2,1,2,8,0,0,0
AC160985.1,0,0,0,0,0,0
AC160985.2,1,0,1,0,0,0
AC160985.3,0,0,0,0,0,0
AC160985.4,0,0,0,0,0,0
AC160985.5,0,0,0,0,0,0
AC160985.6,0,0,0,0,0,0
AC160985.7,0,0,0,0,0,0
AC160985.8,0,0,0,0,0,0
AC160985.9,0,0,0,0,0,0
AC160990.1,0,0,0,0,0,0
AC160990.2,0,0,0,0,0,0
AC160990.3,0,0,0,0,0,0
AC160990.4,0,0,0,0,0,0
AC160990.5,0,0,0,0,0,0
AC160990.6,0,0,0,0,0,0
AC160992.1,0,0,0,0,0,0
AC160997.1,3679,3479,3483,7942,8239,7796
AC161037.1,66,43,46,71,43,54
AC161037.2,4,6,6,5,3,2
AC161049.1,0,0,0,1,0,0
AC161053.1,87,77,97,207,184,182
AC161053.2,1,0,0,0,0,1
AC161056.1,2,3,2,4,0,0
AC161058.1,0,0,0,3,2,1
AC161108.1,0,1,0,0,0,0
AC161108.2,0,0,2,1,0,0
AC161111.1,0,0,0,0,0,0
AC161116.1,212,201,242,631,506,422
AC161117.1,0,0,0,0,0,0
AC161119.1,0,1,0,0,0,0
AC161165.1,227,179,203,105,96,100
AC161165.2,2,4,2,2,4,2
AC161166.1,2,1,1,0,1,2
AC161166.2,0,0,0,0,2,0
AC161166.3,0,0,0,0,0,0
AC161166.4,1,0,0,0,1,0
AC161167.2,28,33,35,44,70,58
AC161167.3,0,0,0,2,0,0
AC161169.2,0,0,0,0,0,0
AC161177.1,0,0,0,1,2,0
AC161183.1,6,7,8,7,8,10
AC161183.2,0,1,0,2,1,0
AC161192.2,0,0,0,0,1,0
AC161197.2,0,1,0,0,0,0
AC161198.2,13,12,5,9,2,3
AC161198.5,22,32,28,5,9,8
AC161207.2,1284,1544,1141,2149,2098,1881
AC161208.1,1,0,0,1,0,0
AC161211.1,207,217,214,345,357,421
AC161212.2,0,0,0,0,0,0
AC161216.2,0,0,0,0,0,0
AC161218.1,0,0,0,0,0,0
AC161218.2,18,12,12,2,12,6
AC161218.5,0,0,0,2,0,0
AC161221.1,2327,2369,1939,4798,5098,4344
AC161228.1,47,65,37,163,87,131
AC161238.3,3276,3062,3033,6967,7255,6898
AC161246.1,44,20,39,7,15,13
AC161256.1,160,134,114,162,111,171
AC161265.1,0,0,0,0,0,0
AC161265.2,0,0,0,0,0,0
AC161265.3,1270,1365,1216,2432,2373,2246
AC161265.4,0,0,0,0,0,0
AC161275.1,0,0,0,0,0,0
AC161346.2,1,0,0,1,0,0
AC161348.3,33,61,34,74,82,64
AC161364.1,5,2,1,1,0,4
AC161366.1,0,0,0,0,0,0
AC161371.1,1,1,1,5,3,6
AC161409.3,2,0,2,1,0,3
AC161409.5,1,0,0,0,0,1
AC161410.1,12,8,20,69,64,64
AC161419.2,0,0,0,0,0,0
AC161441.1,1631,1894,1154,8600,8972,8508
AC161441.7,0,0,0,0,0,0
AC161453.1,0,0,0,0,0,0
AC161454.1,0,0,0,0,0,0
AC161456.1,0,2,0,1,0,0
AC161460.1,6,7,2,0,4,7
AC161460.2,1,0,0,0,0,0
AC161460.3,2,2,2,0,1,1
AC161460.4,2,1,0,1,0,0
AC161460.5,1,0,0,0,0,0
AC161460.6,0,0,0,0,0,0
AC161460.7,0,0,1,0,0,0
AC161460.8,0,0,0,0,0,0
AC161461.1,33,44,59,8,5,9
AC161493.2,142,105,98,85,94,125
AC161503.1,3075,3641,3742,6042,5543,4701
AC161510.1,22,26,24,1,2,0
AC161510.2,58,28,63,92,69,88
AC161511.1,3,1,4,5,5,8
AC161513.1,0,0,0,0,0,0
AC161516.1,12,9,11,6,6,5
AC161518.1,0,0,0,0,0,0
AC161520.1,0,0,0,0,0,0
AC161521.1,0,0,0,0,0,0
AC161529.1,1,0,0,1,0,0
AC161534.1,27,27,33,7,8,6
AC161588.1,3,0,1,0,1,1
AC161597.1,45,35,51,7,7,7
AC161598.1,1,0,2,2,1,2
AC161600.4,6,18,12,23,23,19
AC161756.1,18,9,15,27,23,18
AC161758.1,3,0,0,0,0,0
AC161758.2,2,0,0,0,0,0
AC161765.1,0,0,0,0,0,0
AC161768.1,0,0,0,0,0,0
AC161792.2,980,1051,1434,2874,2675,2016
AC161798.1,0,0,0,0,0,0
AC161798.2,0,0,0,0,0,0
AC161807.1,455,560,416,275,257,254
AC161807.4,8,11,7,8,5,8
AC161812.1,185,200,208,22,22,13
AC161816.1,0,0,0,0,0,0
AC161829.1,0,1,0,0,0,1
AC161872.1,0,0,0,0,0,0
AC161872.2,0,0,0,0,0,0
AC161872.3,0,0,0,0,0,0
AC161872.4,0,0,1,0,0,0
AC161872.5,1,1,0,0,0,0
AC161872.6,0,0,0,0,0,0
AC161872.7,0,0,0,0,0,0
AC161872.8,1,0,0,0,0,0
AC161876.1,0,0,0,0,0,0
AC161887.1,1,0,0,0,0,0
AC161932.1,3,3,5,21,23,31
AC162033.1,0,0,0,0,0,0
AC162033.2,460,424,338,147,169,179
AC162034.3,173,258,197,167,140,148
AC162175.1,0,0,0,0,0,0
AC162291.2,2,2,4,0,1,1
AC162370.1,0,0,0,0,0,0
AC162370.2,6,2,6,0,2,3
AC162384.1,2,1,0,8,7,3
AC162389.2,0,0,0,0,0,0
AC162391.1,923,1112,1058,1890,1640,1642
AC162441.1,0,0,0,0,0,0
AC162443.1,126,90,90,243,223,285
AC162444.1,0,0,1,0,0,0
AC162461.1,0,0,0,0,0,0
AC162467.1,0,1,0,1,0,2
AC162521.1,0,0,0,0,0,0
AC162522.1,0,0,0,0,0,0
AC162528.2,512,516,494,956,860,637
AC162611.1,0,0,0,0,0,0
AC162689.1,75,68,61,75,68,58
AC162689.2,23,24,18,34,40,30
AC162692.1,45,41,63,11,16,9
AC162692.2,40,33,20,5,7,5
AC162693.1,1,2,2,0,3,1
AC162790.1,6,9,4,13,10,10
AC162792.1,81,79,74,258,221,256
AC162800.1,164,148,158,101,136,94
AC162803.2,0,0,1,2,0,0
AC162858.2,0,0,0,0,0,0
AC162863.1,2,0,2,1,1,2
AC162877.1,0,0,0,0,0,0
AC162877.2,0,0,0,0,0,0
AC162877.5,0,0,0,0,0,0
AC162893.1,0,0,0,0,0,0
AC162893.3,0,5,6,1,2,3
AC162897.3,396,374,359,156,160,126
AC162898.6,70,86,69,108,111,96
AC162904.1,0,0,0,0,0,0
AC162906.1,0,0,0,0,0,0
AC162906.2,0,0,2,0,0,0
AC162906.3,0,0,0,0,0,0
AC162916.2,0,0,0,1,1,0
AC162922.1,0,0,0,0,0,0
AC162922.5,23,20,19,25,36,36
AC162932.2,74,87,70,49,53,55
AC162934.1,0,0,0,1,0,0
AC162936.1,62,65,71,75,71,82
AC162937.1,0,0,0,0,0,0
AC162941.1,94,111,97,93,98,86
AC162949.5,2,1,0,0,0,0
AC163007.1,1055,1245,1142,721,774,635
AC163013.1,122,165,169,163,133,136
AC163019.3,0,0,0,0,0,0
AC163020.1,0,0,0,0,0,0
AC163028.1,0,0,0,0,0,0
AC163033.1,1,1,1,0,0,0
AC163105.1,0,0,0,0,0,0
AC163215.1,0,0,0,0,0,0
AC163215.2,6,6,5,4,8,7
AC163280.1,33,26,26,16,11,8
AC163281.1,0,0,0,2,1,1
AC163282.1,97,86,105,50,32,37
AC163282.2,203,117,143,100,66,58
AC163287.2,43,91,51,91,102,69
AC163292.1,66,102,54,22,29,26
AC163294.1,1,0,1,0,0,0
AC163325.1,0,1,3,6,3,2
AC163327.9,0,0,1,0,0,0
AC163331.1,0,0,0,0,0,0
AC163331.2,0,0,0,0,0,0
AC163337.3,2587,2581,2650,3704,3742,3520
AC163337.4,6,9,5,22,18,20
AC163338.1,0,0,1,2,2,2
AC163343.1,1,0,1,0,0,0
AC163345.1,0,3,1,0,1,1
AC163347.2,16,23,14,5,8,12
AC163348.1,0,0,1,0,0,0
AC163348.2,0,0,0,0,0,0
AC163387.1,0,0,0,0,1,0
AC163389.1,607,344,345,1045,1243,1268
AC163434.5,48,47,54,0,0,0
AC163438.1,1146,1205,1311,1462,1466,1389
AC163442.3,1,0,1,0,0,1
AC163442.5,4,0,1,7,3,3
AC163446.1,1097,1149,1247,2961,3444,3764
AC163611.1,0,0,0,0,0,0
AC163611.2,0,0,0,0,0,0
AC163616.2,13,5,15,25,23,28
AC163616.3,2,5,3,6,3,7
AC163617.1,29,38,42,44,36,31
AC163617.2,1971,2102,2177,5232,6049,5127
AC163623.1,10,26,20,19,9,17
AC163623.2,0,0,0,0,0,0
AC163625.1,0,0,0,0,0,0
AC163626.1,0,0,0,0,0,0
AC163626.4,0,0,0,0,0,0
AC163627.1,0,0,1,0,0,0
AC163629.1,2,3,2,6,4,5
AC163634.1,0,0,0,0,0,0
AC163637.1,47,50,65,76,71,57
AC163640.2,0,0,0,0,0,0
AC163646.1,311,257,222,391,360,455
AC163646.2,0,0,0,0,0,0
AC163648.2,420,513,503,1155,984,864
AC163653.1,0,0,0,0,0,0
AC163653.10,0,0,0,0,0,0
AC163653.2,0,0,0,0,0,0
AC163653.3,0,0,0,0,0,0
AC163653.4,0,0,0,0,0,0
AC163653.5,0,0,0,0,0,0
AC163653.6,0,0,0,0,0,0
AC163653.7,1,0,0,0,0,0
AC163653.8,0,0,0,0,0,0
AC163653.9,2,1,0,1,0,0
AC163657.1,587,622,602,376,343,421
AC163659.1,0,0,0,0,0,0
AC163659.2,0,0,0,0,0,0
AC163663.1,0,0,0,0,0,0
AC163668.5,363,430,379,615,560,444
AC163673.1,86,84,61,251,196,221
AC163677.1,1307,1275,1120,1783,1765,1344
AC163677.2,2,1,0,1,2,0
AC163678.2,1214,1185,1046,2315,2276,2027
AC163681.1,79,59,55,31,34,37
AC163687.1,4,4,1,0,0,1
AC163703.1,0,0,0,0,0,0
AC163703.7,180,195,200,159,165,126
AC163715.1,0,0,0,0,0,0
AC163722.1,0,0,0,0,0,0
AC163903.1,39,37,41,63,55,80
AC163993.1,2446,3027,3093,7541,7767,6443
AC164000.1,1,0,1,1,0,0
AC164004.1,16,7,10,25,32,57
AC164004.2,0,0,0,0,0,0
AC164004.3,0,2,1,0,1,0
AC164004.4,82,68,82,193,192,188
AC164075.2,0,0,0,0,0,0
AC164079.1,0,0,0,0,0,1
AC164085.1,0,0,0,0,0,0
AC164091.1,1,0,1,1,0,3
AC164093.1,0,1,1,2,0,2
AC164093.2,0,0,0,0,0,0
AC164093.4,1,0,0,1,1,0
AC164096.1,528,554,336,231,251,222
AC164110.1,121,114,74,19,10,12
AC164114.1,17,13,7,9,10,21
AC164119.1,1,0,2,0,0,0
AC164123.1,870,741,819,508,463,450
AC164155.1,0,2,0,0,0,0
AC164155.2,6,7,2,0,4,6
AC164155.3,507,522,499,1244,1280,1011
AC164155.4,0,0,0,0,0,0
AC164155.5,0,0,1,0,0,0
AC164156.1,0,0,0,1,0,1
AC164158.1,2961,2686,3092,3802,3378,3499
AC164179.1,2,6,7,16,8,5
AC164295.1,1,0,0,0,0,0
AC164297.1,0,0,0,0,0,0
AC164297.2,0,0,0,0,0,0
AC164300.1,3,0,2,4,5,5
AC164303.1,0,0,0,0,0,0
AC164303.2,3,4,8,0,0,0
AC164312.1,0,0,0,0,0,0
AC164314.2,2,0,1,0,0,1
AC164315.1,4747,4551,5088,10944,11678,10868
AC164315.2,25,23,18,22,32,42
AC164373.1,35,28,31,8,4,6
AC164408.2,1,1,1,0,0,0
AC164410.1,0,0,0,0,0,0
AC164421.2,0,1,2,4,1,4
AC164424.1,6,6,5,15,10,14
AC164431.1,63,64,59,159,123,134
AC164433.2,0,0,1,0,1,0
AC164531.2,30,48,43,112,108,131
AC164532.1,0,0,0,0,0,0
AC164538.1,47,49,31,5,12,12
AC164544.3,0,0,0,0,0,0
AC164544.5,181,152,120,161,144,150
AC164546.1,44,42,44,61,77,38
AC164557.1,42,44,48,23,28,42
AC164561.1,85,113,105,140,135,179
AC164563.2,6,14,6,24,13,16
AC164564.1,9,12,16,8,7,14
AC164564.3,9,2,8,76,73,57
AC164564.8,0,0,0,0,0,0
AC164566.1,0,0,0,0,0,0
AC164570.2,3,0,4,0,1,1
AC164570.3,3,1,1,0,0,3
AC164597.1,220,226,171,351,270,322
AC164603.1,0,0,0,0,0,0
AC164607.1,2740,3025,2553,5321,5062,4350
AC164609.1,0,0,0,0,0,0
AC164609.2,0,0,0,0,0,0
AC164609.3,0,0,0,0,0,0
AC164609.4,0,0,0,0,0,0
AC164609.5,0,0,0,0,0,0
AC164612.1,56,36,34,21,12,17
AC164613.1,884,1230,910,1588,1551,1391
AC164619.1,0,1,0,0,0,2
AC164619.2,0,0,0,0,0,0
AC164643.1,0,0,0,0,1,0
AC164649.1,0,0,0,0,0,0
AC164700.1,0,0,0,1,5,1
AC164702.1,792,647,723,64,82,54
AC164703.1,5,2,9,4,7,4
AC164703.2,2,2,1,1,2,1
AC164957.1,0,0,0,0,0,0
AC165080.1,0,0,0,0,0,0
AC165080.2,1309,1625,1455,709,742,704
AC165089.1,0,0,1,0,0,0
AC165089.2,1092,1281,1268,6994,7045,6193
AC165091.3,0,0,0,0,0,0
AC165092.1,0,0,0,0,0,0
AC165141.1,8,6,1,0,0,3
AC165143.1,403,413,439,521,465,514
AC165150.1,0,0,0,0,0,0
AC165150.2,0,0,0,0,0,0
AC165151.1,453,386,413,203,235,189
AC165157.1,0,0,0,0,0,0
AC165157.2,1,0,3,1,2,4
AC165159.1,57,44,48,45,21,37
AC165168.2,0,0,0,0,0,0
AC165239.1,0,0,0,0,0,0
AC165252.1,56,62,56,134,141,152
AC165253.1,16,8,13,10,9,13
AC165259.1,28,20,35,6,11,2
AC165279.1,0,0,0,0,0,0
AC165293.1,20,11,19,3,0,2
AC165327.2,114,92,136,79,42,68
AC165327.3,36,24,17,51,44,40
AC165338.2,6,9,6,0,0,2
AC165349.2,267,335,384,790,769,491
AC165360.1,0,0,0,0,0,0
AC165361.2,0,0,0,0,0,0
AC165367.1,0,0,0,0,0,0
AC165367.2,0,0,0,0,0,0
AC165425.1,3999,4408,4444,24594,24558,21887
AC165433.1,51,33,43,40,33,48
AC165433.3,5,6,5,2,1,2
AC165436.1,0,0,1,3,1,4
AC165441.1,0,0,0,0,0,0
AC165946.1,5,2,1,9,5,11
AC165953.1,3,3,3,20,17,21
AC165960.1,0,3,1,9,1,3
AC165968.1,3787,3307,3356,7187,7854,7381
AC165969.1,0,0,0,0,0,0
AC165969.2,0,0,0,0,2,1
AC165974.1,168,180,170,330,299,284
AC165975.2,10,8,3,7,5,2
AC165975.3,0,0,0,0,0,0
AC166052.1,93,114,135,655,489,502
AC166063.3,741,746,618,1320,1236,1625
AC166063.4,4,6,1,8,12,11
AC166074.1,1,1,0,1,1,0
AC166074.3,10,6,9,9,9,6
AC166075.1,391,391,517,284,227,254
AC166080.1,4,0,0,0,0,0
AC166103.1,0,0,0,0,0,0
AC166110.2,0,1,1,1,0,1
AC166110.3,12,6,17,15,16,15
AC166110.4,12,6,17,15,16,15
AC166163.1,15,26,24,159,108,74
AC166252.1,0,0,0,2,1,3
AC166290.1,18,23,13,5,6,7
AC166290.2,0,0,0,0,0,0
AC166332.1,44,40,43,32,41,37
AC166351.1,0,0,0,0,0,0
AC166351.2,64,65,79,120,115,140
AC166358.1,0,0,0,0,0,0
AC166360.2,2,2,2,3,5,1
AC166368.1,0,0,0,0,0,0
AC166574.2,4,1,1,1,0,1
AC166644.1,0,0,0,0,0,0
AC166710.3,67,68,59,66,53,56
AC166747.3,255,252,241,525,523,685
AC166773.1,21,30,21,13,19,18
AC166822.1,0,0,0,0,0,0
AC166823.1,0,0,0,0,0,0
AC166827.1,151,181,233,152,135,123
AC166829.1,0,0,0,1,0,0
AC166833.1,1,0,0,0,0,0
AC166933.1,0,0,0,0,0,0
AC166937.1,0,0,0,0,0,0
AC167018.1,48,82,96,104,70,98
AC167022.1,396,525,569,951,975,909
AC167036.1,2422,2732,2729,4125,4285,3540
AC167036.10,0,0,0,0,0,0
AC167036.2,2,0,1,0,0,0
AC167036.4,3,3,4,0,1,1
AC167036.6,0,3,0,0,0,0
AC167036.9,15,26,17,25,21,21
AC167117.2,1,1,1,4,4,7
AC167120.1,0,0,1,0,0,0
AC167122.2,62,67,94,134,148,145
AC167132.2,0,0,0,1,0,1
AC167139.1,0,3,0,0,0,0
AC167202.1,569,515,569,1286,1432,1636
AC167202.2,6,8,6,15,8,15
AC167222.1,0,0,0,0,0,0
AC167222.2,6,4,2,3,1,1
AC167229.1,0,0,0,0,0,0
AC167229.2,0,0,0,0,0,0
AC167242.1,0,0,0,0,0,0
AC167245.1,2,2,0,4,4,1
AC167245.5,72,55,28,99,95,110
AC167245.6,2,3,0,3,4,2
AC167249.1,3,2,0,0,1,1
AC167249.2,68,111,117,720,830,663
AC167359.1,1253,956,896,684,720,812
AC167363.1,1,0,0,0,0,0
AC167363.3,10,1,7,1,0,1
AC167419.1,3,3,5,3,3,6
AC167537.1,408,536,490,1671,1690,1792
AC167658.2,0,0,0,0,0,0
AC167970.9,2,0,2,6,3,1
AC167971.5,3,0,4,4,4,3
AC167976.4,0,0,1,0,0,0
AC167977.1,58,51,25,63,82,85
AC167978.1,286,246,267,416,404,356
AC167978.2,0,0,2,1,6,0
AC168050.1,0,0,0,1,0,0
AC168060.1,0,0,0,0,0,0
AC168060.2,0,0,0,0,0,0
AC168060.3,0,0,0,0,0,0
AC168061.1,11,12,10,0,0,0
AC168063.1,1376,1315,1159,1555,1288,1057
AC168068.1,0,0,0,0,0,1
AC168068.2,0,1,0,0,0,0
AC168070.1,0,0,0,0,0,1
AC168071.1,6,2,2,21,25,28
AC168091.1,57,72,47,13,27,20
AC168116.1,0,0,0,0,0,0
AC168205.1,0,0,0,0,0,0
AC168268.1,0,0,0,0,0,0
AC168276.1,0,3,1,0,0,0
AC168279.1,1,0,0,0,0,0
AC168279.2,120,84,101,57,37,52
AC168880.1,0,0,0,0,0,0
AC168977.1,0,0,0,0,0,0
AC169036.1,18,10,3,6,2,5
AC169123.1,0,0,0,0,0,0
AC169382.1,0,2,1,0,0,1
AC169384.1,25,14,30,6,4,6
AC169501.1,0,0,0,1,0,1
AC170088.1,0,0,0,0,0,0
AC170187.1,69,72,117,81,54,61
AC170594.1,0,0,0,0,0,0
AC170749.1,116,119,93,272,273,298
AC170749.2,2060,2081,2349,4999,5118,4084
AC170751.1,1,0,0,0,0,0
AC170751.2,2,0,1,0,0,0
AC170752.1,296,262,292,308,318,262
AC170806.2,500,434,441,262,363,267
AC170806.7,748,653,660,1122,1417,1473
AC170807.1,0,0,1,2,0,1
AC170864.8,15,13,14,20,15,12
AC170869.2,0,0,0,0,1,1
AC170887.1,0,0,0,0,0,0
AC170911.1,0,0,0,0,0,0
AC170998.1,0,0,0,0,0,0
AC171001.1,0,0,0,0,0,0
AC171108.1,264,281,340,296,303,345
AC171202.2,0,0,0,0,0,0
AC171204.1,1982,1853,1701,2029,1852,2008
AC171206.2,0,0,0,0,0,0
AC171240.1,0,0,0,0,0,0
AC171240.2,0,0,0,0,0,0
AC171240.3,0,0,0,0,0,0
AC171241.1,0,0,0,0,0,0
AC171271.1,41,43,69,207,199,194
AC171273.1,20,7,9,6,3,4
AC171273.3,90,74,64,6,5,6
AC171318.1,0,0,1,0,0,0
AC171332.1,0,0,0,0,0,0
AC171332.2,0,0,0,0,0,0
AC171401.1,154,139,152,91,65,100
AC171404.1,294,293,292,258,263,286
AC171501.1,1,0,0,0,0,0
AC171501.3,0,0,0,0,0,0
AC171501.4,0,0,0,0,0,0
AC171501.6,0,0,0,0,0,0
AC171557.1,0,0,0,4,1,5
AC171557.2,3,5,0,9,4,9
AC171557.3,3,5,0,9,4,9
AC171557.4,0,3,0,9,1,8
AC171557.5,3,5,0,9,4,9
AC171680.1,8,2,4,0,1,2
AC171680.2,2,0,0,0,0,2
AC171680.3,2,0,3,0,0,2
AC171682.1,0,0,0,0,0,0
AC171682.2,0,0,0,0,0,0
AC171813.1,262,226,189,119,117,99
AC172027.1,5,11,6,12,7,13
AC172027.2,569,511,569,1291,1431,1635
AC172027.3,569,512,568,1290,1430,1634
AC172367.1,0,0,1,0,0,0
AC172746.1,36,73,30,54,51,42
AC173050.1,0,0,0,0,0,0
AC173344.1,2,0,2,34,12,17
AC173345.1,0,0,0,0,0,0
AC173478.1,0,0,0,0,0,0
AC173482.1,0,0,0,0,0,0
AC173484.1,0,0,0,0,0,0
AC173484.2,0,0,0,0,0,0
AC173705.1,0,0,0,0,0,0
AC174081.1,0,0,0,0,0,0
AC174234.1,0,0,0,0,0,0
AC174380.1,194,177,172,7,9,16
AC174442.1,0,0,0,0,0,0
AC174479.1,1020,597,1040,31,23,11
AC174479.2,55,55,34,28,19,12
AC174479.3,16,30,24,199,171,155
AC174479.4,390,417,352,271,362,234
AC174597.1,0,0,0,0,0,0
AC174597.2,0,0,0,0,0,0
AC174646.2,0,0,0,0,0,0
AC174723.1,5,16,11,117,96,103
AC174776.1,631,1039,360,437,333,399
AC174797.1,1,0,1,0,0,0
AC174800.2,3,1,1,5,4,6
AC175032.1,245,296,218,166,208,135
AC175032.2,81,84,46,36,24,15
AC175033.1,0,0,0,0,0,0
AC175035.1,66,111,121,717,826,655
AC175056.1,0,0,0,0,0,0
AC175057.1,0,0,0,0,0,0
AC175113.2,267,145,110,183,213,216
AC175114.1,0,0,0,0,0,0
AC175116.1,3,2,3,1,2,2
AC175120.1,0,0,0,0,0,0
AC175246.1,0,0,0,0,0,0
AC175315.1,3,6,7,4,0,0
AC175385.1,0,0,0,0,0,0
AC175387.1,0,0,0,0,0,0
AC175460.1,0,0,0,0,0,0
AC175462.1,0,0,0,0,0,0
AC175490.1,0,0,0,0,0,0
AC175492.1,0,0,0,0,0,0
AC175493.1,0,0,0,0,0,0
AC175526.1,0,0,0,0,0,0
AC175667.1,0,0,0,0,0,0
AC175668.1,0,0,0,0,0,0
AC175671.1,0,0,0,0,0,0
AC175706.1,0,0,0,0,0,0
AC175745.1,0,0,0,0,0,0
AC175747.1,0,0,0,0,0,0
AC175818.1,0,0,0,0,0,0
AC175818.2,0,0,0,0,0,0
AC177797.1,0,0,0,0,0,0
AC177798.2,0,0,0,0,0,0
AC181976.1,0,0,0,0,0,0
AC181977.1,0,0,0,0,0,0
AC181978.1,0,0,0,0,0,0
AC181981.1,0,0,0,0,0,0
AC182230.1,0,0,0,0,0,0
AC182251.1,0,0,0,0,0,0
AC182252.1,0,0,0,0,0,0
AC182412.1,1,2,3,26,21,21
AC182426.1,0,0,0,0,0,0
AC182485.1,0,0,0,0,0,0
AC182555.1,0,0,0,0,0,0
AC182580.1,0,0,0,0,0,0
AC182749.1,21,21,27,28,27,25
AC182749.2,97,100,114,133,107,162
AC182749.3,21,18,27,26,27,22
AC182763.1,0,0,0,0,0,0
AC183095.1,1,2,0,0,1,1
AC183095.2,1452,1285,2169,1011,1290,1299
AC183097.1,316,307,340,132,136,157
AC183415.1,0,0,0,0,0,0
AC183416.2,0,0,0,0,0,0
AC183524.1,0,0,0,0,0,0
AC183791.1,0,0,0,0,0,0
AC184052.2,0,0,0,0,0,0
AC184150.1,0,0,0,0,0,0
AC184160.1,0,0,2,0,0,0
AC184160.2,0,0,0,0,0,0
AC185965.1,0,0,0,0,0,0
AC186033.1,0,0,0,0,0,0
AC186193.1,0,0,0,0,0,2
AC186193.2,0,0,0,0,1,0
AC187103.1,1,3,3,6,5,7
AC187103.2,13,17,8,3,5,9
AC188088.1,0,0,0,1,0,3
AC188092.1,0,0,0,0,0,0
AC188454.1,7,14,13,10,18,14
AC188458.1,0,2,0,0,0,0
AC188458.2,190,208,180,157,138,117
AC188458.3,0,0,0,0,0,0
AC188458.4,1,0,0,0,0,0
AC188461.2,2,5,3,15,12,23
AC188461.3,0,3,7,10,3,7
AC188462.1,0,0,2,0,1,2
AC188608.1,0,0,0,0,0,0
AC188954.1,0,0,0,0,0,0
AC189026.1,0,0,0,0,0,0
AC189028.1,0,0,0,0,0,0
AC189028.2,0,0,0,0,0,0
AC189859.1,0,0,0,0,0,0
AC190165.1,0,0,0,0,0,0
AC190173.1,4,7,6,39,41,41
AC190173.2,26,16,17,30,23,38
AC190194.1,0,0,0,0,0,0
AC190403.1,434,561,461,964,1089,961
AC191863.1,0,0,0,0,0,0
AC191865.1,0,0,0,0,0,0
AC191865.2,0,0,0,0,0,0
AC191933.1,7,6,13,21,36,32
AC192089.1,19,13,9,14,16,32
AC192331.1,0,0,0,0,0,0
AC192333.1,0,0,2,0,0,0
AC192334.1,980,1126,1013,1671,1518,1655
AC192334.2,0,0,0,0,0,0
AC192434.1,279,267,256,360,335,311
AC192547.1,0,0,0,0,0,0
AC195265.1,20,16,9,21,24,26
AC195265.2,4,3,1,3,3,5
AC196039.1,6,12,9,112,97,147
ACA64,4,2,0,4,6,3
AF067061,0,0,0,0,0,0
AF366264,0,0,0,1,1,1
AF529169,91,87,62,116,135,147
AI118078,141,163,137,82,113,79
AI132487,36,57,44,141,113,95
AI182371,11,1,8,5,5,6
AI314180,2916,2499,2588,2291,2120,2590
AI314976,210,144,174,301,284,248
AI316807,435,431,403,277,282,278
AI317395,10,13,11,3,5,5
AI324046,2,1,1,0,0,0
AI413582,444,509,429,167,193,126
AI427809,0,2,1,0,1,0
AI428936,41,37,26,43,39,37
AI429214,64,55,56,73,88,97
AI452195,602,593,609,459,472,610
AI462493,476,652,560,365,366,354
AI464131,1050,1026,988,129,98,97
AI467606,28,23,24,8,10,7
AI480653,463,480,426,290,284,284
AI481877,0,4,7,7,4,2
AI504432,390,326,341,488,355,531
AI593442,624,487,514,43,69,60
AI597468,754,663,671,743,635,751
AI597479,775,810,761,1096,953,1170
AI606181,60,56,54,116,119,111
AI607873,12,12,14,2,0,3
AI646023,398,612,394,1269,1219,1221
AI661453,19,15,22,25,17,23
AI747448,0,0,0,0,0,0
AI747699,129,99,98,82,79,106
AI836003,561,868,477,538,489,443
AI837181,0,0,0,0,0,0
AI846148,517,624,479,986,904,865
AI848100,838,715,701,1024,942,1175
AI894139,442,443,452,566,546,461
AI987944,85,87,92,53,34,51
AK129341,377,342,292,111,89,129
AL365322.3,0,1,0,0,0,0
AL450317.1,4,6,8,3,6,8
AL450341.1,0,0,0,0,0,0
AL450341.2,0,0,0,0,0,0
AL512584.1,0,0,0,0,0,0
AL512589.1,0,0,0,0,0,0
AL513345.3,1,0,0,0,2,4
AL513352.1,0,0,0,0,0,0
AL513352.2,0,1,2,1,2,3
AL583883.1,0,0,0,0,0,0
AL583889.1,348,433,239,204,194,201
AL589650.1,0,0,0,0,0,0
AL589651.1,0,0,0,0,0,0
AL589661.1,0,0,0,0,0,0
AL589670.1,921,1108,726,2153,1513,1374
AL589742.2,0,0,0,0,0,0
AL589870.1,2,0,0,0,0,0
AL589878.3,24,14,26,29,28,20
AL590144.1,15,21,19,39,31,14
AL590389.1,2,1,6,1,2,4
AL590429.1,0,0,0,0,0,0
AL590614.1,0,0,0,0,0,0
AL590614.3,0,0,0,0,0,0
AL590619.8,0,0,0,0,0,0
AL590630.2,0,0,0,0,0,0
AL590968.1,1917,2213,1716,942,998,887
AL590969.1,0,0,0,0,0,0
AL590988.1,1003,1087,1537,3958,3916,3415
AL590988.2,0,0,0,0,0,0
AL590992.1,0,0,0,0,0,0
AL590992.2,0,0,0,0,0,0
AL590992.3,0,0,0,0,0,0
AL590997.1,0,0,0,0,0,0
AL590997.2,0,0,0,0,0,0
AL590997.3,0,0,0,0,0,0
AL590997.4,0,0,0,0,0,0
AL590997.5,0,0,0,0,0,0
AL590997.6,0,0,0,0,0,0
AL591113.1,13,8,10,17,8,30
AL591125.1,0,0,0,0,0,0
AL591127.1,0,0,0,0,0,0
AL591143.1,0,0,0,0,2,1
AL591146.1,0,0,0,0,0,0
AL591207.1,0,0,0,2,0,2
AL591207.2,82,105,71,44,45,45
AL591366.1,0,0,0,0,0,0
AL591376.1,0,0,0,0,0,0
AL591417.1,0,0,0,0,0,0
AL591466.1,0,0,0,0,0,0
AL591488.2,2,1,0,2,2,0
AL591544.1,1,0,0,1,0,2
AL591582.1,8,10,10,12,12,8
AL591712.1,0,0,0,0,0,0
AL591913.1,0,0,0,0,0,0
AL592149.1,1,3,0,0,1,0
AL592169.1,0,0,0,0,0,0
AL592169.2,7,2,9,1,3,2
AL592433.1,4321,3716,3728,8419,9262,9180
AL592522.1,0,0,0,0,0,0
AL592522.2,0,0,0,0,0,0
AL592547.1,1,5,1,1,0,1
AL593843.1,2,1,0,2,2,5
AL593843.2,0,1,0,0,0,0
AL593847.1,0,0,0,0,0,0
AL593853.1,0,0,0,0,0,0
AL593857.3,0,0,0,0,0,1
AL596084.2,0,0,0,0,0,0
AL596103.1,0,0,0,0,0,0
AL596117.1,0,0,0,0,0,0
AL596129.1,0,0,0,0,0,0
AL596129.2,0,0,0,0,0,0
AL596181.1,0,0,0,0,0,0
AL596182.1,0,0,0,0,0,0
AL596183.2,1,0,0,0,0,0
AL596185.1,0,0,0,0,0,0
AL596212.1,0,0,0,0,0,0
AL596256.1,0,0,0,0,0,0
AL596258.2,0,0,0,0,0,0
AL596331.1,0,0,0,0,0,0
AL596382.1,0,0,0,0,0,0
AL596446.1,0,0,0,0,0,0
AL596446.3,1,1,1,0,1,0
AL596446.4,0,0,0,0,1,0
AL603630.1,1222,1328,1214,2300,2310,2151
AL603651.1,10,8,21,8,8,8
AL603682.3,2,0,1,2,0,0
AL603706.1,0,0,1,0,0,0
AL603707.1,0,0,0,0,0,0
AL603708.1,0,0,0,0,0,0
AL603745.1,0,0,0,0,0,0
AL603804.1,0,0,0,0,2,4
AL603804.2,0,0,0,0,1,0
AL603828.1,13,20,23,0,0,1
AL603843.2,39,35,50,194,141,187
AL603868.1,0,0,0,0,0,0
AL603868.2,1,2,2,4,3,10
AL603913.1,0,0,0,0,0,0
AL603924.1,0,0,0,0,0,0
AL603984.1,0,0,1,1,1,1
AL603984.2,2,0,1,1,1,0
AL604063.1,0,0,2,0,2,0
AL604065.1,0,0,0,0,0,0
AL606479.1,0,0,0,0,0,0
AL606479.2,0,0,0,0,0,0
AL606511.1,0,0,0,0,0,0
AL606513.1,0,0,0,0,0,0
AL606521.1,0,0,0,0,0,0
AL606704.1,0,0,0,0,0,0
AL606824.1,0,0,0,0,0,0
AL606904.1,0,1,0,0,0,0
AL606904.2,0,0,0,0,0,0
AL606907.2,0,0,0,0,0,0
AL606907.3,0,0,0,0,0,0
AL606908.1,2,0,1,0,0,1
AL606909.1,0,0,0,0,0,0
AL606916.1,0,0,0,0,0,0
AL606926.1,0,0,0,0,0,0
AL606962.1,0,0,0,0,0,0
AL606975.1,0,0,0,0,0,0
AL606975.2,1,0,2,10,3,12
AL606976.1,0,0,0,0,0,0
AL606988.1,0,0,1,1,1,3
AL607039.1,0,0,0,0,0,0
AL607072.1,0,0,0,0,0,0
AL607088.1,32,30,26,2,0,0
AL607108.2,8,12,14,2,2,3
AL607145.1,0,0,0,0,0,0
AL611924.1,2,0,4,7,6,11
AL611931.1,0,0,0,0,0,0
AL611983.1,0,1,0,0,2,0
AL611985.1,0,0,0,0,0,0
AL611986.1,249,241,225,326,370,331
AL611987.1,0,1,0,1,0,0
AL626775.1,20,38,12,59,45,43
AL626783.4,0,0,0,0,0,0
AL626785.1,0,1,1,0,0,1
AL627085.1,0,0,0,0,0,0
AL627104.1,0,0,0,0,0,0
AL627124.1,0,0,0,0,0,0
AL627215.2,0,0,0,0,0,0
AL627228.1,0,0,0,0,0,0
AL627237.1,0,0,0,0,0,0
AL627312.1,0,0,0,0,0,0
AL627405.1,5,3,0,5,2,3
AL645468.1,0,0,0,0,0,0
AL645471.1,21,32,27,33,30,25
AL645533.1,104,88,85,39,46,71
AL645601.1,6,2,3,13,8,6
AL645605.1,23,23,33,39,33,33
AL645727.1,0,0,0,0,0,0
AL645764.1,0,0,0,0,0,0
AL645791.1,0,0,0,0,0,0
AL645845.1,0,0,0,0,0,0
AL645846.1,0,0,0,0,0,0
AL645849.1,0,0,0,0,0,0
AL645851.1,0,0,0,0,0,0
AL645851.2,0,0,0,1,0,1
AL645854.1,0,3,3,3,2,4
AL645861.1,0,0,0,0,0,1
AL645861.3,4,5,5,8,8,3
AL645911.2,5,3,3,2,2,2
AL645911.3,0,0,0,0,0,0
AL645913.1,0,0,0,0,0,0
AL645923.1,0,0,0,0,0,0
AL645948.1,32,21,16,48,51,57
AL646002.1,8,8,12,6,7,5
AL646020.1,0,0,0,0,0,0
AL646046.1,0,0,0,0,0,0
AL646046.2,0,0,0,0,0,0
AL646051.1,4,2,0,1,0,0
AL646088.1,0,0,1,0,0,0
AL646096.2,0,0,1,0,0,0
AL646096.3,0,0,0,0,0,0
AL646097.1,0,0,0,0,0,0
AL662804.1,0,0,0,0,0,0
AL662806.1,0,0,0,0,0,0
AL662810.1,12,7,6,51,48,44
AL662875.1,0,7,2,2,0,2
AL662901.1,4,5,5,13,7,8
AL662902.1,5772,3585,4300,3217,1830,1145
AL662925.1,0,0,0,0,1,0
AL663030.1,0,0,0,0,0,0
AL663045.1,0,0,0,0,0,0
AL663067.1,0,0,0,1,0,2
AL663067.2,0,0,0,0,0,0
AL663071.1,0,0,0,0,0,0
AL663082.1,0,0,0,0,0,0
AL663087.2,0,0,0,0,0,0
AL663090.1,0,0,0,0,0,0
AL663103.1,0,0,0,0,0,1
AL669814.1,3,4,6,2,7,1
AL669828.1,1,0,0,2,5,7
AL669834.1,0,4,1,4,4,5
AL669855.1,2,2,5,6,10,7
AL669855.2,0,0,1,0,0,1
AL669869.2,0,0,0,0,0,0
AL669896.1,7,9,5,0,0,0
AL669897.1,13,8,19,31,26,34
AL669920.1,0,0,0,0,0,0
AL669920.2,1,3,4,1,2,3
AL669953.1,0,0,0,0,0,0
AL669964.1,84,76,88,176,161,180
AL669964.2,0,0,0,0,0,0
AL669969.1,0,0,0,0,0,0
AL670169.1,0,0,0,0,0,0
AL670195.1,0,0,0,0,0,0
AL670236.2,904,1265,1072,478,561,525
AL670236.3,0,0,0,0,0,0
AL670260.1,0,0,0,0,0,0
AL670276.5,0,0,0,0,0,0
AL670446.1,0,0,0,0,0,0
AL670446.2,16,21,17,26,28,21
AL670603.1,0,0,0,1,0,0
AL670720.2,0,0,0,0,0,0
AL670771.1,0,0,0,0,0,0
AL670953.1,0,0,0,0,0,0
AL671042.1,2,0,1,9,2,2
AL671501.1,0,0,0,0,0,0
AL671520.1,0,0,0,1,0,0
AL671854.1,2,6,4,0,0,4
AL671887.2,0,0,0,0,0,0
AL671890.1,0,0,0,0,0,0
AL671905.1,0,1,0,1,1,1
AL671906.2,0,0,0,0,0,0
AL671908.1,0,0,0,0,0,0
AL671913.1,0,0,0,0,0,0
AL671913.2,0,0,0,0,0,0
AL671963.2,14,18,12,22,23,32
AL671971.1,0,0,0,0,0,0
AL671982.1,0,0,0,0,0,0
AL671993.1,0,0,0,1,0,0
AL672001.1,0,0,0,0,0,0
AL672012.2,231,193,222,522,413,645
AL672049.1,0,0,0,0,0,0
AL672049.3,0,0,0,1,1,0
AL672084.1,0,0,0,0,0,0
AL672141.1,0,0,0,0,0,0
AL672175.1,0,0,0,0,0,0
AL672182.2,0,0,1,0,2,0
AL672182.3,0,0,0,0,0,0
AL672219.1,16,9,13,20,22,20
AL672219.2,6,7,5,13,5,10
AL672231.1,0,0,0,0,0,0
AL672234.1,0,0,0,0,0,0
AL672241.1,0,0,0,0,0,0
AL672242.1,0,0,0,0,0,0
AL672246.4,8,5,8,28,18,29
AL672259.1,0,0,0,0,0,0
AL672259.2,0,0,0,0,0,0
AL672269.1,0,0,0,0,0,0
AL672276.1,0,0,0,0,0,0
AL672276.2,59,61,65,65,63,63
AL672278.1,0,0,0,0,0,0
AL672284.1,0,0,0,0,0,0
AL683804.1,0,0,0,0,0,0
AL683818.1,0,0,0,0,0,0
AL683857.1,0,0,0,0,0,0
AL683882.1,0,0,0,0,1,1
AL683884.2,0,1,1,1,2,2
AL683890.2,0,0,0,0,0,2
AL683891.1,0,0,0,0,0,0
AL691457.1,0,0,0,0,0,0
AL691472.1,0,0,0,1,0,0
AL691478.1,0,0,0,0,0,0
AL691478.2,0,0,0,0,0,0
AL713863.1,0,1,2,1,1,1
AL713956.1,1,1,0,3,8,2
AL713967.1,0,0,0,0,0,0
AL713994.1,1,2,1,1,1,1
AL714024.1,91,98,87,18,27,18
AL731552.1,0,0,0,0,0,0
AL731670.1,16,16,17,31,37,46
AL731672.1,0,0,0,0,0,0
AL731674.1,0,0,0,0,0,0
AL731687.1,2,3,2,1,1,0
AL731707.1,0,0,0,0,0,2
AL731731.1,0,0,0,0,0,0
AL731731.2,0,0,0,0,0,0
AL731772.1,7,4,10,3,0,3
AL731808.2,2,1,1,0,0,1
AL731822.1,0,0,0,1,2,1
AL731826.1,0,0,0,0,0,0
AL731826.2,0,0,0,0,0,0
AL731851.1,0,0,0,0,0,0
AL732309.1,0,0,0,0,0,0
AL732328.1,0,0,0,0,0,0
AL732330.1,0,0,0,0,0,0
AL732357.2,1,0,0,0,0,0
AL732403.2,2,2,0,0,1,0
AL732460.2,0,0,0,0,0,0
AL732470.1,0,0,0,0,0,0
AL732472.1,0,0,0,0,0,0
AL732495.1,0,0,0,0,0,0
AL732528.1,0,0,0,0,0,0
AL732538.1,47,63,61,114,79,95
AL732543.1,0,0,0,2,0,0
AL732546.2,0,0,0,0,1,0
AL732587.1,0,0,0,0,0,0
AL732615.1,0,1,0,0,0,0
AL732619.1,42,25,29,20,11,18
AL732620.2,0,0,0,0,0,0
AL732624.2,0,0,0,0,0,0
AL772157.1,0,0,0,0,0,0
AL772167.1,0,0,1,0,0,0
AL772170.1,3,14,0,0,0,0
AL772187.1,0,0,0,0,0,0
AL772216.100,0,0,0,0,0,0
AL772216.102,0,0,0,0,0,0
AL772216.105,0,0,0,0,0,0
AL772216.107,0,0,0,0,0,0
AL772216.108,0,0,0,0,0,0
AL772216.110,0,0,0,0,0,0
AL772216.113,0,0,0,0,0,0
AL772216.114,0,0,0,0,0,0
AL772216.14,0,0,0,0,0,0
AL772216.15,0,0,0,0,0,0
AL772216.19,0,0,0,0,0,0
AL772216.2,0,0,0,0,0,0
AL772216.23,0,0,0,0,0,0
AL772216.24,0,0,0,0,0,0
AL772216.26,0,0,0,0,0,0
AL772216.27,0,0,0,0,0,0
AL772216.29,0,0,0,0,0,0
AL772216.32,0,0,0,0,0,0
AL772216.33,0,0,0,0,0,0
AL772216.35,0,0,0,0,0,0
AL772216.37,0,0,0,0,0,0
AL772216.38,0,0,0,0,0,0
AL772216.4,0,0,0,0,0,0
AL772216.43,0,0,0,0,0,0
AL772216.45,0,0,0,0,0,0
AL772216.47,0,0,0,0,0,0
AL772216.55,0,0,0,0,0,0
AL772216.6,0,0,0,0,0,0
AL772216.60,0,0,0,0,0,0
AL772216.61,0,0,0,0,0,0
AL772216.62,0,0,0,0,0,0
AL772216.65,0,0,0,0,0,0
AL772216.68,0,0,0,0,0,0
AL772216.69,2,0,0,0,0,0
AL772216.7,0,0,0,0,0,0
AL772216.70,0,0,0,0,0,0
AL772216.73,0,0,0,0,0,0
AL772216.74,0,0,0,0,0,0
AL772216.75,0,0,0,0,0,0
AL772216.76,0,0,0,0,0,0
AL772216.77,0,0,0,0,0,0
AL772216.78,0,0,0,0,0,0
AL772216.79,0,0,0,0,0,0
AL772216.82,0,0,0,0,0,0
AL772216.84,0,0,0,0,0,0
AL772216.87,0,0,0,0,0,0
AL772216.89,0,0,0,0,0,0
AL772216.91,0,0,0,0,0,0
AL772216.99,1,0,0,0,0,0
AL772230.2,36,17,15,119,125,151
AL772256.1,0,0,0,0,0,0
AL772258.1,0,1,0,0,0,0
AL772265.1,0,0,0,0,0,0
AL772271.1,29,28,48,71,70,53
AL772271.2,0,0,1,0,0,0
AL772285.1,0,0,5,2,4,0
AL772290.2,0,0,0,0,0,0
AL772302.1,0,0,0,0,0,0
AL772308.1,4,7,4,17,19,17
AL772326.1,0,0,0,0,0,0
AL772372.1,0,0,0,0,0,0
AL772376.2,0,0,0,0,0,2
AL772393.2,0,0,0,0,0,0
AL772401.1,7,2,6,13,11,14
AL772401.2,0,1,0,0,0,0
AL773518.1,0,0,0,0,0,0
AL773518.2,0,0,0,0,0,0
AL773539.1,0,0,0,0,0,0
AL773580.1,0,0,0,0,0,0
AL773580.2,0,0,0,1,0,0
AL773587.1,0,0,0,0,0,0
AL805896.1,0,0,0,0,0,0
AL805898.1,0,0,0,0,0,0
AL805935.1,0,0,0,0,0,0
AL806518.1,0,0,0,0,0,0
AL807240.1,0,0,0,0,0,0
AL807380.1,0,0,0,0,0,0
AL807386.1,0,0,0,0,0,0
AL807387.1,0,0,0,0,0,0
AL807396.1,0,0,0,0,0,0
AL807401.1,0,0,0,0,0,0
AL807401.2,146,148,184,135,97,100
AL807745.1,0,0,0,0,0,0
AL807745.2,0,0,0,0,0,0
AL807745.4,0,0,0,0,0,0
AL807771.1,0,0,0,0,0,0
AL807777.1,3432,2787,2861,7900,7892,7468
AL807780.1,0,0,0,0,0,0
AL807784.1,0,0,0,0,1,0
AL807786.1,0,0,0,0,0,0
AL807801.1,0,0,0,0,0,0
AL807805.2,0,0,0,0,0,0
AL807824.1,0,0,0,0,0,0
AL808014.2,0,0,0,0,0,0
AL808014.3,1,0,1,0,0,0
AL808131.1,0,0,0,0,0,0
AL808140.1,0,0,0,0,0,0
AL824702.1,0,1,1,2,1,3
AL824704.1,3,1,0,2,0,3
AL824706.1,0,0,0,0,0,0
AL824709.1,146,169,158,90,90,85
AL824709.2,75,79,75,48,34,49
AL831736.1,0,1,0,0,0,0
AL831738.1,0,0,0,0,0,0
AL831742.1,0,0,0,0,0,0
AL831764.1,2,0,1,2,0,2
AL831786.1,1,1,1,0,0,0
AL831793.1,2,0,0,0,0,0
AL831794.1,0,0,0,0,0,0
AL833771.1,1,4,0,0,1,0
AL833773.1,0,0,0,0,0,0
AL833794.1,0,0,0,0,0,0
AL833805.2,0,0,0,0,0,0
AL837506.1,310,98,164,53,78,37
AL837506.2,66,23,21,2,12,4
AL844160.1,0,0,0,0,0,0
AL844480.1,0,0,0,0,0,0
AL844480.3,0,0,0,0,0,0
AL844494.1,146,186,177,99,110,91
AL844494.2,11,6,12,1,2,1
AL844529.1,38,32,27,28,28,34
AL844534.1,0,0,0,0,0,0
AL844546.1,0,1,1,1,0,1
AL844576.1,0,2,1,10,4,4
AL844581.1,0,0,0,0,0,0
AL844590.2,0,0,1,0,0,0
AL844840.1,0,1,1,0,0,3
AL844849.1,0,0,0,0,0,0
AL844871.1,1,0,1,0,0,0
AL845174.1,6,2,3,10,5,7
AL845174.2,0,0,0,0,0,0
AL845174.3,0,0,0,0,0,0
AL845258.1,0,0,0,0,0,0
AL845258.2,9,9,4,5,8,3
AL845266.1,0,0,0,0,0,0
AL845273.1,0,0,0,0,0,0
AL845323.1,0,1,0,0,0,1
AL845323.2,0,0,0,0,0,0
AL845355.1,0,0,0,0,0,0
AL845457.1,1,0,0,0,0,0
AL845463.1,0,0,0,0,0,0
AL845463.2,1,1,0,2,0,4
AL845466.1,0,0,0,0,0,0
AL845486.1,1,0,0,0,1,0
AL845506.1,4,2,1,2,1,0
AL928542.2,2,0,0,0,0,0
AL928544.1,0,0,0,0,0,0
AL928544.2,0,0,0,0,0,0
AL928581.1,0,0,0,0,1,0
AL928587.1,0,0,0,0,0,0
AL928605.1,2,2,1,2,1,0
AL928605.10,0,0,0,0,0,0
AL928605.11,0,0,0,0,0,0
AL928605.12,0,0,0,0,0,0
AL928605.13,0,0,0,0,0,0
AL928605.14,0,0,0,0,0,0
AL928605.15,0,0,0,0,0,0
AL928605.16,1,0,0,0,1,0
AL928605.2,1,0,0,0,1,0
AL928605.3,0,0,0,0,0,0
AL928605.4,0,0,0,0,0,0
AL928605.5,0,0,0,0,0,0
AL928605.6,0,0,0,0,0,0
AL928605.7,0,0,0,0,0,0
AL928605.8,0,0,0,0,0,0
AL928605.9,0,0,0,0,0,0
AL928638.2,0,0,0,0,0,0
AL928667.1,7,15,21,22,21,20
AL928696.1,0,0,0,0,0,0
AL928700.1,1,1,0,6,0,1
AL928704.1,0,1,2,2,0,1
AL928710.1,0,0,0,0,0,0
AL928734.1,0,0,0,0,0,0
AL928788.1,0,0,1,0,0,0
AL928792.1,1,0,1,0,0,0
AL928912.1,0,0,0,0,0,0
AL928918.1,0,0,0,0,0,0
AL928924.1,0,0,0,0,0,0
AL928926.1,0,0,0,0,0,0
AL928930.1,0,0,1,1,0,4
AL928931.1,0,0,0,0,0,0
AL928935.1,0,0,0,0,0,0
AL928940.1,2372,1093,1173,803,457,356
AL928940.2,0,1,1,0,0,0
AL928940.3,8,8,11,6,7,4
AL928966.1,0,0,0,0,0,0
AL928988.1,0,0,0,0,0,0
AL929011.1,0,0,0,0,0,0
AL929021.1,0,0,0,0,0,0
AL929042.1,2,5,4,3,4,9
AL929042.2,17,17,13,32,29,40
AL929054.1,0,0,0,0,0,0
AL929070.1,0,0,0,0,0,0
AL929071.1,0,0,0,0,0,0
AL929137.1,199,253,252,288,330,281
AL929160.1,0,0,0,0,0,0
AL929212.1,2,1,0,0,0,0
AL929249.1,0,0,0,0,0,0
AL929312.1,0,0,0,0,0,0
AL929371.1,0,0,2,1,0,1
AL929404.1,0,0,0,0,0,0
AL929433.1,0,0,0,0,0,0
AL929465.1,0,0,0,0,0,0
AL929524.1,0,0,0,0,0,0
AL929540.1,0,0,0,0,0,0
AL929557.1,0,1,0,0,0,0
AL929562.1,0,0,0,0,0,0
AL929565.1,0,0,0,0,0,0
AL935134.1,15,8,8,5,7,11
AL935150.1,41,44,48,72,59,74
AL935159.1,0,0,0,0,0,0
AL935312.1,6,4,12,0,1,3
AL954189.1,1,1,1,1,1,3
AL954299.1,0,0,0,0,0,0
AL954321.2,0,0,0,0,0,0
AL954334.1,1,2,1,2,1,4
AL954375.1,0,3,3,6,4,6
AL954388.1,2,0,3,0,0,2
AL954662.1,4,7,4,10,2,3
AL954707.1,1,4,3,6,6,6
AU015836,0,0,0,0,0,0
AU016765,0,0,0,0,0,0
AU017193,0,0,1,1,1,1
AU017455,16,31,27,48,44,28
AU018091,0,0,0,0,0,0
AU018778,0,0,1,0,0,0
AU019823,446,355,368,577,529,658
AU021034,22,35,14,1,3,0
AU021092,42,45,35,79,92,88
AU022252,862,939,902,955,954,938
AU022751,2,5,1,4,3,5
AU022870,577,556,573,813,852,974
AU023434,0,0,0,0,0,0
AU023871,3,2,0,7,5,2
AU040320,1793,2006,1943,1459,1409,1347
AU040829,4020,4076,3756,602,620,594
AU042651,7,1,5,2,0,0
AV249152,178,139,161,160,175,174
AV320801,3,2,0,0,1,0
AW011738,94,97,84,71,60,53
AW112010,11,9,11,0,2,0
AW146020,99,114,116,253,240,283
AW146154,91,103,111,53,59,59
AW209491,432,429,449,347,319,320
AW549877,759,634,647,608,472,744
AW551984,265,385,190,690,646,714
AW554918,293,279,261,518,477,559
AW555464,7853,9091,7246,3440,3445,3129
AY074887,1,0,2,1,2,2
AY172335.1,0,0,0,0,0,0
AY172335.10,0,0,0,0,0,0
AY172335.11,0,0,0,0,0,0
AY172335.12,0,0,0,0,0,0
AY172335.13,0,0,0,0,0,0
AY172335.14,0,0,0,0,0,0
AY172335.15,0,0,0,0,0,0
AY172335.16,0,0,0,0,0,0
AY172335.17,0,0,0,0,0,0
AY172335.19,0,0,0,0,0,0
AY172335.2,0,0,0,0,0,0
AY172335.20,0,0,0,0,0,0
AY172335.21,0,0,0,0,0,0
AY172335.22,0,0,0,0,0,0
AY172335.23,0,0,0,0,0,0
AY172335.24,0,0,0,0,0,0
AY172335.25,0,0,0,0,0,0
AY172335.3,0,0,0,0,0,0
AY172335.4,0,0,0,0,0,0
AY172335.5,0,0,0,0,0,0
AY172335.6,0,0,0,0,0,0
AY172335.7,0,0,0,0,0,0
AY172335.8,0,0,0,0,0,0
AY172335.9,0,0,0,0,0,0
AY358078,3,6,4,58,45,56
AY702102,0,0,0,0,1,2
AY702103,0,0,0,0,0,0
AY761184,0,0,0,0,0,0
AY761185,0,0,0,0,0,0
Aaas,202,206,175,364,329,324
Aacs,886,1458,870,1836,1849,1757
Aadac,0,0,0,0,0,0
Aadacl3,0,0,1,0,0,0
Aadacl4,0,0,0,0,0,0
Aadat,2,2,2,0,2,5
Aagab,1270,1225,1289,1247,1187,1144
Aak1,9171,8564,9824,2717,2412,2892
Aamp,2695,3072,2727,2124,2146,1880
Aanat,18,21,23,13,11,3
Aard,40,57,40,19,26,17
Aars,4099,4457,4207,3796,3647,3174
Aars2,791,832,798,579,577,515
Aarsd1,1078,1177,1119,981,956,869
Aasdh,293,291,301,580,460,559
Aasdhppt,267,210,196,207,207,267
Aass,162,83,139,15,4,8
Aatf,262,327,263,589,654,620
Aatk,7354,9445,7301,2209,2278,2115
Abat,7586,7661,7192,1302,1023,1243
Abca1,1307,1000,1273,1643,1064,1476
Abca12,2,5,3,2,0,2
Abca13,3,6,0,1,1,3
Abca14,0,0,1,0,1,1
Abca15,1,0,0,1,2,1
Abca16,0,0,0,0,0,0
Abca17,34,51,48,45,41,29
Abca2,7820,8938,8530,2971,2486,2491
Abca3,2173,2604,2301,2431,2249,2209
Abca4,214,168,192,51,37,33
Abca5,1371,1207,1072,569,557,715
Abca6,62,48,49,11,13,13
Abca7,488,594,553,482,377,307
Abca8a,256,93,166,150,174,232
Abca8b,629,488,576,146,139,150
Abca9,318,250,292,57,65,92
Abcb10,684,673,585,753,610,699
Abcb11,0,1,0,5,4,1
Abcb1a,1169,879,1094,200,204,208
Abcb1b,255,210,237,49,55,38
Abcb4,174,152,190,19,22,19
Abcb5,0,0,0,0,1,0
Abcb6,377,501,497,822,875,818
Abcb7,1053,936,915,879,700,982
Abcb8,806,1009,928,746,785,649
Abcb9,956,1413,1129,218,198,175
Abcc1,477,530,651,651,582,563
Abcc10,188,268,287,386,305,376
Abcc12,15,14,22,5,16,9
Abcc2,3,2,3,3,9,2
Abcc3,64,72,72,10,13,4
Abcc4,359,315,296,71,46,63
Abcc5,4182,4289,5158,5510,5667,5807
Abcc6,13,43,18,15,14,13
Abcc8,688,746,774,1065,922,870
Abcc9,291,258,265,578,425,549
Abcd1,314,410,350,472,410,421
Abcd2,1227,1033,1061,554,339,444
Abcd3,1482,1578,1473,1628,1646,1840
Abcd4,234,258,207,245,236,228
Abce1,1697,1585,1590,2152,2081,2460
Abcf1,1929,2365,2328,2824,2861,2319
Abcf2,2155,2140,2179,1572,1525,1498
Abcf3,1378,1430,1464,1227,1233,1058
Abcg1,1693,1555,1600,361,316,360
Abcg2,368,288,313,209,182,239
Abcg3,7,2,11,7,4,10
Abcg4,1220,1444,1221,894,842,793
Abcg5,0,0,0,4,2,1
Abcg8,1,0,1,3,1,0
Abhd1,6,5,7,2,4,1
Abhd10,402,297,348,419,364,464
Abhd11,372,435,317,556,582,506
Abhd12,4769,4797,4616,889,994,937
Abhd13,1001,907,893,715,549,821
Abhd14a,427,460,394,433,504,451
Abhd14b,235,192,275,110,119,113
Abhd15,35,21,23,13,10,9
Abhd2,3618,3384,3854,3091,2738,3037
Abhd3,965,914,905,10,16,5
Abhd4,1070,1253,1088,576,508,513
Abhd5,391,503,355,382,380,440
Abhd6,551,687,640,201,188,165
Abhd7,841,766,845,70,103,98
Abhd8,5073,6493,5040,1342,1282,1235
Abi1,2956,2626,2526,1456,1286,1499
Abi2,5633,5334,4962,4524,4009,5366
Abi3,30,36,39,2,4,4
Abi3bp,144,123,125,2,7,3
Abl1,1759,1794,1519,3057,2525,2620
Abl2,2421,2332,2357,2563,2146,2630
Ablim1,2879,2776,2865,3342,3875,3756
Ablim2,3144,3723,3564,335,382,319
Ablim3,596,804,596,2021,2134,1886
Abo,2,0,0,0,0,0
Abp1,1,0,4,0,0,0
Abpa,0,0,0,0,0,0
Abpb,0,0,0,0,0,0
Abpd,0,0,0,0,0,0
Abpe,0,0,0,0,0,0
Abpg,0,0,0,0,0,0
Abpz,0,0,0,0,0,0
Abr,14443,14207,15390,9824,9408,9155
Abra,8,5,8,0,0,1
Abt1,295,355,316,324,292,284
Abtb1,748,886,790,671,653,494
Abtb2,355,468,324,275,233,260
Acaa1a,959,1154,1119,1126,1066,1005
Acaa1b,281,317,320,351,328,301
Acaa2,427,429,489,396,391,332
Acaca,1779,1950,1727,4117,4315,4353
Acacb,261,173,243,41,37,39
Acad10,101,81,118,37,35,41
Acad11,515,522,532,132,106,133
Acad8,451,494,487,417,432,466
Acad9,868,843,848,1053,978,1077
Acadl,825,685,695,237,226,242
Acadm,652,567,545,301,226,234
Acads,115,174,108,177,147,114
Acadsb,1390,1244,1216,1508,1426,1431
Acadvl,436,484,547,353,350,301
Acan,157,119,166,11,10,11
Acap1,8,4,5,33,21,18
Acap2,2937,2330,2771,1279,963,1257
Acap3,3079,3502,3382,3541,3445,3144
Acat1,1627,1662,1676,3039,3110,3063
Acat2,1086,1609,1295,4116,4854,4184
Acat3,233,399,270,1018,1059,906
Acbd3,999,1118,1109,1442,1310,1276
Acbd4,654,534,596,146,141,113
Acbd5,2063,1878,1827,1237,1044,1299
Acbd6,815,917,670,764,817,674
Acbd7,3,4,9,0,2,2
Accn1,1740,1757,1661,557,597,497
Accn2,1720,2316,1982,2684,2637,2276
Accn3,9,10,10,22,24,29
Accn4,501,660,526,85,74,83
Accn5,0,0,0,0,0,2
Accs,65,91,94,434,364,394
Accsl,4,1,6,8,7,8
Acd,482,444,492,664,702,633
Ace,828,702,703,115,132,103
Ace2,27,44,40,0,0,1
Ace3,1,0,5,0,0,0
Acer1,0,0,0,0,0,0
Acer2,325,172,325,148,147,113
Acer3,236,181,174,72,62,75
Ache,1485,1706,1215,168,161,191
Acin1,3119,4143,3759,8725,8358,7409
Acly,4154,4743,4435,7867,6826,6690
Acmsd,9,7,7,29,32,36
Acn9,257,178,198,126,134,137
Acnat1,7,3,0,0,0,0
Acnat2,2,3,1,5,12,3
Aco1,733,793,784,2015,1871,1692
Aco2,6870,7074,7594,4055,3640,3462
Acot1,334,306,308,695,582,543
Acot10,160,153,154,169,200,220
Acot11,1802,1145,1720,57,61,60
Acot12,7,2,10,6,0,1
Acot13,866,909,854,208,256,204
Acot2,218,228,219,323,256,227
Acot3,53,39,40,7,9,13
Acot4,24,24,32,12,14,11
Acot5,54,46,46,11,13,16
Acot6,151,136,103,55,53,71
Acot7,4283,5403,4966,2253,2826,2336
Acot8,210,209,211,192,211,164
Acot9,118,124,124,147,142,163
Acox1,4648,4156,4630,2515,2328,2343
Acox2,4,4,5,1,0,0
Acox3,729,667,717,633,545,539
Acoxl,12,8,8,9,6,4
Acp1,961,940,969,752,760,799
Acp2,1650,1773,1706,1476,1479,1457
Acp5,5,5,13,1,5,1
Acp6,270,228,301,243,273,245
Acpl2,264,307,296,408,415,445
Acpp,11,8,1,6,3,3
Acpt,4,2,5,11,1,4
Acr,22,26,22,119,126,118
Acrbp,74,110,113,307,304,263
Acrv1,0,0,0,0,0,0
Acsbg1,3597,3971,3554,392,337,347
Acsbg2,1,1,3,0,0,2
Acsf2,257,275,208,72,44,52
Acsf3,464,475,424,364,312,298
Acsl1,1287,1393,1174,322,351,383
Acsl3,5042,3888,3733,1199,1262,1327
Acsl4,2244,1973,1750,514,527,592
Acsl5,1402,1345,1342,264,333,304
Acsl6,5755,5588,5444,1996,1758,2005
Acsm1,0,0,0,0,0,1
Acsm2,0,0,0,0,0,0
Acsm3,17,6,8,15,7,11
Acsm4,3,1,0,0,0,1
Acsm5,7,2,5,0,0,0
Acss1,588,759,598,751,569,560
Acss2,1076,1296,1210,430,452,414
Acss3,35,15,19,3,1,0
Acta1,154,205,154,36,42,33
Acta2,193,208,147,12,10,8
Actb,14943,17960,16621,33328,32003,32348
Actbl2,2,0,1,0,0,0
Actc1,2,0,1,0,1,2
Actg1,16694,20161,17689,48952,46678,47096
Actg2,1,2,7,0,3,2
Actl6a,140,164,216,857,592,545
Actl6b,1489,1634,1763,3046,3137,2544
Actl7a,1,0,0,0,1,1
Actl7b,2,1,1,3,0,2
Actn1,2087,2219,2555,932,756,795
Actn2,542,664,704,98,139,114
Actn3,22,30,26,11,14,15
Actn4,3234,3836,3531,2657,2361,2344
Actr10,1328,1070,968,950,983,1053
Actr1a,4399,4508,4635,7667,7675,7299
Actr1b,5138,5530,5730,1873,1694,1594
Actr2,5944,5275,5462,4099,4178,4733
Actr3,2948,2457,2427,2687,2725,3042
Actr3b,1830,1636,1989,558,591,563
Actr5,160,168,209,366,335,317
Actr6,310,275,274,345,350,375
Actr8,1022,1086,1078,797,824,795
Actrt1,0,0,0,0,0,0
Actrt2,0,0,0,0,0,0
Acvr1,655,675,672,1208,1138,1187
Acvr1b,3430,3410,3665,3192,2954,2797
Acvr1c,807,613,721,136,111,175
Acvr2a,1555,1357,1244,2799,2274,3658
Acvr2b,124,158,103,574,366,384
Acvrl1,365,387,448,153,140,119
Acy1,202,194,226,243,289,209
Acy3,41,31,38,5,6,9
Acyp1,262,298,223,138,133,113
Acyp2,162,154,153,12,19,19
Ada,25,14,21,63,62,41
Adad1,0,0,0,0,0,3
Adad2,1,1,0,1,3,0
Adal,274,296,288,375,359,440
Adam10,2393,1975,1862,2492,2270,2703
Adam11,3339,3901,3495,1328,1324,1366
Adam12,126,123,105,128,154,181
Adam15,1895,2026,1889,724,813,676
Adam17,401,540,427,652,620,640
Adam18,13,18,22,0,0,0
Adam19,513,727,547,1281,1198,1204
Adam1a,137,184,217,410,405,379
Adam1b,68,72,97,146,179,136
Adam2,0,0,1,0,0,0
Adam21,25,15,18,23,29,30
Adam22,6340,5826,5969,2790,2773,3220
Adam23,4496,4230,4379,1060,1014,1258
Adam24,0,0,0,0,0,0
Adam25,0,0,0,0,0,0
Adam26a,1,0,0,0,1,0
Adam26b,0,0,0,0,1,0
Adam28,0,0,1,0,0,0
Adam29,0,0,0,0,0,0
Adam3,0,2,4,1,0,0
Adam30,0,0,0,0,0,0
Adam32,19,9,11,1,7,7
Adam33,98,93,143,6,5,6
Adam34,0,0,0,0,2,0
Adam39,0,0,0,0,0,1
Adam4,12,11,11,10,18,19
Adam5,2,3,5,1,4,0
Adam6a,0,0,1,0,0,0
Adam6b,0,0,0,0,0,0
Adam7,5,5,7,11,2,14
Adam8,42,59,86,227,229,202
Adam9,1631,1507,1629,695,610,711
Adamdec1,0,0,0,0,0,0
Adamts1,347,444,352,292,271,286
Adamts10,417,510,607,1324,1160,1062
Adamts12,3,8,6,23,8,19
Adamts13,27,37,37,3,4,2
Adamts14,15,10,23,22,21,24
Adamts15,216,215,205,88,89,88
Adamts16,103,113,124,38,28,58
Adamts17,56,61,77,127,81,99
Adamts18,27,50,50,804,693,729
Adamts19,19,18,11,22,14,25
Adamts2,332,400,259,347,309,327
Adamts20,301,301,353,456,464,557
Adamts3,355,491,525,1486,1074,1440
Adamts4,607,1408,701,219,207,220
Adamts5,68,58,46,73,70,89
Adamts6,107,102,153,265,195,235
Adamts7,15,10,10,1183,878,883
Adamts8,96,122,97,42,49,45
Adamts9,119,114,95,86,60,73
Adamtsl1,180,198,146,154,153,157
Adamtsl2,156,189,131,144,169,127
Adamtsl3,34,29,32,34,17,32
Adamtsl4,191,227,171,24,21,18
Adamtsl5,75,114,131,5,7,2
Adap1,4060,5146,3928,1073,1334,1139
Adap2,138,111,120,35,28,35
Adar,4266,4143,4076,3226,3010,3088
Adarb1,7675,7732,7089,1341,1372,1355
Adarb2,607,505,511,780,549,779
Adat1,159,172,208,311,321,279
Adat2,94,83,97,79,67,86
Adat3,90,72,71,157,147,128
Adc,679,847,730,102,96,90
Adck1,584,629,686,493,532,509
Adck2,466,464,443,492,502,499
Adck4,380,418,421,354,360,315
Adck5,272,272,343,536,531,477
Adcy1,21890,19593,24092,7319,7418,8729
Adcy10,31,10,14,19,19,24
Adcy2,3264,3282,3867,434,625,581
Adcy3,968,1171,1111,573,533,480
Adcy4,94,60,100,59,66,37
Adcy5,7272,9969,9123,2086,2022,1946
Adcy6,1314,1445,1573,2477,2182,2030
Adcy7,194,237,190,147,169,129
Adcy8,718,842,705,156,192,189
Adcy9,1689,1477,1946,296,266,256
Adcyap1,321,242,202,123,120,164
Adcyap1r1,4194,5111,4203,3283,3037,3216
Add1,8807,9735,9631,8090,7593,7237
Add2,4150,4073,4116,6038,5392,5393
Add3,2949,2898,2557,673,640,722
Adh1,9,14,5,4,2,2
Adh4,0,1,0,0,0,0
Adh5,997,982,962,2621,2821,2546
Adh6a,0,0,0,0,0,0
Adh6b,0,0,0,0,2,1
Adh7,0,2,3,3,0,8
Adhfe1,329,334,347,50,38,52
Adi1,447,410,468,227,194,177
Adig,2,0,1,0,0,0
Adipoq,0,0,0,0,0,0
Adipor1,1676,1677,1446,1072,978,1002
Adipor2,1873,1453,1850,1620,1561,1550
Adk,885,1018,821,319,293,316
Adm,42,37,39,34,30,14
Adm2,0,0,0,0,0,0
Adnp,51,73,30,105,87,79
Adnp2,554,570,517,585,529,612
Ado,264,364,218,186,177,209
Adora1,5170,5208,5717,951,1218,1148
Adora2a,761,1239,983,232,214,225
Adora2b,67,68,64,3,7,6
Adora3,10,15,24,2,4,4
Adpgk,299,350,276,348,263,314
Adprh,1995,2522,1925,1880,1875,1638
Adprhl1,3,8,2,0,0,1
Adprhl2,439,585,524,934,919,783
Adra1a,330,270,303,62,40,44
Adra1b,479,573,444,43,61,39
Adra1d,468,506,497,0,6,1
Adra2a,517,525,379,158,134,132
Adra2b,32,47,27,7,10,7
Adra2c,467,710,496,156,149,158
Adrb1,251,359,231,51,33,66
Adrb2,31,40,41,8,4,5
Adrb3,35,50,64,1,1,4
Adrbk1,4680,5463,5005,2400,2360,2201
Adrbk2,3077,2949,3056,1599,1411,1687
Adrm1,771,845,815,923,906,914
Adsl,433,527,456,692,606,602
Adss,1915,1709,1643,1748,1935,2191
Adssl1,495,645,532,30,15,20
Aebp1,565,506,478,19,18,11
Aebp2,1694,1747,1628,1050,858,1012
Aen,602,659,582,1270,1406,1242
Aes,8674,10626,9289,5585,5505,4833
Afap1,628,672,620,3517,2975,3402
Afap1l1,524,670,497,193,221,212
Afap1l2,254,318,262,215,178,206
Aff1,791,537,581,231,187,210
Aff2,282,242,209,1209,1017,1192
Aff3,1763,1554,1581,4703,4027,4588
Aff4,5286,5272,5103,8752,6552,8856
Afg3l1,776,863,808,1261,1221,1095
Afg3l2,2025,1977,1938,1123,1110,1031
Afm,0,0,0,0,0,0
Afmid,78,82,71,85,82,89
Afp,0,1,0,0,0,1
Aftph,1873,1845,1822,1433,1433,1480
Aga,95,91,102,34,26,42
Agap1,4456,4349,4155,6417,5544,5831
Agap2,28341,33519,28319,7588,7920,7181
Agap3,4072,4861,4025,4351,3889,3627
Agbl1,6,0,9,7,2,1
Agbl2,21,39,36,6,2,5
Agbl3,197,165,153,175,186,197
Agbl4,248,241,250,22,22,27
Agbl5,267,322,290,1415,1191,1277
Ager,9,11,19,85,56,44
Agfg1,1214,1231,977,1712,1343,1749
Agfg2,899,825,730,311,268,261
Aggf1,1691,1814,1765,1576,1615,1496
Agk,399,418,384,395,407,406
Agl,1264,1288,1278,1267,1049,1332
Agmat,27,17,31,0,1,0
Agpat1,2023,2270,1839,1428,1507,1432
Agpat2,23,27,23,16,7,10
Agpat3,6765,6822,6580,2875,2773,2841
Agpat4,1049,1400,1112,672,707,589
Agpat5,1310,1404,1196,1199,1327,1408
Agpat6,1858,2217,2015,3145,3083,2868
Agpat9,67,74,73,7,9,11
Agphd1,102,99,73,47,41,57
Agps,997,1083,995,1126,1006,1314
Agr2,0,0,0,0,0,1
Agr3,0,0,1,1,0,0
Agrn,4644,5348,5217,15690,12969,13673
Agrp,7,5,7,9,6,13
Agt,1130,1004,546,4,8,1
Agtpbp1,5449,5092,2980,2962,2243,2528
Agtr1a,16,12,9,8,8,12
Agtr1b,1,0,0,0,2,1
Agtr2,15,14,3,2,4,6
Agtrap,301,262,260,89,87,64
Agxt,0,0,0,0,0,0
Agxt2,0,1,1,0,0,0
Agxt2l1,1204,385,1062,0,1,0
Agxt2l2,151,166,143,472,417,477
Ahctf1,1410,1171,1297,1979,1630,2055
Ahcy,559,599,616,1147,1003,872
Ahcyl1,9601,8772,10329,4725,4220,4408
Ahcyl2,4527,3709,4288,739,750,749
Ahdc1,1783,2098,1559,2147,1917,1868
Ahi1,5206,5494,4923,3724,3807,3933
Ahnak,3214,1834,2669,578,430,399
Ahnak2,464,512,323,696,848,929
Ahr,202,216,196,66,78,81
Ahrr,15,23,16,73,72,99
Ahsa1,2370,2797,2569,2339,2536,2097
Ahsa2,598,678,681,2802,2959,2942
Ahsg,1,0,0,0,0,0
Aicda,0,0,0,5,5,7
Aida,0,0,0,0,0,0
Aif1,66,83,101,8,11,8
Aif1l,154,234,160,843,734,683
Aifm1,583,606,631,861,750,763
Aifm2,130,187,177,80,63,62
Aifm3,2318,2091,3261,112,45,73
Aig1,762,868,909,535,591,553
Aim1,45,31,48,16,15,11
Aim1l,22,22,37,14,18,19
Aim2,29,25,30,96,83,92
Aimp1,720,724,845,956,952,815
Aimp2,193,234,208,344,353,328
Aip,1565,1900,1789,898,838,760
Aipl1,0,0,6,12,3,3
Aire,4,7,8,6,1,0
Airn,34,26,38,47,38,55
Ajap1,973,1040,857,210,206,198
Ak1,2480,2881,2481,1099,1229,1019
Ak2,374,418,392,771,737,691
Ak3,2247,1761,2048,1288,1205,1371
Ak3l1,776,1087,807,182,148,147
Ak3l2-ps,162,248,153,33,24,22
Ak5,4294,3846,3469,214,284,245
Ak7,84,104,94,28,19,19
Akap1,1091,1189,1232,1772,1773,1668
Akap10,646,570,526,540,443,600
Akap11,8530,7253,7043,5027,4678,5929
Akap12,1235,1480,1120,1887,2105,1798
Akap13,1304,1186,1489,820,664,704
Akap14,6,9,6,5,3,7
Akap2,7,10,4,2,2,6
Akap3,8,1,12,2,0,2
Akap4,0,0,0,0,0,0
Akap5,1355,1340,1170,222,256,263
Akap6,7400,6664,6982,3513,2991,3621
Akap7,691,577,603,513,639,697
Akap8,1693,1823,2109,3969,3620,3768
Akap8l,2418,2344,3122,1973,1956,1719
Akap9,3646,3542,3323,13074,10899,12285
Akirin1,1223,1270,961,707,635,761
Akirin2,1217,1072,1023,1781,1565,2038
Akna,150,122,117,532,327,421
Aknad1,2,0,0,0,2,0
Akp3,0,0,1,1,1,0
Akr1a4,4825,5406,5825,7726,7936,6654
Akr1b10,254,192,236,37,22,30
Akr1b3,309,320,291,262,262,281
Akr1b7,0,1,0,0,0,0
Akr1b8,9,9,6,9,7,9
Akr1c12,1,1,0,3,2,6
Akr1c13,5,2,1,3,7,9
Akr1c14,25,42,32,5,4,5
Akr1c18,15,11,26,0,1,0
Akr1c19,1,0,0,44,64,77
Akr1c20,0,0,0,0,0,0
Akr1c21,1,1,0,0,0,1
Akr1c6,0,0,0,0,0,0
Akr1d1,0,0,0,0,0,0
Akr1e1,459,444,427,339,325,348
Akr7a5,368,406,344,299,244,199
Akt1,3560,4152,3720,7271,6840,6349
Akt1s1,958,1174,823,1145,1130,993
Akt2,1421,1863,1706,1588,1360,1282
Akt2-ps,915,1248,1051,932,779,760
Akt3,4027,3598,3472,7130,7145,8409
Aktip,2380,2360,2397,1483,1496,1474
Alad,352,372,285,403,364,368
Alas1,1185,1139,1145,576,610,639
Alas2,156,56,83,157,111,130
Alb,1,0,0,0,0,2
Alcam,2464,2375,2313,1117,1032,1292
Aldh16a1,110,139,94,253,226,186
Aldh18a1,412,489,405,1837,1554,1542
Aldh1a1,1612,1360,1402,3,2,0
Aldh1a2,175,147,114,1,0,1
Aldh1a3,18,27,15,57,21,53
Aldh1a7,47,53,38,0,3,0
Aldh1b1,219,254,212,591,576,539
Aldh1l1,1639,1835,1809,947,923,811
Aldh1l2,117,144,128,1826,1613,1927
Aldh2,2265,2203,2259,957,939,812
Aldh3a1,16,14,16,2,4,0
Aldh3a2,1026,1086,1080,617,529,588
Aldh3b1,81,142,123,15,17,9
Aldh3b2,31,44,45,6,9,5
Aldh4a1,578,693,634,735,671,599
Aldh5a1,2421,2320,2104,813,798,946
Aldh6a1,1211,996,1082,425,381,404
Aldh7a1,1706,1858,1853,712,683,582
Aldh8a1,1,3,4,1,3,2
Aldh9a1,688,671,659,457,434,437
Aldoa,23757,24237,23845,2151,2249,2008
Aldoart1,5166,5103,5604,536,517,408
Aldoart2,1691,2167,1991,203,184,169
Aldob,28,22,40,13,10,8
Aldoc,21290,20481,24077,2197,2026,1732
Alg1,387,414,419,314,292,265
Alg10b,743,584,565,1510,1022,1591
Alg11,779,584,697,551,528,629
Alg12,174,177,224,211,185,181
Alg13,143,131,120,278,226,350
Alg14,142,122,128,126,123,120
Alg2,2800,2899,2702,3558,3145,3560
Alg3,160,184,199,234,227,208
Alg5,279,285,264,390,405,412
Alg6,234,193,244,201,181,248
Alg8,89,112,114,179,168,188
Alg9,342,406,335,683,633,668
Alk,163,220,187,149,118,104
Alkbh1,328,341,274,581,569,583
Alkbh2,77,85,82,93,73,64
Alkbh3,200,180,183,337,255,340
Alkbh4,100,91,110,153,130,121
Alkbh5,1765,1902,1620,1517,1216,1235
Alkbh6,442,568,526,428,387,338
Alkbh7,276,340,204,192,178,163
Alkbh8,557,481,442,876,765,1017
Allc,5,4,3,3,3,2
Alms1,358,271,300,740,580,786
Alox12,16,14,14,5,3,5
Alox12b,124,68,180,0,0,1
Alox12e,1,4,1,0,0,0
Alox15,0,1,4,1,1,0
Alox5,19,30,25,11,4,7
Alox5ap,65,75,80,37,35,31
Alox8,96,95,97,3,5,4
Aloxe3,121,101,137,51,66,72
Alpi,0,0,0,0,0,0
Alpk1,119,79,115,84,46,74
Alpk2,7,13,10,1,0,1
Alpk3,14,15,10,5,12,9
Alpl,182,244,159,83,63,61
Alppl2,0,0,0,0,0,0
Als2,1319,1354,1331,1840,1791,1864
Als2cl,261,271,283,38,44,43
Als2cr11,0,2,0,1,3,2
Als2cr12,4,1,4,0,1,2
Als2cr4,385,361,354,369,309,335
Alx1,2,1,1,1,1,0
Alx3,12,4,2,5,0,1
Alx4,34,58,31,13,11,12
Amac1,6,10,11,4,6,2
Amacr,209,219,174,67,70,81
Ambn,0,0,0,0,0,0
Ambp,0,0,1,1,0,0
Ambra1,1795,2075,2049,2390,2199,2051
Amd-ps1,64,58,69,36,39,30
Amd-ps4,974,830,878,475,483,502
Amd2,4072,3538,3558,1827,1964,2142
Amdhd1,3,10,2,2,1,0
Amdhd2,255,353,274,277,268,244
Amelx,0,1,0,9,6,10
Amfr,3600,3699,3653,2653,2561,2581
Amh,15,27,13,15,12,11
Amhr2,13,15,21,8,10,16
Amica1,13,9,2,2,0,0
Amigo1,2619,2667,2653,981,973,862
Amigo2,393,378,317,131,164,143
Amigo3,74,95,88,154,125,117
Ammecr1,106,84,97,185,155,162
Ammecr1l,360,365,381,816,693,682
Amn,74,128,77,27,37,27
Amn1,163,155,145,385,389,445
Amot,806,784,777,813,659,790
Amotl1,1869,1968,1498,1909,1568,1567
Amotl2,573,728,450,2112,1706,1847
Ampd1,1,0,0,1,0,0
Ampd2,1245,1531,1459,1516,1414,1393
Ampd3,619,544,512,174,139,161
Amph,4804,4585,5066,1832,2113,1986
Amt,369,442,440,567,592,538
Amtn,0,0,0,0,0,0
Amy1,387,382,486,402,471,510
Amy2-ps1,0,0,0,0,0,0
Amy2a1,5,6,11,7,7,5
Amy2a2,14,9,26,14,11,8
Amy2a3,14,9,26,14,11,8
Amy2a4,14,9,26,14,11,8
Amy2a5,14,9,26,14,11,8
Amy2b,4,7,11,9,9,7
Amz1,220,290,194,75,75,84
Amz2,875,1038,1038,4147,4620,4097
Anapc1,1824,1903,1957,4806,3886,4891
Anapc10,85,96,84,156,143,159
Anapc11,819,984,906,1029,1099,972
Anapc13,596,780,719,821,808,620
Anapc16,735,707,801,685,685,635
Anapc2,1749,2045,1867,2995,3001,2692
Anapc4,1266,1305,1311,2227,2183,2241
Anapc5,3028,3248,3133,6706,6616,6461
Anapc7,772,955,869,1440,1455,1234
Ang,32,19,31,12,12,8
Ang-ps1,0,0,0,0,0,0
Ang-ps3,0,0,0,0,0,0
Ang2,0,0,0,0,0,0
Ang3,0,0,0,0,0,0
Ang4,0,0,1,0,0,0
Ang6,0,0,0,0,0,0
Angel1,220,242,213,258,222,253
Angel2,977,986,1205,1344,1219,1396
Angpt1,179,166,116,238,267,281
Angpt2,42,49,52,16,12,15
Angpt4,2,7,1,4,2,1
Angptl1,24,12,23,12,11,15
Angptl2,131,118,120,124,100,97
Angptl3,8,7,8,12,6,8
Angptl4,95,63,88,77,65,39
Angptl6,103,136,97,114,166,106
Angptl7,21,11,10,10,4,1
Ank,4248,4244,4024,1115,1086,1130
Ank1,1686,1932,1787,1065,877,905
Ank2,14913,15325,15916,12299,11113,12088
Ank3,12853,12832,12564,17514,14632,16062
Ankar,0,0,0,0,0,0
Ankdd1b,166,133,115,140,147,148
Ankfn1,52,53,38,43,18,28
Ankfy1,1321,1342,1350,3039,2696,3238
Ankhd1,101,88,104,126,122,104
Ankhd1-Eif4ebp3,0,0,0,0,0,0
Ankib1,1380,1523,1254,1961,1429,2013
Ankk1,21,32,20,3,3,6
Ankle1,5,16,8,257,139,160
Ankle2,947,907,853,1004,906,1064
Ankmy1,8,11,3,3,5,2
Ankmy2,1033,996,1073,1171,1286,1087
Ankra2,582,552,561,1017,990,1192
Ankrd1,0,0,2,1,0,0
Ankrd10,639,635,757,2116,1872,1821
Ankrd11,6664,7254,6172,6478,5026,5509
Ankrd12,2319,1756,1784,2850,2713,3220
Ankrd13a,1214,1079,1174,1207,1045,1014
Ankrd13b,1992,2449,2020,5805,5704,5382
Ankrd13c,1281,1235,1141,570,502,696
Ankrd13d,1144,1278,1289,801,808,755
Ankrd16,706,691,992,1679,1546,1715
Ankrd17,4364,4308,4408,4801,4387,4894
Ankrd2,7,9,5,4,4,2
Ankrd22,2,4,2,0,0,0
Ankrd23,60,81,46,90,81,93
Ankrd24,1020,1154,1228,975,1015,959
Ankrd26,503,575,432,845,674,697
Ankrd27,744,775,795,1094,1017,961
Ankrd28,1242,1252,1444,1456,1323,1562
Ankrd29,428,430,407,80,70,115
Ankrd32,410,314,352,1006,1000,1219
Ankrd33,1,1,1,0,0,0
Ankrd33b,2358,2059,2333,12,13,6
Ankrd34a,1306,1647,1353,350,404,329
Ankrd34b,428,372,299,20,11,11
Ankrd34c,190,115,142,3,1,5
Ankrd35,338,352,361,113,135,99
Ankrd36,0,0,0,1,0,0
Ankrd37,94,82,86,93,73,69
Ankrd39,80,85,77,59,47,35
Ankrd40,3481,4043,3392,892,886,830
Ankrd42,411,395,360,406,413,427
Ankrd43,2159,2145,2008,81,90,89
Ankrd44,274,337,267,1177,1009,1308
Ankrd45,854,666,748,358,338,378
Ankrd46,4086,4156,4353,2551,2790,2557
Ankrd49,157,146,160,317,279,324
Ankrd5,30,19,36,27,18,14
Ankrd50,1778,1945,1635,2695,2111,2627
Ankrd52,1973,2448,2040,3398,2880,2872
Ankrd53,25,32,31,84,107,87
Ankrd54,255,351,259,492,517,444
Ankrd55,79,87,65,48,38,40
Ankrd56,241,256,227,1,3,3
Ankrd57,297,323,285,432,366,490
Ankrd58,1,1,0,0,0,0
Ankrd6,922,1044,868,1765,1194,1459
Ankrd60,0,0,0,0,0,1
Ankrd61,65,57,59,129,103,106
Ankrd7,2,2,1,3,1,1
Ankrd9,241,257,237,34,32,28
Anks1,712,924,734,1751,1380,1378
Anks1b,5167,4530,4426,1022,998,1156
Anks3,549,702,782,959,963,874
Anks4b,7,4,3,2,2,0
Anks6,311,373,344,492,494,469
Ankzf1,526,523,603,680,642,588
Anln,1108,651,960,275,188,289
Ano1,88,125,84,187,81,150
Ano10,383,498,397,560,587,537
Ano2,190,137,161,7,4,3
Ano3,3849,3181,3660,68,57,70
Ano4,485,528,425,213,243,260
Ano5,56,34,28,17,19,32
Ano6,529,489,536,869,762,755
Ano7,3,1,4,1,0,1
Ano8,1316,1862,1525,3365,3178,2885
Anp32-ps,329,382,328,541,510,561
Anp32a,4058,4212,4081,5560,5659,4677
Anp32b,1115,1240,1105,1711,1609,1542
Anp32e,1366,1551,1823,3103,2604,2112
Anpep,119,105,88,43,43,49
Antxr1,494,502,388,257,237,261
Antxr2,40,44,34,94,79,90
Antxrl,0,0,0,0,0,1
Anubl1,104,55,90,125,100,149
Anxa1,34,21,25,3,3,4
Anxa10,0,0,0,0,0,0
Anxa11,1358,836,1394,37,30,17
Anxa2,230,220,238,305,307,257
Anxa3,175,197,188,74,76,83
Anxa4,103,76,79,53,71,72
Anxa5,1271,1415,1236,294,321,300
Anxa6,2678,2747,2852,677,740,552
Anxa7,1315,1219,1283,291,313,339
Anxa8,6,11,15,0,0,0
Anxa9,15,17,25,22,25,26
Aoah,6,8,3,1,1,2
Aoc2,74,70,76,220,216,215
Aoc3,16,17,7,12,7,5
Aox1,167,156,217,10,3,8
Aox3,37,31,49,0,1,3
Aox3l1,0,1,0,0,0,1
Aox4,16,32,25,69,55,78
Ap1ar,1818,2150,2039,2112,2038,1857
Ap1b1,4372,4706,4655,2668,2593,2449
Ap1g1,1489,1560,1559,2532,2376,2639
Ap1g2,112,159,152,398,402,347
Ap1m1,1010,1289,1341,3276,3034,2884
Ap1m2,17,24,30,12,15,21
Ap1s1,3909,4256,4372,1765,1938,1586
Ap1s2,931,821,676,1069,949,1304
Ap1s3,65,40,51,14,10,6
Ap2a1,5829,6982,6139,3639,3094,3264
Ap2a2,5627,5882,5713,4346,4170,4213
Ap2b1,9984,9887,10041,9818,10135,9930
Ap2m1,6810,7316,7365,5821,5902,5404
Ap2s1,2886,3927,3231,2798,3026,2710
Ap3b1,1182,1227,1230,1164,1137,1207
Ap3b2,3305,3729,3830,4043,4228,3816
Ap3d1,4255,5034,5186,4675,4443,4149
Ap3m1,915,874,815,1098,997,1351
Ap3m2,3594,3458,3544,1195,1337,1186
Ap3s1,741,641,535,722,749,897
Ap3s2,1900,2102,2034,2757,2849,2720
Ap4b1,389,370,331,485,479,501
Ap4e1,488,456,510,979,960,1005
Ap4m1,192,218,218,726,689,731
Ap4s1,392,357,356,160,153,205
Apaf1,326,324,248,1157,956,1194
Apba1,6074,6375,5705,3152,3250,3146
Apba2,4946,5051,5090,4760,4676,4357
Apba3,336,461,358,343,299,294
Apbb1,8571,10036,8532,4134,4128,3467
Apbb1ip,130,124,115,19,27,23
Apbb2,1554,1333,1369,1644,1406,1782
Apbb3,686,718,767,696,685,629
Apbh,0,0,0,0,0,0
Apc,8361,10121,7240,14180,11263,14679
Apc2,3991,5367,4090,22577,19105,19580
Apcdd1,454,676,468,1466,1331,1365
Apcs,0,0,0,0,0,0
Apeh,368,419,388,616,530,526
Apex1,164,192,145,367,378,369
Apex2,103,113,93,320,273,285
Aph1a,701,755,640,968,903,851
Aph1b,601,522,585,969,929,1078
Aph1c,126,110,129,118,72,99
Api5,1945,1702,1621,2041,1700,2165
Apip,193,225,234,222,234,216
Apitd1,51,48,60,194,218,177
Aplf,123,141,129,285,305,288
Apln,491,671,550,111,89,107
Aplnr,4,20,6,237,192,232
Aplp1,24236,27184,23161,10862,11153,9880
Aplp2,13541,14059,13653,4250,4380,4065
Apoa1,13,6,3,5,7,11
Apoa1bp,827,914,758,871,852,758
Apoa2,17,15,20,6,4,3
Apoa4,0,0,0,0,0,0
Apoa5,3,0,0,0,0,0
Apob,4,0,0,4,1,5
Apob48r,26,27,37,7,6,5
Apobec1,49,37,41,49,41,49
Apobec2,4,10,2,3,3,5
Apobec3,11,13,11,14,8,10
Apobec4,2,1,2,4,3,1
Apoc1,25,14,14,2,1,1
Apoc2,1,0,0,0,0,0
Apoc3,6,3,10,0,0,0
Apoc4,0,0,0,0,0,0
Apod,4289,2861,3247,106,112,128
Apoe,30568,38040,30183,1228,1196,928
Apof,2,3,2,0,0,0
Apoh,13,5,9,0,3,0
Apol10a,1,0,0,0,0,1
Apol10b,11,8,5,0,1,1
Apol6,3,8,1,0,3,0
Apol7a,10,8,3,0,1,1
Apol7b,5,3,8,1,0,2
Apol7c,1,2,2,1,0,0
Apol7e,3,2,6,1,0,1
Apol8,160,107,178,6,8,9
Apol9a,2,3,2,2,1,2
Apol9b,5,5,2,0,2,3
Apom,6,3,0,11,12,5
Apon,0,0,0,3,4,1
Apoo,252,251,231,134,132,153
Apool,78,64,56,110,81,111
App,42524,47961,43547,10484,10333,9855
Appbp2,2680,2365,2239,2549,2039,2730
Appl1,2476,2264,2181,2741,2616,3197
Appl2,2021,2009,2098,795,733,816
Aprt,361,397,318,716,739,574
Aptx,737,806,791,1099,1111,1117
Aqp1,100,111,71,12,21,10
Aqp11,232,249,209,61,64,68
Aqp12,0,0,0,2,0,0
Aqp2,0,2,0,0,0,0
Aqp3,2,1,0,0,2,0
Aqp4,1104,1121,960,38,32,39
Aqp5,2,6,3,1,1,3
Aqp6,2,5,0,0,0,0
Aqp7,0,2,0,2,1,0
Aqp8,0,0,0,0,0,1
Aqp9,26,38,18,13,8,12
Aqr,1024,1008,977,1898,1598,1834
Ar,904,612,727,7,6,2
Araf,2700,2827,2858,2396,2204,2361
Arap1,378,510,404,195,186,163
Arap2,2783,2174,2293,219,273,316
Arap3,215,247,277,229,193,222
Arc,2864,10507,2034,63,39,56
Arcn1,2472,2291,2121,2738,2591,2886
Ard1a,354,425,487,688,672,595
Areg,3,1,0,2,1,0
Arf1,7116,6405,6536,4783,4830,4794
Arf2,834,887,995,2143,2159,2089
Arf3,33439,39042,42955,9342,9105,7767
Arf4,1366,1285,1171,3039,2853,3472
Arf5,1811,2199,1759,1962,2027,1629
Arf6,653,708,501,621,538,533
Arfgap1,2436,2570,2829,2014,1979,1835
Arfgap2,231,251,293,315,306,233
Arfgap3,436,443,330,505,463,403
Arfgef1,3050,2738,2661,2295,2048,2511
Arfgef2,2380,2100,2293,748,641,734
Arfip1,465,391,329,421,312,415
Arfip2,2065,2088,2086,1634,1614,1450
Arfrp1,536,703,787,1272,1297,1213
Arg1,4,2,2,4,3,4
Arg2,70,64,51,76,70,81
Arglu1,2117,2157,2355,3786,3580,3761
Arhgap1,951,1031,960,1090,1094,1053
Arhgap10,461,454,445,64,76,75
Arhgap11a,195,193,204,1792,1291,1370
Arhgap12,1074,1054,903,1269,1087,1456
Arhgap15,210,181,245,20,12,7
Arhgap17,320,323,292,363,257,303
Arhgap18,186,184,182,277,243,282
Arhgap19,98,100,116,494,317,413
Arhgap20,2269,1837,1839,1014,1093,1280
Arhgap21,5170,4284,4957,6672,5272,6279
Arhgap22,55,41,57,3,6,2
Arhgap23,3054,3956,2847,1943,1871,1742
Arhgap24,233,289,199,50,56,52
Arhgap25,171,200,183,21,15,28
Arhgap26,3754,3174,4170,433,477,555
Arhgap27,312,374,289,66,61,59
Arhgap28,26,11,14,308,321,375
Arhgap29,573,593,599,715,662,803
Arhgap30,102,100,119,10,8,16
Arhgap32,6482,5316,6131,2096,1980,1967
Arhgap33,4702,5589,4592,9119,8450,7903
Arhgap39,1988,2315,2152,2267,2112,1954
Arhgap4,76,70,104,68,75,71
Arhgap5,2837,2380,2047,1147,643,1210
Arhgap6,291,279,212,23,15,19
Arhgap8,376,249,257,230,262,185
Arhgap9,12,9,23,4,6,1
Arhgdia,5574,7214,5722,6018,5783,4718
Arhgdib,179,253,216,150,186,194
Arhgdig,1052,1273,1080,264,417,274
Arhgef1,1136,1250,1233,3036,2767,2664
Arhgef10,1577,1485,1543,346,238,247
Arhgef10l,1179,1255,1097,1423,1129,1224
Arhgef11,1967,1886,1834,1892,1633,1717
Arhgef12,7044,6913,6805,7297,6556,7339
Arhgef15,402,523,477,258,292,264
Arhgef16,16,10,12,16,16,6
Arhgef17,6057,5955,6475,1537,1331,1371
Arhgef18,1375,1553,1379,1255,1142,1231
Arhgef19,404,427,356,20,21,15
Arhgef2,3466,4102,3937,4945,4405,4093
Arhgef3,1465,1414,1406,137,154,139
Arhgef33,10,7,12,4,4,5
Arhgef4,5122,5005,5542,823,835,819
Arhgef5,34,43,29,43,32,27
Arhgef6,301,263,279,108,91,109
Arhgef7,3097,3640,3391,8118,7106,7300
Arhgef9,11465,9337,10040,2059,1990,2326
Arid1a,3725,4129,3913,9114,7113,7612
Arid1b,2842,2946,2816,4096,3411,3597
Arid2,1134,1073,999,3716,2614,3381
Arid3a,184,143,144,203,171,190
Arid3b,110,202,121,221,223,212
Arid3c,4,3,2,1,0,0
Arid4a,1389,1508,1185,1506,1495,1498
Arid4b,1703,1457,1590,2231,1822,2403
Arid5a,181,362,195,38,24,30
Arid5b,740,512,471,389,338,352
Arih1,1719,1716,1506,2349,1873,2406
Arih2,816,849,919,1100,969,1066
Arl1,2126,1721,2011,1105,1153,1197
Arl10,274,375,254,855,841,793
Arl11,10,7,14,4,1,2
Arl13a,1,1,2,0,1,0
Arl13b,264,222,212,495,405,506
Arl14,0,0,0,0,0,0
Arl15,811,639,744,1055,1050,1321
Arl16,384,408,449,264,235,225
Arl2,1050,1326,1099,702,711,556
Arl2bp,2684,2899,2510,2005,1827,1991
Arl3,2785,3115,2876,2729,3042,2180
Arl4a,1000,829,808,671,682,818
Arl4c,1300,1410,1173,2688,2579,2536
Arl4d,507,668,424,531,420,468
Arl5a,2231,1948,1953,2540,2481,3025
Arl5b,575,657,472,1261,1016,1373
Arl5c,24,49,32,18,33,23
Arl6,409,311,312,249,210,258
Arl6ip1,5962,4935,5707,3550,3427,3308
Arl6ip4,731,971,791,821,761,659
Arl6ip5,3111,2815,2860,1671,1848,1596
Arl6ip6,204,198,162,387,286,386
Arl8a,4481,4763,4309,5607,5786,5039
Arl8b,4667,3993,4321,1657,1760,1953
Arl9,3,0,0,3,3,2
Armc1,988,832,838,672,627,688
Armc10,365,327,331,1643,1618,1766
Armc2,253,223,201,183,187,201
Armc3,13,35,27,9,20,18
Armc4,16,10,8,2,1,3
Armc5,348,359,341,274,271,250
Armc6,486,625,512,982,1122,1019
Armc7,163,226,160,252,193,214
Armc8,876,972,893,911,862,1064
Armc9,645,667,685,603,575,556
Armcx1,1480,1402,1351,1158,1142,1270
Armcx2,1999,1959,1585,2488,2249,2505
Armcx3,2434,2408,2307,1530,1539,1632
Armcx4,1355,1357,1449,2839,2984,2750
Armcx5,533,390,462,265,249,264
Armcx6,143,138,125,651,780,575
Armet,979,1076,909,1162,1223,1133
Arnt,942,839,1008,1267,1252,1300
Arnt2,7077,7295,7452,7786,6829,7555
Arntl,628,806,730,372,324,397
Arntl2,153,133,191,65,66,69
Arpc1a,3168,2916,2991,2614,2492,2266
Arpc1b,369,464,377,157,124,151
Arpc2,3076,2635,2912,2389,2535,2408
Arpc3,2062,1996,2097,1968,2129,1920
Arpc4,1927,1961,1829,1382,1478,1422
Arpc5,1879,1843,1633,2946,3004,3172
Arpc5l,1463,1546,1431,1154,1138,1094
Arpm1,10,12,23,5,14,7
Arpp19,6252,5360,6485,2821,2420,3199
Arpp21,9979,9896,10756,2140,2588,2758
Arr3,29,21,50,6,8,6
Arrb1,8011,8878,8989,4256,4109,4194
Arrb2,816,1050,1144,1196,1273,1041
Arrdc1,146,135,136,369,388,352
Arrdc2,587,266,412,197,210,178
Arrdc3,1444,1240,1126,1775,1560,1908
Arrdc4,167,182,163,820,729,726
Arrdc5,2,3,0,3,0,1
Arsa,639,746,652,429,424,451
Arsb,2408,2551,2255,566,584,567
Arsg,460,590,455,42,39,41
Arsi,19,19,10,15,6,14
Arsj,82,62,58,4,3,3
Arsk,181,130,141,102,82,114
Art1,1,0,0,2,0,1
Art2a,0,1,0,0,0,0
Art2b,0,1,0,0,0,0
Art3,65,62,56,27,17,14
Art4,1,3,1,2,0,0
Art5,0,0,0,14,13,10
Artn,6,10,8,5,4,2
Arv1,70,79,86,226,197,210
Arvcf,818,910,795,2317,1969,1825
Arx,418,443,367,1632,1105,1264
As3mt,253,266,213,131,126,121
Asah1,1049,898,919,535,467,534
Asah2,392,327,316,39,37,43
Asap1,2830,3170,2901,1388,1255,1217
Asap2,1068,1189,1227,1736,1396,1517
Asap3,104,202,144,172,138,116
Asb1,1247,1348,1258,1069,856,961
Asb10,3,6,2,2,1,0
Asb11,78,50,97,0,1,0
Asb12,0,0,0,0,1,2
Asb13,1130,1051,1038,477,437,452
Asb14,12,11,11,14,11,30
Asb15,2,0,0,0,0,0
Asb16,68,69,56,5,3,4
Asb17,0,2,2,6,1,8
Asb18,8,3,8,0,1,1
Asb2,56,108,57,3,5,7
Asb3,302,264,302,370,342,408
Asb4,17,58,18,130,40,87
Asb5,14,9,17,5,10,12
Asb6,624,700,643,624,555,532
Asb7,480,405,447,606,506,584
Asb8,738,640,648,422,381,416
Asb9,0,0,0,0,0,0
Ascc1,323,344,319,517,520,488
Ascc2,628,717,710,1571,1442,1326
Ascc3,608,513,482,831,702,954
Ascl1,142,184,144,758,660,554
Ascl2,5,2,4,3,5,2
Ascl3,0,1,3,0,1,0
Ascl4,0,4,0,2,1,0
Asf1a,188,168,176,478,373,453
Asf1b,5,11,11,85,64,66
Asgr1,16,18,19,3,6,4
Asgr2,2,0,2,0,0,0
Ash1l,4615,4137,4443,3979,3519,4255
Ash2l,802,795,786,2136,1996,2091
Asl,259,283,264,226,212,220
Asna1,1671,1863,1920,1229,1212,1067
Asns,1620,1463,1295,583,564,677
Asnsd1,390,412,312,733,710,751
Aspa,281,387,218,0,1,0
Aspdh,33,44,44,115,87,111
Aspg,74,70,82,1,0,1
Asph,2258,2006,2022,707,714,732
Asphd1,524,586,691,231,246,207
Asphd2,1377,1590,1466,816,773,770
Aspm,22,38,17,1072,570,876
Aspn,17,30,21,6,6,11
Asprv1,25,15,31,24,18,27
Aspscr1,606,708,542,871,859,770
Asrgl1,4297,5079,4021,992,912,818
Ass1,315,221,224,24,21,27
Aste1,100,67,101,127,91,114
Astl,3,1,0,0,0,0
Astn1,6475,6161,5775,5274,4304,5428
Astn2,883,1090,948,348,329,306
Astx1a,0,0,0,0,0,0
Astx1b,0,0,0,0,0,0
Astx1c,0,0,0,0,0,0
Astx2,0,0,0,0,0,0
Astx3,0,0,0,0,0,0
Astx4a,0,0,0,0,0,0
Astx4b,0,0,0,0,0,0
Astx4c,0,0,0,0,0,0
Astx4d,0,0,0,0,0,0
Astx5,0,0,0,0,0,0
Astx6,0,0,0,0,0,0
Asxl1,1346,1412,1404,2979,2747,2881
Asxl2,778,688,731,920,640,925
Asxl3,292,281,288,2386,1977,2542
Asz1,0,0,0,0,0,0
Atad1,2415,2000,2018,1845,1705,2148
Atad2,250,198,251,642,372,526
Atad2b,397,441,435,1361,999,1402
Atad3a,502,630,597,895,856,746
Atad4,4,0,0,3,4,1
Atad5,136,119,134,689,518,751
Atcay,4695,5644,4989,5231,5360,4864
Ate1,1699,1527,1580,1329,1140,1366
Atf1,203,175,205,301,248,286
Atf2,2969,2940,2684,2844,2412,3102
Atf3,11,28,12,10,6,5
Atf4,1826,1860,1554,1843,1649,1721
Atf5,463,508,469,457,347,304
Atf6,2339,1911,2525,665,720,699
Atf6b,1307,1673,1239,1752,1631,1588
Atf7,254,270,280,445,365,451
Atf7ip,1385,1448,1318,3327,2938,3491
Atf7ip2,0,0,1,1,0,2
Atg10,201,179,158,74,65,73
Atg12,327,302,183,224,211,248
Atg16l1,1292,1332,1465,1472,1333,1449
Atg16l2,301,326,343,191,194,168
Atg2a,1268,1404,1322,1167,1060,1090
Atg2b,1782,1733,1908,1722,1519,1555
Atg3,940,999,969,795,734,816
Atg4a,89,68,110,123,115,138
Atg4a-ps,42,56,48,55,48,54
Atg4b,930,1029,1163,1497,1349,1303
Atg4c,824,703,772,351,320,395
Atg4d,448,535,456,368,388,285
Atg5,333,324,320,284,279,308
Atg7,709,798,715,619,578,537
Atg9a,2852,3313,3085,1245,1136,1150
Atg9b,85,94,72,36,46,42
Athl1,98,138,132,216,157,167
Atic,592,617,581,1336,1326,1272
Atl1,2881,2797,2854,1563,1363,1490
Atl2,1346,1265,1252,814,694,964
Atl3,593,479,482,490,373,537
Atm,481,467,442,1357,1040,1483
Atmin,2086,2015,1987,1175,1074,1138
Atn1,4654,5500,4419,5846,5229,4876
Atoh1,0,0,0,0,0,0
Atoh7,6,14,11,2,1,2
Atoh8,64,49,44,16,10,16
Atox1,520,701,484,437,485,421
Atp10a,517,281,408,96,100,95
Atp10b,34,80,42,18,12,19
Atp10d,120,82,128,81,88,94
Atp11a,545,540,608,631,441,566
Atp11b,2487,2139,2464,2056,1942,2505
Atp11c,461,316,332,1425,951,1612
Atp12a,4,2,0,5,3,2
Atp13a1,1022,1155,1046,2062,1886,1854
Atp13a2,3792,5098,3843,4555,4600,4307
Atp13a3,1691,1394,1497,1854,1335,1994
Atp13a4,228,261,209,8,8,10
Atp13a5,278,274,227,39,38,45
Atp1a1,20533,21290,22435,2684,2727,2505
Atp1a2,33216,33278,33387,2235,1995,1820
Atp1a3,66064,79731,71018,13515,15295,13252
Atp1a4,196,239,162,22,15,17
Atp1b1,36519,34927,36016,2531,2971,2920
Atp1b2,11947,10897,10133,1307,1365,1308
Atp1b3,1830,1931,1812,1106,1033,1069
Atp1b4,0,0,0,0,0,0
Atp2a1,31,21,10,10,7,5
Atp2a2,23218,21824,22916,6920,6286,7300
Atp2a3,198,300,221,49,35,39
Atp2b1,16578,14001,17754,4072,4352,4816
Atp2b2,18814,19448,20008,2894,2532,2868
Atp2b3,3059,3330,3635,506,533,478
Atp2b4,6997,6681,6130,2743,2728,2723
Atp2c1,3677,3420,3384,2192,2130,2477
Atp2c2,43,15,53,0,2,0
Atp4a,10,14,11,23,35,26
Atp4b,0,0,0,0,0,3
Atp5a1,17389,18000,16895,11995,11727,11086
Atp5b,19049,20496,21348,14229,14901,13080
Atp5c1,2156,2040,2059,1499,1596,1680
Atp5d,3774,4569,3895,2050,2062,1872
Atp5e,1234,1571,1517,1549,1578,1209
Atp5f1,2593,2858,2877,2273,2423,2483
Atp5g1,1513,1692,1364,778,789,729
Atp5g2,723,712,596,771,660,545
Atp5g3,3037,3844,3840,2985,2841,2788
Atp5h,1645,1590,1400,937,998,814
Atp5j,2228,2408,2526,1718,1755,1533
Atp5j2,1785,2151,1936,1229,1438,1205
Atp5k,373,424,575,372,385,291
Atp5l,1220,1449,1391,1087,1310,1329
Atp5l2,1085,1382,1331,1031,1275,1234
Atp5o,1422,1573,1484,1356,1418,1179
Atp5s,135,126,112,59,57,70
Atp5sl,811,747,704,355,345,316
Atp6ap1,6038,6817,6666,2780,2982,2757
Atp6ap2,4238,3895,3901,1107,1059,1252
Atp6v0a1,11306,11729,11209,4250,4209,3898
Atp6v0a2,979,1102,1015,691,518,591
Atp6v0a4,6,4,5,3,5,12
Atp6v0b,3563,4103,3570,1970,2191,1934
Atp6v0c,12184,15187,13331,4501,4990,4613
Atp6v0d1,4141,4525,3992,2500,2469,2560
Atp6v0d2,0,0,0,1,1,3
Atp6v0e,341,270,305,338,274,280
Atp6v0e2,6496,6582,6335,2566,2963,2649
Atp6v1a,9968,9746,9790,3043,2896,3114
Atp6v1b1,1,1,4,9,13,5
Atp6v1b2,12368,12827,12630,4032,4098,4079
Atp6v1c1,4426,4422,4574,1025,1087,1158
Atp6v1c2,16,27,17,3,4,14
Atp6v1d,4594,4241,4763,1472,1568,1472
Atp6v1e1,6377,6671,6212,1944,2102,2087
Atp6v1e2,3,0,2,1,1,1
Atp6v1f,2115,2897,2356,1328,1479,1181
Atp6v1g1,1424,1345,1300,1779,1850,1713
Atp6v1g2,8865,9166,8514,694,799,650
Atp6v1g3,0,0,0,0,0,0
Atp6v1h,3259,2964,3123,1913,1856,2043
Atp7a,164,182,144,550,350,557
Atp7b,67,77,71,129,110,117
Atp8a1,5989,5122,5379,3286,3300,4113
Atp8a2,751,814,712,1006,863,1083
Atp8b1,82,79,95,32,41,40
Atp8b2,2002,2157,2253,1529,1376,1326
Atp8b3,4,8,4,9,8,9
Atp8b4,2,2,3,1,0,0
Atp8b5,13,12,5,22,14,28
Atp9a,9514,12348,11144,8689,9565,8613
Atp9b,1560,1491,1764,1680,1671,1682
Atpaf1,1049,960,945,258,238,331
Atpaf2,391,414,406,453,435,409
Atpbd4,293,363,318,328,280,352
Atpif1,2099,2190,1834,2427,2671,2507
Atr,307,265,355,824,634,928
Atrip,31,34,31,77,70,82
Atrn,5618,5642,5551,3281,2879,3533
Atrnl1,3106,3019,3029,2815,2386,2952
Atrx,5817,5095,4967,10808,9632,12285
Atxn1,1437,1254,1235,676,643,680
Atxn10,4796,5041,4628,6260,6230,6611
Atxn1l,1334,1461,1348,1073,832,910
Atxn2,2023,2267,2064,2125,1878,2028
Atxn2l,2766,3227,3243,5342,4888,4770
Atxn3,852,625,731,660,635,754
Atxn7,356,377,413,395,270,314
Atxn7l1,873,885,885,798,673,794
Atxn7l2,348,414,460,899,768,821
Atxn7l3,5152,5884,5096,4485,4225,3934
Auh,1150,1012,1054,516,479,447
Aup1,943,1059,984,811,838,722
Aurka,38,43,45,356,213,255
Aurkaip1,1086,1112,973,513,509,465
Aurkb,3,20,4,347,262,267
Aurkc,2,2,1,1,3,0
Auts2,2654,2673,2180,8055,6913,7408
Aven,195,209,210,107,107,117
Avil,13,12,10,15,12,11
Avl9,1514,1486,1417,2804,1930,2840
Avp,79,362,31,0,0,0
Avpi1,375,377,289,19,27,27
Avpr1a,23,34,12,38,17,32
Avpr1b,1,0,3,0,0,0
Avpr2,3,1,4,1,5,1
Awat1,0,0,0,0,0,0
Awat2,1,4,5,6,1,4
Axin1,623,633,618,1225,1094,1052
Axin2,740,827,578,610,445,497
Axl,1130,1182,1146,411,264,289
Aym1,0,0,0,0,0,0
Azgp1,2,0,1,0,0,0
Azi1,811,1042,875,1580,1439,1308
Azi2,1325,1298,1315,1319,1100,1346
Azin1,3584,3026,3108,4046,3867,5124
B020004J07Rik,0,0,0,0,0,0
B020018G12Rik,399,396,320,718,711,630
B020031M17Rik,0,0,0,0,0,0
B130006D01Rik,3,3,4,3,7,5
B130024G19Rik,7,7,11,46,50,26
B230118H07Rik,330,353,366,196,221,184
B230120H23Rik,303,271,277,202,158,215
B230208H17Rik,3343,3762,3446,1827,1749,1613
B230217C12Rik,0,0,0,0,0,0
B230219D22Rik,2675,2736,2613,3550,2516,3801
B230307C23Rik,20,21,26,26,10,23
B230312A22Rik,724,865,824,1506,1349,1218
B230314M03Rik,44,57,42,28,18,35
B230315N10Rik,325,327,342,217,194,269
B230317F23Rik,13,16,12,4,10,5
B230319C09Rik,12,5,15,11,18,14
B230325K18Rik,47,33,28,76,54,91
B230340J04Rik,75,54,61,55,38,50
B230354K17Rik,348,422,371,561,454,554
B2m,1662,1269,1328,129,128,142
B3galnt1,800,725,750,594,550,625
B3galnt2,378,344,428,632,592,699
B3galt1,1168,938,911,959,860,1228
B3galt2,1066,858,806,713,639,978
B3galt4,57,75,69,71,76,59
B3galt5,1491,1048,1337,72,75,87
B3galt6,301,341,282,401,372,408
B3galtl,474,435,403,659,589,642
B3gat1,4586,5329,4653,9349,8481,9123
B3gat2,330,388,296,549,480,586
B3gat3,2858,3228,2837,1364,1341,1071
B3gnt1,2041,2226,1890,570,573,552
B3gnt2,42,56,35,1,2,2
B3gnt3,24,23,26,7,2,6
B3gnt4,2,4,1,4,3,3
B3gnt5,23,26,14,1009,762,1140
B3gnt6,18,7,12,1,2,1
B3gnt7,12,29,8,67,82,87
B3gnt8,55,68,71,60,36,62
B3gnt9,31,39,26,11,10,9
B3gntl1,117,116,142,214,207,190
B430006D22Rik,252,314,211,840,513,669
B430305J03Rik,11,17,11,5,1,4
B430306N03Rik,8,5,9,1,3,3
B430319F04Rik,7,6,4,0,1,0
B4galnt1,1420,1550,1453,876,887,849
B4galnt2,9,7,10,8,2,6
B4galnt3,50,25,36,13,10,9
B4galnt4,1900,2193,1845,3257,3309,2817
B4galt1,169,144,114,164,137,148
B4galt2,124,197,115,206,156,148
B4galt3,592,608,544,925,954,812
B4galt4,493,474,482,332,366,369
B4galt5,1427,1605,1468,1503,1513,1453
B4galt6,3452,3276,2845,1321,1174,1574
B4galt7,431,446,421,541,560,552
B530045E10Rik,0,0,0,0,0,1
B630019K06Rik,749,859,662,427,359,404
B830017H08Rik,22,18,18,5,12,10
B930007M17Rik,2,0,1,0,0,0
B9d1,240,251,299,281,250,230
B9d2,237,312,251,194,172,162
BB014433,0,0,0,0,0,0
BC002059,51,55,60,96,88,129
BC002230,378,344,455,575,492,475
BC003266,0,0,0,0,0,0
BC003267,132,105,104,163,139,189
BC003331,1260,1144,1127,697,691,801
BC004004,824,807,839,611,629,666
BC005537,4539,4159,4070,5591,5187,6106
BC005624,1021,1043,1185,709,751,633
BC005764,1057,1537,1105,9244,9130,8102
BC006779,208,142,162,73,68,65
BC007180,518,449,456,22,34,26
BC011248,257,324,320,420,371,336
BC011426,77,72,86,130,133,149
BC013529,277,247,243,208,164,184
BC013712,35,22,28,1,5,4
BC014805,0,0,0,0,0,0
BC015286,0,0,0,1,0,3
BC016201,4,2,2,0,2,2
BC016423,789,715,729,2198,1591,2622
BC016579,4,9,4,2,1,4
BC017158,429,522,470,328,302,300
BC017612,42,74,52,126,98,111
BC017643,307,299,328,634,612,563
BC017647,628,657,571,654,571,560
BC018101,149,87,158,68,78,118
BC018242,3920,4347,3526,2874,2783,2566
BC018465,0,0,2,0,1,0
BC018507,2415,2644,2848,4983,4412,4940
BC019943,369,281,356,393,342,357
BC020535,78,118,97,64,45,58
BC021614,1,0,0,0,0,0
BC021785,0,1,3,1,0,1
BC021891,96,92,124,56,53,60
BC022687,286,281,237,132,139,137
BC023814,465,549,552,730,671,659
BC023829,639,733,719,532,434,502
BC024139,24,40,34,441,470,367
BC024479,233,219,235,712,667,697
BC024814,259,329,255,289,278,280
BC025446,0,0,0,0,0,0
BC025920,56,60,73,162,155,142
BC026439,0,0,0,0,0,0
BC026585,127,152,137,61,38,43
BC026590,471,518,518,536,456,559
BC027072,2,5,5,0,1,0
BC027231,110,111,112,181,138,174
BC027344,406,407,385,492,528,562
BC028528,21,31,29,40,30,23
BC029214,650,622,618,599,638,581
BC030307,39,29,36,53,57,62
BC030336,552,455,468,258,239,307
BC030476,21,14,13,1,0,0
BC030499,205,232,285,4,6,4
BC030500,0,0,0,0,0,0
BC030867,16,12,12,73,48,37
BC030870,0,0,0,0,1,0
BC031181,2024,2166,2054,1619,1759,1510
BC031353,1088,850,1083,995,736,906
BC031441,58,25,59,67,53,69
BC031781,426,524,532,869,776,722
BC032203,762,703,734,671,643,688
BC034090,162,292,167,191,129,133
BC034902,0,0,0,0,0,0
BC037034,1225,1418,1261,1627,1758,1555
BC037703,3,3,2,9,5,7
BC040756,2,2,0,0,1,1
BC043934,1,4,3,6,15,16
BC046331,1048,1114,1043,1079,852,809
BC046404,206,252,239,274,264,275
BC048355,53,67,53,158,132,108
BC048403,266,269,261,174,143,162
BC048502,0,0,1,0,0,0
BC048507,368,470,554,577,550,435
BC048546,133,128,140,23,27,17
BC048562,0,0,0,0,0,0
BC048599,0,0,0,0,0,0
BC048609,1,0,3,1,2,2
BC048671,0,0,0,0,0,0
BC048679,0,0,1,0,1,0
BC049349,232,175,172,307,298,316
BC049635,178,152,247,36,24,25
BC049688,1,0,0,0,0,0
BC049702,0,0,0,0,0,0
BC049715,15,15,16,2,5,2
BC049730,1,0,0,1,0,0
BC049762,2,1,1,1,0,1
BC049807,224,306,190,431,353,544
BC050254,101,124,119,124,100,102
BC050777,0,1,2,0,0,0
BC051019,3,10,3,0,1,1
BC051070,0,0,1,0,0,0
BC051076,0,0,0,0,0,0
BC051628,2,0,2,0,0,0
BC051665,0,0,0,0,0,0
BC052040,154,136,132,300,286,266
BC053393,0,0,1,0,0,0
BC053749,49,54,54,360,308,297
BC055004,0,1,2,1,0,0
BC055111,1,1,3,0,0,0
BC055324,28,26,16,167,116,148
BC056474,230,237,239,241,257,207
BC057022,243,382,213,204,116,141
BC057079,701,659,834,819,725,897
BC061194,46,30,43,2,5,6
BC061212,0,0,0,0,0,0
BC061237,0,0,0,0,0,0
BC065397,13,19,20,44,47,54
BC066028,747,639,693,172,177,202
BC066135,0,0,0,0,0,0
BC067068,59,75,71,92,108,136
BC067074,51,48,37,15,17,22
BC068157,1070,1323,1007,4720,4516,4195
BC068281,137,155,196,150,145,138
BC085271,0,0,0,0,0,0
BC088983,189,176,223,384,344,381
BC089491,22,18,26,6,7,5
BC089597,0,0,1,0,0,0
BC094916,3,0,3,0,0,1
BC099486,8,10,14,19,28,34
BC106179,8,10,13,22,19,23
BC107364,3,0,0,0,0,0
BC117090,0,0,0,0,0,0
BX000537.1,0,0,0,2,1,1
BX000698.1,0,0,0,0,0,0
BX000698.2,2,0,0,1,0,0
BX005053.1,0,0,0,1,1,0
BX005468.1,10,11,4,60,49,77
BX088531.1,11,10,3,49,38,50
BX088539.2,21,25,15,4,5,7
BX119956.1,0,0,0,0,0,0
BX255277.2,0,0,0,0,0,0
BX255910.1,141,201,183,168,153,161
BX255946.1,0,0,0,0,0,0
BX276179.1,0,0,0,0,0,0
BX284111.1,0,0,0,0,0,0
BX284624.1,0,1,1,1,3,1
BX284685.1,0,0,0,0,0,0
BX294391.1,1,0,0,0,0,0
BX294446.1,0,0,0,0,0,0
BX323026.1,0,0,0,0,0,0
BX510318.1,1,2,0,0,0,1
BX537299.2,0,0,0,0,0,0
BX537302.1,3,5,2,3,4,2
BX539316.1,0,0,0,0,0,0
BX539333.1,0,0,0,0,0,0
BX544878.1,0,0,0,0,0,0
BX544878.2,0,0,0,0,0,0
BX545905.1,180,201,191,130,115,118
BX547995.1,0,0,0,0,0,0
BX548253.1,150,186,168,30,26,40
BX548253.2,967,1198,1046,605,606,553
BX571729.1,0,0,0,0,0,0
BX571735.1,0,0,0,0,0,0
BX571759.1,0,1,0,0,0,0
BX640578.1,1,0,0,0,0,0
BX649235.1,14,17,10,85,64,87
BX649539.1,0,0,0,0,0,0
BX666061.1,13,2,7,0,2,2
BX666061.2,11,15,22,8,5,9
BX666061.3,29,11,24,2,8,4
BX682545.2,659,665,876,1999,2073,1751
BX682545.3,3,4,1,10,5,10
BX813309.1,0,0,0,0,0,0
BX813336.1,0,0,0,0,0,0
Baalc,4070,4248,4381,225,273,307
Baat,2,3,4,0,1,2
Bace1,2670,3101,2570,2907,2534,2823
Bace2,67,60,41,8,4,5
Bach1,414,400,393,2362,1941,2284
Bach2,244,293,215,3850,3152,3961
Bad,553,563,384,447,498,393
Bag1,2621,3093,2848,2462,2615,2167
Bag2,125,173,137,150,164,165
Bag3,227,217,196,47,43,41
Bag4,907,846,819,628,458,544
Bag5,1258,1121,1234,885,827,849
Bahcc1,860,943,853,3414,2423,2654
Bahd1,1049,1155,964,966,757,838
Bai1,10651,12612,12096,4219,4108,3961
Bai2,9823,11439,10574,4225,4032,3801
Bai3,2393,2234,2352,1902,1844,2300
Baiap2,6969,7161,7378,1200,1191,1081
Baiap2l1,38,37,31,26,29,27
Baiap2l2,43,41,38,32,44,40
Baiap3,651,1165,427,174,207,162
Bak1,225,279,239,333,365,266
Bambi,105,97,100,82,90,80
Bambi-ps1,15,12,17,17,10,13
Banf1,547,630,595,1561,1703,1453
Banf2,0,0,0,0,0,0
Bank1,23,27,18,0,0,3
Banp,353,474,372,684,590,520
Bap1,2968,3354,3439,3278,3084,2812
Bard1,23,12,7,150,122,144
Barhl1,10,7,4,3,3,6
Barhl2,20,22,21,102,128,75
Barx1,0,0,0,1,0,0
Barx2,58,58,51,5,10,8
Basp1,10130,12678,8417,16202,16199,15988
Bat1a,2995,3235,3155,7753,7242,6719
Bat2,11718,12573,10224,15627,12721,13024
Bat2l,14797,14532,13229,21919,17609,19214
Bat2l2,5425,5144,5085,7473,5888,7280
Bat3,4169,4666,4153,8062,6951,6662
Bat4,239,270,226,284,254,217
Bat5,1294,1563,1327,780,689,691
Batf,6,5,3,2,4,0
Batf2,4,2,5,0,0,2
Batf3,19,19,17,11,6,12
Bax,601,632,534,1272,1305,1072
Baz1a,53,95,75,360,277,254
Baz1b,3454,3493,3568,5666,4987,4984
Baz2a,1568,1623,1714,2430,1850,1957
Baz2b,1014,1025,1028,2828,1837,2552
Bbc3,111,160,136,310,330,280
Bbox1,57,55,25,4,7,5
Bbs1,1050,1217,1153,958,813,868
Bbs10,83,95,80,76,71,75
Bbs12,16,6,7,16,12,11
Bbs2,528,574,655,561,529,472
Bbs4,976,875,958,646,627,677
Bbs5,285,245,305,195,171,217
Bbs7,407,362,361,336,360,366
Bbs9,392,329,363,349,364,319
Bbx,1046,781,890,694,484,621
Bcam,360,364,371,79,83,76
Bcan,5519,6618,5477,836,926,787
Bcap29,779,607,678,170,154,218
Bcap31,885,1122,1001,495,467,434
Bcar1,1122,1490,1239,1988,1752,1655
Bcar3,281,387,301,83,79,85
Bcas1,4043,4715,3163,31,38,22
Bcas2,1318,1426,1360,2514,2293,2320
Bcas3,1298,1216,1236,623,568,555
Bcat1,2330,2113,2301,2317,2241,2130
Bcat2,304,322,287,405,398,321
Bccip,921,971,1130,1025,1088,900
Bcdin3d,68,68,82,201,236,194
Bche,139,127,83,17,15,20
Bckdha,314,357,233,224,180,185
Bckdhb,358,367,361,202,189,192
Bckdk,746,732,704,733,632,596
Bcl10,255,200,182,295,250,277
Bcl11a,2237,2159,1968,8615,7492,8585
Bcl11b,3098,2973,2591,8254,6874,7395
Bcl2,529,525,436,757,610,763
Bcl2a1a,13,4,3,1,2,0
Bcl2a1b,20,6,15,5,1,0
Bcl2a1c,1,0,1,0,0,0
Bcl2a1d,13,5,5,2,1,0
Bcl2l1,2778,2656,2846,2770,2641,2135
Bcl2l10,1,1,2,0,2,0
Bcl2l11,146,147,119,316,227,256
Bcl2l12,23,26,17,82,55,66
Bcl2l13,1082,1219,1190,1226,1101,1166
Bcl2l14,0,1,1,1,0,0
Bcl2l15,15,8,19,8,10,7
Bcl2l2,3131,3521,3754,902,889,851
Bcl3,10,13,14,4,2,1
Bcl6,755,733,674,516,587,613
Bcl6b,23,55,25,174,192,164
Bcl7a,2483,2404,2273,6151,5036,5071
Bcl7b,787,873,798,485,412,381
Bcl7c,403,536,319,1445,1408,1362
Bcl9,1377,1448,1158,4733,4295,3929
Bcl9l,1081,1467,1048,3074,2514,2497
Bclaf1,3414,2835,3013,5184,4788,5679
Bclp2,3,3,5,0,2,1
Bcmo1,2,0,3,0,0,0
Bco2,68,59,77,10,9,12
Bcor,604,787,655,1740,1246,1367
Bcorl1,718,798,681,1476,1236,1003
Bcr,3810,4064,4126,3692,3513,3358
Bcs1l,326,358,379,368,417,377
Bdh1,1407,1587,1348,3462,3487,3154
Bdh2,25,38,23,7,6,7
Bdkrb1,6,5,3,1,1,0
Bdkrb2,7,6,2,3,6,7
Bdnf,669,590,626,37,50,58
Bdp1,1014,886,842,1202,987,1286
Bean,262,308,231,185,299,269
Becn1,2102,2157,2258,1738,1493,1382
Begain,2892,3665,2647,1169,1198,1136
Bend3,183,186,171,816,653,740
Bend5,239,188,192,631,637,586
Bend6,2756,2691,2406,1236,1540,1673
Bend7,62,59,50,54,43,61
Best1,26,28,25,6,8,20
Best2,0,1,1,1,1,0
Best3,28,13,21,0,2,0
Best4-ps,1,2,0,1,0,0
Bet1,290,286,256,168,172,206
Bet1l,27,11,21,9,7,17
Bet3l,1,1,3,0,0,0
Bex1,879,1125,839,1514,1546,1249
Bex2,4130,4605,3999,3884,4157,3450
Bex4,207,230,197,743,914,795
Bex6,0,0,0,0,0,0
Bfar,717,778,732,892,772,841
Bfsp1,17,37,14,20,22,15
Bfsp2,68,125,56,9,7,2
Bglap-rs1,19,9,19,0,0,1
Bglap1,4,5,7,4,3,3
Bglap2,5,7,7,3,2,1
Bgn,319,332,282,341,273,296
Bhlha15,1,4,4,8,4,6
Bhlha9,31,33,28,1,6,8
Bhlhb9,1340,1319,1232,1516,1356,1776
Bhlhe22,1399,988,923,3759,3755,4366
Bhlhe23,2,3,1,6,2,1
Bhlhe40,1878,2088,1870,200,279,260
Bhlhe41,1338,1103,1336,51,55,65
Bhmt,9,3,3,0,0,0
Bhmt-ps1,4,2,3,0,0,0
Bhmt2,5,3,7,0,0,1
Bicc1,202,199,155,48,33,55
Bicd1,1297,1036,949,1038,761,1220
Bicd2,2151,2503,2327,2247,1897,1999
Bid,158,176,155,237,209,255
Bik,5,2,0,1,0,3
Bin1,5536,6191,5609,2811,2950,2419
Bin3,185,174,182,278,285,282
Birc2,708,681,786,945,836,1013
Birc3,60,74,62,55,51,35
Birc5,28,20,17,357,268,257
Birc6,3345,3391,3267,5383,4404,5786
Birc7,3,4,4,8,6,5
Bivm,463,378,427,687,603,806
Blcap,1623,1863,1593,2455,2152,2272
Blk,4,0,3,0,0,0
Blm,84,75,96,401,298,359
Blmh,1250,1350,1279,1827,1749,1563
Blnk,122,116,166,7,2,3
Bloc1s1,234,309,212,261,322,285
Bloc1s2,293,344,310,430,442,416
Bloc1s3,161,184,189,245,213,213
Blvra,297,269,271,198,200,214
Blvrb,153,151,130,41,48,42
Blzf1,439,479,402,345,290,367
Bmf,112,104,93,296,184,219
Bmi1,794,710,670,1884,1492,2240
Bmp1,1276,1287,1646,1466,1361,1332
Bmp10,0,0,0,0,0,0
Bmp15,3,6,2,0,1,1
Bmp2,116,111,77,10,15,12
Bmp2k,402,422,311,260,220,273
Bmp3,194,184,168,81,93,75
Bmp4,79,87,61,1,3,6
Bmp5,37,25,17,15,4,8
Bmp6,297,226,253,34,34,40
Bmp7,346,329,342,119,121,118
Bmp8a,3,6,5,4,2,2
Bmp8b,7,13,11,12,10,18
Bmper,221,257,182,306,219,253
Bmpr1a,1318,1135,1174,1372,1008,1428
Bmpr1b,549,552,479,315,248,318
Bmpr2,1569,1527,1536,1897,1022,1752
Bms1,1116,1191,1286,1883,1881,1885
Bmx,24,14,39,6,2,2
Bmyc,323,359,277,178,164,172
Bnc1,1,0,0,0,0,1
Bnc2,14,14,9,14,5,17
Bnip1,308,349,371,477,477,399
Bnip2,649,564,637,1696,1474,1536
Bnip3,1588,1365,1252,318,354,426
Bnip3l,2384,2177,2248,2146,2028,2160
Bnipl,1,5,3,1,2,3
Boc,400,544,488,938,696,799
Bod1,1230,1373,1416,2040,1956,1704
Bod1l,2808,2726,2722,3101,2967,3084
Bok,474,529,492,437,491,417
Bola1,158,204,152,263,246,215
Bola2,714,878,643,624,623,501
Bola3,340,311,276,119,114,94
Boll,2,0,2,1,0,1
Bop1,1020,1226,1036,1283,1282,1187
Bpgm,1370,1524,1521,1097,1131,1007
Bphl,392,394,431,177,180,168
Bpi,0,2,1,0,1,0
Bpil1,0,0,0,0,0,0
Bpil2,2,3,6,2,0,0
Bpil3,0,0,0,0,0,0
Bpnt1,1186,1412,1209,576,534,490
Bptf,3423,3515,3274,6029,4850,5378
Braf,1567,1342,1422,946,725,1015
Brap,1598,1821,1780,1420,1317,1284
Brca1,46,49,39,328,211,239
Brca2,145,159,161,444,334,473
Brcc3,626,493,539,477,454,531
Brd1,1597,1563,1464,3030,2440,2637
Brd2,1867,2067,1714,2281,2135,2112
Brd3,1496,1524,1382,6086,5260,5172
Brd4,2966,3317,2892,4782,4297,4285
Brd7,1060,1056,990,1601,1547,1538
Brd8,1271,1345,1510,3373,2947,3396
Brd9,1347,1496,1570,2311,2462,2253
Brdt,365,317,323,124,153,140
Bre,331,360,292,227,257,232
Brf1,965,1066,1031,1599,1389,1325
Brf2,325,323,324,283,293,259
Bri3,420,359,388,379,392,372
Bri3bp,738,796,686,694,546,626
Brip1,7,5,6,98,77,104
Brix1,345,357,284,499,494,544
Brms1,510,505,575,586,488,410
Brms1l,1428,1593,1486,1343,1360,1376
Brp16,130,151,135,320,313,307
Brp44,1094,1170,915,503,559,578
Brp44l,1138,1358,1081,615,675,841
Brpf1,795,899,954,1454,1165,1262
Brpf3,947,1017,901,818,663,715
Brs3,0,2,4,5,1,1
Brsk1,6532,6989,5834,3747,3569,3206
Brsk2,4300,4914,4402,4422,3888,3940
Brunol5,5711,5895,5592,6866,6643,6311
Brunol6,531,796,522,703,664,615
Brwd1,4049,3998,4245,5510,4339,5412
Brwd2,1196,1327,1427,1739,1576,1739
Brwd3,318,346,308,888,628,866
Bscl2,1501,1987,1585,1048,1012,1045
Bsdc1,1386,1397,1381,1318,1200,1050
Bsg,8335,10133,8605,4609,4632,4355
Bsn,14867,16412,15141,5238,4011,4809
Bsnd,0,0,0,0,0,0
Bsph1,2,0,0,0,0,0
Bspry,9,17,13,4,8,5
Bst1,4,2,4,0,0,0
Bst2,42,51,57,5,11,9
Bsx,4,2,2,2,0,0
Btaf1,1018,1001,999,1576,1323,1702
Btbd1,933,830,779,856,688,879
Btbd10,1812,1321,1799,1123,1135,1372
Btbd11,807,894,792,625,563,625
Btbd12,611,792,598,1281,1173,1186
Btbd16,11,36,16,1,0,3
Btbd17,421,601,484,258,187,203
Btbd19,106,80,115,38,54,23
Btbd2,1796,2147,1808,1665,1623,1602
Btbd3,4920,3669,4533,1465,1334,1793
Btbd6,870,960,964,550,494,524
Btbd7,362,364,373,1080,756,1000
Btbd9,669,621,702,799,755,787
Btc,4,5,3,0,2,2
Btd,139,173,163,146,137,114
Btf3,1003,792,811,1945,1968,1787
Btf3l4,1283,1075,1182,1844,1679,1956
Btg1,512,519,426,1588,1419,1518
Btg2,374,631,263,482,393,379
Btg3,292,228,275,133,97,99
Btg4,0,0,0,0,3,0
Btk,22,24,25,7,2,9
Btla,15,15,13,1,2,2
Btn1a1,2,3,2,4,3,3
Btn2a2,17,20,30,2,2,2
Btn3a3,0,0,2,0,0,0
Btnl1,0,0,0,0,0,1
Btnl2,0,0,1,0,0,0
Btnl5,0,2,0,0,0,0
Btnl6,0,0,0,0,0,0
Btnl7,0,0,3,2,0,1
Btnl9,6,5,1,1,0,3
Btrc,1790,1927,1945,1374,1262,1306
Bub1,3,5,5,328,198,274
Bub1b,87,43,38,1005,613,726
Bub3,753,862,863,1331,1149,1165
Bud13,240,238,230,375,360,369
Bud31,516,500,455,694,662,622
Butr1,4,0,2,4,0,0
Bves,20,20,21,7,2,6
Bysl,535,622,550,734,742,645
Bzrap1,6408,7791,7332,4118,3626,3395
Bzrpl1,2,3,1,22,14,11
Bzw1,2706,2551,2258,4696,4202,5450
Bzw2,463,504,440,4278,4302,4015
C030006K11Rik,281,316,273,178,164,182
C030016D13Rik,6,10,13,11,8,12
C030017K20Rik,32,31,58,3,3,2
C030019I05Rik,144,139,151,111,76,79
C030030A07Rik,161,156,111,14,10,7
C030034I22Rik,42,26,24,34,33,46
C030039L03Rik,291,284,300,299,337,358
C030046E11Rik,1378,1231,1442,1757,1578,1879
C030046I01Rik,5249,5642,5255,3439,3296,2890
C030048B08Rik,213,140,170,170,164,190
C130022K22Rik,475,396,380,500,536,498
C130026I21Rik,9,3,3,8,9,6
C130026L21Rik,92,86,65,29,26,41
C130039O16Rik,707,735,624,614,411,525
C130040N14Rik,12,7,17,10,15,15
C130050O18Rik,6,17,8,4,2,6
C130060K24Rik,22,27,12,3,5,8
C130073F10Rik,0,0,0,0,0,0
C130074G19Rik,1405,1551,1607,177,182,161
C130079G13Rik,0,0,0,0,0,0
C1d,518,519,569,660,773,727
C1galt1,220,175,119,133,90,153
C1galt1c1,367,336,298,112,117,169
C1qa,1174,1025,971,85,92,84
C1qb,1051,842,997,98,93,89
C1qbp,969,920,874,1097,1016,996
C1qc,745,831,867,105,86,86
C1ql1,184,236,180,39,39,21
C1ql2,246,271,189,9,7,5
C1ql3,2020,1713,1590,130,115,124
C1ql4,5,8,1,2,2,2
C1qtnf1,64,77,57,68,69,58
C1qtnf2,19,18,13,31,33,27
C1qtnf3,4,3,2,1,0,2
C1qtnf4,2737,3771,2352,827,830,841
C1qtnf5,0,0,0,0,0,0
C1qtnf6,40,69,50,119,81,94
C1qtnf7,25,16,18,0,0,0
C1qtnf9,29,7,10,2,1,3
C1rb,90,64,128,2,3,2
C1rl,8,7,12,0,3,1
C1s,35,18,36,2,16,8
C2,72,31,63,24,18,13
C230013L11Rik,7,5,9,5,2,4
C230029F24Rik,0,0,0,0,0,0
C230052I12Rik,92,85,72,129,127,135
C230055K05Rik,23,25,31,67,52,63
C230062I16Rik,5,11,8,8,11,10
C230078M08Rik,839,1034,827,591,708,666
C230081A13Rik,801,645,749,400,317,430
C230096C10Rik,2321,2612,2643,2062,1939,1851
C2cd2,405,375,335,293,294,278
C2cd2l,3323,3642,3091,713,688,676
C2cd3,805,735,803,1704,1147,1458
C2cd4a,1,1,2,0,0,0
C2cd4b,218,204,214,21,23,13
C2cd4c,395,559,409,179,229,174
C3,54,20,57,11,9,8
C330005M16Rik,21,36,35,0,1,2
C330006D17Rik,15,21,15,19,16,16
C330006K01Rik,410,493,379,402,359,351
C330007P06Rik,970,880,887,530,480,584
C330011M18Rik,32,29,35,34,11,19
C330016O10Rik,304,299,230,133,138,111
C330018D20Rik,261,221,173,165,163,169
C330019G07Rik,1602,1698,1572,1439,1179,1383
C330019L16Rik,22,22,24,31,22,49
C330021F23Rik,1,3,2,5,5,5
C330022B21Rik,0,0,0,0,0,0
C330024D21Rik,0,0,0,1,2,1
C330027C09Rik,76,63,62,491,325,491
C330046G03Rik,5,7,14,3,4,2
C3ar1,73,32,66,25,16,20
C430048L16Rik,576,535,511,1058,1028,1204
C4a,202,131,203,63,58,46
C4b,793,493,735,11,19,20
C4bp,1,4,4,1,1,2
C530008M17Rik,2125,2588,1750,8671,7045,8085
C530025M09Rik,9,12,11,3,2,7
C530028O21Rik,3192,3739,3538,1074,1150,1038
C530030P08Rik,3,9,44,44,45,37
C5ar1,18,14,26,2,2,2
C6,0,1,0,0,1,0
C630004H02Rik,2224,2622,2422,1208,1165,1015
C630050I24Rik,0,0,0,0,0,0
C730007P19Rik,0,0,0,0,0,0
C730048C13Rik,0,0,2,1,4,3
C77080,436,546,412,318,261,287
C77370,1043,1036,926,2719,2515,3538
C78339,2136,2017,2060,2651,2249,3002
C79407,21,11,20,320,220,287
C80913,1234,1039,1011,881,1023,996
C85492,742,831,652,439,431,344
C87414,0,0,1,0,0,0
C87436,378,321,381,350,368,377
C87499,0,0,0,0,0,0
C8a,2,1,0,3,2,1
C8b,2,0,0,9,9,2
C8g,28,28,31,49,56,46
C9,1,0,1,0,0,0
C920016K16Rik,316,307,311,455,513,548
CAAA01024381.1.17461.1,0,0,0,0,0,0
CAAA01037531.1.36077.2,33,26,29,10,7,9
CAAA01063301.1.14355.1,1,9,4,2,3,0
CAAA01070929.1.32247.1,11,6,9,13,10,12
CAAA01077346.1.823.1,0,0,0,0,1,1
CAAA01079092.1.6460.1,0,0,0,0,0,0
CAAA01091013.1.14907.1,0,0,0,0,0,0
CAAA01093111.1.7497.1,0,0,0,1,0,0
CAAA01098150.1.2208.1,0,0,0,0,0,0
CAAA01112889.1.17505.1,0,0,0,0,0,0
CAAA01128729.1.15794.1,0,0,0,0,0,0
CAAA01131957.1.5356.1,0,0,0,0,0,0
CAAA01140679.1.6228.1,623,659,665,394,418,338
CAAA01141682.1.67857.1,28,34,22,37,30,46
CAAA01160968.1.8431.1,0,0,0,0,0,0
CAAA01165818.1.9819.1,0,0,0,0,0,0
CAAA01178233.1.28272.1,0,0,0,0,0,0
CAAA01179078.1.20098.1,0,2,0,0,1,0
CAAA01194877.1.25184.1,0,0,0,0,0,0
CAAA01200547.1.14955.1,0,0,0,0,0,0
CAAA01202578.1.17880.1,0,0,0,0,0,0
CAAA01203447.1.8274.1,0,0,0,0,0,0
CAAA01224611.1.25106.2,279,238,211,131,150,158
CH25-423E5.1,0,2,0,0,0,0
CH25-592M6.1,0,2,0,0,0,0
CH36-125B10.3,10,9,17,12,17,18
CH36-125B10.5,25,28,18,36,22,34
CH36-125B10.6,19,25,21,50,34,54
CH36-125B10.7,1,0,0,5,6,2
CK137956,31,30,36,22,23,25
CPEB3_ribozyme,1,0,0,0,0,0
CR387995.1,0,0,0,0,0,0
CR387995.2,0,0,0,0,0,0
CR762384.1,0,0,0,0,0,0
CR956641.2,0,0,0,0,0,0
CR974423.1,3,0,0,0,3,1
CR974423.2,0,0,0,0,0,0
CR974428.1,19,30,16,7,5,8
CR974430.1,460,440,370,186,173,223
CR974439.1,0,0,0,0,0,0
CR974439.2,0,0,0,0,0,0
CR974444.3,11,4,2,5,6,5
CR974451.2,510,544,582,784,772,692
CR974457.1,1,0,0,0,0,0
CR974457.5,0,0,0,0,0,0
CR974457.6,0,0,1,0,1,1
CR974462.1,0,0,0,0,0,0
CR974462.2,60,46,50,14,15,10
CR974466.1,0,0,0,0,0,0
CR974466.2,0,0,0,1,0,1
CR974466.3,161,118,130,154,140,167
CR974483.2,0,1,2,0,1,2
CR974486.1,0,0,0,0,0,0
CR974568.1,0,1,2,0,0,1
CR974568.2,0,0,0,0,0,1
CR974586.1,28,10,24,2,7,4
CR974586.2,6,0,1,0,0,0
CR974586.3,22,21,14,10,6,15
CT009486.1,2878,3163,2659,11483,10817,8843
CT009486.2,0,1,3,0,3,1
CT009512.1,1,1,1,0,0,0
CT009518.1,1229,1362,1621,3288,3184,2477
CT009534.2,508,585,822,434,382,382
CT009541.1,10,8,7,0,0,0
CT009550.1,251,289,423,888,1028,848
CT009594.1,1008,691,683,1808,2232,2217
CT009594.2,0,0,0,0,0,0
CT009632.1,4354,3738,3837,8807,9442,9321
CT009696.1,0,0,0,2,2,3
CT009708.1,26,20,27,103,74,85
CT009708.2,1,0,0,1,1,0
CT009715.1,835,845,858,1718,1790,1639
CT009718.1,0,0,0,1,0,1
CT009718.3,0,0,0,0,0,0
CT009734.1,0,0,0,2,0,2
CT009748.1,0,0,0,0,0,0
CT009754.1,1335,1337,1246,1559,1671,1738
CT009755.1,0,1,0,1,0,0
CT009755.2,0,0,1,0,0,0
CT009755.3,0,0,0,0,0,0
CT009765.1,26,22,27,8,13,10
CT010433.1,21,25,31,19,24,21
CT010439.1,162,132,97,53,87,72
CT010440.1,994,1156,1141,83,111,93
CT010465.1,0,0,0,0,0,0
CT010467.3,1261,1614,1391,1120,923,964
CT010470.1,4,3,6,1,0,0
CT010471.3,47,42,39,54,53,48
CT010479.1,0,0,0,0,1,0
CT010480.1,0,0,0,0,0,0
CT010491.1,0,0,0,0,0,0
CT010493.1,0,0,0,0,0,0
CT010493.2,0,0,0,0,0,0
CT010498.1,0,0,0,0,0,0
CT010502.2,0,0,0,0,0,0
CT010509.1,9,6,4,3,0,1
CT010580.1,0,0,0,0,0,0
CT010583.1,0,0,0,0,0,0
CT010583.2,503,488,413,699,812,815
CT010584.1,924,894,719,547,566,606
CT025531.1,546,581,580,1175,1040,1073
CT025531.2,202,213,211,2,4,1
CT025556.3,2473,2704,2451,5167,5325,3995
CT025557.1,0,0,0,0,0,0
CT025587.1,710,730,775,1856,1716,1535
CT025592.1,0,1,0,0,0,0
CT025601.1,67,93,89,94,78,91
CT025603.1,0,0,0,0,0,0
CT025605.1,1,0,0,0,1,0
CT025612.1,0,0,0,0,0,0
CT025616.1,0,1,3,1,0,0
CT025619.2,232,157,211,315,373,419
CT025624.1,19,7,16,2,3,2
CT025645.1,4097,3730,3727,4527,4842,4379
CT025653.1,0,2,1,0,0,0
CT025653.2,463,395,391,507,476,527
CT025664.1,0,0,0,0,0,0
CT025664.2,0,0,0,0,0,0
CT025667.1,143,144,125,115,86,147
CT025680.1,0,0,0,0,0,0
CT025681.1,0,2,0,0,1,1
CT025694.1,0,1,1,0,0,0
CT025701.1,935,1004,949,623,680,580
CT025701.2,0,0,0,0,0,0
CT025709.1,5,7,3,10,7,5
CT025845.1,0,0,0,0,0,0
CT027556.2,2520,2532,2373,6994,6757,6423
CT030001.1,0,0,0,0,2,1
CT030013.1,7,12,1,10,2,6
CT030161.1,0,0,0,0,0,0
CT030166.1,263,276,313,485,426,500
CT030167.1,182,150,128,176,125,172
CT030170.1,126,133,125,178,138,163
CT030170.2,0,0,0,0,0,0
CT030181.1,169,174,272,104,92,86
CT030182.1,1,3,2,0,0,0
CT030184.4,3806,4562,3414,5431,4885,5642
CT030190.1,0,0,0,0,0,0
CT030194.1,2,2,1,0,1,0
CT030194.2,0,0,0,0,0,0
CT030226.1,13941,9167,5376,3572,2304,1653
CT030240.1,0,0,0,1,0,1
CT030242.2,1077,1031,998,1051,769,1013
CT030259.1,4,7,2,9,2,3
CT030634.1,0,0,0,0,0,0
CT030634.10,0,0,1,0,0,0
CT030634.11,0,0,0,0,0,0
CT030634.12,0,0,0,0,0,0
CT030634.13,0,0,0,0,0,0
CT030634.14,0,0,0,0,0,0
CT030634.15,0,0,1,0,0,0
CT030634.16,0,0,0,0,0,0
CT030634.17,0,0,0,0,0,0
CT030634.18,0,0,0,1,0,0
CT030634.19,0,0,0,0,0,0
CT030634.2,0,0,0,0,0,0
CT030634.20,0,0,0,0,0,0
CT030634.21,0,0,0,0,0,0
CT030634.22,0,0,0,0,1,0
CT030634.23,0,0,0,0,0,0
CT030634.24,0,0,0,0,0,0
CT030634.25,0,0,1,0,0,0
CT030634.26,0,0,0,0,0,0
CT030634.27,0,0,0,0,0,0
CT030634.28,0,0,0,0,0,0
CT030634.29,0,0,0,0,0,0
CT030634.3,0,0,0,0,0,0
CT030634.30,0,0,0,0,0,0
CT030634.31,7,2,2,0,0,0
CT030634.32,0,0,0,0,0,1
CT030634.33,0,0,0,0,0,0
CT030634.34,0,0,0,0,0,0
CT030634.35,0,0,0,0,0,0
CT030634.37,0,0,0,0,0,0
CT030634.38,0,0,0,0,0,0
CT030634.39,0,0,0,0,0,0
CT030634.4,0,0,0,0,0,0
CT030634.40,0,0,0,0,0,0
CT030634.41,0,0,0,0,0,0
CT030634.42,0,0,0,0,0,0
CT030634.43,0,0,0,0,0,0
CT030634.44,0,0,0,0,0,0
CT030634.45,0,0,0,0,0,0
CT030634.46,0,0,0,0,0,0
CT030634.47,0,0,0,0,0,0
CT030634.48,0,0,0,0,0,0
CT030634.49,0,0,0,0,0,0
CT030634.5,0,0,0,0,0,0
CT030634.50,0,0,0,0,0,0
CT030634.51,0,0,0,0,0,0
CT030634.52,0,0,0,0,0,0
CT030634.53,0,0,1,0,0,0
CT030634.54,0,0,0,0,0,0
CT030634.55,0,0,0,0,0,0
CT030634.56,0,0,0,0,0,0
CT030634.57,0,0,0,0,0,0
CT030634.58,0,0,0,0,0,0
CT030634.59,0,0,0,0,0,0
CT030634.6,1,0,0,0,0,0
CT030634.60,0,0,0,0,0,0
CT030634.61,0,0,0,0,0,0
CT030634.7,0,0,0,0,0,0
CT030634.8,0,0,0,0,0,0
CT030634.9,0,0,0,0,0,0
CT030635.1,750,794,937,892,863,841
CT030637.1,0,0,0,0,0,0
CT030657.1,44,37,32,37,28,36
CT030687.1,17,12,5,8,10,12
CT030702.1,0,0,0,0,0,0
CT030702.2,1,6,5,7,5,6
CT030728.1,48,24,58,10,6,4
CT030728.2,0,0,0,0,0,0
CT030728.4,0,0,0,0,0,0
CT030728.5,35,45,31,109,100,108
CT030728.6,25,14,22,5,2,5
CT030728.7,0,0,0,1,0,0
CT030728.8,18,17,13,4,2,1
CT030732.2,67,63,59,555,401,373
CT030733.2,0,0,0,0,0,0
CT030734.1,0,1,0,0,1,0
CT030736.1,23,24,23,0,1,2
CT033750.1,0,0,1,1,0,3
CT033756.1,2,2,3,0,3,4
CT033756.2,2,1,3,1,3,6
CT033756.3,3,7,11,5,4,8
CT033776.7,0,0,0,0,0,0
CT476831.1,0,0,0,1,3,3
CT485609.1,0,0,0,0,0,0
CT485609.2,0,0,0,0,0,0
CT485609.3,0,0,0,0,0,0
CT485609.4,0,0,0,0,0,0
CT485609.5,0,0,0,0,0,0
CT485612.1,1,0,2,0,1,2
CT485612.2,17,33,44,69,48,50
CT485612.3,0,0,1,1,0,0
CT485613.2,1,1,4,2,2,4
CT485616.1,10,15,3,11,7,15
CT485788.1,0,0,0,0,0,0
CT485788.2,3920,4831,4442,7052,7179,5595
CT485788.3,2,2,2,8,9,9
CT485999.1,0,0,0,0,0,0
CT486008.1,0,0,0,0,0,0
CT571241.1,0,0,0,0,0,0
CT571247.1,0,0,0,0,0,0
CT571249.1,22,11,12,5,6,6
CT571267.1,1,2,1,0,0,0
CT571271.1,0,1,0,0,0,0
CT571277.2,3377,3430,3732,7036,7263,6659
CT572998.1,16,11,11,18,15,18
CT573030.2,0,0,0,0,0,0
CT573031.3,0,0,0,0,0,0
CT573034.1,0,0,0,2,0,1
CT573034.3,0,0,2,1,0,0
CT573086.1,0,0,0,0,0,0
CT573086.2,2775,2497,2619,5682,6032,5699
CT573100.1,33,53,42,2,2,2
CT867957.1,659,722,744,1390,1355,1334
CT867961.1,1,0,1,0,0,0
CT867961.2,0,0,0,0,0,0
CT867961.3,1,0,0,0,0,0
CT868690.1,13,2,7,0,2,2
CT868690.2,22,21,14,10,6,15
CT868692.1,1,0,1,0,0,0
CT868723.1,15,13,27,15,15,14
CT868723.2,349,353,371,209,193,211
CT868723.3,1041,1298,948,559,566,522
CT868723.4,23,5,19,2,4,2
CT868723.5,0,2,1,1,2,0
CT868732.1,0,0,0,0,0,0
CT868734.1,0,0,0,0,0,0
CT954253.1,0,0,0,0,0,0
CT954323.1,0,0,0,0,0,0
CT954323.2,141,147,124,129,149,122
CT954323.3,22,13,9,11,10,15
CT954323.4,5,1,5,3,1,3
CT954323.5,0,0,1,0,3,0
CT956049.1,0,0,0,0,0,0
CT956049.2,1,0,0,0,0,0
CU025214.1,0,0,0,0,0,0
CU041226.1,0,0,0,0,0,0
CU041227.1,0,0,0,0,0,0
CU041236.1,0,0,0,0,0,0
CU062436.1,4,1,2,4,7,6
CU207331.1,0,0,0,0,0,0
Cab39,4507,4128,3861,3377,3154,3500
Cab39l,412,367,292,144,166,154
Cabc1,1005,870,966,70,53,61
Cabin1,2093,2279,2186,2642,2304,2409
Cables1,618,541,570,219,214,221
Cables2,640,741,749,1177,1034,1097
Cabp1,2911,2950,3192,745,758,560
Cabp2,1,0,1,0,0,0
Cabp4,11,9,8,11,12,14
Cabp5,2,4,8,9,5,3
Cabp7,1341,1056,1229,132,115,107
Cabyr,275,288,349,60,79,95
Cachd1,624,667,564,1197,899,993
Cacna1a,4370,5032,4794,1550,1521,1580
Cacna1b,3079,3469,3327,3671,3254,3524
Cacna1c,1795,1720,1908,2173,1778,1972
Cacna1d,1269,1214,1356,1612,1466,1648
Cacna1e,6681,5871,7062,4553,3707,4735
Cacna1f,20,13,29,12,11,16
Cacna1g,2387,2759,2463,1846,1641,1688
Cacna1h,1785,1801,2018,4960,4070,4358
Cacna1i,2753,3109,3289,564,631,652
Cacna1s,22,31,14,4,2,2
Cacna2d1,2735,2372,2301,1716,1550,2247
Cacna2d2,1289,1811,1852,1901,1335,1386
Cacna2d3,2445,2607,3018,621,693,775
Cacna2d4,64,99,63,2,4,3
Cacnb1,3038,3854,2975,1633,1655,1462
Cacnb2,1432,1206,1331,186,160,213
Cacnb3,5615,6931,6123,5657,5634,4689
Cacnb4,4629,3593,4102,918,808,1020
Cacng1,3,3,2,28,27,19
Cacng2,1805,2004,1821,801,855,747
Cacng3,1025,1077,954,119,170,124
Cacng4,1080,1254,963,4401,4674,4419
Cacng5,336,353,301,242,169,206
Cacng6,12,8,4,3,2,0
Cacng7,3642,4343,3689,3025,2733,2480
Cacng8,970,919,770,262,306,276
Cacybp,1483,1368,1142,1776,1716,1792
Cad,687,756,716,1850,1588,1700
Cadm1,4576,4236,4566,6354,5541,6243
Cadm2,6413,5733,5192,2485,2031,3181
Cadm3,11022,12903,11614,6086,6704,6458
Cadm4,7036,9483,7084,8274,8687,6843
Cadps,6285,6305,6096,3122,2523,3197
Cadps2,1935,2225,2010,212,212,251
Cage1,93,89,85,31,34,41
Calb1,3781,3052,2823,298,385,416
Calb2,1115,1433,893,435,458,394
Calca,20,21,14,0,6,3
Calcb,2,1,2,0,0,1
Calcoco1,1997,1998,2094,2667,2324,2013
Calcoco2,1,0,1,0,0,0
Calcr,9,35,8,9,9,7
Calcrl,160,148,129,65,45,57
Cald1,780,797,654,973,840,793
Calhm2,84,109,84,11,8,17
Calm1,69817,66099,69667,15251,16607,17369
Calm2,24087,22209,23148,9198,10827,11166
Calm3,35817,40593,39019,13374,14426,12109
Calm4,0,0,0,0,0,0
Calm5,0,0,0,0,0,0
Calml3,0,0,0,0,0,0
Calml4,54,60,50,2,2,1
Caln1,1745,1610,1655,485,540,580
Calr,7596,9152,9190,6372,7015,5993
Calr3,29,31,37,16,15,15
Calr4,13,15,12,7,5,4
Calu,1783,2124,1874,3049,2789,2935
Caly,2970,3475,2700,713,918,818
Camk1,1122,1359,1317,767,947,815
Camk1d,4497,3478,4283,1162,1110,1220
Camk1g,803,598,643,675,742,712
Camk2a,77392,73889,88322,1635,1697,1559
Camk2b,21960,21922,22349,8118,9558,8896
Camk2d,2644,2658,2156,850,676,774
Camk2g,5326,5417,5714,2583,2491,2435
Camk2n1,43812,40676,41993,1526,1751,1659
Camk2n2,1738,1774,1382,834,914,817
Camk4,2318,2164,2092,379,385,441
Camkk1,3028,2517,3802,630,648,568
Camkk2,3659,4381,3931,1329,1422,1269
Camkv,11887,11686,12737,4222,5345,4450
Caml,654,698,593,803,811,759
Camp,4,2,3,0,2,3
Camsap1,3003,3087,2950,6165,5711,5806
Camsap1l1,5407,4993,4996,5849,5545,6163
Camta1,8127,6809,6623,4353,3963,4421
Camta2,8376,7982,7523,1224,1113,1007
Cand1,3955,3930,3876,4212,3844,4318
Cand2,104,136,107,894,625,685
Cant1,1165,1329,1216,1434,1344,1210
Canx,9980,10136,9041,5883,6256,6860
Cap1,4850,4921,5056,2821,3000,2690
Cap2,4775,4905,5338,525,428,442
Capg,47,34,46,27,13,22
Capn1,462,481,500,55,68,51
Capn10,552,655,547,972,898,892
Capn11,100,6,60,2,341,121
Capn12,4,21,10,1,1,0
Capn13,0,0,0,0,1,0
Capn2,1704,1599,1616,1426,1402,1433
Capn3,143,136,176,11,8,6
Capn5,1196,1546,1210,905,909,907
Capn6,36,37,56,111,78,109
Capn7,1087,1021,1059,1721,1816,2262
Capn8,0,0,0,0,0,0
Capn9,3,5,2,0,1,2
Capns1,2807,3263,3017,1982,2088,1922
Capns2,6,5,8,18,10,18
Caprin1,5276,5374,4848,13370,12141,13797
Caprin2,187,171,138,273,275,312
Caps2,3,4,5,4,8,11
Capsl,53,51,26,3,5,11
Capza1,774,733,643,1609,1367,1722
Capza2,4778,4020,4086,2532,2445,2939
Capza3,0,0,0,0,0,0
Capzb,4478,4677,4349,2864,2873,2529
Car1,0,2,2,0,0,0
Car10,2684,2978,2772,307,312,274
Car11,3414,3686,3350,846,982,770
Car12,458,396,469,51,56,63
Car13,46,33,26,3,2,2
Car14,212,271,185,28,24,15
Car15,27,37,29,24,17,26
Car2,2337,3027,2145,71,67,78
Car3,14,19,15,12,12,8
Car4,770,738,892,14,27,23
Car5a,7,3,2,0,3,2
Car5b,101,90,75,10,9,21
Car6,0,0,1,0,0,0
Car7,386,337,351,14,10,17
Car8,246,356,322,95,104,108
Car9,15,15,13,0,4,0
Card10,134,164,164,77,89,89
Card11,8,5,5,1,1,1
Card14,12,12,7,8,2,1
Card6,68,68,71,22,16,19
Card9,55,69,88,30,33,18
Carf,252,199,233,194,143,232
Carhsp1,319,365,311,589,558,456
Carkd,713,777,829,1073,1020,909
Carm1,1141,1248,1199,2164,1776,1770
Carns1,192,211,222,39,58,32
Cars,772,754,838,1084,1173,1044
Cars2,186,243,261,451,540,450
Cartpt,170,295,218,1,4,1
Casc1,19,22,27,16,15,13
Casc3,1355,1560,1539,2690,2502,2261
Casc4,2105,2182,1989,2456,2125,2465
Casc5,8,7,8,427,187,347
Casd1,1453,1421,1457,1227,984,1252
Cask,2163,2272,1911,4131,3800,4414
Caskin1,3909,5283,4188,3191,3010,2751
Caskin2,605,842,632,483,345,336
Casp1,39,23,38,6,4,5
Casp12,16,8,14,1,1,1
Casp14,0,0,0,0,0,0
Casp2,196,262,232,1322,1059,1245
Casp3,263,324,249,5508,6128,5669
Casp4,10,4,8,1,2,0
Casp6,75,73,56,219,178,177
Casp7,61,64,55,150,167,176
Casp8,52,59,64,55,41,30
Casp8ap2,419,360,376,1077,730,1097
Casp9,506,526,503,579,569,556
Casq1,18,22,43,88,74,59
Casq2,41,63,52,5,5,5
Casr,18,43,11,5,7,7
Cass4,4,19,12,3,8,6
Cast,127,95,104,47,28,32
Casz1,175,230,166,73,59,67
Cat,854,995,775,1062,1034,1050
Catsper1,0,0,0,0,0,0
Catsper2,109,93,93,119,138,162
Catsper3,0,4,4,4,0,1
Catsper4,0,0,1,0,1,0
Catsperb,0,0,0,0,0,0
Catsperg1,32,40,26,129,177,148
Catsperg2,11,20,17,54,73,62
Cav1,268,330,248,381,449,457
Cav2,637,526,502,64,90,85
Cav3,2,1,5,0,0,0
Cbara1,1927,1955,1931,1030,1037,956
Cbfa2t2,1403,1330,1341,2198,1997,2240
Cbfa2t2-ps1,105,108,92,185,131,143
Cbfa2t3,511,992,486,950,822,829
Cbfb,495,475,431,1167,998,1200
Cbl,747,710,731,1078,692,1057
Cblb,624,532,566,2015,1500,1983
Cblc,1,0,0,3,5,9
Cbll1,504,488,484,844,848,887
Cbln1,355,569,301,563,646,581
Cbln2,588,586,577,359,436,460
Cbln3,13,24,75,13,20,16
Cbln4,415,356,364,93,103,103
Cbr1,1240,1341,1044,1074,1099,979
Cbr2,10,23,23,0,1,0
Cbr3,158,223,202,12,12,17
Cbr4,220,175,205,157,156,151
Cbs,842,694,967,278,283,300
Cbwd1,221,179,195,155,176,180
Cbx1,634,684,665,2523,2348,2540
Cbx2,55,98,64,785,569,602
Cbx3,1734,1661,1687,3909,3873,4233
Cbx3-ps3,0,0,0,0,0,1
Cbx4,1222,1641,1063,715,663,667
Cbx5,5647,5382,5157,9977,8889,10677
Cbx6,9769,12186,10086,2125,2101,1788
Cbx6-Nptxr,0,0,0,0,0,0
Cbx7,1324,1062,1371,186,178,188
Cbx8,248,337,195,535,468,400
Cby1,691,731,661,665,751,563
Cby3,1,3,4,1,1,2
Cc2d1a,1190,1346,1164,1288,1381,1230
Cc2d1b,567,667,675,896,864,837
Cc2d2a,643,535,612,400,340,416
Ccar1,1105,1113,1120,2872,2684,2927
Ccbe1,213,152,228,764,852,989
Ccbl1,191,243,231,311,306,317
Ccbl2,118,84,101,40,23,32
Ccbp2,67,45,73,64,42,39
Ccdc101,197,206,251,362,358,316
Ccdc102a,45,45,40,83,68,65
Ccdc103,50,46,56,9,14,10
Ccdc104,1623,1649,1453,819,854,951
Ccdc105,6,15,16,14,10,6
Ccdc106,605,690,557,422,472,398
Ccdc107,332,354,290,247,254,227
Ccdc108,202,219,281,7,10,12
Ccdc109a,752,729,680,449,557,434
Ccdc109b,19,23,31,26,29,21
Ccdc11,15,14,17,9,11,6
Ccdc110,14,17,8,5,3,5
Ccdc111,79,79,72,184,166,203
Ccdc113,68,75,67,7,7,6
Ccdc114,76,86,80,51,51,26
Ccdc115,314,353,330,595,570,569
Ccdc116,53,42,57,94,101,99
Ccdc117,364,440,370,582,551,537
Ccdc12,334,429,398,344,371,321
Ccdc120,203,250,186,857,772,769
Ccdc121,6,5,9,0,0,2
Ccdc122,33,22,26,2,1,2
Ccdc123,362,414,451,753,726,631
Ccdc124,1775,2425,1893,1374,1532,1164
Ccdc125,63,44,56,33,42,30
Ccdc126,222,176,199,115,78,102
Ccdc127,1483,1314,1374,1062,1122,1270
Ccdc129,33,22,35,108,76,135
Ccdc13,73,150,108,36,56,40
Ccdc130,216,248,276,276,264,251
Ccdc132,1343,1157,1149,1024,1011,1175
Ccdc134,156,183,168,265,244,229
Ccdc135,150,152,127,12,11,11
Ccdc136,2798,3002,2507,1791,1606,1583
Ccdc137,400,475,426,406,405,366
Ccdc138,50,81,52,121,91,106
Ccdc14,67,60,65,230,182,217
Ccdc141,593,485,524,209,171,219
Ccdc142,141,142,159,238,222,197
Ccdc144b,1,0,0,1,0,0
Ccdc146,16,40,27,8,7,6
Ccdc147,18,8,12,13,4,6
Ccdc148,465,365,398,101,146,142
Ccdc15,40,41,36,108,63,116
Ccdc150,7,8,6,6,2,4
Ccdc151,128,136,156,110,86,88
Ccdc153,50,54,65,0,0,0
Ccdc154,2,1,1,0,0,1
Ccdc155,71,80,72,14,15,16
Ccdc157,759,826,828,491,436,399
Ccdc158,17,15,7,20,12,22
Ccdc159,165,190,223,170,216,176
Ccdc160,54,41,42,19,17,15
Ccdc162,35,26,26,3,3,4
Ccdc17,29,34,40,14,19,16
Ccdc18,36,30,18,81,56,118
Ccdc19,77,87,58,10,11,7
Ccdc21,311,478,353,399,374,403
Ccdc22,10,3,6,6,2,7
Ccdc23,134,142,139,855,937,768
Ccdc24,34,29,35,398,355,324
Ccdc25,915,974,1125,785,798,836
Ccdc27,8,11,22,0,0,1
Ccdc28a,323,361,306,47,34,55
Ccdc28b,367,537,411,828,845,682
Ccdc3,163,96,115,26,14,21
Ccdc30,365,317,345,245,231,223
Ccdc32,805,807,780,511,497,448
Ccdc33,13,21,13,5,1,6
Ccdc34,274,242,199,607,665,635
Ccdc36,12,13,6,24,27,34
Ccdc37,101,92,147,119,134,81
Ccdc38,31,24,21,42,36,84
Ccdc39,447,375,390,419,394,437
Ccdc40,71,80,65,419,332,312
Ccdc41,742,773,709,654,550,605
Ccdc42,22,36,23,4,7,2
Ccdc43,423,403,414,473,398,471
Ccdc44,258,267,221,143,154,164
Ccdc45,192,224,205,474,448,427
Ccdc46,68,61,70,175,118,140
Ccdc47,2506,2353,2435,1939,1945,1995
Ccdc48,86,82,86,19,20,14
Ccdc49,453,550,498,646,553,547
Ccdc50,1556,1289,1359,3609,3154,3937
Ccdc51,121,91,124,200,211,162
Ccdc52,255,289,306,332,319,323
Ccdc53,174,155,153,148,156,134
Ccdc54,0,0,0,0,0,0
Ccdc55,542,600,573,631,574,528
Ccdc56,903,1034,987,717,786,646
Ccdc57,204,211,263,337,324,300
Ccdc58,68,62,64,89,101,124
Ccdc59,630,543,522,661,766,724
Ccdc6,1847,1771,1673,1913,1961,1947
Ccdc60,22,33,17,9,11,6
Ccdc61,167,237,193,314,345,252
Ccdc63,5,2,8,3,1,2
Ccdc64,1292,1553,1363,940,996,913
Ccdc64b,0,2,0,2,3,2
Ccdc65,150,176,154,45,46,43
Ccdc66,368,302,328,481,421,507
Ccdc67,11,14,8,6,5,4
Ccdc68,1,1,4,0,2,3
Ccdc69,4,7,9,1,2,0
Ccdc7,0,1,0,0,0,0
Ccdc70,0,0,0,0,0,0
Ccdc71,480,530,542,626,557,517
Ccdc73,216,192,227,229,232,287
Ccdc74a,123,135,131,37,37,34
Ccdc75,379,380,367,316,379,303
Ccdc76,103,77,110,231,211,303
Ccdc77,103,121,121,193,185,205
Ccdc79,20,23,19,9,5,12
Ccdc80,163,214,199,460,454,390
Ccdc81,29,33,26,7,17,7
Ccdc82,0,0,0,0,0,0
Ccdc83,1,1,0,0,0,0
Ccdc84,116,112,151,247,257,258
Ccdc85a,1641,1601,1562,367,469,460
Ccdc86,169,199,122,181,149,177
Ccdc87,77,59,61,20,27,19
Ccdc88a,1828,1713,1459,3865,3044,4399
Ccdc88b,110,90,104,17,11,12
Ccdc88c,993,1160,1083,2710,2244,2182
Ccdc89,10,7,7,7,2,5
Ccdc9,1108,1336,1398,1375,1335,1151
Ccdc90a,208,228,222,101,84,99
Ccdc90b,216,187,195,409,406,391
Ccdc91,890,1028,933,570,617,607
Ccdc92,2185,2426,2200,673,636,594
Ccdc93,807,954,973,1393,1357,1346
Ccdc94,166,173,170,269,273,243
Ccdc96,80,66,60,67,61,68
Ccdc97,1301,1406,1334,1427,1314,1216
Ccdc99,13,8,4,121,63,91
Cchcr1,99,129,155,361,302,273
Ccin,1,0,2,3,3,6
Cck,5681,6577,5310,232,349,291
Cckar,11,25,14,4,4,1
Cckbr,816,1290,980,28,30,35
Ccl1,0,0,0,0,2,0
Ccl11,1,2,0,0,1,0
Ccl12,2,2,3,0,1,0
Ccl17,18,7,17,7,5,9
Ccl19,30,11,34,6,12,5
Ccl19-ps1,4,1,5,0,0,0
Ccl19-ps3,17,8,12,1,8,3
Ccl2,0,1,2,0,0,0
Ccl20,0,0,0,0,1,0
Ccl21a,15,13,27,15,15,14
Ccl21b,11,15,22,8,5,9
Ccl21c,11,15,22,8,5,9
Ccl22,9,2,6,0,0,0
Ccl24,1,0,4,1,0,0
Ccl25,67,66,100,109,92,100
Ccl26,0,0,0,0,0,1
Ccl27a,1831,2227,1917,1275,1423,1333
Ccl28,0,0,0,0,0,0
Ccl3,8,7,6,3,4,5
Ccl4,1,1,2,5,0,2
Ccl5,10,1,6,1,1,3
Ccl6,46,19,17,4,7,8
Ccl7,2,3,1,0,0,0
Ccl8,0,0,1,0,0,0
Ccl9,28,32,27,3,8,7
Ccm2,1009,1232,1185,950,948,793
Ccna1,13,15,15,30,22,18
Ccna2,34,38,29,804,519,680
Ccnb1,21,64,35,591,348,484
Ccnb2,14,26,12,329,242,272
Ccnb3,0,0,0,1,0,1
Ccnc,612,543,523,535,450,595
Ccnd1,1133,1264,1076,817,626,664
Ccnd2,502,564,416,2024,1302,1461
Ccnd3,483,383,406,431,353,323
Ccnd3-ps,46,34,46,48,52,45
Ccndbp1,905,899,999,953,1013,922
Ccne1,354,296,328,117,114,95
Ccne2,172,127,109,164,125,167
Ccnf,93,120,131,450,363,321
Ccng1,1826,1365,1517,548,523,657
Ccng2,972,807,913,2790,2261,2749
Ccnh,785,794,717,555,527,655
Ccni,5424,5226,4634,7550,6905,7141
Ccnj,255,279,231,795,758,819
Ccnjl,91,111,92,138,109,114
Ccnk,577,627,551,1093,1011,1093
Ccnl1,899,820,841,1347,1191,1506
Ccnl2,1581,1756,1901,3637,3256,3588
Ccno,35,36,49,8,3,6
Ccnt1,463,487,443,952,774,844
Ccnt2,1889,1702,2218,3162,2661,3289
Ccny,2564,2458,2515,1748,1605,1872
Ccnyl1,312,380,324,471,445,511
Ccpg1,158,163,159,81,91,93
Ccr1,3,3,2,0,2,6
Ccr10,9,23,13,1,3,1
Ccr1l1,0,1,0,0,0,0
Ccr2,22,5,18,0,0,1
Ccr3,0,0,0,0,0,0
Ccr4,1,1,0,0,0,0
Ccr5,65,97,82,7,6,10
Ccr6,0,1,7,0,0,0
Ccr7,2,0,5,0,1,0
Ccr8,0,0,0,0,0,0
Ccr9,3,1,5,2,2,2
Ccrl1,13,11,10,5,14,9
Ccrl2,23,11,16,9,5,6
Ccrn4l,1013,913,891,628,622,726
Ccs,320,369,354,278,279,242
Cct2,2829,2674,2565,5472,5373,5350
Cct3,1611,1775,1799,4168,4206,3678
Cct4,1461,1409,1305,3543,3380,3968
Cct5,2712,3005,3177,6129,6320,5722
Cct6a,1992,2057,1972,4043,3883,4068
Cct6b,3,2,1,4,2,2
Cct7,2723,2893,3090,5625,5549,4883
Cct8,3402,3323,3143,5040,4996,5259
Cct8l1,5,2,6,6,6,7
Cd109,64,48,45,33,23,30
Cd14,64,33,58,4,3,2
Cd151,428,571,471,681,601,526
Cd160,24,26,21,15,23,18
Cd163,111,63,102,0,1,1
Cd163l1,32,3,11,0,0,0
Cd164,1567,1214,1206,809,682,817
Cd164l2,57,64,77,3,5,3
Cd177,2,0,2,1,0,2
Cd180,22,25,32,11,4,7
Cd19,0,0,3,0,0,0
Cd1d1,18,26,21,560,497,547
Cd1d2,3,8,6,126,109,120
Cd2,1,2,1,3,2,3
Cd200,1774,1795,1484,2398,2860,2854
Cd200r1,4,6,6,1,0,0
Cd200r2,0,2,0,0,0,0
Cd200r3,0,0,0,0,0,0
Cd200r4,3,2,2,0,0,0
Cd207,0,0,0,0,0,0
Cd209a,4,1,5,0,0,0
Cd209b,1,2,2,0,0,0
Cd209c,8,6,3,3,1,3
Cd209d,0,1,0,0,0,0
Cd209e,0,0,0,0,0,0
Cd209f,0,10,1,0,0,0
Cd209g,0,2,0,0,0,0
Cd22,10,3,12,0,0,0
Cd226,8,1,3,3,1,6
Cd244,0,0,3,0,0,0
Cd247,6,3,2,13,7,9
Cd248,116,90,106,152,125,118
Cd24a,231,249,136,18030,17128,20921
Cd27,16,8,17,4,6,7
Cd274,47,48,62,52,64,59
Cd276,178,250,230,1328,1183,1217
Cd28,14,5,6,2,2,1
Cd2ap,607,413,515,575,508,689
Cd2bp2,933,949,919,1216,1144,960
Cd300a,23,38,32,15,11,12
Cd300c,0,0,0,0,0,0
Cd300d,52,45,81,1,7,5
Cd300e,5,1,2,0,0,0
Cd300lb,0,3,0,0,2,0
Cd300ld,2,4,3,0,0,0
Cd300lf,9,9,14,0,0,1
Cd300lg,7,9,1,3,1,2
Cd302,215,219,272,44,35,37
Cd320,138,197,171,201,185,179
Cd33,71,100,74,17,13,8
Cd34,1142,963,1254,234,256,297
Cd36,24,23,12,1,3,3
Cd37,106,94,96,16,11,10
Cd38,116,90,94,11,8,11
Cd3d,1,0,1,0,1,0
Cd3e,1,1,4,0,0,0
Cd3eap,298,316,250,249,259,214
Cd3g,6,0,1,0,0,0
Cd4,213,295,349,7,2,4
Cd40,1,8,10,33,23,29
Cd40lg,0,0,0,0,0,0
Cd44,116,127,82,44,44,48
Cd46,54,55,65,68,84,87
Cd47,3870,3165,3251,1434,1408,1699
Cd48,22,6,21,1,1,1
Cd5,3,1,0,0,2,0
Cd52,49,15,29,2,5,3
Cd53,94,82,98,16,8,14
Cd55,149,121,108,45,54,31
Cd59a,176,316,167,20,28,12
Cd59b,33,33,34,6,7,7
Cd5l,1,0,1,1,1,1
Cd6,20,50,33,1,1,0
Cd63,260,376,307,139,124,108
Cd68,148,188,180,79,80,82
Cd69,1,1,0,1,0,0
Cd7,16,12,24,0,1,0
Cd70,2,0,0,1,1,0
Cd72,22,23,22,29,32,18
Cd74,279,61,258,1,3,3
Cd79a,5,3,7,6,4,2
Cd79b,7,9,7,3,4,1
Cd80,4,5,1,4,1,5
Cd81,5965,6807,6025,1815,1798,1731
Cd82,434,665,523,146,171,126
Cd83,332,336,255,57,61,57
Cd84,84,50,81,8,10,10
Cd86,55,44,44,6,6,7
Cd8a,0,0,0,0,0,1
Cd8b1,0,0,0,1,0,0
Cd9,465,619,329,281,241,279
Cd93,198,310,200,592,520,629
Cd96,0,3,1,0,1,0
Cd97,249,232,199,230,196,191
Cd99l2,1903,2099,2109,2200,2390,2281
Cda,20,26,17,1,2,1
Cdadc1,1184,1133,1073,543,460,508
Cdan1,441,448,413,639,597,620
Cdc123,1298,1305,1429,1618,1700,1463
Cdc14a,114,95,79,177,106,126
Cdc14b,99,76,96,29,25,15
Cdc16,914,910,877,1889,1848,2004
Cdc20,27,27,18,549,357,358
Cdc23,874,904,917,2121,2028,2022
Cdc25a,121,137,141,638,542,547
Cdc25b,280,307,370,716,527,551
Cdc25c,4,7,6,143,115,114
Cdc26,517,476,495,1196,1314,1107
Cdc27,1600,1255,1319,1922,1386,2030
Cdc2a,5,9,7,549,342,361
Cdc2l1,1689,2124,2056,2398,2519,2010
Cdc34,668,880,618,447,403,388
Cdc34-ps,319,409,350,255,225,206
Cdc37,3049,3829,3519,3418,3436,2581
Cdc37l1,1653,1226,1227,908,668,860
Cdc40,983,784,1096,867,661,768
Cdc42,4023,3866,3899,5031,5149,5428
Cdc42bpa,9295,8020,8469,4560,4275,4863
Cdc42bpb,3785,4449,3883,4339,3833,3967
Cdc42bpg,199,247,198,357,293,277
Cdc42ep1,355,424,317,98,116,82
Cdc42ep2,206,305,221,199,237,191
Cdc42ep3,299,229,237,438,424,517
Cdc42ep4,639,738,545,2018,1769,1731
Cdc42ep5,18,17,16,8,10,4
Cdc42se1,1263,1257,1229,1294,1131,943
Cdc42se2,3310,3101,3140,2386,1906,2226
Cdc45l,37,30,35,228,175,179
Cdc5l,803,811,872,1273,1270,1217
Cdc6,5,14,8,115,82,96
Cdc7,299,320,332,1119,1017,1206
Cdc73,1413,1063,1169,1193,964,1225
Cdca2,10,12,6,367,248,278
Cdca3,16,24,14,507,349,302
Cdca4,142,163,110,648,473,502
Cdca5,3,3,5,129,130,116
Cdca7,34,56,53,687,448,473
Cdca7l,20,14,20,84,57,88
Cdca8,36,34,27,540,401,391
Cdcp1,6,10,12,2,2,4
Cdcp2,0,0,1,0,0,3
Cdgap,911,791,957,295,305,305
Cdh1,69,56,41,5,1,2
Cdh10,1075,856,900,760,830,967
Cdh11,1491,1461,1303,1611,1503,1815
Cdh12,347,250,281,337,316,434
Cdh13,1815,2222,1936,2964,3150,3177
Cdh15,48,66,46,38,35,31
Cdh16,1,0,0,0,0,0
Cdh17,0,1,1,0,0,0
Cdh18,280,264,262,56,61,69
Cdh19,345,201,351,4,1,5
Cdh2,3322,3223,2973,11261,9184,10626
Cdh20,443,490,433,90,101,146
Cdh22,1066,1223,1247,209,207,177
Cdh23,50,52,54,66,56,63
Cdh24,178,228,224,752,601,593
Cdh26,8,8,13,0,2,0
Cdh29,16,7,11,5,6,2
Cdh3,19,17,21,2,1,0
Cdh4,641,664,732,4177,3511,3517
Cdh5,334,410,357,397,275,349
Cdh6,346,298,294,389,304,432
Cdh7,489,429,497,282,251,328
Cdh8,1203,1089,1027,1581,1341,1709
Cdh9,372,383,361,89,115,179
Cdhr1,167,159,164,41,78,79
Cdhr3,52,46,50,3,5,5
Cdhr4,15,12,17,1,4,2
Cdhr5,0,1,0,1,1,0
Cdipt,2406,2384,2202,789,827,887
Cdk10,793,858,1018,713,746,643
Cdk13,1383,1275,1215,1858,1627,1954
Cdk17,4496,3889,4262,2146,1987,2216
Cdk18,733,881,731,16,24,18
Cdk19,2192,2067,2197,2967,2643,3127
Cdk2,28,28,28,227,144,157
Cdk20,139,177,166,321,350,293
Cdk2ap1,1020,1266,1143,3019,2425,2572
Cdk2ap2,245,231,228,181,178,166
Cdk3,24,23,23,38,36,45
Cdk4,592,526,516,4792,3961,3997
Cdk5,2036,2112,2248,1523,1625,1489
Cdk5r1,7130,6717,6016,10943,8922,10081
Cdk5r2,5407,7268,5686,689,799,577
Cdk5rap1,156,158,165,178,186,205
Cdk5rap2,994,1291,922,3068,2465,2809
Cdk5rap3,565,637,567,1259,1174,1045
Cdk6,28,23,20,297,173,273
Cdk7,361,281,298,298,265,267
Cdk8,429,472,450,818,646,806
Cdk9,1715,1836,1898,1556,1502,1424
Cdkal1,227,197,189,195,208,232
Cdkl1,212,206,175,62,90,96
Cdkl2,827,695,662,210,362,334
Cdkl3,237,229,208,449,406,457
Cdkl4,330,263,303,31,30,51
Cdkl5,1425,1231,1125,539,426,566
Cdkn1a,660,449,668,220,186,215
Cdkn1b,881,782,636,2251,1816,2018
Cdkn1c,207,291,145,1315,1568,1286
Cdkn2a,1,3,1,3,0,1
Cdkn2aip,344,356,299,637,477,680
Cdkn2aipnl,804,650,721,1048,1026,1014
Cdkn2b,11,14,5,4,2,4
Cdkn2c,38,47,54,287,205,200
Cdkn2d,651,702,706,431,441,356
Cdkn3,2,9,8,38,24,29
Cdnf,39,41,46,10,7,14
Cdo1,548,519,537,666,677,564
Cdon,230,246,219,2087,1219,1664
Cdr2,400,481,388,378,324,301
Cdr2l,658,727,579,1272,1056,1117
Cdrt4,1,1,2,2,1,3
Cds1,2109,2159,2277,173,224,208
Cds2,15646,15480,15844,4487,4239,4322
Cdsn,29,33,34,1,0,1
Cdt1,28,35,27,206,136,141
Cdv3,1583,1764,1420,2466,2418,2661
Cdx1,1,0,0,0,0,0
Cdx2,0,0,0,0,0,0
Cdx4,0,0,0,0,0,0
Cdyl,162,143,152,120,98,109
Cdyl2,182,194,149,96,72,74
Ceacam1,98,74,87,13,17,18
Ceacam10,4,2,6,0,0,0
Ceacam11,0,0,0,0,0,0
Ceacam12,0,0,0,0,0,0
Ceacam13,0,0,0,0,0,0
Ceacam14,0,0,0,0,0,0
Ceacam15,0,0,0,0,0,0
Ceacam16,11,24,7,34,53,44
Ceacam18,0,0,0,1,0,0
Ceacam19,0,0,0,0,0,0
Ceacam2,40,27,41,10,13,16
Ceacam20,0,0,0,0,0,0
Ceacam3,2,0,0,1,2,0
Ceacam5,0,0,0,0,0,0
Ceacam9,2,7,1,0,0,1
Cebpa,219,229,227,26,27,9
Cebpb,118,122,114,5,5,8
Cebpe,0,1,3,1,0,3
Cebpg,888,799,727,1207,1114,1106
Cebpz,940,886,865,1240,1340,1389
Cecr2,138,146,151,650,385,480
Cecr5,560,628,713,404,425,381
Cel,0,1,0,0,2,4
Cela1,32,47,37,0,0,0
Cela2a,0,0,0,0,0,0
Cela3b,0,0,0,0,0,0
Celf3,2361,2980,2354,5840,5351,4801
Celf4,8579,9985,7748,4689,4329,4516
Celsr1,221,241,240,3378,1892,2455
Celsr2,7181,7861,6683,7678,5442,6544
Celsr3,2531,2755,3255,9471,7501,8218
Cend1,6586,7684,7009,1159,1274,1007
Cenpa,45,54,29,373,310,323
Cenpb,4233,5257,4385,5318,5193,4781
Cenpc1,399,320,327,852,726,857
Cenpe,49,46,54,841,602,698
Cenpf,29,65,42,1775,1175,1426
Cenph,20,15,13,133,78,91
Cenpi,6,14,3,123,67,100
Cenpj,81,86,84,586,485,545
Cenpk,12,10,9,75,52,79
Cenpl,32,23,23,157,139,158
Cenpm,23,29,29,111,87,93
Cenpn,21,16,17,146,107,135
Cenpo,90,89,106,214,165,190
Cenpp,29,27,27,50,42,54
Cenpq,66,65,32,172,148,153
Cenpt,183,252,217,824,756,684
Cenpv,342,410,336,1178,1124,1210
Cep110,395,461,452,1352,1047,1050
Cep120,1301,1353,1095,1887,1777,1793
Cep135,266,263,293,490,362,436
Cep152,124,107,122,317,246,264
Cep164,443,506,487,911,807,743
Cep170,1972,1980,1649,10974,8513,12326
Cep192,136,148,155,748,549,765
Cep250,1450,1487,1464,2499,2280,2078
Cep290,590,417,488,411,348,514
Cep350,1572,1459,1421,2223,1734,2296
Cep55,10,4,6,229,123,181
Cep57,381,342,316,679,605,780
Cep63,701,733,787,742,749,825
Cep68,689,576,623,1030,825,999
Cep70,415,336,398,775,687,864
Cep72,36,19,31,181,166,174
Cep76,174,141,145,258,171,234
Cep78,201,244,183,555,520,555
Cep97,642,600,593,1259,887,1133
Cept1,597,655,572,351,371,412
Cer1,2,5,2,2,1,0
Cercam,113,157,147,119,105,95
Cerk,1927,2001,1774,1014,887,909
Cerkl,26,17,36,9,5,7
Ces1,0,1,0,0,0,0
Ces2,1,0,0,0,0,0
Ces3,5,3,3,0,0,0
Ces5,0,0,0,0,0,0
Ces6,0,0,0,0,0,0
Ces7,13,5,5,11,4,7
Ces8,0,1,2,2,2,0
Cetn1,0,0,0,0,0,0
Cetn2,643,572,542,433,477,457
Cetn3,828,732,781,1681,1877,1949
Cetn4,135,122,96,16,25,12
Cfb,5,10,10,15,11,10
Cfc1,1,0,0,0,0,1
Cfd,1,0,0,0,0,0
Cfdp1,1543,1704,1660,1999,2338,2086
Cfh,899,599,718,32,16,33
Cfhr1,0,0,0,0,0,0
Cfhr2,74,48,37,1,0,2
Cfi,0,0,1,1,4,3
Cfl1,11160,12783,11590,15885,17425,14874
Cfl2,1020,896,758,1601,1402,1939
Cflar,589,448,519,321,254,318
Cfp,175,219,210,363,340,304
Cftr,51,35,32,17,17,12
Cga,0,1,0,0,0,0
Cggbp1,1491,1396,1220,1957,1533,2197
Cgn,130,186,148,341,394,348
Cgnl1,777,855,703,218,210,228
Cgref1,386,421,380,182,240,194
Cgrrf1,409,461,378,67,56,51
Ch25h,14,5,11,1,1,2
Chac1,97,96,131,50,30,52
Chac2,146,114,100,74,88,84
Chad,6,8,13,4,7,4
Chadl,28,50,20,7,4,2
Chaf1a,111,118,117,657,476,435
Chaf1b,9,7,6,341,293,292
Chat,63,97,85,10,2,5
Chchd1,348,292,309,458,504,514
Chchd10,2369,2534,1888,56,46,76
Chchd2,2525,3034,2736,2289,2269,2496
Chchd3,940,960,907,871,872,829
Chchd4,554,619,604,389,410,379
Chchd5,145,133,124,156,166,132
Chchd6,1019,1186,1047,986,1019,843
Chchd7,383,354,385,233,240,237
Chchd8,53,90,66,81,94,68
Chd1,639,571,514,1185,906,1132
Chd1l,222,222,204,115,113,105
Chd2,312,305,274,541,401,442
Chd3,19455,23306,20858,29331,27130,25109
Chd4,6330,7088,6337,12114,10102,10141
Chd5,9236,10860,9517,6464,6382,5949
Chd6,2657,2340,2273,3665,3181,3381
Chd7,491,518,454,1721,1066,1190
Chd8,2492,2523,2724,4829,4354,4686
Chd9,1778,1775,1805,2753,2206,2499
Chdh,233,137,167,25,29,26
Chek1,37,33,17,130,89,137
Chek2,21,31,19,79,64,87
Cherp,1298,1498,1265,2170,1796,1824
Chfr,589,685,657,1637,1542,1659
Chga,3807,5021,4037,1703,1642,1396
Chgb,13321,15395,15583,1579,1878,1455
Chi3l1,146,180,153,23,28,16
Chi3l3,11,0,3,0,0,1
Chi3l4,4,0,0,0,0,0
Chia,31,31,36,4,7,5
Chic1,904,738,771,421,287,480
Chic2,318,293,262,554,499,538
Chid1,1143,1225,1277,749,780,693
Chit1,1,0,5,2,2,0
Chka,1553,1383,1531,1558,1454,1634
Chkb,359,377,393,691,666,635
Chl1,4309,3999,3431,13040,14279,17917
Chm,1256,923,912,491,370,621
Chml,127,111,88,67,50,100
Chmp1a,1482,1537,1683,1852,1868,1637
Chmp2a,1098,1173,1126,1007,1028,810
Chmp2b,980,984,864,589,643,726
Chmp4b,3835,4289,3655,2363,2346,2186
Chmp4c,5,4,3,1,2,1
Chmp5,1319,1369,1417,1369,1276,1336
Chmp6,569,641,547,553,591,478
Chmp7,1894,2020,1868,2898,2821,2637
Chn1,17502,15183,17920,2626,2550,2610
Chn2,841,1124,809,813,669,765
Chodl,37,35,17,106,95,122
Chordc1,1206,1161,1031,1097,996,1212
Chpf,1600,1894,1475,797,829,803
Chpf2,970,938,1073,725,677,656
Chpt1,1234,997,936,153,129,188
Chrac1,314,292,327,311,301,265
Chrd,719,716,939,278,275,294
Chrdl1,271,300,289,47,49,61
Chrdl2,6,5,7,2,2,2
Chrm1,3600,3600,3544,255,346,339
Chrm2,125,159,161,42,30,37
Chrm3,804,864,945,96,88,108
Chrm4,423,670,490,24,22,35
Chrm5,21,24,16,7,10,11
Chrna1,21,13,21,2,3,2
Chrna10,3,8,10,1,1,0
Chrna2,19,18,17,9,8,7
Chrna3,40,37,45,53,87,83
Chrna4,1273,1411,1201,366,448,376
Chrna5,31,31,25,42,43,42
Chrna6,26,28,9,1,1,2
Chrna7,328,360,273,434,274,443
Chrna9,0,1,1,0,0,0
Chrnb1,60,45,59,39,51,54
Chrnb2,1579,1761,1640,2349,2226,2090
Chrnb3,39,39,38,0,0,0
Chrnb4,13,9,31,8,6,11
Chrnd,0,0,0,1,0,0
Chrne,4,3,2,3,2,3
Chrng,2,0,0,0,2,1
Chst1,5200,5785,5973,783,849,730
Chst10,1320,1444,1355,1404,1435,1325
Chst11,1549,1605,1443,825,812,883
Chst12,443,470,329,225,239,187
Chst14,40,38,29,61,48,52
Chst15,884,857,991,885,821,830
Chst2,2354,2582,2031,802,775,727
Chst3,74,147,92,147,118,126
Chst4,2,2,0,0,0,0
Chst5,22,30,13,32,17,15
Chst7,47,42,35,37,31,40
Chst8,349,342,257,107,124,87
Chst9,17,10,14,2,6,7
Chsy1,372,392,310,900,812,857
Chsy3,251,283,239,87,85,100
Chtf18,39,45,36,206,170,143
Chtf8,1354,1237,1025,1912,1850,1716
Chuk,778,850,919,1423,1219,1637
Churc1,155,170,184,138,153,157
Ciao1,1214,1090,1081,884,823,917
Ciapin1,1089,1303,1255,1358,1211,1185
Cib1,227,216,186,133,171,124
Cib2,399,438,417,492,537,512
Cib3,0,0,0,0,0,0
Cib4,0,0,0,0,0,0
Cic,4516,5292,4289,6359,5588,5393
Cidea,67,74,74,18,24,18
Cideb,85,103,102,67,66,56
Cidec,1,0,0,1,0,0
Ciita,44,49,51,45,50,55
Cilp,6,2,3,9,11,12
Cilp2,41,48,20,90,88,101
Cinp,735,738,797,506,492,496
Cir1,545,549,580,535,621,589
Cirbp,1326,1306,1234,3767,3625,3097
Cirh1a,538,548,624,636,591,558
Cisd1,1127,1164,1184,839,790,790
Cisd2,1051,1086,1172,1002,981,1085
Cisd3,233,293,262,51,56,47
Cish,151,149,133,185,190,189
Cit,6037,6182,5010,654,514,550
Cited1,58,57,49,25,32,22
Cited2,630,626,463,996,786,855
Cited4,131,115,137,4,4,7
Ciz1,972,1155,1191,1966,1694,1495
Ckap2,7,22,14,434,324,387
Ckap2l,14,20,12,581,332,390
Ckap4,581,641,437,1169,1076,1008
Ckap5,3884,3697,3587,6087,5714,6178
Ckb,23469,29354,24873,7383,6812,6017
Cklf,22,23,35,104,116,76
Ckm,1,6,4,1,1,2
Ckmt1,4442,4793,4922,388,499,415
Ckmt2,4,2,6,4,0,2
Cks1b,26,34,18,364,275,274
Cks2,14,14,13,169,107,122
Clasp1,2946,2934,2863,7704,6281,6857
Clasp2,6644,6542,5730,7738,6699,8630
Clca1,9,12,5,12,15,17
Clca2,7,9,7,3,8,3
Clca3,0,1,0,0,0,0
Clca4,0,3,1,0,0,0
Clca5,0,0,0,0,0,0
Clca6,0,1,0,0,0,0
Clcc1,427,384,423,448,357,387
Clcf1,28,24,25,20,31,24
Clcn1,39,42,54,181,148,171
Clcn2,1165,1142,1349,656,601,579
Clcn3,4596,4459,4308,2885,2349,3242
Clcn4-2,4501,4285,4219,4510,4396,4808
Clcn5,389,389,328,643,484,596
Clcn6,2352,2634,2596,3060,3056,2804
Clcn7,1109,1129,1161,1016,968,954
Clcnka,1,1,2,0,1,0
Clcnkb,0,0,0,0,0,0
Cldn1,90,67,59,41,81,76
Cldn10a,469,410,450,9,9,16
Cldn11,3970,5450,3111,6,5,3
Cldn12,946,1093,876,382,338,365
Cldn13,0,0,3,1,0,0
Cldn14,26,42,20,0,0,1
Cldn15,1,1,0,9,6,11
Cldn16,0,0,1,0,0,0
Cldn17,1,1,0,0,0,0
Cldn18,0,2,1,0,0,0
Cldn19,10,18,10,18,7,11
Cldn2,81,93,102,2,1,1
Cldn22,24,27,27,0,3,1
Cldn23,5,10,5,7,6,3
Cldn3,10,8,13,107,94,104
Cldn4,0,0,0,0,0,1
Cldn5,633,988,749,781,742,637
Cldn6,1,1,0,2,1,1
Cldn7,1,2,2,2,3,2
Cldn8,4,0,1,0,0,0
Cldn9,5,3,3,0,2,0
Cldnd1,1346,1314,1133,965,895,975
Cldnd2,2,0,0,2,0,1
Clec11a,102,122,73,30,38,28
Clec12a,16,11,13,1,0,0
Clec12b,0,0,2,0,0,1
Clec14a,52,41,69,46,24,31
Clec16a,2418,2506,2856,1896,1723,1696
Clec18a,99,49,107,13,11,11
Clec1a,12,12,14,11,5,6
Clec1b,1,0,4,5,3,3
Clec2d,83,43,54,9,4,5
Clec2e,0,0,0,0,0,0
Clec2f,0,0,0,0,0,0
Clec2g,1,0,0,0,0,0
Clec2h,0,1,0,0,0,0
Clec2i,0,1,2,0,0,0
Clec2l,430,602,420,202,258,221
Clec3a,1,0,0,0,0,0
Clec3b,74,48,54,19,12,18
Clec4a1,11,1,9,1,2,1
Clec4a2,9,13,9,2,3,0
Clec4a3,15,21,17,1,1,2
Clec4a4,0,1,1,0,0,0
Clec4b1,0,1,1,0,0,0
Clec4b2,0,0,0,0,0,0
Clec4d,2,0,0,0,0,1
Clec4e,0,0,1,2,0,0
Clec4f,0,2,0,0,0,1
Clec4g,0,2,1,0,2,1
Clec4n,2,1,6,0,0,0
Clec5a,45,45,34,1,4,4
Clec7a,14,4,6,3,1,2
Clec9a,4,5,4,3,1,2
Clgn,295,318,316,227,218,228
Clic1,146,147,142,449,314,307
Clic3,20,35,30,93,90,82
Clic4,2139,2486,1723,2202,1471,1841
Clic5,247,195,249,20,18,36
Clic6,748,608,531,9,10,11
Clint1,1526,1651,1496,1545,1165,1393
Clip1,3814,3563,3567,4008,3845,3732
Clip2,4115,5383,4060,6780,7138,6180
Clip3,11732,12335,11055,10942,10190,9415
Clip4,922,820,835,231,187,214
Clk1,2465,2454,2527,3362,2995,3690
Clk2,707,808,814,1229,1228,1116
Clk3,600,801,745,1104,1046,1018
Clk4,1394,1371,1611,2110,2011,2381
Clm3,10,16,15,0,2,0
Clmn,3892,3212,3189,238,216,221
Cln3,194,214,230,322,294,264
Cln5,217,225,226,77,68,69
Cln6,202,224,219,102,114,89
Cln8,663,676,533,582,524,566
Clnk,7,11,12,1,0,2
Clns1a,895,1005,1008,1185,1185,1249
Clock,2190,2106,2179,1095,912,1181
Clp1,121,152,133,258,233,191
Clpb,960,1069,998,649,606,649
Clpp,731,905,837,890,790,668
Clps,0,0,0,0,2,1
Clptm1,3341,4199,3596,1836,1797,1651
Clptm1l,1695,1868,1871,1548,1516,1466
Clpx,684,589,638,607,616,542
Clrn1,17,13,18,11,11,11
Clrn2,3,1,2,0,1,1
Clrn3,0,1,0,0,0,0
Clspn,52,68,61,386,271,314
Clstn1,38718,42352,39032,12136,11914,11424
Clstn2,2406,2480,2564,3583,2954,3576
Clstn3,10044,11753,11722,2544,2738,2304
Clta,3514,3911,3311,3409,3737,2963
Cltb,4035,5052,4233,2115,2240,1942
Cltc,14839,13510,13684,8591,7650,10353
Clu,18051,17498,17224,588,597,566
Cluap1,574,600,616,815,912,768
Clybl,277,297,310,35,32,32
Cma1,2,0,5,0,0,0
Cma2,0,0,0,0,0,1
Cmah,1,1,1,0,0,1
Cmas,2072,2120,1820,1770,1883,1828
Cmbl,160,194,167,12,8,9
Cmc1,119,110,97,137,131,142
Cmklr1,90,104,105,49,27,19
Cml1,168,162,178,45,40,46
Cml2,30,42,25,10,16,8
Cml3,91,112,132,0,0,1
Cml4,36,45,35,5,3,2
Cml5,16,21,23,0,0,0
Cmpk1,958,1019,835,1224,1266,1509
Cmpk2,609,608,571,271,253,267
Cmtm1,2,2,0,7,2,3
Cmtm2a,0,0,0,0,0,1
Cmtm2b,0,0,0,1,1,2
Cmtm3,234,135,200,219,217,226
Cmtm4,585,640,544,277,170,261
Cmtm5,452,685,476,18,12,12
Cmtm6,611,678,600,484,396,400
Cmtm7,20,35,25,17,8,15
Cmtm8,19,19,16,15,10,10
Cmya5,217,219,258,57,61,76
Cnbd1,0,0,0,0,0,0
Cnbp,4081,3808,4213,3513,3274,3451
Cndp1,20,11,9,0,0,1
Cndp2,951,1020,1108,793,847,718
Cnfn,1,0,2,2,1,1
Cnga1,0,0,0,0,0,0
Cnga2,14,8,8,6,10,8
Cnga3,5,6,3,3,4,3
Cnga4,25,31,34,7,1,2
Cngb1,10,20,8,6,3,2
Cngb3,5,0,2,0,0,1
Cnih,1207,1011,897,685,672,780
Cnih2,3646,3859,3197,3409,3147,3025
Cnih3,1359,1410,1276,1007,1034,901
Cnih4,800,780,878,755,729,691
Cnksr1,2,3,3,4,3,3
Cnksr2,8349,6567,7104,1315,1280,1579
Cnksr3,191,294,176,56,47,66
Cnn1,5,9,11,1,3,1
Cnn2,112,124,111,93,98,76
Cnn3,1063,1086,889,3679,2901,3114
Cnnm1,1694,1549,1482,134,129,102
Cnnm2,688,659,646,190,166,209
Cnnm3,146,197,176,228,194,221
Cnnm4,316,429,321,254,275,244
Cno,137,166,126,128,100,115
Cnot1,2519,2447,2646,5139,4600,5286
Cnot10,1022,1134,1229,1326,1351,1351
Cnot2,1254,1165,1258,2272,2148,2243
Cnot3,717,755,755,1587,1383,1262
Cnot4,625,497,440,535,476,645
Cnot6,1450,1364,1193,3997,2995,4477
Cnot6l,1376,1236,1189,1267,1069,1363
Cnot7,1881,1681,1724,3490,3101,3898
Cnot8,805,906,877,1384,1334,1303
Cnp,6750,13017,6722,310,300,242
Cnpy1,3,6,11,8,6,16
Cnpy2,608,559,569,718,714,636
Cnpy3,1264,1528,1534,836,901,705
Cnpy4,212,268,243,553,475,473
Cnr1,4049,4177,3870,7103,5802,8105
Cnr2,16,9,16,1,3,2
Cnrip1,1186,1231,1079,1313,1364,1370
Cnst,1350,1411,1394,1527,1289,1352
Cntd1,29,14,38,31,37,49
Cntf,3,8,5,6,4,4
Cntfr,1739,1786,1628,830,634,601
Cntln,295,359,324,460,419,498
Cntn1,10950,10688,9686,1895,2029,2439
Cntn2,3988,4486,3824,21768,18674,20149
Cntn3,652,537,698,195,253,294
Cntn4,1227,972,995,88,88,133
Cntn5,130,145,138,191,204,235
Cntn6,441,453,341,170,298,268
Cntnap1,6051,6953,6806,57,74,68
Cntnap2,2294,2337,2298,1386,1232,1341
Cntnap3,194,234,195,215,198,275
Cntnap4,602,645,532,625,669,749
Cntnap5a,763,746,609,200,206,291
Cntnap5b,276,300,292,168,131,224
Cntnap5c,163,129,165,157,151,166
Cntrob,399,409,449,1297,1024,1054
Coasy,419,479,489,578,610,490
Cobl,2152,2185,2248,446,447,473
Cobll1,269,295,250,141,89,144
Cobra1,414,500,470,569,562,532
Coch,775,698,641,92,113,119
Cog1,954,1111,1049,986,926,862
Cog2,585,653,597,802,691,702
Cog3,673,671,738,945,838,1009
Cog4,1042,1138,1176,1011,1093,917
Cog5,479,435,440,390,331,405
Cog6,861,852,851,986,995,1096
Cog7,1234,1333,1196,502,460,451
Cog8,470,478,429,555,481,455
Coil,439,476,438,697,630,612
Col10a1,14,9,4,2,0,1
Col11a1,330,300,385,708,597,722
Col11a2,420,692,396,248,246,214
Col12a1,274,363,287,545,344,483
Col13a1,23,23,26,2,0,2
Col14a1,40,50,36,14,21,31
Col15a1,97,153,113,263,348,331
Col16a1,402,450,415,113,95,91
Col17a1,18,18,20,5,3,2
Col18a1,179,205,128,290,212,230
Col19a1,410,364,451,121,102,135
Col1a1,409,404,435,17,16,23
Col1a2,559,511,493,53,45,50
Col20a1,79,73,126,24,16,22
Col22a1,54,54,56,288,193,210
Col23a1,329,382,309,180,184,175
Col24a1,113,108,165,23,23,14
Col25a1,1493,1385,1100,209,136,248
Col27a1,129,165,139,63,49,39
Col28a1,12,23,18,19,24,24
Col2a1,18,28,15,463,239,283
Col3a1,117,139,119,57,41,61
Col4a1,1132,1655,1210,2775,2359,2536
Col4a2,1353,1869,1533,2092,1901,1997
Col4a3,33,29,38,6,7,9
Col4a3bp,1440,1320,1259,667,568,734
Col4a4,40,15,21,12,12,15
Col4a5,99,87,72,144,97,109
Col4a6,39,44,40,37,37,44
Col5a1,630,586,717,173,145,141
Col5a2,116,107,102,339,190,254
Col5a3,89,53,71,14,19,14
Col6a1,5,4,2,0,0,0
Col6a2,398,445,362,40,35,36
Col6a3,105,153,87,50,41,48
Col6a6,2,5,2,2,0,2
Col7a1,55,41,78,61,55,53
Col8a1,290,174,223,12,10,11
Col8a2,195,133,117,0,1,3
Col9a1,13,10,11,17,16,11
Col9a2,176,202,153,93,83,76
Col9a3,410,565,373,609,648,601
Colec10,3,0,2,0,0,0
Colec11,14,16,13,14,11,6
Colec12,252,189,197,24,13,21
Colq,10,26,19,1,1,0
Commd1,507,521,476,379,402,392
Commd10,355,410,336,298,327,313
Commd2,252,264,212,429,443,443
Commd3,875,761,751,1210,1347,1396
Commd4,535,611,559,778,752,670
Commd5,232,226,223,151,162,145
Commd6,285,280,312,242,234,220
Commd7,408,485,407,766,861,741
Commd8,731,640,622,442,447,562
Commd9,423,447,400,548,521,485
Comp,10,10,5,2,2,2
Comt1,1315,1489,1479,721,675,707
Comtd1,162,200,142,147,149,153
Copa,4731,4948,5227,7161,7183,6932
Copb1,1299,1301,1178,1871,1758,2147
Copb2,2196,2131,2163,2816,3032,3076
Cope,1713,2110,2184,1888,1781,1431
Copg,6564,7132,7856,4379,4488,4002
Copg2,2200,2181,1989,2699,2438,2722
Cops2,2061,1603,1540,1355,1304,1550
Cops3,915,882,840,1170,1084,1300
Cops4,1172,1180,1184,1420,1389,1437
Cops5,1253,1249,1248,1528,1533,1560
Cops6,1628,1972,1989,1606,1671,1504
Cops7a,2548,2703,2539,946,806,761
Cops7b,409,469,492,949,950,845
Cops8,1578,1572,1601,1627,1509,1524
Copz1,1065,1306,1285,1615,1546,1519
Copz2,106,100,85,26,30,17
Coq10a,517,666,639,453,471,416
Coq10b,343,364,283,176,191,227
Coq2,1096,1129,1232,703,692,687
Coq3,316,283,283,284,267,243
Coq4,256,298,304,224,225,211
Coq5,736,840,761,609,627,552
Coq6,293,306,322,465,453,436
Coq7,429,458,433,330,311,279
Coq9,1238,1421,1535,685,683,593
Corin,10,14,4,0,2,2
Coro1a,1596,1785,1465,874,975,931
Coro1b,1388,1627,1410,1876,1768,1580
Coro1c,2079,2343,2075,5615,5149,4641
Coro2a,909,741,718,397,431,396
Coro2b,4680,4634,4778,2802,2400,2386
Coro6,775,841,1100,28,22,22
Coro7,1467,1653,1577,1222,1142,1051
Cort,107,89,120,23,23,17
Cotl1,1472,1479,1426,3561,3556,2987
Cox10,520,561,512,311,329,310
Cox11,185,219,212,139,108,115
Cox15,576,629,556,695,658,682
Cox17,859,827,669,296,307,298
Cox18,179,153,153,139,123,173
Cox19,641,665,626,1042,1018,953
Cox4i1,6818,8431,9334,4641,4450,3712
Cox4i2,34,27,28,17,15,11
Cox4nb,488,565,548,591,520,571
Cox5a,1338,1605,1559,1118,1147,1262
Cox5b,2134,2584,2677,1249,1338,994
Cox6a1,5218,6465,5931,3158,3163,2583
Cox6a2,122,137,126,0,5,3
Cox6b1,2762,2660,2441,1902,1963,1771
Cox6b2,59,68,59,25,21,10
Cox6c,2429,2142,2140,1061,1138,1083
Cox7a1,40,36,35,10,19,9
Cox7a2,1976,2185,2276,1467,1639,1537
Cox7a2l,2315,2418,2369,2358,2424,2154
Cox7b,1533,1823,2032,1095,1245,1206
Cox7b2,2,5,4,0,1,0
Cox7c,1165,1291,1293,852,905,810
Cox8a,5479,6900,7868,2190,2169,1451
Cox8b,27,9,10,0,0,0
Cox8c,0,0,0,0,0,0
Cp,445,294,376,23,18,25
Cpa1,0,0,0,5,6,5
Cpa2,31,27,30,25,33,25
Cpa3,2,1,1,0,0,0
Cpa4,3,6,13,25,9,11
Cpa5,3,0,2,1,0,0
Cpa6,1,7,4,0,0,0
Cpamd8,0,0,0,0,1,0
Cpb1,0,4,1,0,1,0
Cpb2,4,1,1,3,4,6
Cpd,2515,2500,2272,1465,1374,1723
Cpe,53122,50995,53202,7068,7632,7506
Cpeb1,1269,957,1218,38,43,40
Cpeb2,2238,1648,1959,913,684,1030
Cpeb3,2055,1924,1738,567,550,593
Cpeb4,3678,3140,3034,3167,2183,3259
Cphx,0,0,0,2,0,1
Cplx1,16034,18602,18989,2152,2314,2058
Cplx2,30078,34683,34594,7394,8459,7175
Cplx3,433,493,517,2,4,4
Cplx4,4,3,1,0,0,0
Cpm,408,325,324,37,47,38
Cpn1,11,13,9,0,0,2
Cpn2,0,0,0,0,0,0
Cpne1,859,865,965,1383,1052,1267
Cpne2,512,742,423,540,547,479
Cpne3,388,292,279,554,380,552
Cpne4,1345,1212,1304,406,492,540
Cpne5,2005,2158,2459,567,582,602
Cpne6,3986,3929,3687,188,223,161
Cpne7,2598,2574,2429,151,206,123
Cpne8,358,334,328,110,114,116
Cpne9,1140,1064,1257,16,17,18
Cpox,1094,1171,983,278,260,295
Cpped1,871,827,787,367,293,361
Cps1,6,3,12,6,2,3
Cpsf1,1260,1475,1581,2904,2656,2465
Cpsf2,1265,1239,1196,1801,1588,1795
Cpsf3,1066,1189,1081,1798,1707,1576
Cpsf3l,454,572,572,1037,990,897
Cpsf4,514,531,518,1107,1090,989
Cpsf4l,70,54,70,155,167,172
Cpsf6,880,940,925,2822,1655,2428
Cpsf7,1735,1581,1626,2992,2729,2871
Cpt1a,469,559,463,346,235,252
Cpt1b,37,35,22,113,104,122
Cpt1c,1870,2144,2129,1177,1166,1041
Cpt2,136,114,110,117,88,96
Cpvl,0,2,0,0,0,0
Cpxcr1,0,0,0,0,0,0
Cpxm1,128,139,142,334,350,237
Cpxm2,91,87,102,60,64,62
Cpz,2,0,4,0,0,0
Cr1l,200,210,187,235,223,218
Cr2,17,12,13,36,50,66
Crabp1,38,68,66,312,274,244
Crabp2,58,27,43,32,23,30
Cradd,86,67,58,64,56,59
Cramp1l,959,1036,1049,1805,1420,1551
Crat,777,955,916,641,574,554
Crb1,17,17,13,51,26,31
Crb2,137,185,188,248,163,159
Crb3,11,11,9,3,3,5
Crbn,1421,1287,1355,859,771,983
Crcp,480,567,614,896,885,797
Crct1,0,0,3,0,0,0
Creb1,1468,1385,1196,2685,2046,2707
Creb3,819,919,839,721,765,604
Creb3l1,92,97,81,30,38,29
Creb3l2,409,478,374,227,160,200
Creb3l3,14,14,12,3,6,4
Creb3l4,7,9,11,25,19,23
Creb5,70,78,51,116,56,119
Crebbp,2080,1904,1912,3302,2672,3165
Crebl2,1087,1085,1162,254,229,237
Crebzf,1784,1926,1675,2096,1630,2001
Creg1,718,608,642,138,158,144
Creg2,3448,3025,2927,83,101,111
Creld1,1441,1642,1501,682,709,620
Creld2,247,367,258,427,456,343
Crem,314,331,339,168,168,175
Crh,114,59,120,7,5,5
Crhbp,344,297,334,2,11,23
Crhr1,359,483,336,180,154,162
Crhr2,56,59,55,19,12,9
Crim1,1821,1780,1733,1169,918,1153
Crip1,35,39,44,30,40,29
Crip2,1648,2191,1655,2777,2844,2554
Crip3,23,31,25,50,42,33
Cript,826,775,677,840,948,992
Crisp1,0,0,0,0,0,0
Crisp2,0,0,0,0,0,0
Crisp3,1,0,0,0,0,0
Crisp4,0,0,0,0,0,1
Crispld1,163,90,131,13,17,22
Crispld2,86,56,94,9,16,14
Crk,3297,3449,3623,3449,2915,3408
Crkl,948,1061,966,2160,1623,1909
Crkrs,802,690,706,1178,948,1086
Crlf1,62,61,56,190,268,195
Crlf2,255,337,296,203,203,218
Crlf3,242,268,268,248,211,219
Crls1,388,346,350,289,297,355
Crmp1,4612,5507,4710,40394,41027,37132
Crnkl1,414,399,327,650,601,652
Crnn,0,0,0,0,0,0
Crocc,1708,2299,2173,1193,1164,1182
Crot,711,574,695,319,316,361
Crp,0,0,0,1,0,0
Crtac1,1240,1549,1245,277,345,303
Crtam,1,1,4,4,4,1
Crtap,72,134,88,105,103,99
Crtc1,4807,5106,5246,3658,3346,3532
Crtc2,450,501,575,789,704,754
Crtc3,436,486,432,780,723,687
Crx,2,0,4,0,0,0
Crxos1,8,6,7,1,3,3
Cry1,495,334,369,507,454,530
Cry2,3460,3610,3670,1128,1155,1036
Cryaa,1,4,2,0,1,1
Cryab,1558,2026,1466,44,55,41
Cryba1,0,1,1,5,2,1
Cryba2,3,3,3,0,0,0
Cryba4,5,9,14,2,3,5
Crybb1,129,77,110,23,25,17
Crybb2,1,0,0,0,0,0
Crybb3,19,25,16,35,13,27
Crybg3,187,176,183,74,68,96
Cryga,5,3,2,0,0,0
Crygb,0,0,0,0,0,1
Crygc,0,0,0,0,0,0
Crygd,0,0,0,1,0,1
Cryge,0,0,0,1,0,0
Crygf,0,0,0,0,0,0
Crygn,7,16,7,7,3,4
Crygs,1,0,1,0,0,3
Cryl1,240,236,226,38,58,63
Crym,1798,1744,1921,466,761,608
Cryz,282,292,286,93,71,105
Cryzl1,1001,900,888,841,849,954
Cs,4827,5018,4680,4088,3818,3997
Csad,473,476,473,387,339,346
Csda,560,800,531,1301,1350,1269
Csdc2,2503,2766,2847,2797,2775,2444
Csde1,5041,4819,5111,7918,7750,8398
Cse1l,1356,1150,1026,1744,1646,2093
Csf1,386,473,393,175,133,157
Csf1r,2247,2502,2400,271,227,194
Csf2,0,0,0,0,0,0
Csf2ra,495,626,546,830,927,848
Csf2rb,30,24,33,9,4,7
Csf2rb2,42,28,33,4,2,2
Csf3,1,0,0,2,3,0
Csf3r,126,100,136,15,16,4
Csgalnact1,360,380,375,98,108,105
Csgalnact2,350,279,319,235,211,291
Csk,640,870,592,3102,2957,2477
Csl,548,605,723,714,602,585
Csmd1,1759,1891,1737,737,688,876
Csmd2,1422,1711,1813,2789,2219,2514
Csmd3,742,649,631,560,528,749
Csn1s1,0,0,0,0,0,0
Csn1s2a,0,0,0,0,0,0
Csn1s2b,0,0,0,0,0,0
Csn2,1,0,0,0,0,0
Csn3,0,0,0,0,0,0
Csnk1a1,5001,4279,4320,5476,5172,5819
Csnk1d,2915,3476,3418,6018,5202,4812
Csnk1e,2029,2070,1953,6917,6251,6155
Csnk1g1,957,949,929,1606,1429,1712
Csnk1g2,3555,4407,3432,2011,1934,1732
Csnk1g3,1485,1322,1307,1693,1469,1825
Csnk2a1,2289,2137,2281,3589,3331,3540
Csnk2a1-rs2,38,24,12,26,34,24
Csnk2a2,670,736,747,806,836,773
Csnk2b,1460,1331,1375,1504,1412,1465
Csnka2ip,0,0,0,0,0,0
Cspg4,570,617,541,386,321,337
Cspg5,5466,7496,5284,2251,2731,2417
Cspp1,590,520,628,1589,1413,1696
Csprs,13,13,8,0,0,3
Csrnp1,226,274,221,55,34,37
Csrnp2,685,863,725,1875,1737,1699
Csrnp3,2627,2318,2272,5039,3756,6006
Csrp1,5320,5503,5268,332,310,297
Csrp2,91,134,79,1445,1498,1300
Csrp2bp,997,1035,1006,775,760,661
Csrp3,0,0,0,0,0,0
Cst10,1,0,0,0,1,2
Cst11,0,0,0,0,0,0
Cst12,0,0,0,0,0,0
Cst13,0,0,0,0,0,0
Cst3,19906,20284,18970,1892,2056,1736
Cst6,86,113,100,3,9,8
Cst7,3,1,4,1,0,2
Cst8,0,0,0,0,0,0
Cst9,0,0,0,0,0,1
Csta,0,0,0,0,2,1
Cstad,37,45,60,10,5,1
Cstb,284,296,230,195,211,181
Cstf1,508,538,517,742,699,693
Cstf2,2248,2087,2182,1990,1500,2048
Cstf2t,1813,1912,1930,2193,1942,2185
Cstf3,696,612,659,1285,1202,1381
Cstl1,5,6,7,1,2,0
Ctag2,0,0,0,0,0,0
Ctage5,889,770,741,482,451,480
Ctbp1,3857,4408,3791,5539,4889,4938
Ctbp2,371,442,369,1276,952,1033
Ctbs,135,113,112,62,40,58
Ctcf,1745,1751,1652,3429,3091,3325
Ctcfl,2,0,2,0,0,0
Ctdp1,467,485,462,831,700,730
Ctdsp1,678,654,555,474,408,342
Ctdsp2,2111,2173,2054,2503,1927,2013
Ctdspl,141,164,145,94,69,78
Ctdspl2,493,412,361,794,535,871
Ctf1,14,16,18,21,29,28
Ctf2,3,3,7,8,8,6
Ctgf,572,582,517,81,102,99
Cth,77,61,69,18,10,22
Cthrc1,158,127,122,33,24,34
Ctla2a,112,67,120,38,57,45
Ctla2b,9,18,23,5,10,7
Ctla4,1,0,4,0,0,1
Ctnna1,1903,1993,1728,1902,1633,1639
Ctnna2,2910,3504,3007,5909,5571,5772
Ctnna3,50,49,47,8,5,6
Ctnnal1,513,493,556,457,366,418
Ctnnb1,10290,12106,10220,20794,16666,18521
Ctnnbip1,631,749,515,1290,1356,1252
Ctnnbl1,698,788,797,1291,1257,999
Ctnnd1,1855,2028,1745,4627,3937,3992
Ctnnd2,6178,6800,6888,6964,6689,6496
Ctns,300,293,325,396,340,367
Ctps,687,774,646,1356,1386,1376
Ctps2,738,663,729,907,933,949
Ctr9,1450,1674,1396,2590,2646,2494
Ctrb1,0,1,0,0,1,1
Ctrc,0,0,0,0,0,0
Ctrl,7,13,11,19,23,19
Cts3,0,0,0,0,0,0
Cts6,0,0,0,0,0,0
Cts7,0,0,0,0,0,0
Cts8,0,0,0,0,0,0
Ctsa,1956,2087,2091,1068,1001,945
Ctsb,9280,9142,9800,2757,2645,2593
Ctsc,260,190,199,52,63,66
Ctsd,6851,6951,7052,1741,1735,1557
Ctse,3,1,0,0,0,0
Ctsf,1128,1213,1127,510,563,481
Ctsg,1,0,0,1,0,2
Ctsh,198,181,198,49,49,42
Ctsj,0,0,0,0,0,0
Ctsk,33,80,50,16,14,32
Ctsl,1581,1820,1636,838,806,701
Ctsll3,0,0,0,0,0,0
Ctsm,0,1,0,0,0,0
Ctso,589,555,605,75,70,97
Ctsq,0,0,0,0,0,0
Ctsr,0,0,0,0,0,0
Ctss,1352,1101,1288,81,61,64
Ctsw,4,8,10,18,26,20
Ctsz,916,1016,1195,845,956,730
Cttn,2308,2633,2679,3664,3451,3116
Cttnbp2,3051,2646,3206,4781,3831,4606
Cttnbp2nl,750,896,685,2794,2232,2623
Ctu1,155,201,183,600,630,576
Ctu2,224,262,266,436,477,434
Ctxn1,6461,8069,7008,4849,4943,4569
Ctxn2,104,122,141,20,42,27
Ctxn3,88,76,45,2,1,1
Cubn,22,20,17,11,14,10
Cuedc1,918,1131,753,1764,1586,1442
Cuedc2,2275,2280,2013,2662,2641,2150
Cugbp1,5239,5363,5390,6678,5729,6615
Cugbp2,5588,4429,4752,13244,10730,14752
Cul1,2909,2641,2547,3585,3222,3691
Cul2,1356,1254,1084,1084,1125,1451
Cul3,3136,2823,2505,2627,2179,3112
Cul4a,1299,1396,1359,1530,1296,1451
Cul4b,963,851,706,920,807,1110
Cul5,1673,1498,1436,1567,1323,1878
Cul7,868,1169,850,3252,3067,2843
Cul9,2233,2575,2471,1801,1810,1726
Cuta,634,682,529,434,432,314
Cutc,96,139,134,70,58,46
Cux1,1589,1616,1575,3600,2813,3137
Cux2,2432,2830,2320,4133,3897,4025
Cuzd1,5,3,4,0,0,2
Cwc15,1044,958,924,1032,1049,998
Cwc22,373,360,421,629,589,590
Cwf19l1,280,236,253,512,487,475
Cwf19l2,335,277,274,340,279,372
Cwh43,63,56,57,2,5,5
Cx3cl1,15701,17685,15551,504,552,480
Cx3cr1,879,1100,993,149,127,137
Cxadr,804,804,661,7830,6606,9183
Cxcl1,2,0,2,0,0,0
Cxcl10,6,3,4,0,0,1
Cxcl11,1,2,1,0,0,0
Cxcl12,1728,1478,1483,498,478,478
Cxcl13,1,0,0,0,0,0
Cxcl14,2217,2179,2350,219,284,205
Cxcl15,0,0,0,0,0,0
Cxcl16,39,39,30,69,81,73
Cxcl17,1,4,2,1,1,1
Cxcl2,0,0,0,0,0,0
Cxcl3,0,1,0,0,0,0
Cxcl5,3,12,4,0,0,0
Cxcl9,3,0,2,0,0,0
Cxcr2,0,0,1,0,3,1
Cxcr3,4,1,1,0,0,1
Cxcr4,38,39,45,678,755,685
Cxcr5,0,2,2,5,6,4
Cxcr6,12,4,8,6,2,7
Cxcr7,162,201,171,479,401,439
Cxx1a,4324,5040,3847,2465,2389,2307
Cxx1b,4241,4887,3670,2332,2272,2231
Cxx1c,3045,3231,2906,1172,1215,1141
Cxxc1,943,1123,1111,1962,1888,1661
Cxxc4,612,572,524,816,782,999
Cxxc5,1473,2101,1255,813,670,694
Cyb5,637,714,641,773,760,783
Cyb561,1496,1657,1690,394,467,312
Cyb561d1,495,539,531,295,314,324
Cyb561d2,162,189,152,150,182,155
Cyb5b,4067,4110,4020,3467,3415,3354
Cyb5d1,448,510,481,427,406,377
Cyb5d2,207,224,230,73,85,89
Cyb5r1,306,326,311,256,272,261
Cyb5r2,3,4,3,1,0,1
Cyb5r3,1293,1754,1397,1931,1817,1633
Cyb5r4,447,404,364,386,346,411
Cyb5rl,78,103,87,44,67,52
Cyba,103,97,99,55,43,25
Cybasc3,203,196,221,291,292,249
Cybb,36,13,26,0,1,2
Cybrd1,84,69,65,166,204,222
Cyc1,2626,3051,3047,2133,2043,1817
Cycs,2917,2595,2365,1259,1407,1352
Cyct,0,0,0,0,0,0
Cyfip1,2155,2088,2193,1833,1563,1680
Cyfip2,24452,23167,25315,6179,5513,5847
Cygb,1302,1612,1412,340,354,348
Cyhr1,1706,2113,1847,1372,1247,1117
Cylc1,0,0,0,0,0,0
Cylc2,0,0,0,0,0,0
Cyld,4277,3911,4474,923,821,926
Cym,3,1,1,1,3,2
Cyp11a1,63,50,77,8,6,5
Cyp11b1,0,1,1,0,0,0
Cyp11b2,0,1,0,0,0,0
Cyp17a1,0,2,1,10,4,7
Cyp19a1,6,3,3,6,4,3
Cyp1a1,1,2,4,4,3,3
Cyp1a2,1,0,1,0,0,0
Cyp1b1,132,63,92,5,4,3
Cyp20a1,206,233,180,222,257,263
Cyp21a1,0,1,0,0,0,0
Cyp24a1,1,0,0,1,2,0
Cyp26a1,0,7,4,2,1,0
Cyp26b1,198,322,220,429,396,454
Cyp26c1,0,0,0,0,0,0
Cyp27a1,113,105,130,2,1,4
Cyp27b1,3,8,8,10,21,22
Cyp2a12,0,0,0,0,0,0
Cyp2a4,0,3,1,1,0,1
Cyp2a5,1,6,3,2,0,2
Cyp2ab1,0,0,2,0,0,1
Cyp2b10,0,0,0,0,0,0
Cyp2b13,0,0,0,0,0,0
Cyp2b19,2,6,1,6,7,6
Cyp2b23,0,0,0,0,0,0
Cyp2b9,0,0,0,0,0,0
Cyp2c29,0,0,0,0,0,0
Cyp2c37,0,0,0,0,0,0
Cyp2c38,0,0,0,0,0,0
Cyp2c39,0,0,0,0,0,0
Cyp2c40,0,0,0,0,0,0
Cyp2c44,1,3,1,0,0,0
Cyp2c50,0,0,0,0,0,0
Cyp2c54,0,0,0,0,0,0
Cyp2c55,0,0,0,0,1,0
Cyp2c65,1,1,1,0,0,0
Cyp2c66,0,0,0,0,0,0
Cyp2c67,0,0,0,0,0,0
Cyp2c68,0,0,0,0,0,0
Cyp2c70,1,0,0,0,0,0
Cyp2d10,2,0,0,0,0,0
Cyp2d11,0,0,0,0,0,0
Cyp2d12,0,0,0,0,0,0
Cyp2d22,569,463,577,26,32,24
Cyp2d26,9,7,6,4,5,4
Cyp2d33-ps,451,598,445,1754,1675,1605
Cyp2d34,0,0,1,0,0,0
Cyp2d40,0,0,0,1,0,4
Cyp2d9,0,0,1,0,0,0
Cyp2e1,3,2,5,0,0,1
Cyp2f2,3,7,2,0,0,0
Cyp2g1,0,2,0,0,0,0
Cyp2j11,0,0,0,0,0,0
Cyp2j12,34,62,47,0,0,0
Cyp2j13,2,3,3,0,2,1
Cyp2j5,0,0,0,0,1,0
Cyp2j6,402,418,313,95,106,126
Cyp2j7,1,1,0,0,0,0
Cyp2j8,5,0,4,0,0,2
Cyp2j9,521,482,469,44,32,47
Cyp2r1,4,2,2,1,4,11
Cyp2s1,106,136,99,18,22,20
Cyp2t4,27,27,25,23,35,19
Cyp2u1,158,164,179,73,76,81
Cyp39a1,52,40,45,124,109,111
Cyp3a11,0,0,0,0,0,0
Cyp3a13,16,6,20,0,0,0
Cyp3a16,0,0,0,0,0,0
Cyp3a25,0,0,0,0,0,0
Cyp3a41a,0,0,0,0,0,0
Cyp3a41b,0,0,0,0,0,0
Cyp3a44,0,0,0,0,0,0
Cyp3a57,2,1,0,0,0,0
Cyp3a59,0,0,0,0,0,0
Cyp46a1,4568,5306,5015,391,427,388
Cyp4a10,1,0,1,0,0,0
Cyp4a12a,0,0,0,0,0,0
Cyp4a12b,1,1,1,0,0,0
Cyp4a14,0,0,0,0,0,0
Cyp4a28-ps,0,0,0,0,0,0
Cyp4a29,0,0,0,0,0,0
Cyp4a30b,0,0,0,0,0,0
Cyp4a31,0,1,0,0,0,0
Cyp4a32,1,0,0,0,0,0
Cyp4b1,10,10,10,4,2,5
Cyp4f13,198,168,193,78,49,79
Cyp4f14,181,202,212,7,5,6
Cyp4f15,465,341,456,22,10,20
Cyp4f16,115,103,98,317,328,298
Cyp4f18,16,6,18,4,4,0
Cyp4f39,0,1,1,6,2,1
Cyp4f41-ps,5,4,7,6,3,9
Cyp4v3,189,134,152,14,13,10
Cyp4x1,354,280,286,116,150,201
Cyp51,1250,2005,1072,3123,3574,3556
Cyp7a1,0,0,0,0,0,0
Cyp7b1,202,219,192,29,27,47
Cyp8b1,2,6,1,1,0,2
Cypt12,0,0,0,1,0,0
Cypt14,0,0,0,0,0,0
Cypt15,0,0,0,0,0,0
Cypt2,0,0,0,0,0,0
Cypt3,0,0,0,0,0,0
Cypt4,0,0,0,0,0,0
Cypt5,0,0,0,0,0,0
Cyr61,142,421,103,174,124,108
Cys1,209,219,236,70,79,56
Cysltr1,31,22,14,3,3,2
Cysltr2,2,11,6,4,3,2
Cyth1,1851,1855,1745,1384,1380,1317
Cyth2,1685,1841,1814,3688,3430,2727
Cyth3,898,896,901,1536,1655,1546
Cyth4,313,262,287,55,54,42
Cytip,6,4,12,1,1,1
Cytl1,6,5,9,0,0,1
Cytsa,1421,1575,1490,3418,3126,3213
Cytsb,2509,2688,2640,939,834,767
Cyyr1,258,229,180,99,101,111
D030016E14Rik,1487,1386,1576,1430,1300,1485
D030056L22Rik,376,319,295,526,462,572
D030074E01Rik,1320,1203,1228,1269,1107,1491
D0H4S114,1368,1600,1273,24554,25260,25063
D10627,112,102,106,119,80,122
D10Bwg1379e,1707,1695,1721,908,494,860
D10Ertd610e,3420,3101,4057,1741,1788,1468
D10Jhu81e,1461,1579,1443,534,498,492
D10Wsu102e,566,570,545,921,829,885
D10Wsu52e,2236,2351,2456,2798,3126,2749
D11Bwg0517e,6620,6862,6264,1919,1924,1771
D11Wsu47e,185,168,191,430,482,420
D11Wsu99e,726,719,677,702,631,635
D130020L05Rik,29,32,31,19,21,14
D130040H23Rik,95,59,54,106,70,147
D130043K22Rik,882,966,884,185,200,199
D130052B06Rik,0,0,0,0,0,0
D130079A08Rik,0,0,0,0,0,0
D14Abb1e,902,745,763,1297,882,1598
D14Ertd436e,482,457,546,606,554,515
D14Ertd449e,397,426,354,273,365,236
D14Ertd668e,20,13,15,5,9,1
D15Ertd621e,1616,1644,1537,1905,1419,1918
D16Ertd472e,148,139,93,128,81,88
D16H22S680E,1242,1472,1630,780,758,724
D17H6S53E,166,159,138,75,79,65
D17H6S56E-3,12,11,20,15,17,14
D17Wsu104e,581,697,789,763,807,645
D17Wsu92e,6959,7992,8442,2806,2856,2302
D18Ertd653e,811,905,831,368,350,396
D19Bwg1357e,651,741,649,1460,1556,1536
D19Ertd386e,268,293,349,362,351,342
D19Ertd652e,51,47,48,5,14,7
D19Ertd737e,322,304,224,268,255,274
D19Wsu162e,1138,1143,1101,1838,1527,1452
D1Bwg0212e,640,579,575,673,686,671
D1Ertd448e,49,45,31,56,40,50
D1Ertd622e,1311,1086,1084,739,736,809
D1Pas1,174,129,137,218,198,240
D230025D16Rik,474,509,522,409,419,459
D230037D09Rik,213,177,198,221,206,200
D2Ertd391e,1956,1947,2120,1380,1342,1160
D2Ertd750e,32,39,26,582,420,425
D2Wsu81e,243,250,264,262,297,257
D2hgdh,311,321,290,465,432,419
D330012F22Rik,124,143,132,104,74,92
D330028D13Rik,19,11,21,69,39,54
D330041H03Rik,31,37,43,65,53,60
D330045A20Rik,9,10,4,16,12,19
D3Bwg0562e,6318,5868,5286,896,844,1019
D3Ertd751e,417,313,320,103,85,103
D430018E03Rik,23,11,20,38,35,38
D430041D05Rik,5691,5732,5541,5327,5045,5768
D430042O09Rik,636,650,768,833,746,753
D4Bwg0951e,304,291,301,46,40,56
D4Ertd22e,860,993,714,1488,1311,1257
D4Wsu53e,6898,5940,7304,7918,7106,8146
D5Ertd577e,0,0,0,0,0,0
D5Ertd579e,3601,3753,3497,3288,2987,3372
D630002G06Rik,0,2,0,4,7,4
D630003M21Rik,142,137,131,118,77,89
D630004N19Rik,0,0,0,0,0,0
D630013G24Rik,1,3,1,2,1,1
D630023F18Rik,114,126,79,18,27,31
D630029K05Rik,2,5,1,0,0,0
D630037F22Rik,83,84,56,72,57,84
D630039A03Rik,21,21,25,1,3,3
D630042F21Rik,0,0,0,0,0,1
D630042P16Rik,2,2,4,2,1,0
D630045J12Rik,1756,1871,1711,6322,5819,6094
D6Mm5e,1,4,4,0,0,0
D6Wsu116e,2640,2472,2509,1857,1879,1958
D6Wsu163e,685,686,625,539,540,564
D730002M21Rik,0,0,0,0,0,1
D730005E14Rik,0,0,0,1,1,0
D730039F16Rik,17,11,15,1,2,3
D730040F13Rik,2367,1963,2153,1657,1318,1734
D730045B01Rik,0,0,0,0,0,0
D730048I06Rik,0,0,0,0,0,0
D7Ertd443e,110,70,82,0,1,1
D830013O20Rik,0,1,0,0,0,0
D830014E11Rik,0,0,0,0,0,0
D830025C05Rik,11,26,22,20,9,21
D830030K20Rik,64,40,34,53,43,76
D830039M14Rik,7,8,3,6,6,5
D830046C22Rik,0,0,0,1,1,1
D830050J10Rik,13,16,9,11,6,13
D8Ertd738e,981,1077,929,911,947,811
D8Ertd82e,852,1152,780,1118,930,891
D930007J09Rik,0,0,0,0,0,0
D930014E17Rik,33,55,40,56,47,53
D930015E06Rik,348,305,365,4407,3766,4182
D930020B18Rik,14,6,10,4,8,4
D930020E02Rik,4,1,4,0,0,0
D930028M14Rik,2,3,6,21,15,6
D930030D11Rik,0,0,0,1,0,0
D930048N14Rik,98,70,98,19,21,38
D930049A15Rik,7,7,4,1,6,10
D9Ertd402e,377,413,383,149,152,152
Daam1,1973,2202,1600,3811,3924,4242
Daam2,3226,2436,3221,510,440,414
Dab1,2482,1911,2422,6193,5487,6142
Dab2,230,300,216,106,78,81
Dab2ip,3635,4281,3678,4360,3761,3837
Dach1,409,356,337,519,357,472
Dach2,13,13,4,46,30,41
Dact1,117,151,92,1042,928,1093
Dact2,1128,1151,1169,41,48,37
Dact3,3160,4112,3113,712,756,610
Dad1,981,1044,958,749,773,725
Daf2,9,11,7,1,2,4
Dag1,1986,2276,1808,2237,1801,1913
Dagla,2904,3482,3181,965,901,953
Daglb,818,920,865,332,336,319
Dak,207,263,266,648,527,461
Dalrd3,1047,1168,1020,930,981,944
Dand5,264,224,252,103,107,83
Dao,0,2,9,2,1,2
Dap,139,127,117,149,129,127
Dap3,1211,1160,1112,1256,1390,1285
Dapk1,3454,3355,3680,5571,4997,4835
Dapk2,38,59,42,10,6,7
Dapk3,743,939,805,777,729,696
Dapl1,4,0,4,0,0,0
Dapp1,94,119,66,111,110,86
Darc,765,817,797,481,503,522
Dars,1107,1067,1035,1201,1279,1366
Dars2,330,340,339,336,354,387
Daxx,472,573,523,941,933,787
Dazap1,1299,1553,1195,3727,3537,3083
Dazap2,2230,2163,2185,1629,1403,1339
Dazl,75,65,56,7,10,12
Dbc1,5781,4910,6469,790,912,836
Dbf4,32,30,30,429,256,357
Dbh,5,6,9,1,0,1
Dbi,1444,2156,1580,2248,2110,1928
Dbil5,15,10,17,3,4,9
Dbn1,5616,6967,6261,18914,18375,15585
Dbndd1,380,403,334,919,950,836
Dbndd2,4096,3745,3801,296,362,318
Dbnl,1293,1633,1508,1884,1791,1574
Dbp,1173,1005,955,61,64,66
Dbpht2,1224,1244,1174,351,363,413
Dbr1,243,237,265,372,351,386
Dbt,497,410,443,342,327,405
Dbx1,2,0,1,1,4,2
Dbx2,235,289,224,12,7,12
Dcaf10,535,523,459,694,600,729
Dcaf11,1409,1497,1614,1519,1496,1419
Dcaf12,1023,1182,1123,2029,1787,1741
Dcaf12l1,1099,1021,981,210,194,229
Dcaf12l2,39,43,44,25,33,22
Dcaf13,424,449,420,802,808,799
Dcaf15,345,396,390,1291,1297,1068
Dcaf17,316,330,381,788,604,817
Dcaf4,378,378,321,717,682,608
Dcaf5,2203,2237,2167,2176,2005,1940
Dcaf6,1929,1955,1863,881,938,921
Dcaf7,5121,5904,5465,7154,6123,6295
Dcaf8,2975,3221,3269,2059,1904,1818
Dcakd,498,667,510,2273,2001,1961
Dcbld1,192,210,204,338,266,291
Dcbld2,824,674,863,987,791,975
Dcc,319,379,291,2225,1308,1818
Dcdc2a,261,262,248,25,19,23
Dcdc2b,71,60,81,65,73,73
Dcdc5,12,16,10,16,17,18
Dchs1,468,680,534,9509,7432,7988
Dci,290,347,355,114,97,90
Dck,481,491,401,982,696,843
Dclk1,17219,16579,16433,9819,8999,10922
Dclk2,1651,1684,1409,5203,4251,4439
Dclk3,1326,1579,1560,231,241,243
Dclre1a,200,167,179,285,267,274
Dclre1b,210,134,174,334,298,328
Dclre1c,246,223,273,353,344,421
Dcn,437,370,237,9,13,14
Dcp1a,287,341,336,550,408,467
Dcp1b,341,354,357,815,750,867
Dcp2,529,501,474,475,311,435
Dcpp1,0,0,0,0,0,0
Dcpp2,0,0,0,0,0,0
Dcpp3,1,0,0,0,0,0
Dcps,220,249,209,569,525,476
Dcst1,131,137,181,80,88,71
Dct,15,12,4,83,74,95
Dctd,121,137,142,375,333,370
Dctn1,11765,14063,11523,7456,7549,6648
Dctn2,4641,5390,4707,4949,4896,4178
Dctn3,1478,1812,1608,1297,1380,1225
Dctn4,2001,1968,1899,2134,2049,2229
Dctn5,1306,1407,1446,1389,1353,1463
Dctn6,1157,1205,1190,1044,1076,1094
Dctpp1,143,188,127,513,467,438
Dcun1d1,1210,921,955,779,762,941
Dcun1d2,1061,1090,1023,844,792,806
Dcun1d3,507,487,467,573,540,627
Dcun1d4,2518,2497,2422,1442,1295,1482
Dcun1d5,646,568,575,813,717,894
Dcx,955,801,898,40890,34155,45333
Dcxr,93,81,104,33,19,21
Dda1,1337,1599,1232,2241,2080,1956
Ddah1,2479,2373,2057,2704,2324,2736
Ddah2,147,280,162,3535,2767,2575
Ddb1,5129,5434,5931,9191,8342,8137
Ddb2,166,154,163,184,212,222
Ddc,259,247,175,23,17,19
Ddc8,5,8,4,9,5,10
Ddhd1,1422,1450,1300,1174,1011,1174
Ddhd2,1365,1317,1540,926,911,985
Ddi1,0,0,0,0,0,0
Ddi2,1310,1277,1314,987,829,868
Ddit3,562,704,720,356,336,279
Ddit4,1550,1614,1382,2170,1933,1590
Ddit4l,499,396,541,80,54,64
Ddn,30301,29644,26222,271,393,290
Ddo,174,178,145,3,2,6
Ddost,1760,1818,1677,1835,1785,1721
Ddr1,1632,2309,1483,2302,1730,1644
Ddr2,92,98,88,59,50,45
Ddrgk1,1174,1362,1224,659,765,589
Ddt,390,339,265,164,157,158
Ddx1,2760,2915,2930,3062,3247,3305
Ddx10,453,448,385,506,514,584
Ddx11,15,36,47,275,212,202
Ddx17,8167,8195,9618,17877,16586,16878
Ddx18,272,316,249,460,435,408
Ddx19a,713,776,674,1498,1239,1237
Ddx19b,1056,1285,1175,1524,1318,1341
Ddx20,279,247,203,517,473,527
Ddx21,447,519,397,1809,1498,1523
Ddx23,2011,2223,2337,2738,2646,2164
Ddx24,4201,4281,4353,2069,2152,2048
Ddx25,674,758,699,705,757,767
Ddx26b,1574,1291,1800,1251,1072,1221
Ddx27,704,736,762,1112,1089,817
Ddx28,270,223,230,248,244,235
Ddx31,128,102,91,278,224,263
Ddx39,218,247,304,825,707,694
Ddx3x,5911,5371,5376,8109,7436,8929
Ddx3y,0,0,0,3,0,0
Ddx4,53,39,47,23,29,29
Ddx41,676,740,823,1046,1101,1024
Ddx42,2338,2237,2226,3654,3584,3501
Ddx43,2,5,6,7,5,1
Ddx46,1797,1907,1833,2956,2922,2851
Ddx47,894,947,1129,1335,1322,1200
Ddx49,321,355,347,556,533,486
Ddx5,15194,12750,13742,21155,21237,23542
Ddx50,866,888,806,997,854,1070
Ddx51,378,417,398,551,509,495
Ddx52,454,334,373,582,519,613
Ddx54,1321,1619,1192,1765,1702,1658
Ddx55,599,650,689,942,964,983
Ddx56,591,650,585,720,689,669
Ddx58,123,122,126,50,68,65
Ddx59,155,134,152,199,182,175
Ddx6,3112,2608,2493,5695,4621,5657
Ddx60,18,9,21,3,3,3
Deaf1,880,1133,935,2382,2302,2060
Deb1,426,421,462,234,228,248
Decr1,316,309,336,116,108,98
Decr2,712,703,672,373,364,310
Dedd,193,211,180,229,218,193
Dedd2,284,388,325,243,236,212
Def6,43,76,47,53,48,53
Def8,1172,1259,1184,1403,1260,1130
Defa-ps1,0,0,0,0,0,0
Defa-ps10,0,0,0,0,0,0
Defa-ps11,0,0,0,0,0,0
Defa-ps12,0,0,0,0,0,0
Defa-ps13,0,0,0,0,0,0
Defa-ps14,0,0,0,0,0,0
Defa-ps15,0,0,0,0,0,0
Defa-ps3,0,0,0,0,0,0
Defa-ps4,0,0,0,0,0,0
Defa-ps5,0,0,0,0,0,0
Defa-ps6,0,0,0,0,0,0
Defa-ps7,0,0,0,0,0,0
Defa-ps8,0,0,0,0,0,0
Defa-ps9,0,0,0,0,0,0
Defa-rs1,0,0,0,0,0,0
Defa-rs7,0,0,0,0,0,0
Defa16,0,0,0,0,0,0
Defa17,0,0,0,0,0,0
Defa20,0,0,0,0,0,0
Defa21,0,0,0,0,0,0
Defa22,0,0,0,0,0,0
Defa23,0,0,0,0,0,0
Defa24,0,0,0,0,0,0
Defa25,0,0,0,0,0,0
Defa26,0,0,0,0,0,0
Defa3,0,0,0,0,0,0
Defa5,0,0,0,0,0,0
Defb1,10,3,4,0,0,0
Defb10,0,0,0,0,0,0
Defb11,1,4,1,0,0,0
Defb12,0,0,0,0,0,0
Defb13,0,0,0,0,0,0
Defb14,0,0,0,0,0,0
Defb15,0,0,0,0,0,0
Defb18,0,0,0,0,0,0
Defb19,0,0,0,0,0,0
Defb2,0,0,0,0,0,0
Defb20,0,1,0,1,0,0
Defb21,0,0,0,0,0,0
Defb22,0,0,0,0,0,0
Defb23,0,0,1,0,0,0
Defb25,0,0,0,0,0,0
Defb26,0,0,0,0,0,0
Defb28,0,0,0,0,0,0
Defb29,0,0,0,0,0,0
Defb3,0,0,0,0,0,0
Defb30,1,1,0,0,0,0
Defb34,0,0,0,0,0,0
Defb35,0,0,0,0,0,0
Defb36,0,2,0,0,0,0
Defb37,0,0,0,0,0,0
Defb38,0,0,0,0,0,0
Defb39,0,0,0,0,0,0
Defb4,0,0,0,0,0,0
Defb40,0,0,0,1,0,0
Defb41,0,0,0,0,0,0
Defb42,2,7,1,4,0,5
Defb43,0,0,0,0,0,0
Defb44,0,0,0,0,0,0
Defb45,0,0,0,0,0,0
Defb46,0,0,0,0,0,0
Defb47,0,2,1,0,0,0
Defb48,0,0,0,0,0,0
Defb5,0,0,0,0,0,0
Defb50,0,0,0,0,0,0
Defb6,0,0,0,0,0,0
Defb7,0,0,0,0,0,0
Defb8,0,0,0,0,0,0
Defb9,2,0,0,0,0,0
Degs1,1470,1556,1170,317,394,402
Degs2,58,33,52,23,16,16
Dek,1377,1205,1097,1778,1565,1761
Dem1,165,182,187,622,615,666
Dennd1a,1286,1320,1121,1194,1114,1097
Dennd1b,153,144,153,163,93,169
Dennd1c,29,26,29,77,66,56
Dennd2a,629,625,652,806,598,616
Dennd2c,15,19,16,41,27,39
Dennd2d,13,7,4,1,1,2
Dennd3,140,168,200,119,140,161
Dennd4a,1359,1267,1283,586,464,703
Dennd4b,1003,1210,1082,728,740,691
Dennd4c,580,481,584,744,519,728
Dennd5a,7709,9085,7855,5384,4335,4631
Dennd5b,1757,1541,1605,1305,1221,1376
Denr,1003,1151,1178,1093,1202,1007
Depdc1a,1,1,0,96,41,94
Depdc1b,7,16,9,101,71,81
Depdc5,1477,1534,1579,1638,1534,1432
Depdc6,734,703,644,51,56,50
Depdc7,18,33,15,16,12,16
Dera,55,52,35,48,37,29
Derl1,1087,1096,1107,776,741,775
Derl2,526,532,454,745,597,757
Derl3,42,19,34,18,13,17
Des,44,48,46,12,10,4
Det1,72,69,80,216,189,163
Dexi,614,716,612,207,151,160
Dffa,1124,1171,1240,604,641,578
Dffb,131,128,164,195,186,217
Dfna5,228,259,279,364,435,435
Dfnb59,1,1,1,2,3,3
Dgat1,357,388,457,822,848,709
Dgat2,1358,1456,1425,155,177,171
Dgat2l6,22,12,17,0,1,0
Dgcr14,425,372,395,568,603,560
Dgcr2,2765,2950,3076,3713,3458,3458
Dgcr6,743,955,797,856,840,750
Dgcr8,849,774,905,2234,1998,2089
Dgka,236,169,263,133,150,145
Dgkb,4299,3620,3919,155,122,147
Dgkd,2057,2109,2303,2879,2659,2670
Dgke,2420,2069,2391,1476,1181,1476
Dgkg,1533,1252,1549,175,250,266
Dgkh,666,615,699,406,248,338
Dgki,1030,935,1042,846,621,823
Dgkk,78,155,52,97,80,114
Dgkq,811,896,1010,1022,866,982
Dgkz,10263,10844,11158,2153,2106,2036
Dguok,215,231,279,374,386,353
Dhcr24,2241,3618,2392,2630,2631,2414
Dhcr7,522,880,615,1105,1102,1044
Dhdds,1550,1577,1576,1194,1213,1094
Dhdh,325,356,372,172,140,135
Dhdpsl,8,14,20,18,18,30
Dhfr,98,100,85,274,185,230
Dhh,4,4,5,6,7,1
Dhodh,299,309,285,286,279,248
Dhps,488,489,514,498,532,501
Dhrs1,896,1015,1094,734,734,588
Dhrs11,90,134,102,43,47,53
Dhrs13,96,140,87,276,315,280
Dhrs2,0,1,2,1,3,3
Dhrs3,354,374,364,110,146,121
Dhrs4,202,251,272,355,291,266
Dhrs7,496,456,419,37,59,22
Dhrs7b,320,353,371,282,282,257
Dhrs7c,1,0,1,5,8,4
Dhrs9,4,0,2,0,0,0
Dhrsx,0,0,0,0,0,0
Dhtkd1,187,156,210,363,353,423
Dhx15,1918,1641,1606,3828,3235,4148
Dhx16,654,755,663,1251,1195,1051
Dhx29,658,651,591,1026,1068,1007
Dhx30,2431,2570,2633,4081,3432,3754
Dhx32,710,688,733,810,746,689
Dhx33,975,782,912,977,842,1043
Dhx34,310,314,255,456,393,433
Dhx35,430,380,456,624,563,598
Dhx36,1619,1487,1420,2295,2123,2762
Dhx37,413,524,418,817,717,755
Dhx38,1318,1481,1425,1872,1745,1663
Dhx40,616,627,574,871,795,904
Dhx57,1155,1215,1169,3392,3479,3492
Dhx58,33,17,33,28,24,31
Dhx8,1049,1058,1085,1756,1552,1565
Dhx9,3310,3025,3214,8597,8357,9231
Diablo,537,614,616,973,896,799
Diap1,1788,1762,1791,1762,1705,1659
Diap2,511,394,442,168,124,178
Diap3,45,53,46,155,96,134
Dicer1,1713,1607,1719,4171,3388,3998
Dido1,1966,2098,2085,2993,2405,2693
Dimt1,127,111,85,125,133,153
Dio1,0,0,1,0,0,0
Dio2,2035,1803,2389,148,175,204
Dio3,29,51,21,49,31,37
Dip2a,2208,2798,2252,2125,1671,2015
Dip2b,2346,2398,2541,2967,2327,2793
Dip2c,2260,2300,2426,2483,2174,2700
Diras1,3146,4349,3713,1975,2087,1805
Diras2,6767,7343,7365,842,1098,1179
Dirc2,1583,1630,1551,1555,1589,1639
Dis3,263,271,285,884,737,926
Dis3l,701,824,683,693,730,670
Dis3l2,598,580,622,925,887,868
Disc1,27,28,26,38,30,41
Disp1,0,0,0,0,0,0
Disp2,7625,8670,7612,2627,2616,2747
Dixdc1,2512,2492,2281,1537,1297,1623
Dkc1,474,409,436,656,524,639
Dkk1,0,2,0,8,0,1
Dkk2,15,14,12,28,39,31
Dkk3,6525,5151,6975,530,657,590
Dkk4,1,1,0,0,0,0
Dkkl1,194,259,212,13,6,7
Dlat,2314,1883,1778,724,726,815
Dlc1,1789,1936,1576,577,599,649
Dld,2574,2205,2349,1545,1582,1805
Dlec1,55,76,61,6,13,9
Dleu7,129,137,88,155,157,168
Dlg1,4147,4006,4301,1494,1255,1443
Dlg2,6812,6487,6443,2655,3323,3446
Dlg3,4978,4842,5361,2613,2731,2474
Dlg4,17829,21173,20233,7032,7024,6001
Dlg5,1140,1356,1197,3882,3496,3340
Dlgap1,12281,10349,10511,2259,2300,2486
Dlgap2,1614,1662,1734,281,251,316
Dlgap3,8951,11373,8865,1305,1352,1108
Dlgap4,6557,7092,6293,7778,7140,6542
Dlgap5,2,12,2,253,167,191
Dlk1,148,298,101,263,136,195
Dlk2,610,780,718,619,702,537
Dll1,154,169,136,751,587,586
Dll3,24,39,19,168,118,107
Dll4,60,104,69,92,122,114
Dlst,2441,2929,2901,2875,2897,2620
Dlx1,684,795,606,3994,3250,3119
Dlx1as,85,56,48,273,232,236
Dlx2,93,117,90,897,540,599
Dlx3,1,2,0,1,1,2
Dlx4,2,2,2,0,0,0
Dlx5,104,123,96,422,278,355
Dlx6,121,132,148,207,110,118
Dlx6as,3,3,5,23,11,11
Dlx6os1,428,373,442,1891,1237,1532
Dmap1,612,642,568,912,956,825
Dmbt1,0,0,0,1,0,0
Dmbx1,9,6,3,5,5,3
Dmc1,5,6,9,22,15,14
Dmd,1564,1444,1283,813,640,802
Dmgdh,12,13,8,3,0,2
Dmkn,14,52,41,2,1,1
Dmp1,226,172,231,9,6,12
Dmpk,503,486,545,568,524,427
Dmrt1,0,0,0,1,0,0
Dmrt2,33,27,19,66,71,69
Dmrt3,4,8,5,35,21,22
Dmrta1,13,9,7,21,20,21
Dmrta2,51,95,42,240,178,191
Dmrtb1,11,26,13,66,58,51
Dmrtc1a,79,72,69,0,6,3
Dmrtc1b,2,0,1,0,0,0
Dmrtc1c1,0,0,0,0,0,0
Dmrtc1c2,0,0,0,0,0,0
Dmrtc2,0,0,1,2,0,1
Dmtf1,1248,1197,1307,1698,1522,1903
Dmwd,2921,3440,2900,3043,2840,2686
Dmxl1,1755,1306,1479,1227,869,1485
Dmxl2,6482,5887,6086,5260,4035,6131
Dna2,35,42,35,194,138,175
Dnahc1,267,309,339,145,124,130
Dnahc10,54,85,93,32,36,29
Dnahc11,42,45,45,14,15,14
Dnahc12,0,0,1,1,0,0
Dnahc14,2,2,2,0,0,0
Dnahc17,20,22,38,177,125,154
Dnahc2,94,126,124,306,300,325
Dnahc3,13,12,18,4,1,1
Dnahc5,172,162,125,57,50,74
Dnahc6,116,105,92,15,7,6
Dnahc7a,212,162,192,92,112,106
Dnahc7b,74,54,61,51,46,46
Dnahc7l,7,4,4,0,1,3
Dnahc8,11,18,11,39,32,30
Dnahc9,200,158,204,80,74,92
Dnaic1,89,109,100,14,13,7
Dnaic2,49,62,55,27,22,13
Dnaja1,4679,5120,4938,6535,6807,6953
Dnaja2,4106,3642,3977,2653,2835,2906
Dnaja3,1368,1346,1229,614,642,624
Dnaja4,944,945,842,102,103,117
Dnajb1,1168,1641,1158,1014,976,905
Dnajb11,1175,1135,1109,903,948,855
Dnajb12,1195,1262,1204,590,586,618
Dnajb13,18,19,13,3,1,1
Dnajb14,3259,2861,2853,1052,1059,1219
Dnajb2,1985,2558,2160,899,899,763
Dnajb3,26,20,22,84,58,64
Dnajb4,1437,1391,1352,481,449,504
Dnajb5,2933,4261,3297,2924,2885,2716
Dnajb6,2720,2630,2444,2720,2727,2789
Dnajb7,1,0,3,2,2,1
Dnajb8,0,0,1,0,0,0
Dnajb9,836,647,596,251,256,299
Dnajc1,205,229,192,201,164,179
Dnajc10,1774,1524,1572,1255,1106,1328
Dnajc11,888,992,1204,1457,1674,1387
Dnajc12,209,206,227,43,29,19
Dnajc13,1455,1290,1228,1798,1617,1916
Dnajc14,1562,1491,1527,1864,1562,1524
Dnajc15,373,363,378,152,141,156
Dnajc16,1838,1806,1970,837,776,795
Dnajc17,89,111,84,136,145,143
Dnajc18,668,643,582,375,371,380
Dnajc19,196,174,185,204,209,254
Dnajc2,455,421,413,594,609,628
Dnajc21,644,782,751,485,461,380
Dnajc22,0,2,0,2,0,3
Dnajc24,129,132,114,201,146,159
Dnajc25,113,103,99,104,92,114
Dnajc27,3475,3702,3526,589,585,596
Dnajc28,171,168,174,103,97,101
Dnajc3,1182,1041,989,431,346,438
Dnajc30,450,494,425,226,254,223
Dnajc4,273,273,220,169,144,151
Dnajc5,8240,8939,9249,7031,6872,6966
Dnajc5b,0,4,0,0,1,0
Dnajc5g,0,0,0,0,0,0
Dnajc6,7937,7705,7257,2160,2067,2502
Dnajc7,3068,3177,3280,4125,4094,3929
Dnajc8,1251,1358,1265,1398,1287,1290
Dnajc9,511,533,428,1124,1073,1084
Dnalc1,2827,2620,2803,1146,1078,1237
Dnalc4,864,963,885,929,802,798
Dnali1,53,80,45,10,4,3
Dnase1,108,123,124,268,276,283
Dnase1l1,24,22,36,13,13,21
Dnase1l2,67,72,85,193,172,173
Dnase1l3,3,1,2,0,1,0
Dnase2a,98,140,161,141,152,154
Dnase2b,1,0,1,0,0,0
Dnd1,10,22,17,42,40,29
Dner,3605,3717,3060,3631,4002,4176
Dnhd1,116,117,135,111,113,155
Dnlz,911,1119,1049,909,882,806
Dnm1,32448,36797,35949,3785,4027,3667
Dnm1l,4996,4865,4438,3378,2965,3820
Dnm2,1832,2142,1686,2178,2345,2164
Dnm3,4509,3993,3753,2406,2198,3011
Dnm3os,3,3,3,1,2,4
Dnmbp,276,251,263,268,168,215
Dnmt1,1518,1745,1561,6591,5421,5397
Dnmt3a,2424,3117,2596,4023,3463,3485
Dnmt3b,24,15,23,132,78,85
Dnmt3l,3,3,4,0,0,0
Dnmt3l-ps1,1,0,0,0,0,0
Dnpep,626,787,601,1252,1150,1101
Dntt,4,0,2,1,0,0
Dnttip1,397,440,442,602,629,466
Dnttip2,626,554,537,850,804,803
Doc2a,446,575,401,123,169,128
Doc2b,1144,1319,1283,442,601,613
Doc2g,34,59,50,256,251,236
Dock1,854,936,734,520,382,455
Dock10,1290,1438,1277,132,108,154
Dock11,244,237,189,965,788,1067
Dock2,14,105,32,12,10,22
Dock3,4765,4735,4744,2107,2048,2386
Dock4,3600,2861,3316,1569,1018,1606
Dock5,396,411,370,76,48,67
Dock6,434,553,429,479,364,404
Dock7,858,871,823,5299,4254,5575
Dock8,122,150,107,10,17,14
Dock9,4572,3958,4535,2904,3066,3551
Dohh,1167,1508,1246,784,769,761
Dok1,42,31,46,20,14,15
Dok2,15,13,17,20,10,14
Dok3,97,165,94,88,110,96
Dok4,354,526,341,1727,1917,1719
Dok5,394,502,434,1434,1787,1630
Dok6,458,492,461,441,308,430
Dok7,383,400,342,169,153,162
Dolk,308,382,341,251,203,189
Dolpp1,320,328,307,564,508,512
Dom3z,250,307,255,509,442,443
Donson,307,315,284,481,376,467
Dopey1,1177,976,1130,1917,1673,2125
Dopey2,2158,2499,2305,1987,1824,2048
Dos,4226,4912,3598,1664,1649,1580
Dot1l,1522,1553,1878,2937,2257,2525
Doxl2,0,0,0,0,0,0
Dpagt1,189,259,243,421,438,400
Dpcd,858,938,974,332,362,317
Dpcr1,2,0,3,2,1,1
Dpep1,4,3,4,0,0,0
Dpep2,1,1,4,0,5,1
Dpep3,1,0,1,0,1,0
Dpf1,1035,1319,1091,3882,3860,3132
Dpf2,867,975,1026,1774,1307,1227
Dpf3,118,115,114,218,190,203
Dph1,205,166,218,128,134,154
Dph2,192,207,195,329,347,315
Dph3,677,592,590,731,697,719
Dph5,164,209,199,276,260,272
Dpm1,309,271,338,332,337,369
Dpm2,525,604,632,643,717,575
Dpm3,150,215,157,156,162,134
Dpp10,3182,2997,2747,611,579,730
Dpp3,844,909,915,1594,1435,1227
Dpp4,92,77,72,30,21,36
Dpp6,6276,6652,6408,1911,2193,2079
Dpp7,397,368,479,258,274,226
Dpp8,5041,4549,4514,2975,2652,3236
Dpp9,1553,1880,1456,1163,1017,1017
Dppa1,0,2,0,0,0,0
Dppa2,1,0,1,0,0,0
Dppa3,0,0,0,0,0,1
Dppa4,0,0,0,0,0,0
Dppa5a,1,2,2,9,6,10
Dpt,6,1,1,0,0,0
Dpy19l1,2286,2451,2170,4122,2918,3744
Dpy19l3,1419,1458,1421,1376,1265,1402
Dpy19l4,824,755,771,768,542,884
Dpy30,367,358,310,531,598,561
Dpyd,129,148,76,73,48,62
Dpys,2,1,8,2,4,2
Dpysl2,6468,7997,7375,15069,17890,14852
Dpysl3,1279,1648,1042,52595,56199,55198
Dpysl4,990,1170,1197,2011,1861,1848
Dpysl5,914,1270,883,28685,28077,27366
Dqx1,19,10,15,26,20,18
Dr1,941,802,676,709,546,793
Dram1,27,21,32,26,25,18
Dram2,380,344,281,295,304,416
Drap1,2820,3238,3393,2794,2731,2027
Drd1a,720,730,842,232,207,270
Drd2,657,847,1008,134,132,124
Drd3,5,16,8,3,1,1
Drd4,7,10,10,11,11,14
Drd5,58,46,51,2,3,1
Drg1,1176,1121,1158,1334,1319,1326
Drg2,625,678,668,658,618,590
Drp2,2059,2023,2101,1967,1848,1865
Drr1,0,0,0,0,0,0
Dsc1,2,5,1,0,1,0
Dsc2,16,17,12,10,8,13
Dsc3,16,25,9,16,23,35
Dscam,1971,1985,1967,2002,1492,1615
Dscaml1,1732,1685,1823,2520,2096,2253
Dscc1,4,2,2,61,50,47
Dscr3,565,679,626,952,942,888
Dse,157,140,132,102,86,87
Dsel,577,433,398,467,400,597
Dsg1a,5,1,8,3,0,1
Dsg1b,5,1,8,0,0,1
Dsg1c,24,7,24,1,2,2
Dsg2,74,70,60,35,35,38
Dsg3,2,0,0,3,1,0
Dsg4,0,0,0,0,0,0
Dsn1,76,64,78,214,149,195
Dsp,325,137,320,69,61,42
Dspp,7,11,12,1,5,2
Dst,14172,15237,13536,11453,9071,10722
Dstn,3824,3741,3407,4681,4750,5001
Dstyk,1809,1670,1671,733,641,778
Dtd1,1058,973,1000,432,446,426
Dtl,181,185,176,320,222,252
Dtna,2437,2597,2485,901,812,963
Dtnb,1328,1461,1466,582,551,536
Dtnbp1,1052,1284,1299,700,748,598
Dtwd1,134,131,134,134,113,154
Dtwd2,65,67,66,54,43,54
Dtx1,1928,2546,1926,3268,3224,3046
Dtx2,168,224,192,406,406,353
Dtx3,3021,3684,3392,3753,3510,3129
Dtx3l,134,108,145,53,38,46
Dtx4,1070,1299,1171,2493,3420,2934
Dtymk,415,462,359,959,877,920
Dub1,0,0,0,0,0,0
Dub1a,0,0,0,0,0,0
Dub2a,0,0,0,0,0,0
Dub3,0,0,0,0,0,0
Dullard,1044,1165,924,907,942,817
Duox1,3,3,5,17,25,18
Duox2,4,1,2,1,3,0
Duoxa1,0,0,1,2,4,3
Duoxa2,0,1,0,0,1,0
Dupd1,1,3,6,1,0,0
Dus1l,566,625,635,560,527,488
Dus2l,234,230,254,297,302,280
Dus3l,1295,1536,1480,1748,1827,1593
Dus4l,83,80,97,98,113,114
Dusp1,665,1305,492,643,535,492
Dusp10,155,133,117,69,49,57
Dusp11,1503,1220,1444,3031,2719,3399
Dusp12,216,228,255,325,358,318
Dusp13,3,8,13,0,2,3
Dusp14,703,774,712,101,68,94
Dusp15,375,418,347,228,251,230
Dusp16,361,322,327,351,238,307
Dusp18,809,895,843,1227,1245,1195
Dusp19,369,316,304,210,240,246
Dusp2,14,14,14,47,36,54
Dusp21,0,0,0,0,0,0
Dusp22,271,284,245,116,125,133
Dusp23,87,114,103,48,57,47
Dusp26,1625,1990,1890,771,854,644
Dusp27,27,23,20,30,28,24
Dusp28,341,383,345,103,116,110
Dusp3,4218,4452,4233,303,331,349
Dusp4,248,260,209,2303,1497,1822
Dusp5,237,317,197,31,41,31
Dusp6,351,652,282,212,135,173
Dusp7,1533,1532,1421,497,486,527
Dusp8,3571,3882,3278,3495,3194,3231
Dusp9,12,20,23,2,3,1
Dut,471,505,443,632,666,628
Duxbl,5,17,13,141,118,119
Dvl1,2202,2768,2580,2727,2540,2331
Dvl2,476,495,504,995,961,836
Dvl3,947,1155,936,2220,1870,1887
Dvwa,93,29,158,18,32,18
Dydc1,4,2,2,0,0,1
Dydc2,14,18,13,2,0,2
Dym,1008,1053,933,575,610,601
Dync1h1,18707,21183,21429,32978,27490,30403
Dync1i1,2802,2899,2811,3728,3784,3692
Dync1i2,2921,2813,2911,6554,6718,6859
Dync1li1,1775,1944,1723,2135,2167,2372
Dync1li2,6270,5905,5615,4552,4387,4382
Dync2h1,1208,1044,1031,1010,811,1090
Dync2li1,310,307,294,252,263,290
Dynll1,2751,3006,2838,2946,3058,2940
Dynll2,18752,22646,22989,8020,8210,6745
Dynlrb1,2511,2867,3041,3855,3775,3134
Dynlrb2,16,28,30,3,2,2
Dynlt1-ps1,331,405,425,3628,3886,3663
Dynlt1c,318,426,488,3036,3229,3157
Dynlt3,2956,2506,2566,406,391,521
Dyrk1a,2198,2053,2115,2970,2688,3204
Dyrk1b,647,714,557,726,517,645
Dyrk2,527,621,467,926,720,900
Dyrk3,255,189,197,346,325,333
Dyrk4,1,3,3,1,1,1
Dysf,119,94,120,64,65,47
Dysfip1,1,0,0,0,0,0
Dytn,2,1,5,0,0,1
Dyx1c1,59,50,53,34,48,46
Dzip1,1523,1565,1472,2523,2420,2664
Dzip1l,511,468,584,468,409,381
Dzip3,2201,1840,1733,2542,2217,3160
E030002O03Rik,0,0,0,0,0,0
E030010A14Rik,45,63,48,48,25,35
E030011O05Rik,0,0,0,0,0,0
E030019B06Rik,20,29,25,4,4,4
E030030I06Rik,2,2,2,3,2,2
E030037K03Rik,2,2,0,0,0,0
E130012A19Rik,1356,1311,1060,183,127,138
E130018O15Rik,0,0,0,0,0,0
E130112L23Rik,530,644,541,1191,935,932
E130114P18Rik,55,51,44,203,151,202
E130116L18Rik,7,4,5,3,1,2
E130120F12Rik,21,25,33,37,20,31
E130203B14Rik,82,80,64,36,21,28
E130208F15Rik,0,0,0,0,0,0
E130303B06Rik,138,158,184,166,167,137
E130304F04Rik,0,0,0,0,0,0
E130304I02Rik,4,3,2,1,3,2
E130306D19Rik,3,12,11,105,65,73
E130308A19Rik,361,349,331,580,474,544
E130309D02Rik,355,398,335,640,577,571
E130309D14Rik,791,842,861,469,396,433
E130309F12Rik,360,425,346,1549,1635,1752
E130311K13Rik,169,146,139,80,77,86
E230001N04Rik,12,7,11,3,7,7
E230008N13Rik,21,27,22,8,3,2
E230019M04Rik,0,2,2,0,0,0
E230025N22Rik,4,3,9,0,0,0
E2f1,339,369,325,491,399,381
E2f2,27,28,20,137,78,91
E2f3,691,590,651,554,451,525
E2f4,530,615,666,842,708,687
E2f5,142,178,166,265,241,256
E2f6,593,664,499,435,379,437
E2f7,13,13,10,362,237,248
E2f8,6,11,7,194,116,127
E330009J07Rik,2351,2492,2213,2796,1963,2477
E330013P04Rik,6,8,9,26,19,17
E330016A19Rik,29,33,27,20,14,19
E330017A01Rik,0,0,0,0,0,0
E330020D12Rik,4,3,1,0,1,1
E330021D16Rik,0,0,0,0,0,0
E330034G19Rik,2,9,3,3,1,2
E430025E21Rik,934,862,807,1342,1247,1348
E430029J22Rik,0,1,0,0,0,0
E4f1,576,662,728,1026,1052,940
EG432982,6,7,6,3,3,3
EG654453,0,0,0,0,0,0
Eaf1,440,551,414,476,373,378
Eaf2,24,18,29,3,14,14
Eapa2,1,1,0,0,0,0
Eapp,902,879,907,1070,1097,1007
Ear-ps10,0,0,0,0,0,0
Ear-ps12,0,0,0,0,0,0
Ear-ps2,0,0,0,0,0,0
Ear-ps7,0,1,0,0,0,0
Ear-ps8,0,0,0,0,0,0
Ear-ps9,0,0,0,0,0,0
Ear1,0,0,0,0,0,0
Ear10,0,0,0,0,0,0
Ear11,0,0,0,0,0,0
Ear2,2,0,1,0,0,0
Ear4,0,0,0,0,0,0
Ear5,0,1,0,0,0,0
Ear6,0,0,0,0,0,0
Ears2,146,174,147,259,252,270
Ebag9,410,413,471,295,298,300
Ebf1,132,111,121,473,363,365
Ebf2,15,12,6,29,28,32
Ebf3,46,56,25,127,89,118
Ebf4,189,222,193,390,351,401
Ebi3,7,12,12,19,22,17
Ebna1bp2,885,788,855,1451,1401,1285
Ebp,248,369,287,136,147,122
Ebpl,110,165,119,127,137,122
Ecd,909,798,766,950,842,846
Ece1,1345,1839,1434,748,612,597
Ece2,743,758,737,653,660,606
Ecel1,377,540,403,289,112,211
Ech1,648,622,663,436,390,332
Echdc1,224,214,185,102,108,150
Echdc2,277,267,334,147,168,158
Echdc3,19,14,15,3,3,1
Echs1,913,1005,994,1055,976,856
Ecm1,129,133,131,162,99,123
Ecm2,113,118,98,53,46,41
Ecscr,31,36,30,65,46,69
Ecsit,727,754,752,667,676,585
Ect2,7,19,7,480,203,371
Eda,113,163,125,168,176,175
Eda2r,10,9,4,41,31,42
Edar,4,6,12,29,17,27
Edaradd,3,6,2,37,27,33
Edc3,657,759,724,1106,1064,962
Edc4,1442,1635,1610,2197,2089,2060
Eddm3b,0,0,0,0,0,0
Edem1,496,502,424,689,651,682
Edem2,423,436,416,706,692,602
Edem3,1645,1328,1295,1712,1475,1914
Edf1,1466,1904,1442,970,1022,916
Edil3,3758,2927,2648,1153,873,1459
Edn1,65,50,38,14,8,7
Edn2,1,3,0,1,0,1
Edn3,172,140,129,2,2,1
Ednra,89,118,71,116,104,106
Ednrb,878,1329,783,833,668,715
Eea1,1622,1440,1361,943,732,1005
Eed,292,315,302,604,493,612
Eef1a1,31049,32374,31830,93821,92322,89091
Eef1a2,26785,30704,30405,3105,3757,2899
Eef1b2,2075,2491,2703,5993,6888,5645
Eef1d,1090,1246,1108,1623,1657,1387
Eef1e1,348,380,341,747,739,826
Eef1g,3285,3273,2939,6883,6757,5826
Eef2,24297,27275,24887,50124,47160,42439
Eef2k,953,849,1130,1627,1637,1483
Eefsec,308,407,332,412,366,328
Eepd1,373,386,446,206,172,170
Efcab1,167,162,114,45,46,47
Efcab10,26,26,14,1,1,1
Efcab2,81,56,68,21,22,29
Efcab3,8,7,11,3,5,1
Efcab4a,48,74,55,91,99,75
Efcab4b,17,12,13,3,3,3
Efcab5,117,102,109,108,140,124
Efcab6,223,233,235,162,220,204
Efcab7,48,40,43,111,104,140
Efcab8,0,0,0,0,1,0
Efcab9,14,6,8,1,4,5
Efemp1,224,168,206,0,1,3
Efemp2,183,197,197,248,208,196
Efha1,548,618,546,1229,1364,1222
Efha2,2546,1815,1681,514,520,631
Efhb,8,3,7,9,4,5
Efhc1,37,36,47,16,15,17
Efhc2,33,24,17,10,15,14
Efhd1,584,560,380,7,13,14
Efhd2,5706,5853,5816,916,642,620
Efna1,52,82,85,62,44,42
Efna2,159,162,116,607,623,535
Efna3,919,877,802,629,667,575
Efna4,6,11,6,280,247,202
Efna5,564,560,542,293,277,319
Efnb1,360,473,311,2626,1944,1791
Efnb2,1558,1603,1362,7937,6625,7624
Efnb3,2179,3151,2152,3398,3445,3061
Efr3a,3322,2668,2944,842,848,1029
Efr3b,5440,5027,5549,3918,3648,3555
Efs,202,309,187,916,710,666
Eftud1,349,343,390,412,399,360
Eftud2,2394,2405,2295,3233,2927,2763
Egf,32,22,46,70,63,62
Egfl6,37,40,29,53,27,45
Egfl7,559,596,611,287,237,192
Egfl8,21,40,24,39,27,30
Egflam,99,97,77,60,43,39
Egfr,403,422,374,374,303,450
Egln1,1620,1655,1451,1518,1255,1332
Egln2,1803,2215,1743,1863,1818,1586
Egln3,218,187,184,332,306,321
Egr1,3905,9192,2757,81,99,94
Egr2,87,627,57,8,2,2
Egr3,1146,1724,1296,49,46,41
Egr4,391,1129,253,1,4,5
Ehbp1,1464,1443,1446,2350,2354,2575
Ehbp1l1,567,845,556,526,592,496
Ehd1,1211,1312,1352,2735,2580,2279
Ehd2,175,191,162,122,101,102
Ehd3,2511,2249,2483,571,615,577
Ehd4,380,415,345,60,63,57
Ehf,5,6,3,7,1,1
Ehhadh,83,74,71,21,21,27
Ehmt1,887,978,952,4316,3528,3740
Ehmt2,5048,5518,4784,7516,7086,6177
Ei24,1218,1266,1107,1216,1153,1228
Eid1,1867,1551,1407,2342,2999,2549
Eid2,958,996,969,893,999,902
Eif1,3657,3793,3919,3152,3068,3001
Eif1a,808,793,719,622,611,728
Eif1ad,502,540,480,634,582,548
Eif1ay,3980,3227,3030,2653,2451,2964
Eif1b,1970,1873,1462,3247,3514,3097
Eif2a,838,646,641,899,822,983
Eif2ak1,1461,1406,1498,1323,1388,1348
Eif2ak2,118,141,109,95,45,86
Eif2ak3,766,762,717,854,748,840
Eif2ak4,583,640,649,778,614,789
Eif2b1,378,445,420,583,564,574
Eif2b2,726,829,728,781,758,611
Eif2b3,272,256,306,391,448,413
Eif2b4,643,695,688,876,833,705
Eif2b5,1114,1187,1137,1468,1510,1270
Eif2c1,1899,2083,1995,7256,5604,6149
Eif2c2,565,685,532,633,375,517
Eif2c3,1611,1455,1412,1308,1011,1398
Eif2c4,331,364,400,1156,1064,1178
Eif2c5,0,0,0,0,0,0
Eif2s1,585,557,550,836,890,936
Eif2s2,954,875,794,1304,1358,1366
Eif2s3x,2869,2624,2796,5504,5243,5398
Eif2s3y,0,2,0,6,3,1
Eif3a,5495,5933,5707,8882,8696,8511
Eif3b,2226,2558,2433,3711,3641,3315
Eif3c,3694,4035,3885,5409,5167,5092
Eif3d,1288,1384,1443,2798,2803,2370
Eif3e,585,528,437,1051,1084,1192
Eif3f,2127,2192,2320,4902,4611,4179
Eif3g,1243,1256,1190,1573,1656,1378
Eif3h,1938,1981,2042,3990,3997,3605
Eif3i,997,1100,1166,1458,1408,1224
Eif3j,1001,1017,966,956,982,1175
Eif3k,1373,1553,1754,2361,2379,2058
Eif3l,1278,1422,1363,2980,2884,2734
Eif3m,382,349,413,720,578,677
Eif4a-ps4,4109,4628,4709,15508,15590,14470
Eif4a1,2982,3265,3281,10092,10278,9460
Eif4a2,8991,8186,9052,7285,7897,9488
Eif4a3,542,621,592,965,958,892
Eif4b,3132,3034,2923,5033,4635,3965
Eif4e,1286,1299,1353,1738,1682,1671
Eif4e1b,0,0,0,0,0,0
Eif4e2,1320,1466,1391,2013,1951,1892
Eif4e3,365,341,299,240,205,242
Eif4ebp1,56,51,61,40,39,35
Eif4ebp2,417,468,447,1823,1284,1396
Eif4ebp3,5,6,10,11,14,11
Eif4enif1,1103,995,1175,1637,1533,1716
Eif4g1,7105,7952,7187,9823,8723,8944
Eif4g2,14114,13186,11686,35157,28708,36384
Eif4g3,7127,7156,6534,7002,6499,6545
Eif4h,6700,7514,6835,5560,5188,5144
Eif5,2553,2094,2437,2488,2095,2909
Eif5a,4095,4711,3933,4991,4959,4073
Eif5a2,1746,1360,1369,285,221,327
Eif5al3,677,832,805,995,1010,929
Eif5b,2245,2209,2128,2478,2724,2578
Eif6,726,896,771,1067,1108,875
Elac1,902,894,889,365,400,427
Elac2,805,752,813,889,839,856
Elane,0,2,1,0,0,0
Elavl1,862,817,787,1378,1113,1145
Elavl2,1920,1675,1531,3500,2678,3650
Elavl3,2221,2857,2212,7321,5891,5285
Elavl4,2310,1663,1589,2572,1948,2447
Elf1,158,196,136,148,126,132
Elf2,577,558,570,1878,1626,1758
Elf3,1,1,2,1,0,2
Elf4,36,37,45,31,36,23
Elf5,4,14,8,0,0,0
Elfn1,728,1075,857,619,625,593
Elfn2,2474,2983,2412,922,946,899
Elk1,1390,1220,1352,1057,1012,1106
Elk3,183,180,162,315,227,249
Elk4,875,789,803,642,640,697
Ell,519,575,527,650,600,539
Ell2,701,697,571,25,25,16
Ell3,22,17,24,4,7,10
Elmo1,2924,2525,3107,1777,1687,1688
Elmo2,3454,3559,3678,2006,1694,1743
Elmo3,117,112,125,39,37,39
Elmod1,4274,4094,3780,2112,2111,2537
Elmod2,475,397,372,957,779,1058
Elmod3,474,360,428,224,225,191
Eln,252,305,269,469,492,404
Elof1,511,566,543,516,529,498
Elovl1,240,382,311,173,180,140
Elovl2,342,389,335,1411,1244,1497
Elovl3,0,0,0,0,1,0
Elovl4,955,905,778,653,605,691
Elovl5,1549,1548,1428,1125,1153,1205
Elovl6,1238,1652,1032,2103,1951,2125
Elovl7,199,353,194,9,14,16
Elp2,1728,1774,1827,2937,2972,2757
Elp3,2040,2063,2068,3476,3891,3441
Elp4,441,406,319,487,369,476
Eltd1,461,370,509,213,162,188
Emb,567,552,480,54,52,58
Emcn,59,76,90,60,51,69
Emd,1371,1152,1032,1293,1329,1342
Eme1,7,18,14,119,98,105
Eme2,246,214,262,361,331,314
Emg1,498,534,542,1217,1085,1066
Emid1,102,155,102,196,225,200
Emid2,147,178,141,137,126,119
Emilin1,76,71,63,95,94,75
Emilin2,177,165,171,32,31,30
Emilin3,5,3,4,5,11,14
Eml1,1485,2054,1653,2523,2724,2639
Eml2,4046,5059,4551,1710,1648,1356
Eml3,320,336,328,315,257,279
Eml4,852,917,974,2766,2688,2635
Eml5,1827,1695,2235,2161,1732,2357
Eml6,827,832,942,499,464,606
Emp1,35,30,36,69,48,54
Emp2,314,619,399,168,210,160
Emp3,39,45,43,14,15,16
Emr1,84,124,87,37,25,38
Emr4,4,0,2,4,3,4
Emx1,339,362,386,735,622,486
Emx2,336,280,249,436,407,394
En1,7,12,5,0,0,1
En2,37,22,21,0,0,4
Enah,1948,2009,1896,3242,2487,2623
Enam,0,0,1,0,0,0
Enc1,15120,13964,15892,25722,22989,26138
Endod1,2652,2323,2492,235,260,271
Endog,124,162,105,21,27,33
Endou,121,84,77,3,2,2
Eng,488,475,527,311,250,258
Engase,278,290,264,208,182,175
Enho,813,875,628,535,570,506
Enkur,67,65,55,45,26,28
Eno1,9092,10072,9174,3992,4036,3476
Eno2,20042,21297,23484,1138,1354,1142
Eno3,160,128,154,149,135,126
Eno4,98,75,82,60,43,39
Enoph1,717,963,889,753,684,613
Enox1,706,670,697,1214,997,1127
Enox2,200,303,223,195,198,179
Enpep,88,59,65,10,9,6
Enpp1,132,139,109,24,20,24
Enpp2,12517,12207,10576,189,170,175
Enpp3,6,11,9,32,20,15
Enpp4,781,706,664,171,156,213
Enpp5,6505,6601,7146,2259,2500,2490
Enpp6,105,227,86,0,1,1
Enpp7,0,0,0,0,0,0
Ensa,6343,6149,6035,2465,2448,2351
Enthd1,0,0,0,1,0,2
Entpd1,331,305,284,169,156,133
Entpd2,121,171,86,33,33,24
Entpd3,240,256,271,95,115,80
Entpd4,852,895,847,261,347,311
Entpd5,811,753,679,242,252,245
Entpd6,1216,1300,1151,791,906,801
Entpd7,297,322,315,301,330,305
Entpd8,1,0,0,3,1,3
Eny2,123,126,126,298,276,346
Eomes,22,21,21,2252,1592,1781
Ep300,1955,2055,1953,3640,2701,3260
Ep400,2077,2346,2291,5011,3860,4847
Epas1,3332,2652,2836,378,287,334
Epb4.1,999,838,941,4447,3827,3968
Epb4.1l1,13879,14685,14837,5771,6065,5579
Epb4.1l2,2258,3018,2437,856,664,741
Epb4.1l3,5105,5479,4884,2553,2297,2357
Epb4.1l4a,115,99,65,354,385,351
Epb4.1l4b,1043,977,952,109,101,116
Epb4.1l5,93,76,63,233,171,198
Epb4.2,1,0,1,0,0,0
Epb4.9,6187,7373,7133,1188,1511,1196
Epc1,1023,1060,1251,3119,2988,2988
Epc2,1309,1065,1175,2114,1912,2304
Epcam,9,10,3,11,4,7
Epdr1,2152,1800,1888,169,161,194
Epgn,2,2,4,6,4,2
Epha1,26,16,14,10,9,13
Epha10,1199,1143,1442,130,140,107
Epha2,27,34,48,40,29,20
Epha3,227,210,191,3044,1909,2948
Epha4,5694,4791,5419,4662,3199,4315
Epha5,2586,2550,2154,5221,4022,5364
Epha6,761,642,633,118,139,191
Epha7,1854,1627,1802,2167,2304,2571
Epha8,239,294,238,304,329,356
Ephb1,986,1395,1001,3089,3067,2814
Ephb2,468,666,444,4171,3249,3442
Ephb3,492,683,481,347,291,271
Ephb4,158,164,141,279,223,218
Ephb6,2432,3198,2809,1482,1586,1360
Ephx1,516,445,498,53,59,49
Ephx2,314,313,311,9,11,11
Ephx3,7,12,4,3,2,0
Epm2a,870,895,877,168,237,232
Epm2aip1,2892,2542,2135,2803,1940,3073
Epn1,8089,9869,9014,4503,4321,3789
Epn2,2504,2658,2474,1831,1767,1796
Epn3,152,175,102,6,7,11
Epo,0,0,0,0,0,0
Epor,113,110,104,13,7,11
Eprs,2205,2075,2111,3871,3893,3859
Eps15,5530,5080,4710,1432,1372,1617
Eps15l1,1149,1210,1202,2159,1822,1932
Eps8,804,914,733,255,245,291
Eps8l1,225,134,155,133,157,135
Eps8l2,60,74,76,0,0,1
Eps8l3,1,1,1,0,0,1
Epsti1,10,11,8,1,0,2
Ept1,1649,1636,1510,1798,1821,2007
Epx,1,10,4,1,3,1
Epyc,47,33,52,1,0,2
Eral1,266,359,357,453,463,409
Erap1,232,166,182,52,41,43
Eras,0,0,0,1,2,2
Erbb2,60,61,62,189,94,124
Erbb2ip,2500,2160,1943,2018,1155,1828
Erbb3,355,533,428,19,11,15
Erbb4,1879,1587,1534,1749,1191,2080
Erc1,1450,1585,1428,3693,3339,3747
Erc2,4474,3917,4444,2839,2724,3128
Ercc1,459,425,405,518,540,514
Ercc2,643,689,606,1426,1257,1209
Ercc3,679,756,707,792,715,755
Ercc4,559,550,535,471,439,458
Ercc5,554,542,600,1284,1180,1221
Ercc6,835,758,843,1232,1040,1239
Ercc6l,5,5,3,124,75,109
Ercc8,225,220,202,465,478,519
Ereg,0,0,0,0,0,0
Erf,1243,1560,1188,425,381,329
Erg,137,141,183,104,77,111
Ergic1,1136,1393,1196,1618,1451,1400
Ergic2,847,846,834,1087,1126,1291
Ergic3,1672,2212,2307,2746,2968,2228
Erh,597,847,1045,3745,3602,2892
Eri1,321,273,243,663,610,857
Eri2,191,141,177,394,310,360
Eri3,2338,2576,2171,2150,2302,1945
Erich1,118,116,117,215,175,157
Erlec1,993,917,901,535,478,512
Erlin1,491,533,477,422,431,454
Erlin2,1279,1295,1279,2124,1977,2067
Ermap,16,11,21,16,15,15
Ermn,1211,1412,966,37,42,63
Ermp1,1519,1516,1319,349,322,361
Ern1,301,283,365,624,466,552
Ern2,3,7,7,28,17,13
Ero1l,1198,947,884,521,514,597
Ero1lb,512,451,423,181,194,204
Erp27,6,6,0,0,6,5
Erp29,1261,1653,1437,1554,1545,1344
Erp44,689,603,424,579,507,644
Errfi1,765,599,516,279,223,275
Erv3,8,9,7,3,1,4
Es1,0,0,0,0,0,0
Es22,0,0,0,0,0,0
Es31,0,0,0,0,0,0
Esam,288,313,299,227,220,214
Esco1,442,428,361,397,304,473
Esco2,3,2,6,165,112,149
Esd,392,416,449,442,451,485
Esf1,685,575,558,525,509,566
Esm1,12,11,7,2,9,4
Espl1,24,31,26,447,258,285
Espn,70,75,94,4,2,7
Espnl,19,4,10,9,8,4
Esr1,102,121,85,19,13,14
Esr2,5,7,2,4,5,3
Esrp1,2,4,1,1,0,0
Esrp2,6,8,4,2,3,3
Esrra,1167,1474,1287,862,682,749
Esrrb,76,57,53,9,11,11
Esrrg,749,735,659,324,247,298
Esx1,0,0,1,0,0,0
Esyt1,282,237,267,238,188,196
Esyt2,1316,1123,1120,875,700,1003
Esyt3,61,114,75,91,97,97
Etaa1,200,208,190,312,275,371
Etd,0,0,0,0,0,0
Etf1,1253,1121,1010,1167,1084,1247
Etfa,254,325,315,268,246,258
Etfb,518,631,513,407,422,298
Etfdh,647,636,581,583,555,649
Ethe1,183,205,183,137,150,144
Etl4,3001,2776,2739,739,484,681
Etnk1,5763,5147,5085,2512,2142,2921
Etnk2,108,116,121,56,63,42
Etohd2,38,43,53,56,45,52
Etohi1,309,321,325,300,227,320
Etos1,0,0,1,0,1,0
Ets1,299,387,313,586,468,575
Ets2,1819,1593,1831,492,473,496
Etv1,1640,1287,1137,665,598,816
Etv2,0,0,0,0,0,0
Etv3,868,924,859,569,415,531
Etv4,185,214,199,177,194,173
Etv5,2512,2606,2725,1227,1245,1156
Etv6,410,456,387,387,377,398
Evc,223,227,304,317,260,242
Evc2,520,498,545,218,178,217
Evi2a,302,368,310,11,6,3
Evi2b,23,6,17,14,7,13
Evi5,1742,1508,1532,1380,1165,1444
Evi5l,2100,2686,2251,2981,3052,2687
Evl,2964,3641,3224,8925,8672,7598
Evpl,221,258,259,45,54,41
Evx1,1,0,0,0,0,0
Evx2,0,1,0,0,0,0
Ewsr1,3595,3787,3621,6980,6615,6347
Exd1,40,40,50,28,30,35
Exd2,1588,1636,1790,1017,942,1095
Exo1,8,12,6,91,64,78
Exoc1,1221,1228,1215,2170,2135,2358
Exoc2,1042,981,1023,1712,1614,1790
Exoc3,1277,1342,1303,1711,1680,1659
Exoc3l,118,153,125,218,212,190
Exoc3l2,4,10,6,4,5,2
Exoc4,1749,1842,1788,2535,2429,2595
Exoc5,1608,1223,1145,2049,1614,2391
Exoc6,747,712,578,552,584,668
Exoc6b,2441,2375,2659,2391,2379,2497
Exoc7,1486,1605,1553,2066,1935,1832
Exoc8,503,635,484,450,428,383
Exog,516,494,431,757,804,776
Exosc1,224,192,177,261,245,304
Exosc10,963,985,1002,1991,2033,1935
Exosc2,329,344,348,484,450,424
Exosc3,167,187,147,281,212,233
Exosc4,326,438,312,378,356,326
Exosc5,178,208,193,161,167,151
Exosc6,0,0,0,0,0,0
Exosc7,292,317,461,649,645,499
Exosc8,269,294,288,837,907,839
Exosc9,436,385,441,570,557,654
Exph5,386,300,430,4,3,6
Expi,18,20,10,1,1,2
Ext1,1053,799,934,865,726,799
Ext2,730,850,835,998,946,902
Extl1,1474,1674,1743,45,68,38
Extl2,1850,1558,1669,399,410,443
Extl3,4791,4737,5141,2924,2768,2579
Eya1,252,235,238,180,150,171
Eya2,49,52,60,50,41,26
Eya3,741,751,755,1150,979,964
Eya4,76,71,90,39,28,28
Ezh1,1472,1460,1658,798,771,784
Ezh2,102,111,120,2778,2236,2512
Ezr,2576,1783,2516,2206,1680,1566
F10,0,0,0,2,4,1
F11,1,0,1,0,0,0
F11r,160,175,175,85,59,55
F12,9,11,10,2,0,0
F13a1,103,45,94,8,4,10
F13b,0,1,0,1,0,1
F2,0,0,1,3,1,0
F2r,267,210,131,1515,1057,1441
F2rl1,5,5,12,2,1,4
F2rl2,19,18,8,3,5,2
F2rl3,7,7,14,12,12,10
F3,1032,840,711,55,64,61
F5,298,229,220,5,2,2
F630043A04Rik,25,14,24,129,97,102
F630110N24Rik,739,848,828,284,297,278
F7,2,2,2,8,3,2
F730035P03Rik,2,1,0,0,0,0
F730047E07Rik,19,26,38,358,235,362
F730048M01Rik,0,0,0,0,0,0
F8,89,70,45,30,20,44
F830005K03Rik,0,0,0,0,0,0
F830045P16Rik,2,1,0,0,0,0
F830104G03Rik,0,0,0,0,0,0
F830116E18Rik,5,9,7,21,19,36
F8a,115,124,130,82,84,78
F9,5,4,4,0,0,0
Fa2h,693,1159,642,0,0,2
Faah,2153,2366,2590,419,500,427
Fabp1,0,0,0,0,0,0
Fabp12,0,0,2,0,0,0
Fabp2,0,0,0,0,0,0
Fabp3,720,973,763,446,477,426
Fabp4,1,1,1,0,0,0
Fabp5,845,1496,1095,4157,4592,3873
Fabp6,0,0,0,0,0,1
Fabp7,208,844,263,9437,10169,9467
Fabp9,0,0,0,0,0,0
Fadd,44,44,44,139,115,99
Fads1,5460,5368,5288,4107,3710,3930
Fads2,3328,4496,3253,4671,4912,4225
Fads3,373,490,416,275,307,294
Fads6,792,913,815,69,89,76
Faf1,668,739,748,1240,1226,1253
Faf2,1057,1235,1113,1335,1246,1167
Fah,332,363,387,134,161,142
Fahd1,166,191,262,129,118,128
Fahd2a,290,260,308,228,174,203
Faim,488,554,441,595,669,577
Faim2,13283,13957,13105,475,658,538
Faim3,6,3,2,0,2,0
Fam100a,1991,2218,1794,1036,972,931
Fam100b,376,388,407,1271,1097,930
Fam101a,15,15,17,28,26,20
Fam101b,361,456,310,145,168,154
Fam102a,2234,2374,2131,398,301,388
Fam102b,1480,1608,1340,1703,1526,1927
Fam103a1,1252,1055,1223,895,813,815
Fam105a,476,517,485,91,84,89
Fam105b,254,316,303,389,404,359
Fam107a,16333,9364,15401,36,35,26
Fam107b,241,259,244,2018,1835,1856
Fam108a,1872,2611,2108,952,890,923
Fam108b,566,526,533,516,476,606
Fam108c,542,574,546,1775,1607,1793
Fam109a,216,254,241,817,763,762
Fam109b,15,12,13,9,13,11
Fam110a,107,105,84,517,491,431
Fam110b,968,820,812,1541,1603,1487
Fam110c,3,0,0,1,0,0
Fam111a,64,63,43,239,195,280
Fam113a,485,522,517,609,627,636
Fam113b,122,112,126,102,105,88
Fam114a1,108,153,156,51,70,73
Fam114a2,700,791,745,1750,1721,1649
Fam115a,8155,7523,7500,8531,7884,8530
Fam115c,32,31,19,25,29,33
Fam116a,590,530,487,628,519,675
Fam116b,727,759,846,1126,1100,1034
Fam117a,112,103,112,62,41,50
Fam117b,2089,1873,1756,3727,3546,3842
Fam118a,407,450,356,498,429,433
Fam118b,274,268,309,736,693,734
Fam119a,200,234,229,232,207,217
Fam119b,4,4,5,4,7,1
Fam120a,3865,3920,3513,3136,2395,2853
Fam120b,1503,1476,1519,1378,1413,1380
Fam120c,1309,1129,1073,674,557,775
Fam122a,56,59,55,63,43,41
Fam122b,128,138,98,137,77,120
Fam122c,0,0,0,1,0,0
Fam123a,582,608,459,1130,726,942
Fam123b,287,233,262,1140,1026,1241
Fam123c,804,754,775,1234,1236,1284
Fam124b,1,3,2,13,15,18
Fam125a,345,348,327,329,350,309
Fam125b,2493,3043,2431,6135,5420,5621
Fam126a,460,551,427,2613,2165,2569
Fam126b,2865,2184,2463,591,393,790
Fam128b,318,352,288,324,265,256
Fam129a,110,100,128,19,12,25
Fam129b,798,1117,882,1635,1492,1395
Fam129c,21,38,53,105,107,101
Fam131a,5683,5909,5816,705,678,671
Fam131b,3210,3624,3774,1440,1589,1415
Fam131c,57,89,51,257,255,209
Fam132a,179,230,206,43,43,47
Fam132b,14,14,17,12,13,9
Fam133b,498,472,506,556,573,539
Fam134a,3588,3943,3889,2271,2211,2115
Fam134b,1067,958,767,170,175,222
Fam134c,1341,1668,1560,1642,1725,1726
Fam135a,731,568,646,1180,895,1289
Fam135b,492,393,461,242,196,281
Fam136a,400,434,356,702,733,799
Fam13a,554,406,437,241,243,274
Fam13b,1162,1278,1158,1538,1176,1521
Fam13c,988,1181,895,608,386,509
Fam149a,605,633,591,139,127,149
Fam149b,615,665,687,854,775,825
Fam150b,50,46,25,7,18,10
Fam151a,0,0,0,2,0,0
Fam154a,1,0,0,0,0,0
Fam154b,82,85,70,36,29,57
Fam155a,2244,1914,1727,721,738,786
Fam158a,357,448,415,99,112,95
Fam159a,4,0,0,5,11,5
Fam159b,9,11,7,3,1,5
Fam160a1,128,90,106,119,94,98
Fam160a2,966,1092,893,701,564,672
Fam160b1,671,615,594,1060,886,983
Fam160b2,992,1146,1415,753,696,657
Fam161a,97,89,97,45,39,33
Fam161b,343,354,292,371,402,417
Fam162a,409,507,426,440,409,400
Fam162b,0,0,0,7,2,3
Fam163a,252,318,231,28,33,53
Fam163b,700,806,815,80,104,89
Fam164a,1283,1093,1095,1615,1544,1803
Fam164b,1,0,0,0,0,0
Fam164c,83,82,96,49,56,72
Fam165b,166,127,149,193,187,187
Fam166a,3,9,7,2,5,5
Fam166b,15,16,24,3,12,13
Fam167a,45,69,51,421,324,355
Fam167b,5,9,1,0,2,0
Fam168a,7002,7227,6961,7311,6495,7488
Fam168b,7686,8701,8727,14126,12673,13043
Fam169a,1564,1285,1266,713,641,924
Fam169b,8,9,15,0,1,1
Fam170a,0,0,1,0,0,0
Fam170b,2,0,0,0,0,0
Fam171a1,1800,1867,1977,1382,1379,1448
Fam171a2,1664,2428,1727,4105,4172,3674
Fam171b,8780,7061,7588,3224,2829,3535
Fam172a,931,791,756,1129,1028,1268
Fam173a,767,872,818,463,404,366
Fam173b,277,284,268,406,350,394
Fam174a,878,961,993,142,135,149
Fam174b,583,530,600,606,709,662
Fam175a,79,84,100,133,110,123
Fam175b,726,651,642,814,703,866
Fam176a,312,217,276,9,8,6
Fam176b,41,71,41,50,32,42
Fam178a,1358,1236,1313,2466,2301,2632
Fam178b,5,8,4,1,0,0
Fam179a,63,79,49,5,11,8
Fam179b,1548,1311,1294,693,504,771
Fam180a,24,30,22,0,0,0
Fam183b,45,50,38,2,6,4
Fam184a,584,547,592,282,296,295
Fam184b,209,245,229,162,160,165
Fam185a,349,364,353,258,292,316
Fam186a,1,3,2,0,0,0
Fam188a,673,616,590,398,393,481
Fam188b,125,128,142,208,227,210
Fam189a1,1602,1516,1553,377,395,394
Fam189a2,203,199,210,60,54,55
Fam189b,950,952,887,623,595,642
Fam18a,515,596,520,1146,1029,980
Fam18b,399,495,581,397,360,386
Fam190a,225,216,270,670,523,696
Fam192a,918,960,924,1545,1566,1373
Fam193a,1314,1346,1332,2906,2528,2535
Fam193b,1828,2059,2021,2396,2407,2248
Fam195a,168,184,138,73,67,45
Fam195b,1075,1299,999,1282,1164,1051
Fam196a,92,99,63,138,142,157
Fam196b,92,113,86,101,84,97
Fam198a,113,169,133,46,44,40
Fam198b,99,79,91,33,32,44
Fam199x,406,374,350,317,235,377
Fam19a1,938,698,801,229,274,274
Fam19a3,3,8,2,7,4,6
Fam19a4,30,12,9,0,4,1
Fam20a,280,314,307,28,28,28
Fam20b,2522,2641,2358,1867,1811,1919
Fam20c,1062,1238,985,2153,2060,1848
Fam23a,5,3,4,3,3,5
Fam24a,1,3,5,3,3,2
Fam26d,0,2,1,0,0,0
Fam26e,83,71,85,8,5,3
Fam26f,4,6,5,0,0,1
Fam32a,1251,1411,1398,1913,1844,1690
Fam33a,243,234,204,1034,951,1062
Fam35a,123,118,116,81,79,97
Fam36a,6,11,10,12,12,16
Fam38a,154,210,153,261,237,253
Fam38b,14,14,14,31,31,38
Fam3a,334,350,373,413,399,352
Fam3b,0,0,0,0,0,0
Fam3c,1432,1605,1718,1127,1250,1086
Fam40a,1451,1671,1441,3976,3766,3547
Fam40b,1455,1073,1611,127,98,151
Fam43a,396,556,378,126,99,77
Fam43b,425,622,528,116,164,135
Fam45a,612,449,480,365,348,473
Fam46a,4,11,2,0,1,1
Fam46b,5,3,5,2,1,2
Fam46c,104,69,86,60,39,45
Fam46d,0,0,0,1,0,0
Fam47a,0,0,0,0,0,0
Fam47e,7,11,5,1,2,0
Fam48a,667,685,650,1840,1694,2007
Fam48b1,0,0,0,0,0,0
Fam49a,1792,1767,1546,3254,2940,3346
Fam49b,2895,2714,2782,2350,2422,2804
Fam50a,437,556,558,838,909,747
Fam50b,0,0,0,0,0,0
Fam53a,467,449,505,501,430,443
Fam53b,772,893,644,659,433,490
Fam53c,1724,2213,1921,1957,1694,1508
Fam54a,5,2,4,25,20,21
Fam54b,996,1093,1119,1519,1557,1474
Fam55b,9,9,8,1,6,6
Fam55d,172,195,169,101,104,155
Fam57a,255,340,256,213,243,253
Fam57b,1383,1980,1629,3491,3519,3036
Fam58b,240,208,262,225,234,218
Fam59a,527,512,478,246,198,204
Fam59b,341,419,294,516,351,396
Fam5b,2319,2118,1998,1654,1449,1502
Fam5c,622,547,540,140,176,181
Fam60a,34,37,34,939,776,827
Fam63a,383,465,426,742,683,624
Fam63b,2034,1844,1812,945,809,1140
Fam64a,5,15,6,534,336,338
Fam65a,2180,2406,2305,1879,1801,1606
Fam65b,1571,1654,1335,1180,835,1034
Fam65c,9,7,8,2,0,4
Fam69a,470,511,405,316,329,408
Fam69b,925,1132,959,896,909,858
Fam69c,94,141,81,78,56,47
Fam70a,522,581,387,57,41,54
Fam70b,52,67,33,1,2,1
Fam71b,4,0,1,1,1,1
Fam71d,2,3,2,4,4,4
Fam71e1,71,93,54,80,61,62
Fam71e2,0,0,1,0,0,0
Fam71f1,0,0,0,0,0,1
Fam71f2,7,7,10,20,21,24
Fam72a,27,23,28,24,17,20
Fam73a,2561,2406,2092,826,684,949
Fam73b,1717,1906,1788,758,715,665
Fam76a,1164,1063,1004,691,595,610
Fam76b,448,347,429,1080,855,1210
Fam78a,214,194,196,23,18,12
Fam78b,761,832,776,1581,1706,1747
Fam81a,4412,4329,4215,246,320,284
Fam82a1,102,130,120,43,49,57
Fam82a2,1058,1057,986,655,691,627
Fam82b,196,173,159,159,188,263
Fam83a,1,0,0,0,2,2
Fam83b,1,2,3,1,0,1
Fam83c,6,10,5,17,18,23
Fam83d,111,45,86,179,103,122
Fam83e,1,2,1,3,5,4
Fam83f,7,14,4,2,5,3
Fam83g,4,0,6,14,14,7
Fam83h,82,94,76,107,90,100
Fam84a,2215,1715,1800,2612,2383,2595
Fam86,62,94,83,67,61,43
Fam89a,18,15,17,17,15,8
Fam92a,952,805,820,881,916,1137
Fam92b,16,13,9,1,0,0
Fam96a,249,265,235,320,276,300
Fam96b,355,432,383,762,674,523
Fam98a,734,851,843,1334,1433,1431
Fam98b,857,900,962,1436,1402,1509
Fam98c,224,228,206,67,81,64
Fanca,40,35,41,305,276,180
Fancb,39,41,58,99,97,109
Fancc,154,187,180,209,157,195
Fancd2,118,131,151,188,138,167
Fance,261,284,294,383,324,296
Fancg,207,196,218,472,464,431
Fanci,19,20,30,142,107,123
Fancl,85,97,95,148,148,186
Fancm,323,295,348,683,553,611
Fank1,107,72,80,53,66,51
Fap,53,45,61,7,18,13
Far1,2533,2132,2275,1989,1669,2228
Far2,551,562,535,342,401,443
Farp1,2282,2146,2090,3900,3656,3720
Farp2,239,216,231,130,106,147
Fars2,335,337,283,285,327,270
Farsa,347,373,389,750,798,742
Farsb,913,944,943,1246,1364,1407
Fas,45,24,47,5,8,8
Fasl,0,0,3,3,4,5
Fasn,7092,9755,7103,16756,15928,16581
Fastk,1386,1629,1412,929,876,915
Fastkd1,321,252,235,370,456,451
Fastkd2,325,293,351,297,297,395
Fastkd3,161,160,161,201,177,212
Fastkd5,58,59,52,76,74,77
Fat1,1922,1993,1929,3278,2456,3150
Fat2,14,26,46,3,3,5
Fat3,2570,2621,2524,4223,3514,4379
Fat4,515,507,501,8212,5683,6942
Fate1,2,3,4,1,2,0
Fau,1639,1701,1644,2718,2858,2470
Fau-ps1,2,2,2,5,5,0
Fau-ps2,0,1,0,0,3,4
Fbf1,2009,2033,1978,3598,3546,3329
Fbl,344,421,387,1014,1095,816
Fblim1,23,41,35,572,564,544
Fbll1,0,0,0,0,0,0
Fbln1,326,235,270,683,687,640
Fbln2,124,149,161,397,371,422
Fbln5,148,120,149,16,10,10
Fbln7,62,52,49,21,18,13
Fbn1,231,230,259,518,556,594
Fbn2,90,110,75,1153,1054,1266
Fbp1,5,3,5,0,0,0
Fbp2,2,2,0,1,1,1
Fbrs,551,507,552,698,682,719
Fbrsl1,972,1348,1017,2084,1663,1679
Fbxl12,167,217,163,276,295,262
Fbxl13,7,4,3,10,8,7
Fbxl14,691,764,685,1134,929,1027
Fbxl15,302,399,335,206,198,160
Fbxl16,20439,22544,20238,2318,2050,2061
Fbxl17,1259,1299,1299,1287,1102,1281
Fbxl18,1551,1738,1689,2220,2077,2028
Fbxl19,1532,2220,1580,4201,4207,3469
Fbxl2,842,957,929,416,455,443
Fbxl20,1575,1536,1576,2127,1793,1951
Fbxl21,98,110,108,46,53,57
Fbxl22,10,5,8,17,15,12
Fbxl3,1841,1660,1935,1302,1063,1260
Fbxl4,307,290,318,225,194,243
Fbxl5,1991,1785,1909,1679,1474,1985
Fbxl6,420,480,488,809,738,675
Fbxl7,35,50,32,138,116,127
Fbxl8,35,29,41,4,7,11
Fbxo10,1199,1265,1237,1567,1250,1300
Fbxo11,3570,3184,3096,4140,3501,4862
Fbxo15,2,4,8,2,2,4
Fbxo16,179,157,137,199,178,168
Fbxo17,47,33,37,41,41,35
Fbxo18,1809,1737,1960,1942,1718,1811
Fbxo2,1754,2091,1796,38,53,31
Fbxo21,2871,3213,3269,5676,4903,5098
Fbxo22,624,670,634,901,835,866
Fbxo24,16,10,7,6,5,8
Fbxo25,1458,1605,1361,1444,1461,1408
Fbxo27,264,265,240,115,124,102
Fbxo28,1162,1034,1027,1385,1280,1479
Fbxo3,1909,1799,1798,1622,1431,1563
Fbxo30,207,230,207,602,454,652
Fbxo31,2001,2374,2074,910,1059,890
Fbxo32,300,348,373,229,182,212
Fbxo33,1006,980,1002,275,226,344
Fbxo34,1588,1413,1677,327,285,259
Fbxo36,36,42,28,23,19,15
Fbxo38,1172,1079,1194,1576,1358,1485
Fbxo39,1,2,0,0,0,0
Fbxo4,119,94,123,81,91,101
Fbxo40,21,9,7,0,0,0
Fbxo41,3425,4104,3455,1620,1634,1747
Fbxo42,996,1163,955,1303,1144,1189
Fbxo43,3,3,3,0,1,0
Fbxo44,1967,2259,2029,699,662,615
Fbxo45,1620,1581,1533,1890,1843,1994
Fbxo46,266,293,242,457,410,408
Fbxo47,15,21,21,18,10,17
Fbxo48,20,8,10,61,27,54
Fbxo5,39,35,38,261,219,242
Fbxo6,305,297,263,137,123,106
Fbxo7,1175,935,1103,1530,1560,1795
Fbxo8,281,264,278,282,236,309
Fbxo9,1897,1939,1979,709,858,819
Fbxw10,14,17,19,6,7,8
Fbxw11,2934,3048,2973,2888,2516,2900
Fbxw13,0,1,0,0,0,0
Fbxw14,0,0,0,0,0,0
Fbxw15,17,2,24,0,0,0
Fbxw16,3,0,0,0,0,0
Fbxw17,137,133,165,230,204,222
Fbxw18,0,0,1,0,0,0
Fbxw19,2,0,1,0,0,0
Fbxw2,1357,1338,1587,1402,1482,1493
Fbxw20,0,0,0,0,0,0
Fbxw21,0,1,0,0,1,0
Fbxw22,0,0,0,0,0,0
Fbxw24,0,0,0,0,0,0
Fbxw26,0,1,0,1,0,0
Fbxw28,0,0,0,0,0,0
Fbxw4,379,532,459,327,373,295
Fbxw5,1835,2170,2006,2165,2020,1844
Fbxw7,5715,5097,6065,1900,2056,2041
Fbxw8,888,1095,1033,1728,1575,1416
Fbxw9,262,361,335,1064,1137,934
Fcamr,0,0,1,0,0,0
Fcer1a,0,0,0,0,0,0
Fcer1g,96,121,96,21,15,14
Fcer2a,15,21,21,25,20,18
Fcf1,65,69,76,122,120,115
Fcgbp,10,6,18,5,3,6
Fcgr1,62,70,66,8,6,10
Fcgr2b,83,44,77,4,6,4
Fcgr3,253,198,252,29,17,30
Fcgr4,2,3,12,0,0,2
Fcgrt,341,393,338,47,39,45
Fcho1,1593,2121,1706,1874,1802,1707
Fcho2,984,690,799,941,701,1070
Fchsd1,217,258,212,621,700,552
Fchsd2,1132,1111,887,2761,2439,2880
Fcna,2,6,2,2,3,1
Fcnb,0,1,1,0,0,1
Fcrl1,5,6,7,1,0,0
Fcrl5,0,0,1,0,0,0
Fcrl6,0,1,0,0,0,2
Fcrla,5,2,2,1,1,0
Fcrlb,11,17,16,3,1,0
Fcrls,353,593,334,119,95,89
Fdft1,1274,1614,1484,2982,3448,2847
Fdps,378,525,376,1124,1334,1109
Fdx1,141,150,144,99,120,109
Fdx1l,0,0,0,0,0,0
Fdxacb1,94,104,99,147,146,127
Fdxr,237,293,242,308,360,341
Fech,1153,1167,1009,409,372,472
Fem1a,1086,1159,1134,1250,1017,1147
Fem1b,4198,4392,4284,6675,5595,6810
Fem1c,609,609,583,1242,1007,1317
Fen1,44,30,33,59,58,42
Fer,440,430,436,698,655,731
Fer1l4,0,1,1,2,1,0
Fer1l5,190,221,230,321,316,357
Fer1l6,11,6,7,4,2,10
Ferd3l,1,3,1,0,0,0
Fermt1,21,23,13,2,1,2
Fermt2,1688,2328,1704,1148,1001,1119
Fermt3,103,112,114,44,25,43
Fes,94,106,79,58,31,21
Fetub,2,1,0,1,0,0
Fev,0,1,0,0,0,1
Fez1,3788,5005,4543,6599,6653,5844
Fez2,947,1059,881,584,630,549
Fezf1,4,16,0,144,112,62
Fezf2,558,613,513,1865,1669,1591
Ffar1,0,0,0,0,0,0
Ffar2,1,0,4,2,0,1
Ffar3,2,3,2,0,0,0
Fga,0,0,1,1,2,4
Fgb,0,0,0,0,0,0
Fgd1,279,309,245,841,771,730
Fgd2,104,149,131,52,67,65
Fgd3,210,354,257,703,763,653
Fgd4,850,699,668,1593,1240,1791
Fgd5,204,225,208,393,161,234
Fgd6,524,440,498,183,148,157
Fgf1,1714,1746,1657,7,15,8
Fgf10,172,125,155,99,113,111
Fgf11,593,671,525,772,725,692
Fgf12,3410,2989,2792,402,462,621
Fgf13,2922,3164,2607,2026,2025,2232
Fgf14,978,777,756,408,327,439
Fgf15,0,0,0,111,34,45
Fgf16,18,12,16,3,0,8
Fgf17,8,11,8,11,12,8
Fgf18,34,34,32,56,32,30
Fgf2,14,5,15,1,1,1
Fgf20,1,0,0,0,0,0
Fgf21,0,0,0,3,0,2
Fgf22,99,82,95,7,25,20
Fgf23,13,4,7,0,2,7
Fgf3,7,37,18,34,11,21
Fgf4,0,0,0,0,0,0
Fgf5,56,43,43,7,6,9
Fgf6,0,0,0,0,1,0
Fgf7,9,20,12,26,24,26
Fgf8,0,0,0,2,0,0
Fgf9,283,331,319,51,50,59
Fgfbp1,39,22,37,2,5,5
Fgfbp3,100,150,89,466,415,457
Fgfr1,1680,1733,1699,2805,2260,2447
Fgfr1op,355,392,410,527,416,503
Fgfr1op2,2017,1726,1989,697,609,681
Fgfr2,904,1123,857,1011,775,832
Fgfr3,3815,2775,3645,1059,781,792
Fgfr4,6,0,2,43,32,41
Fgfrl1,196,453,296,181,151,155
Fgg,0,1,0,0,0,1
Fggy,186,203,161,47,39,28
Fgl1,6,1,1,1,4,5
Fgl2,64,50,35,25,25,30
Fgr,5,3,4,0,2,0
Fh1,1469,1636,1487,894,905,895
Fhad1,187,224,234,11,13,13
Fhdc1,184,191,120,86,74,94
Fhit,32,40,42,16,20,18
Fhl1,1471,1657,1620,1566,1495,1608
Fhl2,666,527,708,99,123,140
Fhl3,18,36,16,35,29,27
Fhl4,22,12,17,19,17,45
Fhl5,2,3,1,0,0,0
Fhod1,151,173,173,255,223,207
Fhod3,1429,1566,1334,1654,1442,1518
Fibcd1,799,915,760,109,152,157
Fibin,94,56,69,17,17,25
Fibp,632,773,756,1254,1256,1110
Ficd,313,356,252,110,114,138
Fig4,699,693,684,791,827,740
Figf,47,59,35,13,9,15
Figla,0,2,1,0,0,1
Fign,187,161,100,207,163,238
Fignl1,12,31,14,286,202,256
Filip1,521,502,478,114,135,105
Filip1l,80,89,52,28,36,42
Fip1l1,2121,2184,2219,2967,2656,2730
Fis1,1990,2239,2155,1821,1668,1469
Fitm1,2,0,0,1,0,2
Fitm2,640,675,678,322,281,347
Fiz1,369,397,343,844,741,693
Fjx1,1171,1622,1003,1368,1297,1242
Fkbp10,132,134,117,106,109,100
Fkbp11,15,5,16,12,8,11
Fkbp14,213,224,207,90,76,103
Fkbp15,967,1001,1016,908,740,811
Fkbp1a,8844,8953,10495,4043,4538,3700
Fkbp1b,426,597,447,268,243,286
Fkbp2,1229,1192,1049,327,382,304
Fkbp3,1758,1607,1383,1061,1123,1182
Fkbp4,2523,3137,2729,5705,5615,4617
Fkbp5,2001,914,1904,1529,1433,1335
Fkbp6,0,1,0,0,0,0
Fkbp7,53,39,53,48,64,68
Fkbp8,5946,7112,5981,4687,4850,4117
Fkbp9,951,1060,1080,645,667,590
Fkbpl,170,140,124,109,119,84
Fkrp,1113,1381,1173,481,453,425
Fktn,1401,1314,1236,855,683,821
Flad1,517,663,579,640,540,534
Flcn,1024,1167,1212,986,897,904
Flg,0,2,0,0,0,0
Flg2,0,0,0,0,0,0
Fli1,99,102,96,68,53,79
Flii,1295,1467,1396,2165,2048,2016
Flna,1697,2259,2504,12628,10741,11119
Flnb,1843,1850,2271,2235,1485,1633
Flnc,59,78,83,215,153,154
Flot1,2223,2790,2382,1047,1147,959
Flot2,2300,2953,2629,2217,2252,1873
Flrt1,555,686,483,401,266,297
Flrt2,2055,1477,1833,2602,2216,3003
Flrt3,701,507,552,842,674,929
Flt1,1889,1766,1741,494,434,432
Flt3,240,208,277,2,6,3
Flt3l,39,34,59,19,17,20
Flt4,111,90,102,123,93,112
Flywch1,4303,4361,3986,1259,1066,960
Flywch2,127,190,128,93,74,79
Fmc1,204,291,238,189,180,157
Fmn1,670,483,596,21,19,27
Fmn2,2040,1986,1768,934,727,992
Fmnl1,2296,3273,2829,426,450,363
Fmnl2,1518,1508,1406,4668,3209,4370
Fmnl3,302,369,368,644,652,568
Fmo1,196,192,141,69,105,85
Fmo2,95,12,70,1,0,1
Fmo3,0,0,0,0,0,0
Fmo4,1,0,3,1,1,2
Fmo5,94,93,92,20,19,18
Fmo9,0,0,0,0,0,0
Fmod,463,329,434,7,11,8
Fmr1,1977,1806,1739,2021,1679,2228
Fmr1nb,0,0,0,1,0,0
Fn1,1702,1275,1671,2732,1900,2340
Fn3k,659,590,726,85,72,73
Fn3krp,875,894,1136,428,462,440
Fnbp1,3389,4712,3397,1850,1734,1734
Fnbp1l,2807,2906,3048,19561,18864,21901
Fnbp4,1157,1202,1413,3477,2905,3492
Fnd3c2,0,0,0,0,0,0
Fndc1,138,141,153,104,79,78
Fndc3a,1490,1564,1319,1975,1430,2021
Fndc3b,570,613,508,418,288,388
Fndc3c1,1,1,0,1,1,1
Fndc4,1300,1375,1247,1182,1211,1097
Fndc5,1834,2301,2021,105,116,123
Fndc7,1,1,2,0,1,0
Fndc8,27,51,34,26,40,33
Fnip1,1535,1057,1234,813,652,892
Fnip2,525,501,490,1213,1099,1306
Fnta,934,1101,1006,1003,1043,924
Fntb,537,585,464,521,546,568
Folh1,158,141,146,4,5,5
Folr1,146,92,115,1,1,1
Folr2,10,20,19,7,6,4
Folr4,0,0,0,0,1,1
Fos,264,1281,134,11,17,13
Fosb,308,729,330,4,6,3
Fosl1,128,124,135,138,135,129
Fosl2,336,628,371,455,461,501
Foxa1,4,9,1,0,0,0
Foxa2,0,0,0,0,0,0
Foxa3,0,0,0,0,1,0
Foxb1,12,26,4,4,0,4
Foxb2,0,2,0,3,1,1
Foxc1,131,157,98,59,42,43
Foxc2,51,16,20,0,2,0
Foxd1,32,41,30,4,5,5
Foxd2,7,10,3,0,0,0
Foxd3,0,0,0,0,1,0
Foxd4,0,0,0,0,0,0
Foxe1,0,0,0,0,0,1
Foxe3,0,0,0,0,0,0
Foxf1a,9,12,9,1,1,2
Foxf2,108,144,95,150,120,140
Foxg1,2104,2074,1771,8948,7190,8898
Foxh1,0,1,1,2,3,2
Foxi1,0,1,2,0,0,0
Foxi2,0,0,1,0,0,0
Foxj1,284,396,203,127,120,101
Foxj2,917,972,851,877,864,867
Foxj3,1903,1971,1932,2404,2399,2509
Foxk1,1869,2052,2002,1588,1450,1391
Foxk2,2465,2728,2465,3235,2971,3087
Foxl2,10,6,6,5,4,2
Foxl2os,0,1,3,3,6,6
Foxm1,36,46,34,911,560,575
Foxn1,1,0,0,0,0,0
Foxn2,374,398,359,327,257,365
Foxn3,461,521,329,708,546,609
Foxn4,0,1,0,2,2,3
Foxo1,972,770,886,368,379,348
Foxo3,2684,2558,2700,1343,1050,1220
Foxo4,593,677,596,533,453,424
Foxo6,236,487,240,1321,1058,953
Foxp1,2789,2450,2701,2747,2699,2889
Foxp2,570,618,559,1153,845,1237
Foxp3,27,16,34,55,36,30
Foxp4,1119,1201,851,2676,2380,2285
Foxq1,69,102,40,80,82,75
Foxr1,1,0,0,0,0,0
Foxr2,18,4,20,17,19,21
Foxred1,620,714,738,639,663,715
Foxred2,388,400,437,991,774,916
Foxs1,8,8,1,13,14,12
Fpgs,126,177,117,337,367,314
Fpgt,435,356,349,231,223,284
Fpr-rs3,0,0,0,0,0,0
Fpr-rs4,0,0,0,0,0,0
Fpr-rs6,0,0,0,0,0,0
Fpr-rs7,0,0,0,0,0,0
Fpr1,9,7,11,5,3,3
Fpr2,3,1,2,0,0,0
Fpr3,0,0,0,0,0,0
Fras1,844,1071,913,439,364,398
Frat2,43,64,40,127,127,105
Frem1,94,115,122,60,43,52
Frem2,92,133,97,485,404,478
Frem3,75,75,48,8,2,4
Freq,8487,7947,8085,3794,3986,3642
Frg1,412,389,365,586,551,517
Frk,12,3,11,3,0,5
Frmd3,156,140,114,520,516,637
Frmd4a,1187,1455,1130,7570,6768,8043
Frmd4b,453,514,387,3531,2997,3367
Frmd5,964,1081,1045,2293,1951,2098
Frmd6,662,831,662,567,437,466
Frmd7,14,21,22,11,11,16
Frmd8,403,650,437,350,303,311
Frmpd1,457,364,400,51,46,35
Frmpd3,718,897,739,194,208,201
Frmpd4,2279,2091,2112,153,140,212
Frrs1,31,21,25,25,18,29
Frs2,1491,1404,1480,1703,1460,1763
Frs3,345,464,338,353,285,302
Fry,5054,4756,4820,3787,3609,3860
Fryl,2233,1981,2063,3228,2473,2928
Frzb,390,378,338,22,21,22
Fscb,0,0,0,0,0,0
Fscn1,5497,7200,5059,9675,8970,9086
Fscn2,8,7,8,23,15,12
Fscn3,0,0,1,2,0,4
Fsd1,855,1180,859,1197,1298,1183
Fsd1l,861,790,726,2422,1866,2531
Fsd2,5,9,9,4,5,8
Fshb,0,0,0,0,0,0
Fshr,0,0,0,0,0,0
Fsip1,14,7,6,54,65,75
Fsip2,0,0,2,1,0,1
Fst,91,63,90,80,115,121
Fstl1,880,861,920,1343,1193,1284
Fstl3,13,10,8,4,4,7
Fstl4,560,485,643,85,114,131
Fstl5,465,548,380,773,670,867
Ftcd,0,0,3,0,1,1
Fth1,36577,31813,40348,6325,6888,6202
Fthl17,0,0,0,0,0,0
Ftl1,2066,2192,1714,7105,6858,5381
Ftl2,1317,1464,1045,4646,4417,3968
Ftmt,0,0,0,0,0,0
Fto,4239,3937,4014,3434,3262,3470
Ftsj1,339,358,353,414,426,435
Ftsj2,150,175,140,141,145,139
Ftsj3,765,822,822,1205,1267,1118
Ftsjd1,152,117,109,289,222,279
Ftsjd2,583,600,502,367,379,358
Fubp1,1997,1895,1685,6101,4712,6341
Fubp3,878,771,916,1343,1062,1091
Fuca1,676,716,666,537,582,484
Fuca2,811,779,718,229,221,233
Fuk,427,478,453,267,269,178
Fundc1,714,716,628,384,317,427
Fundc2,748,615,626,352,337,444
Furin,946,1075,931,976,877,896
Fus,4793,5126,4924,8734,8716,8324
Fut1,1,1,3,0,3,4
Fut10,221,207,241,201,161,164
Fut11,398,415,362,469,415,525
Fut2,17,18,24,4,5,3
Fut4,9,3,4,5,7,4
Fut7,3,3,3,12,7,9
Fut8,1258,1221,1068,628,639,744
Fut9,4040,2947,3226,2146,1602,2778
Fuz,264,333,253,165,174,189
Fv1,121,87,107,200,205,171
Fxc1,240,242,279,207,215,213
Fxn,56,73,57,144,113,127
Fxr1,1441,1393,1289,1629,1452,1686
Fxr2,2478,2577,2512,2561,2407,2131
Fxyd1,566,641,435,4,6,4
Fxyd2,52,70,48,17,34,28
Fxyd3,0,0,0,0,0,0
Fxyd4,7,3,19,3,6,6
Fxyd5,189,210,217,59,80,77
Fxyd6,2280,2986,2512,6216,6998,5267
Fxyd7,1042,1228,875,196,230,173
Fyb,181,210,166,145,98,107
Fyco1,1162,1392,1591,871,762,848
Fyn,3135,3673,2704,5471,5028,5069
Fyttd1,1661,1403,1416,1667,1439,1816
Fzd1,368,411,332,1126,886,965
Fzd10,24,41,34,4,6,5
Fzd2,337,213,241,493,278,313
Fzd3,982,758,776,1619,826,1479
Fzd4,232,181,196,63,37,67
Fzd5,23,52,22,31,17,23
Fzd6,203,258,200,147,138,182
Fzd7,273,215,228,254,229,258
Fzd8,99,125,77,403,222,300
Fzd9,85,113,87,118,110,118
Fzr1,1289,1647,1293,1930,1789,1625
G0s2,61,87,78,22,27,21
G2e3,313,333,371,1764,1233,1869
G3bp1,1473,1411,1357,3595,3339,3057
G3bp2,3171,2833,2590,3170,2499,3062
G430095P16Rik,23,36,22,73,73,68
G630016D24Rik,22,32,16,17,7,15
G630025P09Rik,0,0,0,0,0,0
G630090E17Rik,1,1,2,1,1,2
G6pc,1,2,0,0,0,0
G6pc2,0,0,0,0,0,0
G6pc3,763,714,624,240,223,255
G6pd2,0,0,0,0,0,0
G6pdx,439,528,498,1120,1079,984
G930045G22Rik,0,0,1,0,0,0
Gaa,7201,8347,6649,1416,1444,1427
Gab1,812,1098,776,1080,840,900
Gab2,202,216,226,556,502,477
Gab3,24,18,27,14,9,14
Gabarap,1601,1668,1519,2351,2252,2252
Gabarapl1,12315,12935,13166,2935,3412,2714
Gabarapl2,2107,1913,1931,1339,1424,1374
Gabbr1,14814,15431,14848,6588,6789,5949
Gabbr2,9601,9740,9258,1501,1554,1626
Gabpa,609,588,544,1052,881,1185
Gabpb1,391,316,361,851,733,808
Gabpb2,661,605,739,1007,774,843
Gabra1,8768,6648,6281,266,271,361
Gabra2,1426,1308,1108,756,829,1016
Gabra3,3005,2818,2509,861,1072,1132
Gabra4,2728,2172,2147,183,172,278
Gabra5,1537,1276,1316,600,758,807
Gabra6,5,4,21,0,2,0
Gabrb1,783,823,703,171,193,214
Gabrb2,3528,2905,2948,1084,944,1372
Gabrb3,6451,5279,5203,3399,3478,4180
Gabrd,1202,1364,1339,34,62,44
Gabre,12,58,16,19,9,11
Gabrg1,585,468,431,111,96,133
Gabrg2,3451,3087,3226,1316,1377,1919
Gabrg3,780,820,751,219,278,278
Gabrp,1,1,0,0,0,2
Gabrq,74,174,51,53,43,48
Gabrr1,4,7,1,3,1,0
Gabrr2,22,11,35,8,1,2
Gabrr3,0,0,1,0,0,0
Gad1,6300,5964,7035,1732,1230,1567
Gad2,5021,4615,4873,1942,1133,1686
Gadd45a,125,227,133,88,70,68
Gadd45b,152,251,136,22,22,12
Gadd45g,283,517,282,480,320,261
Gadd45gip1,497,537,487,371,385,346
Gadl1,78,119,93,147,143,171
Gak,2599,2567,2603,1988,2088,2036
Gal,13,41,12,14,9,9
Gal3st1,221,483,183,24,18,19
Gal3st2,0,2,0,0,0,0
Gal3st3,935,1246,822,509,574,597
Gal3st4,0,2,0,0,0,0
Galc,713,655,751,552,514,591
Gale,261,278,250,322,318,279
Galk1,206,278,218,347,452,285
Galk2,385,424,396,296,287,269
Galm,56,28,41,13,14,10
Galns,124,155,152,78,65,78
Galnt1,1099,905,927,789,703,814
Galnt10,345,434,347,548,467,459
Galnt11,813,746,689,681,618,615
Galnt12,29,37,40,18,14,16
Galnt13,840,836,668,122,111,159
Galnt14,473,545,623,222,370,296
Galnt2,1713,1870,1554,2679,2461,2485
Galnt3,38,29,37,12,22,12
Galnt4,143,131,107,91,77,86
Galnt5,15,9,6,1,1,0
Galnt6,366,499,335,13,14,17
Galnt7,321,276,254,301,225,272
Galnt9,2064,2130,2295,638,650,636
Galntl1,3870,3409,3718,998,922,828
Galntl2,182,96,186,16,11,8
Galntl4,809,795,729,162,171,135
Galntl5,1,0,0,0,0,0
Galntl6,60,89,71,26,31,42
Galp,0,0,1,0,0,0
Galr1,17,28,8,3,8,6
Galr2,20,33,30,50,57,44
Galr3,2,6,7,1,1,1
Galt,565,671,612,145,148,147
Gamt,214,412,222,87,91,88
Gan,227,258,226,454,385,401
Ganab,2194,2492,2442,3530,3265,3269
Ganc,232,226,259,140,130,145
Gap43,5484,7310,6003,12650,15326,12235
Gapdh,7602,7888,7234,3295,3173,2848
Gapdhs,53,97,110,147,111,103
Gapt,1,0,1,0,0,0
Gapvd1,2283,2446,2390,4334,3925,4257
Gar1,372,388,349,525,549,494
Garnl3,1872,1794,1823,797,810,871
Gars,2294,2413,2315,3139,3433,3284
Gart,627,651,604,1063,941,855
Gas1,181,198,142,649,400,531
Gas2,191,187,158,199,171,210
Gas2l1,1280,1609,1196,421,394,397
Gas2l2,28,35,37,6,8,4
Gas2l3,59,48,58,348,213,282
Gas5,1720,1599,1931,3913,4296,4117
Gas6,2511,2556,2344,411,559,500
Gas7,6119,5918,6377,2106,2544,2290
Gas8,543,641,669,1195,1275,980
Gast,0,1,1,3,0,1
Gata1,0,0,2,0,0,1
Gata2,118,85,98,21,20,14
Gata3,22,8,4,1,3,4
Gata4,0,0,1,1,0,0
Gata5,0,0,0,0,0,0
Gata6,2,1,1,1,2,0
Gatad1,1452,1323,1250,854,857,887
Gatad2a,704,826,690,1495,1247,1280
Gatad2b,733,682,721,1374,1095,1312
Gatc,580,606,564,965,899,921
Gatm,1595,1571,1551,300,315,370
Gatsl2,4014,3822,3948,3192,2672,2502
Gatsl3,76,59,81,16,12,14
Gba,562,584,665,487,453,453
Gba2,2150,1972,2387,2544,2439,2254
Gbas,1833,1793,1569,969,862,1036
Gbe1,244,232,218,122,103,108
Gbf1,2132,2383,2287,2802,2412,2490
Gbgt1,24,20,11,6,3,6
Gbp1,0,1,0,0,0,0
Gbp11,54,40,40,5,4,3
Gbp2,50,58,36,3,3,3
Gbp3,62,106,72,8,13,7
Gbp4,49,46,45,2,3,3
Gbp5,43,50,40,0,4,2
Gbp6,50,64,80,4,15,16
Gbp8,14,17,7,1,1,1
Gbp9,44,92,58,4,9,12
Gbx1,18,41,27,103,33,57
Gbx2,70,99,30,30,11,35
Gc,1,0,2,0,1,0
Gca,261,247,264,142,104,154
Gcap14,2746,2467,2420,3059,2938,3687
Gcat,171,110,133,101,132,108
Gcc1,710,756,620,670,643,589
Gcc2,2431,2085,2143,1431,1322,1495
Gcdh,579,476,594,469,508,468
Gcet2,1,1,0,0,0,0
Gcfc1,1041,865,1070,2748,2104,2870
Gcg,2,2,0,17,19,20
Gcgr,0,1,1,1,1,1
Gch1,19,19,20,12,8,8
Gchfr,6,6,8,2,4,1
Gck,50,63,39,62,73,36
Gckr,9,0,4,2,4,0
Gclc,1253,1321,1284,829,793,823
Gclm,6602,6060,5513,4961,5345,5214
Gcm1,0,0,0,1,0,0
Gcm2,1,0,0,1,0,0
Gcn1l1,2296,2728,2310,4565,3903,4056
Gcnt1,31,33,37,12,6,6
Gcnt2,751,628,698,222,214,209
Gcnt3,0,0,0,0,0,0
Gcnt7,13,10,17,8,11,8
Gcom1,23,15,24,19,28,20
Gcsh,621,659,683,364,352,358
Gda,6995,5937,5509,468,685,733
Gdap1,2794,2521,2394,2581,2374,3032
Gdap1l1,1453,1656,1436,1965,2103,1810
Gdap2,643,563,552,444,392,505
Gde1,3510,4445,3556,1355,1485,1455
Gdf1,0,0,0,0,0,0
Gdf10,177,160,156,170,213,200
Gdf11,632,804,594,706,599,658
Gdf15,3,2,1,2,1,1
Gdf2,0,0,0,0,2,1
Gdf3,0,0,1,0,0,1
Gdf5,3,8,0,20,32,16
Gdf6,1,1,0,2,0,3
Gdf7,11,11,9,2,3,4
Gdf9,12,17,20,60,48,38
Gdi1,14970,16648,16662,19210,18164,16485
Gdi2,3636,3257,3201,3914,3746,4651
Gdnf,16,20,12,6,3,9
Gdpd1,877,843,810,2025,1898,2033
Gdpd2,85,135,87,104,99,84
Gdpd3,12,18,20,48,55,42
Gdpd4,1,3,1,0,0,1
Gdpd5,748,1009,841,1327,1298,1146
Gem,27,56,31,74,44,53
Gemin4,73,56,62,76,59,63
Gemin5,469,472,429,655,646,627
Gemin6,93,67,61,120,119,107
Gemin7,279,328,272,378,359,314
Gemin8,148,139,148,159,154,157
Gen1,22,17,24,151,110,130
Get4,830,914,911,905,847,862
Gfap,5598,4798,5645,35,77,54
Gfer,482,466,413,497,474,481
Gfi1,0,0,0,0,1,0
Gfi1b,0,0,2,1,0,0
Gfm1,1064,1069,1039,737,685,772
Gfm2,769,794,884,961,859,1046
Gfod1,3095,3223,3154,801,719,742
Gfod2,449,575,480,1381,1293,1089
Gfpt1,1982,1932,1798,3125,2872,3136
Gfpt2,228,155,203,317,343,304
Gfra1,1016,1277,1116,380,302,359
Gfra2,1580,1647,1546,262,270,231
Gfra3,0,0,0,2,0,0
Gfra4,1061,1181,1368,455,497,367
Gfral,0,1,2,0,0,1
Gga1,1573,1898,1594,1862,1764,1570
Gga2,728,820,838,1967,2024,1812
Gga3,1486,1612,1678,1607,1641,1460
Ggct,358,361,256,164,227,190
Ggcx,391,344,373,376,333,381
Ggh,208,180,176,118,132,144
Ggn,23,30,26,36,24,20
Ggnbp1,107,113,113,217,155,141
Ggnbp2,2159,2105,1994,1835,1918,2006
Ggps1,393,299,315,307,288,337
Ggt1,40,51,42,28,32,24
Ggt5,76,59,68,32,31,28
Ggt6,0,2,1,1,1,0
Ggt7,2307,2439,2251,952,1002,953
Ggta1,93,87,80,121,137,116
Gh,0,179,8,0,0,0
Ghdc,127,176,133,61,64,47
Ghitm,4477,4093,4300,1072,976,1108
Ghr,195,212,207,65,49,65
Ghrh,1,3,1,3,4,6
Ghrhr,0,0,0,0,1,0
Ghrl,34,34,38,36,39,33
Ghsr,10,11,8,1,1,7
Gif,0,2,1,2,0,2
Gigyf1,1091,1186,1126,1753,1427,1439
Gigyf2,2095,2111,2158,2399,2408,2198
Gimap1,33,32,23,16,15,14
Gimap3,16,1,8,1,1,0
Gimap4,14,6,3,9,13,7
Gimap5,13,19,15,4,11,8
Gimap6,93,98,99,62,43,51
Gimap7,1,0,0,0,0,0
Gimap8,30,38,35,30,15,22
Gimap9,11,2,10,14,12,13
Gin1,143,115,159,155,151,181
Gins1,22,7,12,205,169,213
Gins2,26,25,25,186,121,118
Gins3,58,35,38,77,70,76
Gins4,312,334,274,434,425,398
Gip,0,0,1,0,0,0
Gipc1,1135,1449,1133,996,992,851
Gipc2,24,29,29,16,11,20
Gipc3,10,13,16,1,0,0
Gipr,22,24,40,1022,1039,1009
Git1,8234,9125,8229,3309,3178,2989
Git2,782,768,767,995,883,957
Giyd2,279,262,300,461,428,452
Gja1,6210,6275,5275,368,373,363
Gja10,0,0,0,0,0,2
Gja3,0,11,6,0,1,0
Gja4,61,67,55,107,93,90
Gja5,57,48,64,116,117,104
Gja6,10,2,8,3,2,2
Gja8,3,1,4,0,0,0
Gjb1,253,547,336,14,11,10
Gjb2,155,179,141,0,2,0
Gjb3,1,3,2,2,4,1
Gjb4,1,0,1,0,0,0
Gjb5,1,0,0,0,0,0
Gjb6,1796,1140,1832,0,0,2
Gjc1,168,127,125,1183,927,997
Gjc2,340,747,325,13,15,14
Gjc3,1035,1326,1015,4,9,10
Gjd2,137,143,124,263,242,241
Gjd3,17,16,20,7,5,8
Gjd4,0,0,0,2,0,2
Gje1,0,0,0,0,1,1
Gk2,5,5,9,3,1,1
Gk5,75,77,71,84,98,108
Gkap1,277,268,195,297,290,287
Gkn1,1,2,1,0,0,0
Gkn2,0,0,0,0,0,0
Gkn3,16,33,8,0,3,1
Gla,227,217,219,105,108,96
Glb1,426,443,416,328,329,295
Glb1l,175,162,171,394,334,429
Glb1l2,15,20,10,31,34,36
Glb1l3,0,2,4,2,2,1
Glcci1,74,69,76,108,80,97
Glce,838,752,789,596,539,667
Gldc,524,704,554,329,228,266
Gldn,49,38,28,4,8,14
Gle1,932,1073,1187,1792,1714,1608
Glg1,3247,3661,3142,2765,2170,2553
Gli1,88,70,68,187,121,137
Gli2,122,140,131,526,300,371
Gli3,301,406,291,1075,532,837
Glipr1,12,13,9,1,3,1
Glipr1l1,0,0,0,0,1,1
Glipr1l2,0,0,0,0,0,0
Glipr2,94,65,92,295,245,242
Glis1,15,16,12,11,5,7
Glis2,200,258,196,571,461,447
Glis3,143,103,184,33,42,31
Glmn,178,121,119,128,159,205
Glns-ps1,6527,5171,5934,506,431,460
Glo1,1795,1567,1578,854,887,826
Glod4,860,801,703,767,665,772
Glod5,3,3,3,8,2,4
Glp1r,19,19,5,1,0,0
Glp2r,91,81,130,22,26,31
Glra1,40,56,22,1,0,2
Glra2,325,370,216,1503,1427,1794
Glra3,96,93,45,6,7,6
Glra4,5,6,4,9,3,7
Glrb,4611,3673,3770,570,542,682
Glrp1,0,2,2,0,0,0
Glrx,620,590,597,160,173,177
Glrx2,1222,1175,1185,1256,1364,1350
Glrx3,626,711,695,1069,1147,1130
Glrx5,720,874,584,725,744,656
Gls,7453,7249,7542,3924,3390,4555
Gls2,365,474,451,14,16,21
Glt1d1,626,599,657,282,302,244
Glt25d1,1083,1257,1184,2113,2049,2023
Glt25d2,154,190,160,164,154,181
Glt28d2,8,8,10,28,44,39
Glt6d1,0,0,0,0,0,0
Glt8d1,476,530,550,830,951,1010
Glt8d2,222,202,198,29,39,35
Glt8d3,513,495,555,874,738,790
Glt8d4,17,8,6,12,5,1
Gltp,740,1072,638,219,172,152
Gltpd1,383,445,450,394,351,374
Gltpd2,1,2,2,0,1,1
Gltscr1,529,587,510,1816,1655,1532
Gltscr2,1197,1448,1084,1391,1488,1220
Glud1,4797,5214,4852,2930,2509,2794
Glul,44048,35673,43650,3178,3239,3066
Glyat,0,0,0,0,0,0
Glycam1,1,0,6,0,0,0
Glyctk,48,58,64,55,36,32
Glyr1,4105,3908,4103,3676,3450,3463
Gm10000,0,1,0,0,0,0
Gm10001,0,0,0,0,0,0
Gm10002,0,0,0,0,1,0
Gm10003,0,0,0,0,0,0
Gm10006,0,0,2,0,1,2
Gm10007,2,1,1,1,2,1
Gm10008,0,0,0,0,0,0
Gm10009,2,5,6,0,0,0
Gm10010,210,196,209,35,38,35
Gm10021,5,17,7,55,50,68
Gm10023,0,0,0,0,0,0
Gm10030,0,2,0,0,0,1
Gm10032,0,0,2,1,0,1
Gm10033,52,50,35,42,22,46
Gm10034,20,22,12,15,9,11
Gm10037,27,17,32,27,25,25
Gm10044,4,3,3,5,1,4
Gm10046,6,6,6,32,28,25
Gm10047,41,28,16,59,50,68
Gm10050,5,2,1,1,0,0
Gm1006,1,1,2,0,0,0
Gm10062,0,0,2,1,3,2
Gm10065,0,0,0,1,2,1
Gm10067,1,0,0,0,0,0
Gm10083,31,23,27,0,0,1
Gm10091,1,6,4,11,10,0
Gm10097,3,3,1,0,0,0
Gm10099,5,11,6,48,42,50
Gm101,7,11,8,3,2,2
Gm10101,0,0,1,0,1,0
Gm10113,0,0,0,0,0,0
Gm10114,28,27,26,1,2,2
Gm10115,2,0,2,2,3,2
Gm10118,11,6,10,5,3,7
Gm10125,95,108,76,18,33,33
Gm10129,0,0,0,0,0,0
Gm10134,1,2,0,0,1,1
Gm10139,0,0,0,0,0,0
Gm10151,1,1,1,0,0,1
Gm10152,0,0,0,0,0,0
Gm10158,2,2,2,5,6,5
Gm10165,1,1,0,0,1,0
Gm10174,2,4,3,0,1,0
Gm10176,0,0,0,0,1,2
Gm10183,0,0,1,0,0,0
Gm10188,0,0,2,2,1,1
Gm10190,1,3,0,1,1,2
Gm10192,0,0,0,0,0,0
Gm10197,8,10,9,6,1,4
Gm10199,0,0,0,0,0,0
Gm10208,0,0,0,0,0,0
Gm10209,3,2,1,4,5,3
Gm10216,18,22,22,59,50,49
Gm10229,0,0,0,0,0,0
Gm10235,0,0,0,0,0,0
Gm10244,19,11,17,20,17,23
Gm10245,0,0,0,0,0,0
Gm10252,6,3,2,12,21,16
Gm10253,1,0,4,8,3,4
Gm10258,0,0,0,0,0,0
Gm10265,5,2,5,14,6,8
Gm10267,0,0,0,0,0,0
Gm10276,0,0,1,0,0,0
Gm10277,2,1,3,2,5,3
Gm10278,3,0,1,0,2,0
Gm10280,0,0,0,0,0,2
Gm10283,0,0,0,0,0,0
Gm10286,0,0,0,0,0,0
Gm10287,0,0,0,1,1,0
Gm10295,0,0,0,0,0,0
Gm10299,0,0,0,0,0,0
Gm10300,8,5,5,1,0,0
Gm10304,1,1,1,4,3,3
Gm10305,5,3,4,2,1,2
Gm10306,0,1,1,0,0,0
Gm10309,6,0,13,1,3,6
Gm10322,0,0,1,0,0,3
Gm10324,0,0,0,0,0,0
Gm10325,0,2,0,0,0,0
Gm10330,0,0,0,7,2,7
Gm10336,46,41,63,30,37,55
Gm10344,0,1,0,0,1,0
Gm10351,0,0,0,0,0,0
Gm10353,16,0,3,4,5,2
Gm10366,0,0,0,0,0,0
Gm10367,0,0,1,0,0,0
Gm10369,4,2,1,4,1,3
Gm10370,0,0,0,0,0,0
Gm10372,0,0,2,0,0,3
Gm10373,0,0,3,0,1,1
Gm10374,62,53,74,65,75,67
Gm10375,0,0,0,0,0,0
Gm10382,5,10,5,5,2,4
Gm10383,0,0,0,0,0,0
Gm10384,4,9,8,1,0,1
Gm10385,2,0,0,0,0,0
Gm10386,1,0,1,1,2,1
Gm10387,0,4,2,0,0,0
Gm10388,0,0,0,1,0,0
Gm10389,5,5,6,19,4,9
Gm10392,3,3,1,1,1,0
Gm10397,0,0,0,0,0,0
Gm10399,2,0,2,0,0,0
Gm10401,0,0,0,0,0,0
Gm10403,3,4,4,0,2,1
Gm10405,5,1,4,0,1,0
Gm10409,22,46,20,205,151,179
Gm10414,7,10,16,1,0,1
Gm10415,0,0,0,0,0,0
Gm10417,0,0,0,1,0,0
Gm10419,750,686,879,36,44,44
Gm10421,22,18,24,10,4,13
Gm10425,0,0,0,0,1,0
Gm10426,0,0,0,0,0,0
Gm10427,0,0,1,1,0,0
Gm10428,8,4,5,3,3,4
Gm10429,32,33,42,6,10,5
Gm1043,39,43,40,48,45,44
Gm10430,12,6,5,69,61,85
Gm10431,2,4,2,1,1,0
Gm10432,13,9,13,1,1,0
Gm10436,0,0,0,0,0,0
Gm10437,0,0,0,0,0,0
Gm10439,0,0,0,0,0,0
Gm10440,3,2,1,2,6,4
Gm10441,0,0,0,0,0,2
Gm10445,0,0,0,0,0,0
Gm10447,0,0,0,0,0,0
Gm1045,0,0,0,0,0,1
Gm10450,0,0,0,1,0,0
Gm10451,8,11,12,1,1,5
Gm10452,0,0,0,0,0,0
Gm10456,0,1,0,0,0,0
Gm10457,3,4,2,3,3,4
Gm10459,2,1,1,1,0,1
Gm10461,2,5,3,3,2,1
Gm10463,0,0,1,0,0,0
Gm10464,0,0,0,0,0,0
Gm10465,0,0,0,0,0,0
Gm10468,3,0,0,0,0,0
Gm10469,0,0,0,0,0,0
Gm10471,19,5,11,0,4,3
Gm10472,3,10,5,0,1,1
Gm10473,2,0,0,1,2,1
Gm10474,0,0,1,1,0,0
Gm10481,29550,30725,32126,15815,14534,13621
Gm10482,158,235,212,403,442,377
Gm10483,1,0,0,1,0,0
Gm10488,0,0,0,0,0,0
Gm10489,1,4,7,7,3,3
Gm10490,2,1,2,0,1,0
Gm10493,437,401,316,281,214,233
Gm10494,0,0,1,0,0,0
Gm10498,2,1,2,0,0,1
Gm10501,63,67,56,14,7,10
Gm10503,0,1,1,0,0,0
Gm10510,0,0,0,0,0,0
Gm10512,1,2,2,12,6,4
Gm10513,0,0,0,0,0,0
Gm10516,114,109,131,64,57,67
Gm10517,1,0,0,3,4,2
Gm10518,0,1,1,0,0,2
Gm10519,0,0,0,0,0,0
Gm10521,3,0,11,0,1,2
Gm10522,0,0,0,0,0,0
Gm10523,0,1,1,0,0,0
Gm10524,248,209,237,218,165,178
Gm10530,4,5,7,5,1,1
Gm10531,0,0,0,0,0,0
Gm10532,14,18,19,21,19,23
Gm10535,9,12,17,0,0,0
Gm10536,0,0,0,1,2,1
Gm10537,0,0,0,0,0,1
Gm10538,12,7,3,13,13,9
Gm10544,4,10,9,35,19,26
Gm10545,0,0,0,0,0,0
Gm10548,2,3,5,5,4,3
Gm10549,2,3,2,7,7,5
Gm10550,4,4,2,3,5,5
Gm10554,14,8,9,1,2,1
Gm10555,0,0,0,0,0,0
Gm10556,0,1,2,0,0,0
Gm10560,43,43,54,55,56,27
Gm10561,8,16,15,2,0,7
Gm10562,0,4,1,5,2,2
Gm10563,2,5,4,4,2,2
Gm10564,13,11,10,8,5,3
Gm10567,0,0,2,0,1,1
Gm10568,3,0,7,0,2,0
Gm10570,8,14,15,5,7,3
Gm10572,9,18,7,7,10,11
Gm10576,0,0,0,0,0,0
Gm10577,0,0,0,0,1,0
Gm10578,1,0,0,0,0,1
Gm10579,2,1,2,0,0,0
Gm10584,29,21,41,17,15,18
Gm10588,0,0,2,2,4,5
Gm10589,8,9,8,16,15,10
Gm10590,216,189,208,122,95,148
Gm106,39,21,27,19,11,18
Gm1060,336,382,439,143,159,126
Gm10603,4,2,1,3,3,5
Gm10604,1,1,0,1,1,0
Gm10605,75,109,89,49,61,59
Gm10607,0,0,0,0,0,0
Gm10609,3,5,6,3,3,1
Gm10610,0,0,0,19,9,19
Gm10614,5,4,2,6,7,9
Gm10615,75,90,87,79,75,86
Gm10616,14,4,10,3,7,4
Gm10618,5,8,2,2,6,2
Gm10621,8,5,6,4,1,1
Gm10622,6,3,4,2,1,0
Gm10623,0,0,0,0,0,0
Gm10624,0,0,0,0,0,0
Gm10627,0,0,0,0,0,0
Gm10628,0,0,0,0,0,0
Gm10630,0,0,0,2,0,1
Gm10632,29,17,13,51,35,47
Gm10634,4,5,6,9,5,4
Gm10635,2,0,2,0,0,0
Gm10636,1,0,0,0,0,0
Gm10637,0,0,0,0,0,0
Gm10638,22,46,36,20,14,21
Gm10639,0,1,0,0,0,0
Gm10640,5,4,4,1,4,1
Gm10641,0,0,0,0,0,0
Gm10642,8,19,3,2,1,2
Gm10643,16,10,16,6,8,7
Gm10644,8,5,15,14,12,7
Gm10645,0,0,0,0,0,0
Gm10646,2,0,0,0,0,0
Gm10647,8,1,5,6,2,12
Gm10648,2,0,1,1,0,0
Gm10650,0,0,0,0,0,0
Gm10652,3,5,4,1,4,2
Gm10654,41,25,43,158,141,141
Gm10655,0,0,0,2,0,1
Gm10657,28,28,17,38,34,37
Gm10661,8,4,12,27,13,10
Gm10667,0,0,0,0,0,0
Gm10670,0,0,0,0,0,0
Gm10672,850,788,944,45,53,44
Gm10673,0,0,1,0,0,0
Gm10674,19,13,10,8,7,9
Gm10675,0,0,0,0,1,0
Gm10676,0,0,0,0,0,0
Gm10677,70,67,77,86,65,44
Gm10682,0,0,0,0,0,0
Gm10683,0,0,0,0,0,0
Gm10684,3,1,6,0,0,0
Gm10685,0,0,0,1,0,0
Gm10686,12,11,4,9,4,4
Gm10687,24,38,24,5,10,11
Gm10688,0,1,0,0,0,0
Gm10690,5,2,6,17,12,8
Gm10691,7,1,2,2,5,3
Gm10694,5,3,2,2,0,1
Gm10696,0,0,0,0,0,0
Gm10699,266,237,252,116,151,144
Gm1070,4,1,3,3,0,1
Gm10700,0,0,0,0,0,0
Gm10703,0,0,0,0,0,0
Gm10708,0,0,0,0,0,0
Gm10710,5,6,2,2,0,2
Gm10723,1,0,1,0,0,0
Gm10724,17,18,13,8,9,10
Gm10725,55,62,44,10,13,16
Gm10726,36,31,23,6,13,11
Gm10727,0,1,1,12,15,24
Gm10729,1,1,1,3,1,2
Gm10730,0,0,0,0,0,0
Gm10732,0,0,0,0,0,0
Gm10733,0,0,0,0,0,0
Gm10734,10,7,5,9,9,2
Gm10735,0,0,0,0,0,0
Gm10739,0,0,0,0,0,0
Gm10741,0,0,0,0,0,0
Gm10742,15,6,17,11,10,10
Gm10743,0,0,0,0,0,0
Gm10744,0,0,0,0,0,0
Gm10745,0,0,0,0,0,0
Gm10747,2,0,1,0,0,0
Gm10748,0,0,0,0,0,0
Gm10750,0,0,0,0,0,0
Gm10751,9,16,7,10,4,8
Gm10752,9,5,1,1,5,3
Gm10753,0,0,0,0,0,0
Gm10754,34,38,42,0,2,3
Gm10755,1,0,0,0,1,0
Gm10757,0,0,0,0,0,0
Gm10759,2,1,1,1,1,1
Gm10760,26,24,17,2,3,6
Gm10762,20,36,13,114,70,66
Gm10763,0,0,0,0,0,0
Gm10764,0,0,0,0,0,0
Gm10765,0,0,0,0,0,0
Gm10766,5,7,6,3,2,0
Gm10767,238,220,240,172,149,192
Gm10768,0,0,0,0,0,0
Gm10773,1,0,0,1,1,1
Gm10775,5,10,4,3,5,5
Gm10776,0,0,0,0,0,0
Gm10777,6,4,10,25,11,17
Gm10778,75,52,49,89,77,122
Gm10779,0,0,0,0,0,0
Gm10781,0,0,0,0,0,0
Gm10782,2,1,0,0,0,0
Gm10785,3,1,0,0,2,0
Gm10786,181,157,148,52,59,80
Gm10787,0,0,0,1,0,0
Gm10789,0,0,0,3,3,3
Gm10790,20,26,33,1,0,1
Gm10791,31,25,29,32,35,35
Gm10792,0,0,0,0,0,0
Gm10795,1,1,2,2,2,4
Gm10796,19,14,13,9,10,22
Gm10797,0,0,0,0,0,0
Gm10802,0,0,0,0,0,0
Gm10803,0,0,0,0,0,0
Gm10808,4,7,9,16,13,20
Gm10811,0,0,0,0,0,0
Gm10814,45,32,47,1,2,4
Gm10815,3,1,0,0,1,0
Gm10817,48,73,45,66,71,59
Gm10822,12,7,3,16,14,19
Gm10823,0,0,0,0,0,0
Gm10824,0,0,0,0,0,0
Gm10825,0,1,1,0,0,0
Gm10826,0,1,1,1,1,1
Gm10827,2,1,0,1,0,0
Gm10828,0,0,0,0,0,0
Gm10829,3,3,6,3,0,0
Gm10830,1,0,2,1,0,1
Gm10831,0,0,0,0,0,0
Gm10832,1,0,1,4,0,1
Gm10835,12,11,13,4,0,1
Gm10836,4,1,2,3,2,6
Gm10837,0,0,1,0,0,0
Gm10838,0,1,0,0,0,0
Gm10839,0,0,0,0,0,0
Gm10840,1,2,4,1,0,1
Gm10842,0,0,0,0,0,0
Gm10843,0,1,2,4,1,3
Gm10844,35,41,31,28,29,25
Gm10845,0,0,0,0,0,0
Gm10846,0,2,1,3,0,2
Gm10847,2,0,2,1,2,1
Gm10848,1,0,0,0,0,0
Gm10851,1,0,2,0,0,0
Gm10852,0,0,0,0,0,0
Gm10854,0,0,0,0,0,0
Gm10855,1,1,2,2,1,3
Gm10856,3,6,12,1,3,0
Gm10857,0,0,0,0,0,0
Gm10858,0,1,0,0,3,0
Gm10859,0,0,0,2,1,0
Gm10860,0,0,0,0,0,0
Gm10862,1,0,1,2,6,5
Gm10864,0,1,0,0,0,0
Gm10865,7,3,14,16,13,18
Gm10866,1,2,2,0,0,0
Gm10867,0,0,0,0,0,0
Gm10868,0,0,0,0,0,0
Gm10869,0,0,1,1,1,2
Gm10871,0,0,0,0,0,0
Gm10872,0,0,0,0,0,0
Gm10873,0,0,0,1,2,0
Gm10874,883,742,743,323,364,374
Gm10876,0,0,0,0,0,0
Gm10883,0,0,0,0,0,0
Gm10902,0,2,2,0,2,0
Gm10905,0,0,0,0,0,0
Gm10910,14,9,12,19,20,16
Gm10911,1,0,0,0,0,0
Gm10912,3,6,6,1,1,1
Gm10914,3,7,4,11,11,12
Gm10925,58615,42968,39547,19915,19549,29563
Gm10926,2,0,1,0,0,0
Gm10931,7,2,7,6,5,3
Gm10933,2,1,4,0,2,4
Gm10935,0,0,0,0,0,0
Gm10941,6,9,2,5,12,6
Gm11054,1,1,2,4,7,12
Gm1110,1,0,1,0,0,0
Gm11110,5,12,8,50,55,58
Gm11117,1,6,3,0,0,2
Gm11123,0,0,0,0,1,0
Gm11149,6,1,3,5,7,12
Gm11159,0,0,2,0,1,0
Gm11162,1,0,1,4,6,1
Gm11175,0,0,0,0,0,0
Gm1123,2,2,0,0,2,0
Gm11428,2,1,4,0,0,0
Gm11541,0,0,3,0,1,0
Gm11554,0,0,0,0,0,0
Gm11562,0,0,0,0,0,0
Gm11711,6,4,5,0,0,0
Gm11733,4,5,6,3,3,2
Gm11744,62,82,68,20,7,14
Gm11992,17,23,31,15,3,8
Gm12185,10,3,6,0,1,1
Gm1220,0,0,0,0,0,0
Gm12258,264,279,284,461,414,552
Gm12472,19,12,16,18,13,12
Gm12500,9,18,4,8,3,4
Gm12597,0,0,0,0,0,0
Gm12689,12,6,11,10,8,7
Gm12769,0,0,0,0,0,0
Gm128,5,3,1,2,3,3
Gm12830,1,0,0,0,0,0
Gm12888,0,0,0,0,0,0
Gm129,319,250,363,63,54,42
Gm12942,33,65,75,88,91,92
Gm13023,0,0,0,0,0,0
Gm13043,0,0,0,0,0,0
Gm13051,4,3,2,4,2,2
Gm13084,0,0,0,0,0,0
Gm13089,0,0,0,0,0,0
Gm13103,0,0,0,0,0,0
Gm13119,0,0,0,0,0,0
Gm13139,151,120,124,199,149,228
Gm13152,122,127,94,34,36,61
Gm13154,3,1,3,5,3,3
Gm13177,0,0,0,0,0,0
Gm13199,14,22,27,48,35,50
Gm13212,98,51,58,99,76,103
Gm13235,7,9,2,7,6,2
Gm13242,5,0,2,3,5,3
Gm13280,0,0,0,0,0,0
Gm13290,0,0,0,0,0,0
Gm1330,0,0,0,0,0,0
Gm1337,1061,1207,1178,47,62,56
Gm13547,21,23,28,43,52,41
Gm136,1,1,2,0,0,0
Gm13646,358,564,372,102,66,108
Gm13871,0,0,0,0,0,0
Gm13956,0,0,0,0,0,0
Gm13979,1,1,3,0,1,1
Gm13980,0,0,0,0,0,0
Gm14131,503,492,545,231,275,239
Gm14137,60,53,70,75,91,60
Gm14316,0,0,0,0,0,0
Gm14325,1941,1852,1684,1276,985,1431
Gm14403,212,220,210,116,62,116
Gm14420,926,972,939,613,502,676
Gm14461,0,0,0,0,1,1
Gm14483,21,0,7,0,0,0
Gm14484,3,0,0,0,0,0
Gm14496,0,0,0,0,0,0
Gm14851,0,0,0,0,0,0
Gm1502,0,0,0,0,0,0
Gm15023,3,3,0,0,1,0
Gm15107,0,0,0,0,0,0
Gm15155,1,3,0,0,1,0
Gm1527,0,0,0,0,0,0
Gm15401,0,2,1,3,4,4
Gm15456,1,1,0,0,0,1
Gm1549,0,0,0,0,0,1
Gm1553,1,0,1,0,0,0
Gm156,0,0,0,0,0,0
Gm1564,25,10,9,7,3,6
Gm1568,304,321,294,717,581,636
Gm1574,5,3,3,0,1,1
Gm15800,8842,10332,9075,10847,8278,10056
Gm1587,2,1,0,1,0,0
Gm1604b,188,183,152,52,24,34
Gm1614,107,114,63,41,48,51
Gm16223,2,3,4,3,2,2
Gm16286,1554,1533,1587,1380,1342,1313
Gm1631,0,1,0,0,0,0
Gm16386,15,6,24,134,98,127
Gm16387,0,0,0,0,0,0
Gm16401,2,4,5,45,48,41
Gm16432,106,70,76,0,3,11
Gm16460,4,0,0,0,0,0
Gm16485,29,36,59,3,10,4
Gm16487,0,0,0,1,0,0
Gm16488,3,1,3,10,9,11
Gm16489,11,6,6,6,6,7
Gm16491,7,28,15,10,12,15
Gm16495,1,2,1,0,0,0
Gm16496,1,1,1,0,0,2
Gm16497,0,0,1,0,0,0
Gm16498,5,2,1,0,0,0
Gm16499,0,0,0,0,0,0
Gm16503,3,1,11,10,6,12
Gm16508,0,0,0,0,0,0
Gm16517,817,1030,710,460,406,389
Gm16532,0,0,0,0,0,0
Gm166,93,97,111,62,50,50
Gm1673,329,473,290,1026,1010,851
Gm1679,0,0,0,0,1,0
Gm1964,29,32,44,88,55,67
Gm1965,0,0,0,0,0,0
Gm1966,10,4,7,0,0,0
Gm1968,0,0,1,0,0,0
Gm2016,22,13,9,11,10,15
Gm2026,21807,19963,18020,11797,10154,14785
Gm216,66,72,100,8,7,6
Gm22,49,51,52,28,27,32
Gm2382,149,142,127,119,114,97
Gm239,4,4,7,3,2,1
Gm2399,9,6,2,29,8,22
Gm2545,12,25,18,14,16,23
Gm266,22,29,22,2,4,2
Gm2933,1,0,0,0,0,0
Gm2a,1237,1380,1275,427,456,422
Gm3014,0,0,0,0,0,0
Gm3095,50,51,32,445,422,613
Gm3164,10,13,12,130,131,169
Gm3286,0,0,0,0,0,0
Gm3435,533,485,556,492,415,544
Gm347,741,892,732,1032,1018,942
Gm3558,10,21,10,37,52,75
Gm3642,23,37,42,252,251,366
Gm3696,9,9,16,77,103,150
Gm382,0,0,0,0,0,0
Gm410,23,29,29,1,0,0
Gm414,0,0,0,1,1,1
Gm428,0,0,0,0,0,0
Gm436,0,0,0,0,0,0
Gm447,128,116,74,36,36,37
Gm4532,18,21,15,56,50,43
Gm4583,10,4,6,0,0,0
Gm4736,0,0,0,0,0,0
Gm4738,0,0,0,0,0,0
Gm4741,0,0,0,0,0,0
Gm4743,0,0,0,0,0,0
Gm4745,0,0,0,0,0,0
Gm4759,1,0,0,0,0,0
Gm4763,1,0,0,0,0,0
Gm4769,40,17,24,45,31,52
Gm4776,1,0,0,1,0,0
Gm4787,16,18,31,19,19,26
Gm4788,33,42,24,1,1,1
Gm4792,0,0,2,1,0,0
Gm4793,20,14,21,13,13,14
Gm4827,1,1,2,1,1,0
Gm4832,0,0,1,0,3,1
Gm4841,2,1,0,0,3,1
Gm4846,0,0,0,0,0,0
Gm4847,2,0,2,0,0,1
Gm4858,0,0,1,0,0,0
Gm4861,1,0,1,0,0,0
Gm4884,0,0,0,0,1,0
Gm4894,0,0,0,1,0,1
Gm4907,2,1,0,27,26,27
Gm4922,0,3,2,1,0,0
Gm4924,13,10,18,18,13,19
Gm4925,3,1,3,2,4,2
Gm4937,0,0,0,0,1,0
Gm4951,7,4,6,0,0,0
Gm4952,1,3,2,1,0,0
Gm4976,1,0,2,0,0,0
Gm4979,127,86,85,162,135,237
Gm4980,20,43,9,6,8,0
Gm4981,2,1,0,0,0,0
Gm4983,0,3,2,30,31,32
Gm505,84,94,90,168,113,153
Gm5065,38,36,52,44,34,26
Gm5077,6,10,15,12,13,10
Gm5082,0,0,1,0,2,0
Gm5084,1,1,2,4,3,2
Gm5087,8,2,4,3,9,5
Gm5089,3,5,0,1,2,0
Gm5090,2,4,0,0,0,0
Gm5094,0,0,0,0,0,0
Gm5105,1,7,4,1,5,0
Gm5111,5,6,8,1,0,0
Gm5113,375,344,372,265,259,234
Gm5114,0,0,1,0,0,0
Gm5127,5,0,5,2,0,1
Gm5128,4,2,0,2,2,0
Gm5129,1,0,0,0,0,0
Gm5134,3,1,3,2,3,0
Gm5142,0,0,0,0,0,0
Gm5146,1,7,2,0,1,0
Gm5148,163,188,181,176,180,246
Gm5149,0,0,0,4,6,3
Gm5150,0,0,0,0,0,0
Gm5153,0,0,0,0,0,0
Gm5155,0,0,0,0,0,0
Gm5156,0,0,4,0,0,0
Gm5168,0,0,0,0,0,0
Gm5169,0,0,0,0,0,0
Gm52,146,170,159,74,93,63
Gm525,0,0,2,0,0,0
Gm527,96,69,50,73,58,91
Gm5326,0,0,0,0,0,0
Gm534,2,1,2,1,0,0
Gm5346,0,0,0,0,0,0
Gm5382,0,0,0,0,0,0
Gm5414,0,0,0,0,0,0
Gm5415,1,0,2,11,12,7
Gm5416,0,0,0,0,0,0
Gm5420,0,0,0,0,0,0
Gm5431,19,15,18,4,3,2
Gm5433,1,8,3,63,51,71
Gm5434,26,29,25,18,19,29
Gm5444,0,0,0,0,0,0
Gm5447,0,1,2,0,1,0
Gm5458,0,0,1,1,2,3
Gm5460,0,0,1,0,0,0
Gm5464,9,7,5,6,8,14
Gm5465,129,149,123,194,98,161
Gm5468,14,14,15,99,77,72
Gm5483,0,0,0,2,1,1
Gm5486,0,0,0,0,0,1
Gm5531,5,2,4,3,4,1
Gm5533,0,0,0,0,0,0
Gm5546,3,2,3,1,1,0
Gm5567,1624,1527,1216,1278,989,1127
Gm5571,0,0,0,0,0,0
Gm5591,0,0,0,0,0,0
Gm5592,0,0,1,0,0,0
Gm5595,108,106,103,161,93,127
Gm5600,0,0,0,0,1,0
Gm5607,227,243,213,863,522,653
Gm561,0,0,0,0,0,0
Gm5615,0,0,1,0,0,0
Gm5617,30,30,35,18,18,26
Gm5622,1,0,0,0,0,0
Gm5627,0,0,0,0,0,0
Gm5631,0,0,0,0,0,1
Gm5635,0,0,0,0,0,0
Gm5639,82,86,84,26,21,20
Gm5647,0,0,0,0,0,0
Gm5662,17,12,5,8,9,12
Gm5736,0,0,0,0,0,0
Gm5766,0,0,0,0,0,0
Gm5771,10,11,11,0,0,0
Gm5784,7,10,4,5,7,8
Gm5785,71,79,40,26,26,25
Gm5796,12,25,39,223,302,365
Gm5797,0,0,0,2,2,3
Gm5800,0,0,0,0,0,0
Gm5840,0,0,0,0,0,0
Gm5859,660,753,764,420,462,411
Gm5868,19,23,15,34,16,29
Gm5878,1,1,2,0,0,0
Gm5887,20,20,11,8,8,5
Gm5891,0,0,2,0,0,0
Gm5897,59,69,60,168,187,194
Gm5922,1,1,0,2,1,3
Gm5925,1,0,1,0,0,0
Gm5935,0,0,0,0,0,0
Gm5941,0,0,1,0,0,0
Gm595,1,0,0,0,0,1
Gm597,0,0,0,0,0,0
Gm6020,1,0,5,2,3,4
Gm6034,2,1,1,0,0,1
Gm6040,0,0,0,0,0,0
Gm606,27,14,22,2,1,4
Gm608,1863,1660,1829,1877,1468,1948
Gm6084,0,0,0,0,0,0
Gm6086,0,1,0,0,0,0
Gm609,5,5,3,0,0,0
Gm614,0,0,0,0,0,0
Gm628,34,54,44,3,2,8
Gm6288,0,0,0,2,0,1
Gm6289,0,0,0,0,0,0
Gm6304,398,496,486,331,354,256
Gm6306,7,4,4,5,4,8
Gm6320,5,6,4,0,1,2
Gm6377,0,1,0,2,3,0
Gm6420,1,0,1,0,0,0
Gm6460,0,0,0,0,0,0
Gm6471,0,0,0,0,0,0
Gm648,0,0,0,2,2,0
Gm6484,4,4,1,1,1,4
Gm6498,14,27,20,24,14,17
Gm6531,0,1,1,7,2,6
Gm6577,0,0,0,0,0,0
Gm6583,4,4,9,7,3,6
Gm6588,13,9,17,34,29,35
Gm6598,13,16,16,9,8,6
Gm6658,5,6,4,3,2,3
Gm6710,3236,3141,2993,2394,2008,2903
Gm672,1554,1476,1403,1530,1360,1419
Gm6756,6,16,19,23,22,20
Gm6792,1,1,1,1,1,1
Gm6878,0,0,2,0,0,0
Gm6899,0,0,0,0,0,0
Gm694,39,24,35,3,4,4
Gm6994,5,1,1,6,2,3
Gm6999,1,2,4,3,5,1
Gm7030,0,0,0,1,0,0
Gm7073,0,0,0,0,0,0
Gm7092,2,0,1,1,0,0
Gm71,245,259,251,180,217,239
Gm711,1,6,6,4,6,8
Gm7112,0,0,0,0,0,0
Gm7120,551,124,290,342,352,348
Gm7168,0,0,0,0,1,0
Gm7175,0,0,0,0,0,0
Gm7247,0,0,0,0,0,0
Gm7276,15,26,12,3,3,3
Gm7292,8213,7921,5892,2205,1426,1897
Gm732,1,0,0,0,0,0
Gm7325,2,2,0,0,0,0
Gm7337,0,0,0,0,0,0
Gm7461,4,2,1,5,2,7
Gm7467,30,26,17,1,8,6
Gm7489,4,0,0,0,1,0
Gm749,0,0,0,0,0,0
Gm7534,0,0,0,0,0,0
Gm757,0,0,0,0,0,0
Gm766,2,5,1,9,5,3
Gm773,0,0,0,0,0,0
Gm7932,14,10,12,3,1,0
Gm8045,0,0,0,0,0,0
Gm806,0,0,1,0,0,0
Gm807,5,1,6,7,2,2
Gm813,0,1,0,0,0,0
Gm815,1,0,0,0,0,0
Gm826,2,0,1,4,2,1
Gm839,0,0,0,0,0,0
Gm8505,0,0,0,0,0,0
Gm853,1,3,1,1,0,0
Gm867,10,6,13,4,2,0
Gm8695,0,0,0,0,0,0
Gm8713,0,0,8,0,2,0
Gm8721,0,0,0,0,0,0
Gm8765,0,0,0,0,0,0
Gm8773,5,8,5,34,43,57
Gm88,498,686,529,231,306,254
Gm884,4,1,5,0,0,0
Gm885,4,5,6,8,6,5
Gm8882,0,0,0,0,0,0
Gm8884,0,0,0,0,0,0
Gm889,11,6,14,1,2,1
Gm8909,40,19,28,10,8,11
Gm8953,0,0,0,0,0,0
Gm8989,42,22,37,2,5,0
Gm9,0,0,0,0,0,0
Gm900,0,0,0,0,0,0
Gm904,0,0,0,0,0,0
Gm906,0,0,0,0,0,0
Gm9145,0,0,0,0,0,0
Gm94,0,0,0,0,0,0
Gm9475,1,0,0,0,0,0
Gm949,0,0,0,0,0,0
Gm960,36,32,32,99,135,117
Gm962,88,93,95,66,58,62
Gm9696,0,0,0,0,1,1
Gm97,0,0,0,0,0,0
Gm9705,32,17,18,58,66,44
Gm973,158,199,154,31,24,15
Gm9733,0,0,0,0,0,0
Gm9734,1,1,1,0,0,0
Gm9747,0,0,0,0,0,0
Gm9752,113,60,106,272,268,331
Gm9753,1,2,2,2,2,0
Gm9754,58,98,72,95,98,83
Gm9757,3,5,1,5,3,4
Gm9758,3,0,4,0,0,0
Gm9766,123,103,101,140,124,170
Gm9768,0,0,0,0,0,0
Gm9776,21,18,15,21,14,12
Gm9779,0,0,0,0,2,0
Gm9789,0,0,0,0,0,0
Gm9796,9,8,4,3,5,7
Gm9798,38,40,22,27,19,11
Gm9799,0,0,0,0,0,0
Gm98,1249,1542,1322,14,8,15
Gm9801,44,54,62,303,174,281
Gm9802,4,18,4,10,4,8
Gm9804,7,4,4,35,14,32
Gm9805,0,0,0,0,0,3
Gm9811,2308,2335,2256,4095,4398,3858
Gm9817,29,33,28,0,4,5
Gm9821,100,121,148,95,56,77
Gm9826,65,64,75,164,138,117
Gm9831,8,14,13,33,29,29
Gm9833,1189,1072,1114,3291,3437,3373
Gm9837,0,0,2,0,0,0
Gm9839,3,0,3,12,14,23
Gm9853,57,34,41,18,11,27
Gm9856,30,27,22,45,30,29
Gm9857,0,1,0,2,0,1
Gm9860,0,0,1,8,2,5
Gm9861,6,8,6,47,38,41
Gm9866,444,482,432,48,57,60
Gm9867,0,0,0,0,0,0
Gm9868,0,0,1,1,0,0
Gm9869,2,5,2,3,2,7
Gm9871,0,1,0,0,0,1
Gm9873,3,4,2,1,5,3
Gm9874,2,1,0,6,2,1
Gm9875,2,0,1,0,0,0
Gm9876,2,3,1,0,0,0
Gm9878,8,8,10,8,9,13
Gm9880,3,2,6,3,7,5
Gm9881,1,0,0,0,0,0
Gm9883,11,6,5,11,7,10
Gm9884,25,12,28,21,38,37
Gm9885,75,75,89,71,89,90
Gm9886,0,0,0,0,0,0
Gm9889,7,7,2,5,1,2
Gm9891,0,2,3,0,1,2
Gm9895,12,5,13,0,0,0
Gm9896,0,0,0,0,0,0
Gm9897,69,61,62,70,91,103
Gm9898,2,0,3,0,1,1
Gm9900,12,8,11,12,11,14
Gm9902,5,4,2,4,7,6
Gm9903,5,8,6,8,6,13
Gm9905,1,2,5,4,1,1
Gm9907,0,0,0,0,0,1
Gm9909,1,0,1,0,0,0
Gm9910,9,12,17,4,13,7
Gm9912,1,0,1,0,0,3
Gm9914,1,8,1,2,0,1
Gm9915,0,0,2,6,2,5
Gm9916,8,7,11,54,89,73
Gm9918,2,1,2,0,0,1
Gm9919,3,0,0,1,0,0
Gm9921,0,0,0,0,0,0
Gm9922,2,0,0,5,1,0
Gm9924,18,11,15,0,0,0
Gm9925,30,15,28,1,3,1
Gm9926,1,2,0,0,0,1
Gm9930,1,0,0,0,0,0
Gm9931,0,0,0,0,0,0
Gm9932,0,0,1,0,0,0
Gm9933,4,2,3,2,0,1
Gm9936,2,3,0,14,17,13
Gm9937,0,0,0,0,0,0
Gm9938,190,160,163,146,92,149
Gm9944,0,0,0,0,0,0
Gm9945,21,26,16,0,3,0
Gm9947,12,8,17,2,1,3
Gm9948,10,7,11,11,13,11
Gm9949,2,2,3,1,2,0
Gm9953,0,0,0,1,0,0
Gm9954,0,0,0,0,0,0
Gm9955,11,14,10,6,2,5
Gm9956,0,2,0,2,0,1
Gm9958,26,13,18,38,28,39
Gm996,2798,3568,2775,793,727,742
Gm9960,7,6,4,18,11,9
Gm9961,2,0,0,0,0,1
Gm9962,5,11,15,1,2,1
Gm9963,2,1,5,2,4,7
Gm9964,0,0,0,0,0,0
Gm9966,0,0,0,1,0,0
Gm9967,1,0,0,0,2,2
Gm9970,5,7,3,8,5,9
Gm9972,0,0,0,0,0,1
Gm9973,0,0,0,0,0,0
Gm9975,0,3,5,2,4,2
Gm9978,0,0,0,0,0,0
Gm9979,0,0,0,0,0,0
Gm9981,15,18,10,13,8,8
Gm9982,6,5,12,6,8,15
Gm9984,0,3,5,2,0,3
Gm9989,0,0,2,0,0,0
Gm9990,7,3,4,5,8,7
Gm9991,0,0,0,0,0,0
Gm9992,0,1,1,2,1,2
Gm9993,56,57,59,57,38,44
Gm9996,30,12,15,153,157,188
Gm9997,32,31,26,30,29,25
Gm9999,0,2,0,0,0,1
Gmcl1,582,632,635,999,854,967
Gmcl1l,1,0,1,0,0,0
Gmds,152,166,165,243,276,240
Gmeb1,513,496,582,1300,1163,1227
Gmeb2,490,467,497,956,828,933
Gmfb,4124,3800,3584,2510,2194,3107
Gmfg,8,12,8,2,3,4
Gmip,193,210,189,1989,2078,1870
Gml,0,0,0,0,0,0
Gmnn,60,51,71,145,86,104
Gmppa,454,504,534,588,568,564
Gmppb,183,234,245,201,196,164
Gmpr,854,950,888,160,177,143
Gmpr2,295,352,316,434,438,420
Gmps,2350,1942,1820,1937,1910,2497
Gna11,2977,3570,3174,2853,2536,2311
Gna12,2345,3636,2239,3258,2513,2653
Gna13,1431,1465,1448,1640,1317,1596
Gna14,5,9,7,8,12,9
Gna15,41,52,43,6,7,3
Gnai1,3770,4169,3894,2049,2027,2186
Gnai2,4133,5940,4836,6204,5318,4416
Gnai3,712,849,689,2919,2438,2980
Gnal,3399,3708,3626,2061,2100,2355
Gnao1,15869,17063,16577,12994,12695,12026
Gnaq,5822,5910,5984,8158,7316,8338
Gnas,28442,31937,25496,18507,17108,17254
Gnat1,4,7,0,8,7,7
Gnat2,6,2,7,12,7,9
Gnat3,0,0,0,0,0,0
Gnaz,1960,2710,1966,1284,1375,1196
Gnb1,15522,16222,15700,20528,21543,19356
Gnb1l,60,59,67,163,152,125
Gnb2,4364,5513,4277,6339,6293,5890
Gnb2l1,2720,2883,3053,11800,11125,10207
Gnb3,6,3,16,3,3,4
Gnb4,744,1127,873,1631,1646,1779
Gnb5,2844,2850,2863,662,629,587
Gne,1020,1066,881,1027,968,927
Gng10,590,448,429,813,787,840
Gng11,136,176,119,52,55,32
Gng12,1599,1645,1265,439,408,429
Gng13,558,568,547,6,6,3
Gng2,4342,3431,3349,14381,15128,16903
Gng2-ps1,132,188,179,664,614,617
Gng3,3449,3722,3029,2787,2951,2822
Gng4,881,1120,807,527,607,586
Gng5,213,209,177,259,201,252
Gng7,4912,5451,5470,995,1183,1047
Gng8,26,43,29,6,4,5
Gngt1,0,0,0,0,0,0
Gngt2,38,34,52,4,7,4
Gnl1,4667,5673,5287,2024,2004,1737
Gnl2,1149,1255,1258,1866,1844,1833
Gnl3,400,387,413,619,603,700
Gnl3l,5371,5424,5115,2891,2838,3357
Gnmt,11,6,13,14,18,15
Gnpat,1071,1015,1110,1386,1270,1376
Gnpda1,289,294,283,216,179,176
Gnpda2,312,267,279,180,115,209
Gnpnat1,134,117,105,95,80,140
Gnptab,1827,1903,1807,2029,1882,2051
Gnptg,1245,1310,1316,1025,1078,1009
Gnrh1,1,9,9,11,4,4
Gnrhr,1,0,1,0,0,0
Gns,2685,2318,2448,1462,1376,1412
Golga1,742,716,733,1113,991,1047
Golga2,2716,2804,2741,2150,2227,2001
Golga3,1751,1975,1781,2044,1938,1953
Golga4,3884,3978,3759,3770,3266,3219
Golga5,662,716,637,817,682,749
Golga7,1337,1457,1222,1376,1196,1431
Golga7b,2514,3342,2741,1032,1198,993
Golgb1,4257,4451,4387,3846,3494,3540
Golim4,798,888,767,1090,884,906
Golm1,872,765,939,1162,939,958
Golph3,1810,1707,1649,1019,837,1043
Golph3l,418,424,363,545,524,573
Golt1a,18,20,24,6,3,2
Golt1b,635,626,574,581,691,700
Gon4l,2391,2508,2628,3723,3460,3560
Gopc,1592,1565,1487,1027,903,1054
Gorab,198,189,182,296,255,296
Gorasp1,608,726,628,530,426,393
Gorasp2,2020,1895,1639,1281,1372,1402
Gosr1,1089,1042,957,941,827,906
Gosr2,1781,1909,1951,2148,2069,2067
Got1,6346,6086,6836,901,913,785
Got1l1,10,6,10,7,2,1
Got2,5046,4824,4791,2172,2298,2112
Got2-ps1,370,378,318,155,161,189
Gp1ba,42,59,45,104,87,83
Gp1bb,104,134,105,108,111,75
Gp2,1,0,1,0,0,0
Gp49a,15,2,9,1,1,1
Gp5,24,28,15,1,1,2
Gp6,0,0,0,0,0,0
Gp9,6,10,3,0,0,3
Gpa33,0,0,1,1,0,0
Gpaa1,586,678,507,749,696,639
Gpam,1285,1703,1410,1370,1129,1311
Gpat2,12,13,14,8,4,9
Gpatch1,650,629,598,595,586,585
Gpatch2,493,529,463,464,395,432
Gpatch3,141,138,142,131,129,122
Gpatch4,498,604,613,741,891,625
Gpatch8,2262,2092,2354,3294,3001,3147
Gpbar1,0,0,0,0,0,0
Gpbp1,2549,1993,1927,2524,2370,2596
Gpbp1l1,589,516,542,536,502,478
Gpc1,2237,2610,2304,4159,3619,3245
Gpc2,64,88,78,9405,8905,7799
Gpc3,118,165,97,66,55,42
Gpc4,368,343,331,763,534,565
Gpc5,684,593,719,14,23,16
Gpc6,354,395,375,391,329,359
Gpd1,2612,2192,2650,120,107,96
Gpd1l,2841,2866,2525,1487,1577,1709
Gpd2,2976,2889,2944,1258,1412,1532
Gper,55,64,57,89,87,71
Gpha2,1,1,1,2,0,1
Gphb5,0,0,0,0,0,0
Gphn,1595,1593,1631,1023,979,1070
Gpi1,8578,9574,9780,2731,2805,2436
Gpihbp1,0,1,2,1,0,0
Gpkow,810,780,813,948,820,874
Gpld1,1335,1427,1319,313,270,330
Gpm6a,23443,22956,20772,17622,16674,21252
Gpm6b,20073,18642,18981,9199,7467,8979
Gpn1,452,588,588,1046,1123,1020
Gpn2,140,173,135,285,248,201
Gpn3,286,289,301,318,301,255
Gpnmb,46,41,73,11,11,6
Gpr1,10,9,8,1,1,4
Gpr101,203,324,119,10,3,4
Gpr107,1268,1406,1262,1427,1333,1251
Gpr108,428,503,425,227,239,187
Gpr110,0,1,1,2,3,1
Gpr111,28,13,17,19,6,6
Gpr112,0,1,0,0,0,0
Gpr113,0,2,0,2,0,0
Gpr114,6,1,2,3,6,3
Gpr115,50,35,56,22,12,23
Gpr116,1422,1200,1281,413,319,417
Gpr119,3,0,3,3,1,0
Gpr12,373,361,320,339,375,429
Gpr120,1,2,0,0,1,0
Gpr123,1495,1929,1335,201,219,213
Gpr124,405,449,399,275,219,208
Gpr125,548,627,517,1794,1446,1644
Gpr126,87,77,82,22,20,30
Gpr128,1,0,0,0,0,0
Gpr132,5,1,1,0,0,0
Gpr133,99,79,129,10,7,11
Gpr135,162,175,127,75,93,75
Gpr137,1830,2016,1566,791,720,679
Gpr137b,309,271,325,526,459,553
Gpr137c,663,576,555,389,334,428
Gpr139,5,20,16,26,30,27
Gpr141,2,0,1,0,0,1
Gpr142,0,0,0,1,0,0
Gpr143,0,0,1,2,0,1
Gpr144,0,0,0,0,0,0
Gpr146,443,467,516,39,38,39
Gpr149,63,70,74,48,45,68
Gpr15,2,3,2,0,2,1
Gpr150,118,133,122,12,23,28
Gpr151,26,24,50,16,11,14
Gpr152,2,0,3,0,2,2
Gpr153,577,793,536,354,292,306
Gpr155,1513,1668,1489,464,402,426
Gpr156,26,31,21,232,152,199
Gpr157,71,56,81,35,30,39
Gpr158,4496,3914,4651,123,110,190
Gpr160,16,15,25,6,11,7
Gpr161,278,256,270,1606,1333,1351
Gpr162,4376,4991,4758,2049,2249,1843
Gpr165,233,309,143,101,103,89
Gpr17,1501,2859,1297,263,247,255
Gpr171,1,0,2,0,1,0
Gpr172b,236,260,222,277,300,248
Gpr173,355,342,362,937,851,938
Gpr174,8,4,3,2,1,2
Gpr176,184,300,245,169,182,195
Gpr179,71,42,68,15,9,15
Gpr18,4,3,3,3,6,1
Gpr180,464,523,469,258,291,291
Gpr182,82,57,82,49,45,48
Gpr183,27,19,36,12,5,6
Gpr19,257,321,249,411,364,326
Gpr20,7,8,4,1,2,2
Gpr21,72,57,69,869,762,1044
Gpr22,1333,851,1012,186,155,230
Gpr25,58,66,56,29,29,22
Gpr26,6328,6749,6460,2137,2018,2477
Gpr27,226,306,186,410,382,451
Gpr3,99,183,112,12,10,11
Gpr31c,0,0,0,3,5,1
Gpr33,0,0,1,0,0,0
Gpr34,217,197,183,27,17,31
Gpr35,6,2,9,2,0,4
Gpr37,1313,1633,1032,75,103,85
Gpr37l1,3510,4458,3367,5,8,6
Gpr39,16,22,18,8,3,1
Gpr4,105,97,122,72,83,71
Gpr44,3,3,2,5,4,8
Gpr45,134,181,198,241,246,271
Gpr50,9,23,7,14,12,14
Gpr55,40,38,38,15,8,16
Gpr56,1658,2026,1460,3939,3115,2889
Gpr6,202,238,294,20,26,22
Gpr61,439,442,480,52,98,69
Gpr63,172,149,126,134,99,172
Gpr64,22,27,23,37,37,56
Gpr65,6,1,4,2,3,1
Gpr68,213,307,259,28,34,33
Gpr75,207,215,202,93,97,76
Gpr77,22,10,17,3,2,0
Gpr81,7,8,7,1,1,1
Gpr82,3,2,1,3,2,0
Gpr83,867,657,984,42,23,32
Gpr84,25,10,22,6,7,1
Gpr85,745,695,621,2537,2721,2995
Gpr87,3,2,2,1,0,0
Gpr88,3959,3840,3898,324,335,407
Gpr89,646,595,699,586,441,518
Gpr97,4,7,2,19,29,22
Gpr98,66,56,49,651,373,452
Gprasp1,13447,13974,12982,8989,8870,9845
Gprasp2,3287,3665,3147,2497,2380,2563
Gprc2a-rs5,3,7,5,14,6,6
Gprc5a,1,6,3,0,1,2
Gprc5b,2644,3320,2603,418,298,306
Gprc5c,47,71,69,23,23,28
Gprc5d,4,1,2,1,0,0
Gprc6a,0,0,0,0,0,0
Gprin1,2751,3281,2725,5826,6287,5627
Gprin2,6,10,1,20,36,41
Gprin3,474,429,536,224,159,278
Gps1,1102,1291,1375,1480,1477,1409
Gps2,389,431,410,780,748,727
Gpsm1,1059,1203,965,3606,3341,3193
Gpsm2,324,301,256,499,383,401
Gpsm3,50,55,39,23,21,21
Gpt,316,323,347,284,301,231
Gpt2,1831,1532,1775,933,898,919
Gpx1,1064,1227,979,831,873,829
Gpx2,3,1,1,3,1,2
Gpx3,265,366,174,94,96,81
Gpx4,2109,2478,2324,922,835,780
Gpx5,0,0,0,0,0,0
Gpx6,4,8,8,1,0,1
Gpx7,70,70,53,143,137,111
Gpx8,115,110,84,94,82,82
Gramd1a,1658,1865,1635,4475,4342,4119
Gramd1b,5257,5324,5614,4652,4518,4852
Gramd1c,44,28,40,40,21,39
Gramd2,223,307,302,194,193,206
Gramd3,362,651,415,74,79,72
Gramd4,934,1103,928,2679,2265,2332
Grap,55,121,60,69,56,54
Grap2,6,2,5,1,2,2
Grasp,1053,1206,1017,150,122,119
Grb10,1220,1184,985,2087,1280,1481
Grb14,517,544,424,316,343,354
Grb2,3134,2746,2786,2895,2927,2679
Grb7,35,33,34,9,9,14
Grcc10,710,914,656,1038,1032,835
Greb1,38,36,34,11,10,13
Greb1l,263,230,288,103,79,120
Grem1,51,49,49,105,109,130
Grem2,735,711,656,84,118,119
Grhl1,368,301,356,24,34,30
Grhl2,4,4,8,4,7,3
Grhl3,21,13,17,8,8,4
Grhpr,502,512,489,92,95,95
Gria1,12193,10333,12307,4458,4722,4682
Gria2,15028,12540,14501,17829,15141,19673
Gria3,5847,4947,5133,1488,1581,1816
Gria4,2333,2574,2148,1352,1393,1728
Grid1,1612,1761,1768,572,600,660
Grid2,402,397,341,132,104,125
Grid2ip,216,163,160,118,80,130
Grifin,2,2,4,1,0,1
Grik1,312,333,283,303,386,398
Grik2,1405,1335,1294,1972,1873,2241
Grik3,2708,3474,3010,7222,6074,6064
Grik4,711,629,752,200,220,227
Grik5,5001,6275,5091,4673,4473,4176
Grin1,7984,8867,8279,968,1079,1055
Grin2a,1922,1574,2012,57,48,70
Grin2b,3083,2576,2738,2131,1820,2139
Grin2c,1469,1415,1675,44,37,36
Grin2d,516,702,627,436,463,375
Grin3a,1137,1258,944,900,1138,1262
Grin3b,5,13,5,16,25,26
Grina,7275,7343,7302,2841,2621,2654
Grinl1a,3981,4133,3656,3460,3378,3453
Grip1,486,553,480,1316,1172,1236
Grip2,552,608,526,1295,1362,1316
Gripap1,2732,2791,3000,2161,2252,2014
Grk1,0,0,0,1,2,0
Grk4,71,50,54,41,44,51
Grk5,270,305,246,266,201,196
Grk6,1393,1604,1448,1953,1745,1633
Grlf1,6282,6367,6259,9164,8019,8493
Grm1,1781,1736,1490,391,380,483
Grm2,936,1211,1063,560,578,616
Grm3,1457,1775,1395,644,652,831
Grm4,909,1244,822,261,208,242
Grm5,5234,4284,4445,2168,2212,2863
Grm6,0,1,0,1,2,1
Grm7,1247,1159,1283,227,302,346
Grm8,420,329,315,75,81,76
Grn,1224,1220,1294,686,662,588
Grp,193,188,132,41,111,73
Grpel1,797,845,834,747,703,669
Grpel2,277,252,238,503,502,470
Grpr,17,7,14,1,5,6
Grrp1,54,58,38,78,107,70
Grsf1,1943,1771,1719,1245,995,1235
Grtp1,83,104,74,195,207,240
Grwd1,362,461,338,469,498,447
Grxcr1,0,0,0,0,0,0
Grxcr2,3,6,4,0,0,0
Gsbs,9,12,14,8,9,6
Gsc,0,0,0,0,0,0
Gsc2,1,3,1,1,3,0
Gsdma,0,1,0,1,1,0
Gsdma2,0,0,0,0,0,0
Gsdma3,0,0,0,0,0,0
Gsdmc,1,0,0,0,0,0
Gsdmc2,0,0,1,0,0,0
Gsdmc3,0,0,1,1,0,0
Gsdmc4,0,0,1,1,0,0
Gsdmcl1,0,0,0,0,0,1
Gsdmd,48,52,53,37,29,26
Gse1,941,1319,883,2507,1721,2163
Gsg1,4,6,12,5,4,6
Gsg2,5,3,4,67,40,47
Gsk3a,3964,4299,4041,3127,3175,2580
Gsk3b,6170,5259,4981,7240,6171,7433
Gsn,1570,3128,1490,200,152,149
Gspt1,1271,1299,1043,1683,1453,1999
Gspt2,702,723,649,367,358,383
Gsr,590,510,540,514,467,502
Gss,340,469,463,181,176,160
Gsta1,2,0,3,0,0,0
Gsta2,2,1,1,0,0,0
Gsta3,17,20,28,4,5,6
Gsta4,703,694,658,42,27,30
Gstcd,98,112,103,280,242,282
Gstk1,143,126,153,36,27,32
Gstm1,2242,1903,2116,263,265,237
Gstm2,33,23,24,4,10,4
Gstm3,9,2,8,4,4,4
Gstm4,128,140,133,102,109,97
Gstm5,1959,2145,2635,652,695,575
Gstm6,106,97,102,57,52,31
Gstm7,347,430,456,659,572,547
Gsto1,429,449,314,488,549,573
Gsto2,21,18,12,8,6,8
Gstp1,1372,1503,1477,933,1079,894
Gstp2,939,980,809,502,554,448
Gstt1,136,124,159,60,81,59
Gstt2,55,37,47,11,3,13
Gstt3,37,40,38,1,0,3
Gstt4,0,0,0,0,1,0
Gstz1,615,593,686,544,568,555
Gsx1,6,9,4,14,11,7
Gsx2,4,6,9,63,48,27
Gt(ROSA)26Sor,140,160,163,150,142,175
Gtdc1,808,652,717,929,807,905
Gtf2a1,1177,1055,1221,1589,1724,1769
Gtf2a1l,7,6,8,2,4,3
Gtf2a2,394,299,313,631,632,777
Gtf2b,522,519,462,504,506,576
Gtf2e1,394,398,397,847,825,843
Gtf2e2,234,234,192,466,422,471
Gtf2f1,1504,1809,1785,2118,2289,1703
Gtf2f2,229,214,219,501,531,536
Gtf2h1,840,844,785,791,796,854
Gtf2h2,439,467,468,542,602,588
Gtf2h3,308,361,376,657,690,602
Gtf2h4,227,239,256,276,300,294
Gtf2h5,1228,1090,1288,1549,1680,1512
Gtf2i,5456,5687,5053,6169,5538,5356
Gtf2ird1,687,799,599,1624,1390,1429
Gtf2ird2,402,423,415,510,460,465
Gtf3a,187,210,166,324,354,356
Gtf3c1,4050,4265,4610,5199,4465,4513
Gtf3c2,1249,1158,1311,2114,1932,2035
Gtf3c3,484,452,426,425,356,517
Gtf3c4,1175,1316,1245,2989,2644,2807
Gtf3c5,388,439,480,1002,899,801
Gtf3c6,292,319,330,686,616,628
Gtl3,522,575,600,653,648,601
Gtlf3a,13,18,17,13,15,11
Gtlf3b,240,321,261,1318,1057,1056
Gtpbp1,1409,1538,1662,2736,2545,2344
Gtpbp10,200,121,158,301,295,311
Gtpbp2,1324,1534,1796,2073,2095,1773
Gtpbp3,475,554,507,355,314,339
Gtpbp4,699,654,607,893,849,1040
Gtpbp5,257,264,276,486,504,430
Gtpbp6,300,411,331,448,458,393
Gtpbp8,483,470,440,567,506,608
Gtse1,10,20,14,165,108,122
Gtsf1,3,2,1,0,1,0
Gtsf1l,1,5,1,0,0,0
Guca1a,1,1,2,4,2,1
Guca1b,6,14,5,17,13,8
Guca2a,0,0,0,1,1,2
Guca2b,0,0,1,0,0,0
Gucy1a2,700,555,590,440,185,418
Gucy1a3,2417,2098,2508,3854,3518,4573
Gucy1b2,5,6,5,60,45,57
Gucy1b3,4101,3903,4381,1962,1946,2196
Gucy2c,5,13,5,0,1,2
Gucy2d,0,0,0,0,0,0
Gucy2e,37,52,33,23,28,24
Gucy2f,18,24,24,4,4,5
Gucy2g,106,151,133,2,5,5
Guf1,892,677,1033,1839,1625,2089
Guk1,1466,1680,1844,992,943,830
Gulo,0,4,0,0,0,0
Gulp1,127,88,68,48,32,75
Gusb,337,326,367,210,202,161
Gvin1,195,179,178,8,9,16
Gyg,452,443,460,267,310,390
Gyk,502,390,401,176,189,252
Gykl1,0,0,0,0,0,0
Gyltl1b,12,9,11,7,6,3
Gypa,0,0,1,3,0,4
Gypc,44,33,26,50,32,43
Gys1,384,470,375,515,506,483
Gys2,4,3,1,0,0,1
Gzf1,949,1031,972,922,792,917
Gzma,2,0,0,0,0,1
Gzmb,1,1,1,0,0,0
Gzmc,0,0,0,0,0,0
Gzmd,0,0,0,0,0,0
Gzme,0,0,0,0,0,0
Gzmf,0,0,0,0,0,0
Gzmg,0,0,0,0,0,0
Gzmk,7,4,1,0,2,1
Gzmm,16,29,20,31,36,41
Gzmn,0,0,0,0,0,0
H13,1220,1501,1293,3323,3206,3105
H19,5,8,16,818,630,497
H1foo,0,0,2,0,0,0
H1fx,670,844,485,1456,1253,1241
H2-Aa,84,15,61,0,0,0
H2-Ab1,103,28,108,3,1,0
H2-DMa,192,220,199,48,67,52
H2-DMb1,32,18,30,2,0,3
H2-DMb2,20,11,20,5,1,4
H2-Ea,0,0,0,0,0,0
H2-Eb1,80,28,111,11,5,2
H2-Eb2,0,0,2,0,1,0
H2-K1,636,587,605,64,50,67
H2-Ke2,842,898,751,826,941,631
H2-Ke6,374,463,398,664,573,483
H2-L,902,874,1010,334,368,311
H2-M1,0,0,0,0,0,0
H2-M10.1,0,1,1,1,2,2
H2-M10.2,14,20,19,26,27,27
H2-M10.3,2,0,1,0,0,0
H2-M10.4,0,0,0,0,0,0
H2-M10.5,0,0,0,0,2,0
H2-M10.6,0,0,0,0,0,0
H2-M11,0,0,0,0,0,0
H2-M2,0,0,0,0,0,0
H2-M3,47,62,50,6,4,8
H2-M5,35,24,40,213,252,239
H2-M6-ps,19,12,20,26,17,24
H2-M9,0,0,0,0,0,0
H2-Oa,6,2,10,0,0,1
H2-Ob,10,9,11,0,2,1
H2-Q10,21,9,18,7,7,4
H2-Q2,121,88,127,32,28,27
H2-Q4,46,40,78,25,24,15
H2-Q6,72,28,89,19,10,20
H2-Q7,77,38,80,22,19,23
H2-Q8,29,19,27,8,6,4
H2-T10,102,75,93,21,26,14
H2-T22,377,318,355,83,96,78
H2-T23,317,267,363,78,82,61
H2-T24,137,138,169,99,66,86
H2-T3,0,0,0,0,0,0
H28,1,0,0,0,0,1
H2afb1,0,0,0,0,0,0
H2afb2,0,0,0,0,0,0
H2afb3,0,1,0,1,0,0
H2afj,695,1172,762,588,582,492
H2afv,571,719,620,2033,1609,1523
H2afx,572,656,473,1200,870,943
H2afy,1568,1657,1383,4015,3291,3485
H2afy2,367,372,332,2506,2315,2279
H2afy3,94,120,116,1204,1070,960
H2afz,1042,1156,1156,2422,2089,2133
H3f3a,1936,1625,1525,8114,7607,8225
H3f3a-ps1,488,360,332,1635,1388,1482
H3f3a-ps2,903,761,683,3468,2929,2921
H3f3b,2789,2470,2513,12323,10922,12110
H3f3c,882,871,747,4180,3675,4228
H47,600,609,606,280,369,334
H60b,7,8,3,1,8,4
H6pd,221,205,250,137,98,135
HAR1F,0,0,0,0,0,1
Haao,9,2,5,4,3,3
Habp2,0,3,0,1,1,0
Habp4,4439,4669,4644,384,469,424
Hace1,1215,995,1382,693,641,844
Hacl1,108,142,87,56,48,51
Hadh,468,527,431,240,202,137
Hadha,1591,1667,1535,1491,1416,1248
Hadhb,628,547,583,264,261,300
Hagh,1401,1386,1526,304,283,281
Haghl,1142,1472,1423,804,749,678
Hal,2,4,1,0,3,1
Hamp,2,0,0,0,1,0
Hamp2,2,3,1,0,0,0
Hand1,0,0,0,0,0,0
Hand2,0,0,0,0,0,0
Hao1,0,1,1,2,2,1
Hao2,2,3,2,5,3,6
Hap1,4793,6060,4031,2248,1760,1468
Hapln1,603,547,448,2,6,6
Hapln2,780,575,706,7,7,8
Hapln3,19,33,23,45,36,54
Hapln4,1897,2065,1995,18,17,18
Harbi1,143,136,117,195,215,183
Hars,1780,1908,2040,1801,1824,1667
Hars2,487,465,565,861,890,863
Has1,37,40,28,23,15,15
Has2,6,8,10,21,34,39
Has3,90,82,95,516,507,572
Hat1,310,293,303,507,413,462
Haus1,122,117,83,162,139,187
Haus2,440,454,427,457,378,537
Haus3,176,123,130,176,163,189
Haus4,49,40,53,271,242,224
Haus5,55,64,80,220,210,205
Haus6,228,156,236,582,438,627
Haus7,96,146,91,480,517,467
Haus8,150,179,150,465,453,421
Havcr1,0,0,0,0,2,0
Havcr2,122,70,104,18,11,11
Hax1,544,627,607,551,551,440
Hba-a1,5301,2397,3416,9654,6084,7300
Hba-a2,5172,2313,3357,9432,5901,7113
Hba-x,0,0,0,4,0,2
Hbb-b1,4428,1672,2583,7148,4242,5387
Hbb-b2,6001,2179,3216,8358,5171,6671
Hbb-bh1,0,0,0,0,0,0
Hbb-y,1,0,1,1,4,0
Hbegf,259,264,256,247,253,248
Hbp1,786,719,849,1342,997,1252
Hbq1,4,14,12,13,15,20
Hbs1l,1037,1114,1088,1888,1814,1874
Hc,13,17,6,5,0,3
Hccs,394,474,411,344,269,331
Hcfc1,2650,2791,2795,6455,4808,5928
Hcfc1r1,809,811,665,462,488,468
Hcfc2,769,818,701,877,804,880
Hck,46,41,48,22,26,19
Hcls1,148,158,135,22,17,16
Hcn1,993,921,933,130,143,163
Hcn2,3471,4608,3330,307,348,303
Hcn3,268,456,252,1024,960,927
Hcn4,141,186,109,715,624,674
Hcrt,75,117,1,0,1,1
Hcrtr1,42,55,43,5,7,7
Hcrtr2,63,48,52,39,44,56
Hcst,4,3,5,4,5,1
Hdac1,299,258,293,543,491,484
Hdac10,244,212,233,753,772,703
Hdac11,4510,4999,4553,1117,1104,922
Hdac2,2166,1914,1975,7334,6977,7588
Hdac3,1581,1724,1853,2345,2437,2239
Hdac4,832,944,757,716,525,667
Hdac5,4197,5610,4460,4569,4091,3421
Hdac6,1005,1172,1037,1825,1732,1721
Hdac7,558,626,641,1601,1392,1459
Hdac8,309,281,273,294,253,229
Hdac9,896,857,697,442,389,442
Hdc,37,75,48,8,2,9
Hddc2,178,165,182,254,328,277
Hddc3,214,232,215,166,149,148
Hdgf,3263,3544,3552,4747,4663,3820
Hdgfl1,0,0,1,0,0,0
Hdgfrp2,2107,2428,2140,2480,2403,1915
Hdgfrp3,3059,2726,2502,5019,4360,5803
Hdhd1a,0,0,1,0,0,0
Hdhd2,1859,1789,1608,756,777,729
Hdhd3,84,102,79,43,36,29
Hdlbp,3984,3826,3736,3039,2771,2919
Hdx,154,123,115,175,168,233
Heatr1,558,583,628,1006,959,1110
Heatr2,138,197,163,283,246,293
Heatr3,548,631,580,714,764,817
Heatr5a,334,348,279,559,401,528
Heatr5b,1431,1394,1283,1798,1489,1629
Heatr6,442,377,466,1343,1163,1219
Heatr7a,1917,2208,2193,1132,983,993
Heatr7b1,33,26,37,148,129,122
Heatr7b2,0,0,0,0,0,0
Hebp1,369,420,462,23,28,34
Hebp2,63,54,34,26,29,28
Heca,655,669,661,946,777,994
Hectd1,3672,3495,3730,5057,4384,5102
Hectd2,383,259,313,405,237,511
Hectd3,1138,1198,1176,1723,1712,1485
Hecw1,2440,2085,2140,4843,4067,5158
Hecw2,1328,1094,1432,385,329,419
Heg1,1153,1047,1105,2118,1400,1689
Helb,131,116,156,232,211,217
Hells,81,65,53,503,360,453
Helq,276,280,328,550,452,517
Helt,2,3,1,11,13,12
Helz,1784,1750,1675,1959,1456,1793
Hemgn,2,1,1,1,1,1
Hemk1,252,224,335,354,341,331
Hemt1,0,0,0,0,0,0
Hepacam,2325,2234,2025,191,175,181
Hepacam2,2,5,3,6,2,7
Heph,254,160,240,46,24,29
Hephl1,0,3,1,1,0,1
Herc1,7280,6945,7644,9635,7663,9545
Herc2,9037,9304,9955,10232,8754,9611
Herc3,3947,3591,3985,1391,1205,1312
Herc4,692,498,507,637,624,778
Herc5,267,169,234,29,23,26
Herpud1,1053,972,960,431,368,398
Herpud2,956,857,794,681,566,729
Hes1,159,220,152,125,105,107
Hes2,0,0,0,1,0,0
Hes3,3,8,10,0,2,0
Hes5,267,342,204,235,242,195
Hes6,230,273,213,1501,1485,1226
Hes7,19,21,17,20,24,14
Hesx1,0,0,0,0,0,0
Hexa,1003,1016,951,430,459,466
Hexb,1190,1262,1160,214,179,195
Hexdc,490,561,605,978,992,909
Hexim1,1520,1702,1268,848,811,789
Hexim2,179,191,140,272,270,260
Hey1,997,1218,1084,318,303,310
Hey2,79,92,94,40,32,33
Heyl,139,162,115,109,69,82
Hfe,97,95,92,11,14,18
Hfe2,11,11,14,4,4,4
Hfm1,45,30,49,231,201,278
Hgd,1,0,1,2,0,0
Hgf,101,90,94,53,23,62
Hgfac,3,2,5,17,15,7
Hgs,1517,2091,1727,2526,2293,2179
Hgsnat,1031,935,919,390,383,388
Hhat,14,17,18,42,33,23
Hhatl,236,203,202,4,5,1
Hhex,32,36,29,15,24,21
Hhip,134,182,129,36,26,28
Hhipl1,218,205,213,111,64,75
Hhipl2,0,0,0,0,0,0
Hhla1,0,0,2,1,0,0
Hiat1,1232,1248,1032,817,711,814
Hiatl1,738,843,701,487,397,476
Hibadh,944,848,771,351,347,310
Hibch,214,219,220,149,139,140
Hic1,65,97,57,53,35,45
Hic2,241,239,244,773,588,655
Hif1a,1556,1515,1468,2430,2106,2632
Hif1an,1183,1239,1400,1844,1611,1658
Hif3a,476,77,408,200,161,171
Higd1a,422,425,459,208,214,173
Higd1b,35,42,51,61,74,66
Higd1c,61,54,72,11,8,15
Higd2a,1181,1164,928,574,646,545
Hils1,1,0,0,0,1,0
Hinfp,242,309,312,552,487,510
Hint1,2433,2590,2298,3124,3410,2988
Hint2,263,295,281,180,173,131
Hint3,234,179,165,81,91,111
Hip1,1833,1669,2008,2999,2665,2856
Hip1r,2175,2634,2096,1808,1702,1618
Hipk1,3134,2776,3107,2396,1717,2387
Hipk2,2712,2759,2449,2626,1693,1991
Hipk3,3227,2962,2986,1162,810,1271
Hipk4,1507,1881,1731,43,29,45
Hira,1442,1499,1619,3229,3176,2701
Hirip3,768,969,1121,1668,1580,1126
Hisppd1,791,626,742,2500,1967,2906
Hisppd2a,2790,2841,3183,612,617,599
Hist1h1a,1,2,1,0,1,0
Hist1h1b,0,1,0,2,1,1
Hist1h1c,388,593,359,127,96,111
Hist1h1d,11,19,8,6,1,3
Hist1h1e,18,22,14,9,3,1
Hist1h1t,0,0,0,0,0,0
Hist1h2aa,0,0,0,0,0,0
Hist1h2ab,94,122,68,145,104,87
Hist1h2ac,98,128,69,154,105,89
Hist1h2ad,94,131,70,165,109,92
Hist1h2ae,94,122,67,143,104,90
Hist1h2af,63,75,47,99,57,53
Hist1h2ag,95,124,67,170,106,92
Hist1h2ah,94,123,68,159,106,89
Hist1h2ai,94,123,68,157,106,94
Hist1h2aj,94,122,68,147,98,87
Hist1h2ak,26,40,14,64,52,37
Hist1h2an,87,114,63,141,84,79
Hist1h2ao,94,127,67,182,114,99
Hist1h2ba,59,81,36,9,2,16
Hist1h2bb,60,98,69,29,13,22
Hist1h2bc,358,481,352,91,63,86
Hist1h2be,187,309,227,49,32,53
Hist1h2bf,142,230,130,26,23,35
Hist1h2bg,235,376,253,61,44,67
Hist1h2bh,103,201,114,23,19,39
Hist1h2bj,60,85,37,12,6,22
Hist1h2bk,133,220,153,43,29,45
Hist1h2bl,139,226,152,42,26,38
Hist1h2bm,37,54,24,7,5,12
Hist1h2bn,119,190,145,39,26,36
Hist1h2bp,122,201,135,40,25,38
Hist1h3a,1,3,0,5,1,5
Hist1h3b,2,7,1,7,1,6
Hist1h3c,2,4,0,11,0,5
Hist1h3d,5,14,3,3,2,6
Hist1h3e,4,5,3,8,0,4
Hist1h3f,0,5,1,6,0,4
Hist1h3g,0,8,2,6,4,5
Hist1h3h,1,8,2,4,2,7
Hist1h3i,2,11,2,6,1,8
Hist1h4a,24,43,19,26,19,17
Hist1h4b,13,23,17,19,17,13
Hist1h4c,24,43,19,26,20,16
Hist1h4d,9,12,5,8,6,7
Hist1h4f,6,14,13,13,13,9
Hist1h4h,31,62,39,27,24,22
Hist1h4i,35,67,35,60,50,43
Hist1h4j,27,46,27,24,22,22
Hist1h4k,33,56,24,25,20,17
Hist1h4m,16,26,7,16,9,10
Hist2h2aa1,336,439,258,131,85,82
Hist2h2aa2,1,2,3,0,0,2
Hist2h2ab,0,0,0,0,0,0
Hist2h2ac,45,67,42,15,12,9
Hist2h2bb,18,10,15,0,2,0
Hist2h2be,111,106,66,163,137,124
Hist2h3b,34,57,32,12,5,12
Hist2h3c1,195,325,194,71,66,68
Hist2h3c2,55,98,52,21,12,24
Hist2h4,21,30,11,16,10,12
Hist3h2a,155,144,122,205,238,231
Hist3h2ba,213,352,262,1107,1116,1058
Hist3h2bb,30,85,58,206,225,187
Hist4h4,2,1,0,2,3,1
Hivep1,2227,2225,1967,2728,1917,2459
Hivep2,7121,7760,7640,6685,5974,6909
Hivep3,1688,2114,1489,1504,1422,1614
Hjurp,1329,1275,1491,4401,3732,3782
Hk1,10441,12527,12876,5356,6335,5353
Hk2,182,149,184,277,184,199
Hk3,35,48,33,10,7,7
Hkdc1,336,413,342,2,1,0
Hlcs,337,317,262,177,163,204
Hlf,6123,4449,4816,162,151,185
Hltf,682,570,517,675,623,758
Hlx,13,33,18,17,11,8
Hmbox1,744,799,778,946,616,861
Hmbs,169,186,194,228,229,230
Hmcn1,107,166,71,63,62,74
Hmcn2,21,31,29,17,26,13
Hmg20a,1810,1720,1879,2971,3154,3273
Hmg20b,343,358,294,364,277,253
Hmga1,1045,1119,848,1267,1117,1132
Hmga1-rs1,969,1010,780,1170,969,987
Hmga2,0,0,0,41,23,26
Hmgb1,2724,2565,2257,6714,6363,6853
Hmgb1-ps1,516,500,434,1429,1209,1371
Hmgb1-ps3,804,801,658,2198,1972,2190
Hmgb1-ps4,509,424,297,976,925,997
Hmgb1-ps5,205,277,284,916,804,937
Hmgb1-ps6,516,391,316,1104,1018,1059
Hmgb1-rs18,0,0,0,0,0,0
Hmgb1l,0,0,0,0,1,0
Hmgb2,499,630,584,1954,1635,1904
Hmgb3,509,579,475,3987,3576,3660
Hmgb4,0,2,0,4,1,2
Hmgcl,373,347,341,367,324,313
Hmgcll1,368,316,337,353,354,391
Hmgcr,2173,2924,2110,6035,6054,6692
Hmgcs1,0,0,0,0,0,0
Hmgcs2,267,256,298,123,123,107
Hmgn1,948,964,948,4193,3695,3896
Hmgn2,1040,960,811,3960,3151,3688
Hmgn3,969,1097,916,1153,1271,1163
Hmgn4,334,447,368,2408,1708,1340
Hmgn5,275,301,339,763,648,702
Hmgxb3,1119,1256,1200,1230,1059,1114
Hmgxb4,352,330,361,1143,927,1120
Hmha1,204,201,223,20,25,24
Hmmr,20,35,19,330,204,229
Hmox1,62,81,69,51,31,48
Hmox2,1194,1262,1059,606,716,544
Hmx1,0,0,0,1,1,2
Hmx2,0,5,0,0,0,0
Hmx3,1,5,1,0,1,0
Hn1,1134,1429,1113,10130,10335,9844
Hn1l,89,144,96,977,799,818
Hnf1a,0,1,1,3,3,4
Hnf1b,7,6,6,1,1,1
Hnf4a,0,0,2,0,0,0
Hnf4g,0,0,0,0,0,0
Hnmt,412,313,342,38,46,53
Hnrnpa0,1659,2154,1348,6543,5279,5222
Hnrnpa1,3558,3621,3791,20564,20530,18830
Hnrnpa1l2,837,1031,998,5889,6000,5110
Hnrnpa2b1,8725,8727,9111,24221,26570,25305
Hnrnpa3,8284,7127,7605,15922,16693,17695
Hnrnpab,2883,2858,2525,13002,12204,12004
Hnrnpc,2651,2538,2400,3995,3907,3912
Hnrnpd,2772,2943,2543,6949,7119,7079
Hnrnpf,1834,1952,1849,5035,4352,4438
Hnrnph1,4999,4402,4834,17634,16236,18230
Hnrnph2,3742,3328,3349,2895,2740,3054
Hnrnph3,1108,1267,1368,3557,3786,3398
Hnrnpk,3402,3166,3031,7035,6530,7009
Hnrnpl,3392,3517,3234,5349,5103,4831
Hnrnpm,2523,2766,2772,6368,6487,5978
Hnrnpr,1625,1523,1288,3909,3747,3909
Hnrnpu,9929,10548,9565,16251,15576,16762
Hnrnpul1,3132,3378,2897,5619,4660,4668
Hnrnpul2,7688,7672,7377,7854,7844,7767
Hnrpdl,3816,3691,3644,8838,8519,9566
Hnrpll,1087,1164,1099,1973,1485,1927
Homer1,3454,4150,3100,1434,1228,1639
Homer2,591,582,521,359,314,310
Homer3,307,359,311,822,650,564
Homez,370,332,326,217,213,231
Hook1,1955,1776,2076,1965,1769,2375
Hook2,274,393,317,920,1059,904
Hook3,2535,2234,2256,3493,2877,3320
Hopx,396,427,482,95,112,129
Hormad1,1,0,0,0,0,0
Hormad2,0,0,2,1,1,0
Hoxa1,0,1,0,0,0,0
Hoxa10,0,0,0,0,0,0
Hoxa11,0,0,0,0,0,0
Hoxa11as,0,0,0,0,0,0
Hoxa13,0,0,0,0,0,0
Hoxa2,0,0,0,0,0,0
Hoxa3,0,0,0,0,0,0
Hoxa4,0,0,0,0,0,0
Hoxa5,0,0,0,0,0,0
Hoxa6,0,0,0,0,0,0
Hoxa7,1,0,1,0,0,0
Hoxa9,0,0,0,0,0,0
Hoxb1,0,0,0,0,0,0
Hoxb13,0,0,0,0,0,0
Hoxb2,0,1,0,0,0,0
Hoxb3,0,0,0,0,0,0
Hoxb3os,0,0,0,0,0,0
Hoxb4,0,0,2,1,0,0
Hoxb5,0,0,0,0,0,0
Hoxb6,0,0,0,0,0,0
Hoxb7,0,0,0,0,0,0
Hoxb8,0,0,0,0,0,0
Hoxb9,0,0,0,0,0,0
Hoxc10,0,0,0,1,0,0
Hoxc11,0,0,0,0,0,0
Hoxc12,0,0,0,0,0,0
Hoxc13,0,0,0,0,0,0
Hoxc4,0,0,0,0,0,0
Hoxc5,0,0,0,0,0,0
Hoxc6,0,0,0,1,0,0
Hoxc8,0,0,1,0,0,0
Hoxc9,0,0,0,0,0,0
Hoxd1,2,1,3,0,0,0
Hoxd10,0,0,0,0,0,0
Hoxd11,0,0,0,0,0,0
Hoxd12,0,0,0,0,0,0
Hoxd13,0,0,0,0,0,0
Hoxd3,0,0,0,0,0,0
Hoxd4,0,0,0,0,0,0
Hoxd8,0,1,0,0,0,0
Hoxd9,0,0,1,0,0,0
Hp,9,9,9,4,0,2
Hp1bp3,5216,5048,4958,7085,6900,6588
Hpca,17541,16839,18911,1087,1281,974
Hpcal1,796,928,750,248,263,234
Hpcal4,21904,22246,21097,669,900,774
Hpd,1,1,0,0,0,0
Hpdl,31,14,33,8,12,7
Hpgd,57,63,43,9,5,4
Hpgds,56,56,43,17,10,15
Hpn,11,18,21,2,1,0
Hprt1,2017,1696,1795,427,441,510
Hps1,266,306,392,620,573,598
Hps3,336,285,311,335,368,419
Hps4,399,477,377,559,553,544
Hps5,346,417,380,723,594,659
Hps6,178,180,180,45,64,58
Hpse,17,25,21,4,8,4
Hpse2,1,1,0,2,0,2
Hpx,7,4,10,3,3,0
Hr,923,1228,1030,373,326,318
Hras1,2818,3826,3858,2027,2229,1714
Hrasls,572,466,556,36,48,42
Hrasls5,0,1,0,0,0,1
Hrc,9,11,9,14,18,14
Hrct1,20,7,19,6,6,2
Hrg,0,0,0,1,0,0
Hrh1,303,346,258,20,33,16
Hrh2,78,100,97,16,19,21
Hrh3,2438,2354,2331,144,158,124
Hrh4,0,0,0,0,0,0
Hrk,1653,1638,1383,523,531,530
Hrnr,7,4,5,0,0,0
Hrsp12,754,581,604,93,112,96
Hs1bp3,150,141,133,95,93,90
Hs2st1,1522,1533,1203,1587,1401,1652
Hs3st1,444,432,378,461,381,361
Hs3st2,618,770,645,312,343,345
Hs3st3a1,41,31,33,15,17,10
Hs3st3b1,52,38,43,126,91,100
Hs3st4,1837,1836,1847,1535,1563,1600
Hs3st5,149,137,125,153,142,162
Hs3st6,5,4,6,0,1,1
Hs6st1,1845,1866,1609,1757,1687,1701
Hs6st2,1000,922,764,2127,1700,2304
Hs6st3,307,358,291,151,148,161
Hsbp1,2427,2988,3189,3200,3196,2705
Hscb,108,106,97,70,58,51
Hsd11b1,256,215,235,5,5,3
Hsd11b2,1,3,1,5,2,8
Hsd17b1,3,9,3,5,5,5
Hsd17b10,541,531,508,744,781,636
Hsd17b11,745,671,750,200,208,193
Hsd17b12,1417,1485,1425,1242,1149,1356
Hsd17b13,2,6,5,1,1,0
Hsd17b14,1,5,4,0,0,1
Hsd17b2,4,2,3,0,0,0
Hsd17b3,0,0,0,0,0,0
Hsd17b4,1380,1512,1388,1736,1695,1572
Hsd17b6,0,1,5,1,0,2
Hsd17b7,472,562,430,355,351,397
Hsd3b1,1,1,2,3,6,5
Hsd3b2,3,9,10,5,11,8
Hsd3b3,30,16,22,28,25,16
Hsd3b4,10,6,8,8,22,17
Hsd3b5,1,1,0,1,0,2
Hsd3b6,4,1,2,11,5,8
Hsd3b7,190,215,212,235,221,236
Hsdl1,1035,1327,1155,2822,2795,2744
Hsdl2,733,697,568,200,181,224
Hsf1,629,763,782,999,853,739
Hsf2,481,456,441,974,970,1186
Hsf2bp,3,1,2,11,13,7
Hsf3,2,1,4,1,0,0
Hsf4,286,308,306,6,8,7
Hsf5,12,13,10,8,8,8
Hsfy2,0,0,0,0,0,0
Hsh2d,1,2,0,0,0,0
Hsn2,5884,6364,5295,4654,3649,4728
Hsp90aa1,18849,18707,17113,10921,11122,12505
Hsp90ab1,31575,36724,33835,39775,39737,34569
Hsp90b1,6363,6346,5968,4094,4515,4675
Hspa12a,6718,6728,6519,4359,4201,4554
Hspa12b,211,229,276,127,141,129
Hspa13,1041,924,825,1151,868,1258
Hspa14,474,543,508,675,589,584
Hspa1a,514,764,513,116,95,81
Hspa1b,0,0,0,0,0,0
Hspa1l,63,58,51,47,65,64
Hspa2,1571,1583,1523,81,64,50
Hspa4,6459,6411,6069,6015,6033,6415
Hspa4l,5276,5156,4632,1228,984,1178
Hspa5,5745,6562,5572,3553,3905,3593
Hspa8,30692,34260,30714,27565,29422,27405
Hspa9,3821,4026,3973,3867,3929,4012
Hspa9-ps1,848,860,796,806,801,737
Hspb1,102,128,77,14,14,22
Hspb11,110,93,99,102,122,97
Hspb2,8,18,12,2,4,3
Hspb3,18,17,26,16,25,26
Hspb6,64,78,76,68,54,62
Hspb7,11,11,6,4,2,0
Hspb8,359,273,300,15,17,18
Hspb9,1,8,1,3,3,4
Hspbap1,88,100,96,233,243,217
Hspbp1,1187,1462,1206,922,909,820
Hspd1,2635,2752,2495,3046,3110,3174
Hspe1,718,797,798,944,1103,1077
Hspe1-ps4,0,0,0,0,0,0
Hspe1-ps5,2,1,3,5,2,4
Hspe1-ps6,0,0,0,0,0,0
Hspe1-rs1,451,544,621,772,816,716
Hspg2,350,515,373,911,536,695
Hsph1,8673,9768,9773,3523,3765,3501
Htatip2,187,164,129,9,19,15
Htatsf1,1806,1789,1882,2364,2491,2487
Htr1a,521,496,442,82,98,108
Htr1b,56,59,54,10,9,12
Htr1d,54,64,62,12,23,17
Htr1f,80,65,50,17,21,22
Htr2a,537,333,464,64,63,66
Htr2b,6,11,5,7,3,7
Htr2c,1313,1356,859,78,72,94
Htr3a,105,121,110,180,197,148
Htr3b,1,0,0,0,0,0
Htr4,68,93,92,23,16,16
Htr5a,509,431,497,93,111,108
Htr5b,32,35,38,4,6,5
Htr6,103,159,149,55,58,47
Htr7,320,293,272,99,81,74
Htra1,5002,2857,4933,141,139,138
Htra2,399,429,364,468,447,436
Htra3,65,106,78,110,97,97
Htra4,24,18,23,3,1,0
Htt,4376,4240,4604,2648,2330,2800
Hunk,729,552,808,1795,1473,1587
Hus1,332,319,298,260,217,262
Hus1b,0,1,1,1,0,1
Huwe1,10022,10759,11452,18508,14974,17467
Hvcn1,184,208,211,292,247,243
Hyal1,80,96,85,56,53,45
Hyal2,147,159,148,556,461,437
Hyal3,6,6,6,9,8,18
Hyal4,0,1,0,0,0,1
Hyal5,0,0,0,0,0,0
Hyal6,0,0,0,0,0,0
Hydin,73,76,67,25,23,12
Hyi,141,190,165,269,221,209
Hyls1,134,141,128,337,328,351
Hyou1,2871,3148,3257,2113,2185,1869
I0C0044D17Rik,0,0,0,1,0,0
I1C0022H11Rik,3,2,3,3,6,6
I730030J21Rik,5,5,1,2,0,1
I830012O16Rik,149,149,144,4,6,1
I830077J02Rik,14,6,14,3,1,2
I830127L07Rik,0,0,0,0,0,0
I830134H01Rik,0,0,0,1,2,3
Iah1,114,145,121,190,185,174
Iapp,0,0,1,0,1,1
Iars,946,1112,1035,1775,1541,1623
Iars2,1560,1401,1513,1117,1017,1178
Ibsp,6,6,10,6,8,6
Ibtk,648,570,599,1384,1313,1595
Ica1,957,829,828,440,532,477
Ica1l,839,842,758,590,636,664
Icam1,68,63,87,28,34,30
Icam2,23,42,31,36,29,27
Icam4,29,24,27,1,2,2
Icam5,5613,6608,5707,173,193,179
Ick,709,885,555,2478,2429,2678
Icmt,1196,1258,1262,575,497,543
Icos,2,2,3,0,1,2
Icosl,115,83,96,15,4,7
Ict1,787,820,713,695,697,574
Id1,299,243,212,176,213,180
Id2,1891,1358,1577,3124,2966,3488
Id3,448,519,402,213,169,167
Id4,1175,1130,886,910,616,732
Ide,1059,960,920,745,752,780
Idh1,829,979,691,5937,5866,6724
Idh2,1215,862,1179,2559,2097,2032
Idh3a,3747,3386,3046,1286,1140,1292
Idh3b,4476,5431,5631,2553,2559,2321
Idh3g,2223,2654,2878,1929,1867,1880
Idi1,768,1157,637,1241,1323,1429
Idi2,4,3,2,0,1,1
Ido1,38,46,52,0,0,2
Ido2,27,32,44,15,15,10
Ids,10386,8501,8325,4209,3687,5123
Idua,328,385,426,270,273,324
Ier2,111,239,47,100,97,53
Ier3,111,98,109,31,26,19
Ier3ip1,552,477,465,523,491,497
Ier5,485,956,462,820,491,590
Ier5l,140,235,159,163,183,149
Iffo1,1291,1713,1578,682,636,612
Iffo2,709,824,781,905,913,799
Ifi202b,0,0,0,0,0,0
Ifi203,47,39,31,64,42,70
Ifi204,18,12,19,11,6,10
Ifi205,7,5,8,7,9,18
Ifi27l1,413,438,532,15,27,28
Ifi27l2a,11,11,12,0,0,1
Ifi27l2b,1,1,4,0,0,0
Ifi30,56,34,37,116,95,99
Ifi35,42,53,50,16,7,10
Ifi44,9,13,11,0,6,2
Ifi47,13,10,6,0,1,1
Ifih1,123,109,121,13,20,12
Ifit1,42,73,43,1,2,1
Ifit2,267,239,225,256,238,262
Ifit3,205,194,174,7,12,3
Ifitm1,35,16,33,8,9,3
Ifitm2,125,95,116,226,199,180
Ifitm3,127,147,158,24,29,17
Ifitm5,1,1,2,4,4,2
Ifitm6,4,6,3,1,1,0
Ifitm7,5,10,10,6,5,2
Ifltd1,27,10,13,11,3,7
Ifna-ps1,0,0,0,0,0,0
Ifna1,0,0,0,0,0,0
Ifna11,0,0,0,0,0,0
Ifna12,0,0,0,0,0,0
Ifna13,0,0,0,0,0,0
Ifna14,0,0,0,0,0,0
Ifna2,0,0,0,0,0,0
Ifna4,0,0,0,0,0,0
Ifna5,0,0,0,0,0,0
Ifna6,0,0,0,0,0,0
Ifna7,0,0,0,0,0,0
Ifna9,0,0,1,0,0,0
Ifnab,1,0,0,2,0,1
Ifnar1,952,1140,930,2094,1915,2105
Ifnar2,356,370,343,521,470,429
Ifnb1,1,0,0,0,0,0
Ifne,0,0,0,0,0,0
Ifng,0,0,0,0,0,0
Ifngr1,338,333,352,109,92,107
Ifngr2,835,743,604,1086,1060,1121
Ifnk,1,0,0,0,0,0
Ifnz,2,4,3,1,0,0
Ifrd1,719,451,570,499,516,601
Ifrd2,135,163,157,209,214,185
Ifrg15,450,493,417,538,542,577
Ift122,868,920,1058,988,1002,888
Ift140,700,763,748,1369,1230,1255
Ift172,1668,1740,2118,1586,1568,1365
Ift20,923,919,969,674,737,648
Ift27,251,251,218,324,270,249
Ift52,567,631,547,460,503,467
Ift57,828,899,982,515,544,469
Ift74,581,529,446,414,381,413
Ift80,644,600,696,444,360,415
Ift81,725,700,614,758,807,894
Ift88,478,414,430,460,448,506
Igbp1,764,748,814,860,813,822
Igbp1b,1,6,11,5,7,6
Igdcc3,49,48,41,270,216,196
Igdcc4,1080,1170,942,1538,1187,1365
Igf1,223,193,144,70,78,113
Igf1r,2647,2233,2786,5450,4296,4846
Igf2,3856,2278,3073,1006,890,842
Igf2as,15,7,13,4,7,2
Igf2bp1,2,5,0,952,721,776
Igf2bp2,20,42,26,882,685,695
Igf2bp3,66,67,63,525,388,413
Igf2r,1078,1156,1267,2016,1628,1751
Igfals,5,0,5,1,1,0
Igfbp1,0,0,2,4,1,3
Igfbp2,1128,1117,914,1734,1632,1434
Igfbp3,321,289,290,935,859,932
Igfbp4,1653,1612,1861,1077,1024,985
Igfbp5,5078,5013,4235,2633,2456,2451
Igfbp6,663,687,599,3,5,0
Igfbp7,441,520,461,325,286,290
Igfbpl1,60,79,40,10229,8307,8113
Igfl3,0,0,0,0,0,0
Igfn1,419,386,498,0,2,1
Igh-1b,34,39,53,0,0,0
Igh-3,7,0,35,0,0,0
Igh-6,418,479,534,17,15,20
Igh-VJ558,0,0,2,0,0,0
Igh-VX24,0,0,1,0,0,0
Ighg1,1,1,5,0,0,0
Ighmbp2,265,321,298,431,396,381
Igj,10,4,17,4,4,6
Igk-C,24,4,61,0,0,0
Igl-C2,2,0,2,0,0,0
Igl-V1,1,0,2,0,0,0
Igl-V2,1,0,0,0,0,0
Igll1,0,0,0,0,0,0
Iglon5,698,1215,1060,3119,2937,2034
Igsf1,217,355,141,45,38,43
Igsf10,31,42,29,80,62,100
Igsf11,803,764,729,210,172,161
Igsf2,7,8,4,5,5,6
Igsf21,1065,1495,995,627,677,637
Igsf3,380,452,352,4012,3204,3759
Igsf5,7,4,7,0,3,3
Igsf6,48,21,39,52,18,76
Igsf8,3915,5202,3560,1937,1689,1584
Igsf9,101,106,99,2635,2295,2180
Igsf9b,636,742,718,408,297,349
Igtp,86,81,98,7,9,5
Ihh,9,7,5,5,5,6
Iigp1,24,30,18,3,2,3
Ik,2302,2607,2636,2853,3165,2558
Ikbip,230,213,163,99,97,114
Ikbkap,1532,1582,1627,2776,2625,2828
Ikbkb,1008,1062,1077,1841,1712,1650
Ikbke,34,31,34,28,38,27
Ikbkg,955,941,992,784,702,717
Ikzf1,126,113,116,164,127,97
Ikzf2,36,46,30,77,57,105
Ikzf3,12,5,3,0,0,0
Ikzf4,364,364,340,816,766,718
Ikzf5,775,614,572,725,499,698
Il10,0,0,0,0,0,0
Il10ra,103,135,138,15,12,15
Il10rb,104,131,111,30,26,28
Il11,1,5,3,6,5,7
Il11ra1,465,520,460,121,104,123
Il11ra2,164,200,183,34,28,45
Il12a,22,11,23,0,0,1
Il12b,1,0,0,0,0,0
Il12rb1,35,33,25,2,2,5
Il12rb2,284,267,268,307,300,341
Il13,2,0,0,0,1,2
Il13ra1,171,124,120,55,41,60
Il13ra2,13,4,5,0,0,0
Il15,13,12,10,2,3,2
Il15ra,79,57,83,5,6,13
Il16,145,111,178,22,14,6
Il17a,0,0,0,0,0,0
Il17b,4,9,5,1,0,1
Il17c,0,0,1,3,2,4
Il17d,243,354,233,177,192,178
Il17f,0,0,0,0,1,0
Il17ra,442,464,425,180,135,175
Il17rb,32,29,37,30,32,32
Il17rc,75,69,63,10,10,6
Il17rd,165,186,166,276,183,193
Il17re,20,11,17,0,1,0
Il18,251,257,235,66,56,58
Il18bp,60,61,60,136,122,145
Il18r1,7,0,3,1,0,0
Il18rap,4,0,6,2,4,5
Il19,0,0,0,0,2,0
Il1a,10,8,5,11,10,13
Il1b,14,4,7,0,0,0
Il1f10,0,0,0,0,0,0
Il1f5,2,2,4,0,0,0
Il1f6,0,0,0,0,0,0
Il1f8,0,0,1,0,0,0
Il1f9,0,0,0,0,0,1
Il1r1,151,76,128,15,9,17
Il1r2,8,4,7,1,1,1
Il1rap,742,757,705,127,131,181
Il1rapl1,538,353,386,107,83,144
Il1rapl2,91,77,80,42,42,44
Il1rl1,4,2,13,3,2,2
Il1rl2,7,7,13,7,8,11
Il1rn,0,0,0,0,0,0
Il2,76,85,92,85,90,100
Il20,0,0,0,0,0,1
Il20ra,13,10,11,1,0,1
Il20rb,13,6,12,25,18,12
Il21,3,0,5,0,0,0
Il21r,33,28,37,2,0,2
Il22,1,4,4,1,0,0
Il22ra1,0,3,1,1,2,2
Il22ra2,0,0,0,0,0,0
Il23a,1,6,0,0,1,1
Il23r,1,0,2,0,0,1
Il24,0,0,0,0,0,0
Il25,6,2,4,0,0,0
Il27,0,0,0,1,0,0
Il27ra,9,4,10,3,9,4
Il28a,0,1,0,0,0,0
Il28b,0,0,0,0,0,0
Il28ra,6,9,10,16,10,14
Il2ra,8,1,7,1,0,0
Il2rb,14,7,19,0,0,2
Il2rg,13,15,21,34,20,33
Il3,0,1,0,0,0,0
Il31,0,0,0,0,0,0
Il31ra,3,7,5,8,6,7
Il33,909,506,726,0,1,1
Il34,923,1091,970,22,28,17
Il3ra,27,29,17,17,26,24
Il4,0,2,4,9,3,6
Il4i1,41,44,50,99,96,82
Il4ra,166,171,157,40,49,39
Il5,5,4,2,0,1,2
Il5ra,1,2,0,0,0,1
Il6,0,0,2,0,1,0
Il6ra,91,100,90,13,12,11
Il6st,1985,2182,1944,718,630,704
Il7,0,1,1,1,0,0
Il7r,12,12,16,0,0,1
Il8ra,0,0,0,0,0,1
Il9,0,0,0,0,0,0
Il9r,0,0,4,1,0,2
Ildr1,13,22,9,2,1,1
Ildr2,4459,3766,3664,484,474,440
Ilf2,1181,1366,1286,4545,4487,4105
Ilf3,1873,2101,2041,6728,5968,5948
Ilk,26,21,19,36,43,18
Ilkap,617,694,788,1238,1243,1182
Ilvbl,322,433,365,336,379,344
Immp1l,117,100,129,136,127,154
Immp2l,54,42,55,6,5,16
Immt,2418,2633,2557,2231,2226,2171
Imp3,443,522,471,537,561,544
Imp4,351,396,384,581,548,504
Impa1,1175,1178,1238,1039,885,969
Impa2,68,109,66,38,37,37
Impact,2317,2456,2040,381,300,378
Impad1,3494,3034,2910,3260,2498,3736
Impdh1,1026,1383,1140,1171,1223,1020
Impdh2,338,425,372,881,769,666
Impg1,32,16,31,0,1,0
Impg2,24,21,16,30,30,31
Ina,5324,5814,5834,10279,9653,9740
Inadl,602,602,442,310,241,225
Inca1,45,41,34,10,5,5
Incenp,438,492,482,1003,812,757
Inf2,3786,5250,4873,469,416,426
Ing1,607,732,606,1393,1274,1104
Ing2,606,556,549,185,192,168
Ing3,345,329,271,452,400,412
Ing4,637,717,721,2304,2264,1949
Ing5,360,368,351,385,349,365
Inha,456,590,551,577,591,611
Inhba,119,92,193,286,291,237
Inhbb,179,263,151,710,574,556
Inhbc,2,1,3,0,2,0
Inhbe,1,4,2,1,0,1
Inmt,11,15,13,0,0,0
Ino80,761,771,851,1112,923,974
Ino80b,287,300,235,390,363,310
Ino80c,489,432,428,353,328,424
Ino80d,1166,984,1033,1685,1324,1806
Ino80e,482,544,491,646,705,601
Inpp1,428,415,372,283,273,307
Inpp4a,4566,4458,4557,2463,2313,2497
Inpp4b,234,226,175,48,27,55
Inpp5a,1238,1280,1135,315,313,311
Inpp5b,761,757,808,693,698,688
Inpp5d,342,322,336,60,63,72
Inpp5e,490,532,601,691,590,617
Inpp5f,1046,1055,916,1924,1954,2344
Inpp5j,1596,1683,1776,116,130,128
Inpp5k,816,818,1078,1134,1150,1096
Inppl1,872,1153,970,843,641,680
Ins1,0,0,0,0,0,0
Ins2,1,6,3,0,0,0
Insc,41,117,60,8,1,5
Insig1,1647,2063,1646,1688,1711,1815
Insig2,804,879,1007,557,485,556
Insl3,1,1,1,1,1,1
Insl5,12,8,8,2,9,8
Insl6,3,3,4,3,3,1
Insm1,127,173,101,2258,1538,1733
Insm2,2,3,2,5,3,1
Insr,1478,1192,1556,3034,2379,2811
Insrr,6,7,10,14,15,26
Ints1,2761,3264,2870,3712,3146,3398
Ints10,1264,1222,1349,1948,1994,2053
Ints12,206,217,214,316,258,311
Ints2,519,432,485,1204,880,1314
Ints3,1560,1643,1696,2145,2171,1993
Ints4,544,644,595,977,901,906
Ints5,440,496,440,836,793,740
Ints6,411,423,396,454,346,447
Ints7,822,892,908,1506,1292,1434
Ints8,564,513,408,746,620,814
Ints9,248,306,291,556,465,457
Intu,263,208,272,345,264,376
Invs,344,331,373,352,355,404
Ip6k1,5210,5328,5549,4828,4516,4372
Ip6k2,2052,2000,1961,3945,3760,3653
Ip6k3,16,13,7,0,0,0
Ipcef1,2340,1945,2607,157,184,201
Ipmk,971,1031,867,1211,973,1147
Ipo11,1332,1162,1084,1017,863,1012
Ipo13,1837,2390,2121,2004,1840,1766
Ipo4,1656,1783,1749,2204,2011,2034
Ipo5,2907,2523,3111,5069,4818,4958
Ipo7,2452,2296,2282,2882,2679,3435
Ipo8,1510,1402,1499,1318,1062,1447
Ipo9,3904,4025,4566,5826,5360,5439
Ipp,238,263,290,327,296,317
Ippk,372,374,353,242,221,237
Iqca,22,20,17,2,1,0
Iqcb1,488,418,378,508,522,494
Iqcc,243,236,251,296,319,315
Iqcd,57,57,55,30,30,21
Iqce,679,792,778,879,835,785
Iqcf1,0,0,0,0,0,0
Iqcf3,0,0,0,0,0,0
Iqcf4,0,0,0,0,0,0
Iqcf5,0,2,3,0,1,0
Iqcg,124,104,87,43,35,26
Iqch,6,5,6,0,3,3
Iqcj,27,20,16,24,29,25
Iqck,404,388,386,62,41,51
Iqgap1,468,491,486,1016,895,900
Iqgap2,1007,721,1049,452,291,380
Iqgap3,15,13,6,369,230,238
Iqsec1,5590,6294,5896,1599,1290,1455
Iqsec2,4795,4991,4931,856,870,836
Iqsec3,4871,5243,5334,1081,973,1041
Iqub,53,46,33,11,10,7
Irak1,878,831,851,719,570,684
Irak1bp1,381,360,306,368,389,407
Irak2,359,300,379,38,26,24
Irak3,32,21,33,1,3,7
Irak4,60,52,71,30,28,47
Ireb2,921,851,856,2374,1664,2659
Irf1,87,138,148,29,20,19
Irf2,620,573,628,229,175,182
Irf2bp1,1093,1251,930,1502,1435,1278
Irf2bp2,610,621,447,510,499,500
Irf3,449,436,425,556,478,449
Irf4,13,8,17,13,14,17
Irf5,71,91,68,7,8,7
Irf6,23,17,29,8,5,15
Irf7,37,65,56,21,27,30
Irf8,136,129,187,34,32,36
Irf9,222,247,252,406,427,409
Irg1,0,1,1,0,0,0
Irgc1,5,2,3,0,1,0
Irgm1,147,136,154,15,8,15
Irgm2,76,82,95,6,18,12
Irgq,2925,3721,2787,4274,4204,4211
Irs1,366,403,289,873,583,745
Irs2,980,1317,851,798,578,680
Irs3,8,5,3,1,1,0
Irs4,68,165,39,28,32,33
Irx1,23,38,28,11,13,10
Irx2,35,28,29,2,4,8
Irx3,18,30,13,11,10,6
Irx4,0,0,0,0,0,0
Irx5,12,8,5,0,2,1
Irx6,13,10,5,0,0,0
Isca1,3877,3774,4100,1511,1487,1480
Isca2,363,301,323,289,245,241
Iscu,741,809,813,300,250,259
Isg15,32,28,41,17,18,8
Isg20,13,11,18,16,9,8
Isg20l2,228,258,266,858,648,753
Isl1,51,85,62,303,148,259
Isl2,1,0,0,0,1,0
Islr,253,234,233,47,34,42
Islr2,1789,2287,1635,20591,18292,17694
Ism1,236,215,259,15,16,30
Ism2,2,5,4,9,9,6
Isoc1,271,351,250,522,410,537
Isoc2b,112,111,98,9,14,15
Ispd,122,129,107,61,60,77
Isx,3,2,1,0,0,0
Isy1,309,345,388,562,554,432
Isyna1,758,919,726,1012,1003,858
Itch,1416,1262,1238,1273,1036,1344
Itfg1,4559,3960,3855,2444,2531,3271
Itfg2,480,504,488,706,672,651
Itfg3,334,386,334,366,368,374
Itga1,92,101,85,117,111,125
Itga10,73,73,67,51,85,71
Itga11,50,42,72,26,26,17
Itga2,4,3,3,28,16,16
Itga2b,54,48,47,54,50,49
Itga3,589,679,504,406,367,398
Itga4,526,337,393,192,151,210
Itga5,99,124,126,130,110,111
Itga6,534,714,491,944,728,830
Itga7,329,387,377,42,36,23
Itga8,121,115,145,51,52,80
Itga9,254,268,278,95,85,93
Itgad,12,4,8,2,2,1
Itgae,9,3,4,17,12,13
Itgal,32,15,17,10,8,3
Itgam,448,625,472,39,35,25
Itgav,2613,1910,2242,376,201,376
Itgax,13,7,11,2,3,0
Itgb1,1564,1749,1419,2672,2456,2452
Itgb1bp1,354,383,350,248,294,247
Itgb1bp2,12,6,11,60,41,64
Itgb1bp3,4,1,1,5,0,0
Itgb2,167,125,150,8,6,4
Itgb2l,1,2,0,0,2,0
Itgb3,97,150,126,42,41,41
Itgb3bp,50,67,45,43,30,58
Itgb4,275,490,285,60,39,33
Itgb5,1002,1051,999,338,311,255
Itgb6,1,0,5,1,3,0
Itgb7,26,19,17,7,8,6
Itgb8,1679,1373,1420,883,440,920
Itgbl1,329,231,203,107,101,133
Itih1,0,0,0,0,0,0
Itih2,92,49,51,1,0,0
Itih3,674,846,646,4,11,15
Itih4,3,0,3,2,3,0
Itih5,1466,1008,1087,88,51,62
Itih5l,0,0,0,0,0,0
Itk,18,6,11,0,1,1
Itln1,0,0,0,0,0,0
Itm2a,675,848,531,346,286,354
Itm2b,14141,14274,13895,4551,4087,4187
Itm2c,16183,18953,16872,1306,1204,982
Itpa,377,349,326,307,332,371
Itpa-ps1,501,489,405,517,505,431
Itpa-ps3,0,0,0,0,0,0
Itpk1,1716,1621,1639,1765,1647,1557
Itpka,2965,3300,3089,16,33,31
Itpkb,1189,1397,1059,389,308,350
Itpkc,231,228,236,395,346,356
Itpr1,19066,16540,22029,3500,3173,3464
Itpr2,720,738,795,138,109,145
Itpr3,170,139,203,78,81,67
Itprip,32,23,21,184,129,126
Itpripl1,75,58,61,248,248,209
Itpripl2,20,23,24,8,11,4
Itsn1,5097,5480,5037,11818,10163,10375
Itsn2,1262,1250,1326,737,730,780
Ivd,1693,1410,1680,1126,965,952
Ivl,0,0,0,0,0,0
Ivns1abp,3311,3340,3727,9453,9130,10774
Iws1,682,618,652,1447,1287,1473
Iyd,14,27,14,6,11,10
Izumo1,3,0,1,4,4,4
Jag1,195,162,195,418,319,342
Jag2,790,1073,855,1137,1073,1049
Jagn1,417,575,443,423,397,405
Jak1,3847,3638,3651,1910,1802,2065
Jak2,1189,1053,992,2295,2026,2452
Jak3,182,161,150,115,101,89
Jakmip1,2728,3121,2840,2423,2436,2105
Jakmip2,1517,1484,1482,2239,2063,2143
Jakmip3,254,338,310,128,112,118
Jam2,1008,1028,916,489,355,454
Jam3,660,685,675,427,372,419
Jarid2,829,944,899,2131,1866,1871
Jazf1,461,504,425,603,694,733
Jdp2,1103,959,1133,93,84,71
Jhdm1d,1639,1400,1546,790,598,701
Jkamp,791,810,736,829,712,763
Jmjd1c,2105,1878,2047,3667,3136,3728
Jmjd4,769,717,721,622,585,674
Jmjd5,86,82,102,102,75,90
Jmjd6,489,727,546,1123,1023,968
Jmjd8,668,809,802,1036,1053,943
Jmy,1132,1066,995,1402,1153,1448
Josd1,1509,1602,1757,1070,940,934
Josd2,1236,1755,1326,576,568,497
Jph1,479,382,461,75,88,64
Jph2,36,30,15,12,14,9
Jph3,6712,7620,6750,1852,2151,1958
Jph4,8662,10600,7692,7660,7722,7116
Jrk,217,235,269,304,301,282
Jsrp1,117,93,109,5,3,3
Jtb,498,506,433,522,539,495
Jub,37,48,45,161,122,100
Jun,1470,1839,1224,1080,849,924
Junb,661,1789,411,35,54,42
Jund,1974,2726,1705,1716,1389,1218
Jup,1150,1343,1084,1142,1151,1167
K230010J24Rik,20,19,13,15,9,19
Kalrn,15738,13805,16966,5719,3936,5329
Kank1,665,920,667,154,144,134
Kank2,339,373,334,146,113,113
Kank3,545,514,544,526,494,367
Kank4,174,181,160,40,28,28
Kap,0,0,0,0,0,0
Kars,1348,1410,1556,2474,2412,2246
Kat2a,1429,1530,1462,1407,1470,1354
Kat2b,412,410,386,379,225,301
Kat5,791,920,800,1000,997,901
Katna1,164,204,165,386,384,346
Katnal1,1937,1910,1837,1230,1119,1149
Katnal2,127,123,133,96,99,99
Katnb1,912,998,934,1081,1012,931
Kazald1,82,80,89,18,13,12
Kbtbd10,8,14,12,6,7,13
Kbtbd11,3877,3794,4198,1265,1158,1174
Kbtbd13,3,1,0,5,3,4
Kbtbd2,1272,1217,1337,1432,1193,1461
Kbtbd3,134,138,132,67,60,102
Kbtbd4,599,618,655,822,769,801
Kbtbd5,201,115,201,12,11,10
Kbtbd7,1131,1007,966,1056,794,1177
Kbtbd8,227,170,178,161,145,232
Kcmf1,1184,1196,1101,1110,1072,1137
Kcna1,6173,5313,6118,452,392,454
Kcna10,2,1,0,1,1,0
Kcna2,1675,1618,1659,104,90,106
Kcna3,197,193,168,292,134,257
Kcna4,831,643,671,107,119,130
Kcna5,142,115,160,22,19,30
Kcna6,2522,3049,2476,1002,1087,1004
Kcna7,0,1,0,0,1,0
Kcnab1,2786,2471,2572,179,195,215
Kcnab2,10924,10018,10964,417,519,472
Kcnab3,1283,1229,1374,167,202,190
Kcnb1,2478,2566,2653,443,297,388
Kcnc1,5017,5451,5003,2067,1999,1800
Kcnc2,2885,2595,2538,376,332,442
Kcnc3,4091,3840,3836,670,676,614
Kcnc4,1742,2145,1856,155,204,157
Kcnd1,291,311,309,212,217,185
Kcnd2,2353,2200,2151,677,596,814
Kcnd3,2266,1949,1881,1637,1365,1755
Kcne1,0,0,1,2,0,3
Kcne1l,0,0,0,0,0,0
Kcne2,94,100,88,4,5,2
Kcne3,3,4,3,4,0,1
Kcne4,40,40,26,18,12,12
Kcnf1,1030,1242,1018,82,105,94
Kcng1,689,1059,682,728,673,620
Kcng2,95,77,75,6,6,14
Kcng3,103,91,96,31,31,37
Kcng4,203,285,265,1,1,0
Kcnh1,2159,2377,2513,156,134,140
Kcnh2,809,1082,816,465,428,438
Kcnh3,3034,3487,3258,383,469,427
Kcnh4,315,367,467,406,366,306
Kcnh5,480,349,396,119,80,110
Kcnh6,98,63,54,48,39,50
Kcnh7,2586,2020,2031,1191,871,1433
Kcnh8,14,15,8,115,73,96
Kcnip1,514,495,498,529,463,538
Kcnip2,2110,2169,2680,301,380,346
Kcnip3,2294,2531,2344,668,744,578
Kcnip4,1271,1073,980,107,108,146
Kcnj1,0,0,0,0,0,0
Kcnj10,6013,7042,5470,403,337,347
Kcnj11,397,409,444,298,219,254
Kcnj12,311,425,305,51,64,46
Kcnj13,83,89,87,3,4,7
Kcnj14,59,46,54,23,22,16
Kcnj15,0,2,1,8,6,3
Kcnj16,558,678,531,11,13,17
Kcnj2,732,516,661,301,438,467
Kcnj3,3454,2850,3090,611,610,744
Kcnj4,2632,2846,2781,49,85,73
Kcnj5,38,48,32,37,16,33
Kcnj6,822,693,827,75,62,65
Kcnj8,84,113,69,165,170,138
Kcnj9,3212,3805,3561,110,157,122
Kcnk1,2237,1977,2161,231,253,241
Kcnk10,88,106,85,649,565,530
Kcnk12,214,254,192,34,46,42
Kcnk13,140,201,158,15,16,10
Kcnk15,3,3,2,1,0,3
Kcnk18,1,1,0,0,1,2
Kcnk2,1447,1645,1390,1028,1059,1174
Kcnk3,592,720,500,172,200,190
Kcnk4,228,221,214,13,12,10
Kcnk5,21,36,14,39,29,23
Kcnk6,108,66,80,18,9,14
Kcnk7,1,2,1,3,1,4
Kcnk9,432,435,393,74,74,82
Kcnma1,2241,1853,1934,461,385,536
Kcnmb1,27,34,22,7,6,3
Kcnmb2,75,52,61,66,81,85
Kcnmb4,348,392,380,183,194,186
Kcnn1,412,456,462,334,266,255
Kcnn2,865,863,841,619,429,537
Kcnn3,222,254,187,256,122,187
Kcnn4,3,12,8,1,3,0
Kcnq1,9,19,14,16,9,16
Kcnq2,10464,10279,12173,7658,7092,7188
Kcnq3,852,678,760,574,368,586
Kcnq4,157,167,167,346,401,378
Kcnq5,2418,2105,2330,663,614,785
Kcnrg,28,16,35,80,86,82
Kcns1,272,338,347,35,44,32
Kcns2,604,524,610,59,58,73
Kcns3,135,144,140,19,37,41
Kcnt1,2838,2857,3675,679,604,637
Kcnt2,603,541,515,135,113,180
Kcnu1,53,53,82,89,98,100
Kcnv1,1657,1475,1520,354,368,425
Kcnv2,1,1,2,1,2,4
Kcp,42,62,40,638,705,670
Kctd1,1205,1133,1245,380,342,327
Kctd10,791,902,815,1062,975,899
Kctd11,39,55,46,18,14,15
Kctd12b,94,130,69,71,38,57
Kctd13,2234,2573,2372,1767,1685,1580
Kctd14,39,56,36,33,17,24
Kctd15,293,422,326,2483,2261,1963
Kctd16,272,244,242,12,9,12
Kctd17,2805,3391,3075,1868,1928,1538
Kctd18,245,250,298,587,593,626
Kctd19,2,0,0,0,2,2
Kctd2,1109,1421,1328,983,976,942
Kctd20,1428,1684,1502,3239,3086,2940
Kctd21,298,315,333,159,144,153
Kctd3,2176,2334,2174,2091,2215,2111
Kctd4,544,473,398,268,308,374
Kctd5,455,480,427,1334,1158,1154
Kctd6,531,474,462,215,268,254
Kctd7,324,309,325,361,341,356
Kctd8,248,201,268,75,77,59
Kctd9,273,339,298,221,188,205
Kdelc1,216,199,171,356,311,370
Kdelc2,198,150,140,57,51,54
Kdelr1,797,898,837,923,891,811
Kdelr2,389,405,342,506,483,517
Kdelr3,4,9,4,6,7,8
Kdm1a,1327,1412,1320,5097,4782,5034
Kdm1b,251,268,222,987,838,998
Kdm2a,2122,2200,2113,2797,2530,2547
Kdm2b,585,671,535,4438,4104,4339
Kdm3a,974,935,1084,2005,1412,1636
Kdm3b,1607,1645,1588,3169,2513,2927
Kdm4a,1563,1523,1512,5486,4992,4841
Kdm4b,1603,1841,1801,3402,2964,3032
Kdm4c,649,589,570,806,653,826
Kdm4d,25,32,34,9,18,5
Kdm5a,1210,1160,1207,2101,1668,2046
Kdm5b,1671,1607,1590,5867,5159,5526
Kdm5c,1939,2362,2027,3780,3226,3288
Kdm5d,1,0,0,5,0,0
Kdm6a,846,816,818,1198,967,1261
Kdm6b,701,1047,640,4510,3627,3605
Kdr,336,437,453,776,590,646
Kdsr,515,478,469,294,271,313
Keap1,1196,1244,1143,887,905,836
Keg1,1,0,0,0,0,0
Kel,2,2,0,0,0,0
Kera,0,0,1,0,1,1
Khdc1a,0,1,3,3,1,0
Khdc1b,2,2,1,1,0,0
Khdc1c,0,2,3,3,4,3
Khdrbs1,2540,2227,2021,6045,5633,6568
Khdrbs2,125,113,138,451,385,424
Khdrbs3,2920,3331,3321,4072,4510,4273
Khk,150,188,161,31,33,26
Khnyn,440,431,438,500,437,453
Khsrp,2006,2168,1763,3297,2828,2611
Kidins220,9987,9967,10229,22712,20982,22809
Kif11,59,56,45,1311,755,943
Kif12,0,0,0,0,0,0
Kif13a,919,964,824,878,781,935
Kif13b,839,923,901,669,550,562
Kif14,10,12,12,261,151,205
Kif15,24,27,20,587,365,450
Kif16b,498,459,415,218,170,216
Kif17,800,893,953,54,46,40
Kif18a,22,14,11,188,97,145
Kif18b,2,10,4,284,182,193
Kif19a,91,167,85,15,19,17
Kif1a,21340,23858,20948,13776,12145,12669
Kif1b,23669,23100,22603,18990,16386,18637
Kif1c,3469,3807,3475,799,726,644
Kif20a,32,30,37,410,239,299
Kif20b,21,23,16,331,303,305
Kif21a,6025,5747,5460,5140,3885,4558
Kif21b,2174,3038,2308,24584,19196,19853
Kif22,63,76,89,475,367,340
Kif22-ps,4,1,0,13,16,10
Kif23,24,18,19,449,326,369
Kif24,32,28,40,165,101,134
Kif26a,186,295,223,4176,3318,3589
Kif26b,226,288,219,1501,1315,1537
Kif27,145,109,108,102,99,101
Kif2a,2061,1980,1783,3098,2792,3764
Kif2b,0,0,0,0,0,0
Kif2c,4,10,4,374,257,241
Kif3a,4555,4576,4565,5082,4973,5083
Kif3b,2142,2241,2229,2431,2604,2633
Kif3c,6412,7385,6205,7548,6828,6471
Kif4,21,29,18,550,362,407
Kif5a,72205,86257,78553,10468,10842,9871
Kif5b,5706,5789,4743,3400,2307,3343
Kif5c,28037,28365,24798,17601,16606,17939
Kif6,64,57,56,36,24,26
Kif7,51,55,49,227,199,183
Kif9,126,161,142,69,42,52
Kifap3,6960,6538,6181,5127,5477,6340
Kifc1,81,74,90,382,323,303
Kifc2,12063,11807,11353,1020,1122,956
Kifc3,1228,1418,1177,718,817,717
Kin,245,242,217,534,510,474
Kir3dl1,1,0,1,0,0,0
Kir3dl2,3,4,1,5,2,1
Kirrel,188,239,230,845,567,702
Kirrel2,458,196,391,3,2,2
Kirrel3,1129,1303,1249,2171,1934,1765
Kis2,0,0,0,0,0,0
Kiss1r,144,159,122,69,45,71
Kit,1176,1100,1107,1242,1091,1308
Kitl,1643,1025,1150,1928,1574,2522
Kl,842,629,609,10,9,6
Klb,10,7,10,7,7,15
Klc1,17246,19916,17450,11681,11530,10047
Klc2,5805,6547,5682,1976,2092,1750
Klc3,22,36,21,14,8,12
Klc4,536,674,503,841,712,601
Klf1,8,3,1,1,2,2
Klf10,509,774,514,169,149,181
Klf11,176,162,193,607,583,647
Klf12,832,708,664,1293,818,1369
Klf13,656,680,482,170,127,163
Klf14,7,7,14,2,1,2
Klf15,683,403,501,160,111,126
Klf16,932,1193,844,484,451,406
Klf17,0,0,0,1,0,1
Klf2,212,263,115,52,68,94
Klf3,407,351,348,434,316,396
Klf4,138,199,98,51,66,67
Klf5,148,155,141,41,60,82
Klf6,1240,952,958,1162,1278,1373
Klf7,1274,1297,1288,3941,3596,4163
Klf8,135,98,86,479,454,589
Klf9,4165,3182,3665,51,80,106
Klhdc1,382,399,391,155,177,184
Klhdc10,2563,2874,2638,5537,5183,5144
Klhdc2,2461,2426,2434,3324,3045,3346
Klhdc3,3368,3854,3921,3137,3141,2558
Klhdc4,414,455,494,750,773,623
Klhdc5,691,775,746,606,483,617
Klhdc6,10,2,3,1,0,1
Klhdc7a,531,411,518,2,0,3
Klhdc8a,425,615,457,171,169,140
Klhdc8b,512,698,452,670,614,532
Klhdc9,91,101,126,37,38,41
Klhl1,108,125,111,75,79,97
Klhl10,798,670,709,395,348,438
Klhl11,1161,1069,923,755,537,724
Klhl12,903,841,1018,921,888,982
Klhl13,902,968,977,1032,785,1064
Klhl14,70,47,45,57,91,85
Klhl15,486,379,390,212,173,246
Klhl17,827,1001,1063,1487,1417,1302
Klhl18,815,1034,850,1028,1172,978
Klhl2,5231,5397,6035,1857,1829,1873
Klhl20,543,541,538,881,763,820
Klhl21,542,618,502,132,122,121
Klhl22,1640,1755,1758,1569,1575,1428
Klhl23,1696,1696,1874,2842,3168,3463
Klhl24,2081,1804,1879,3548,2852,3744
Klhl25,229,240,275,1252,1102,1065
Klhl26,1162,1316,1281,591,589,514
Klhl28,230,236,231,396,203,436
Klhl29,1417,1411,1403,2329,2058,2296
Klhl3,777,886,933,312,382,344
Klhl30,4,5,3,1,1,2
Klhl31,6,2,6,0,2,1
Klhl32,434,393,372,440,391,407
Klhl34,1292,1308,1583,336,295,292
Klhl35,39,29,29,109,76,87
Klhl36,155,209,190,256,192,179
Klhl38,17,7,25,0,0,1
Klhl4,296,319,299,98,104,153
Klhl5,1109,1353,1210,1933,1681,1709
Klhl6,40,56,43,50,32,36
Klhl7,1712,1652,1705,4180,3239,3954
Klhl8,654,854,780,1333,1527,1254
Klhl9,2531,2276,2056,2604,2056,3077
Klk1,1,3,4,4,1,0
Klk10,3,7,3,3,2,1
Klk11,0,0,0,2,1,3
Klk12,0,3,0,3,4,3
Klk13,0,0,0,2,2,2
Klk14,0,1,2,4,3,1
Klk15,0,0,0,0,0,0
Klk1b1,0,0,0,0,0,0
Klk1b11,0,0,0,0,0,0
Klk1b16,0,1,0,0,0,0
Klk1b21,0,0,0,0,0,0
Klk1b22,0,0,0,0,0,0
Klk1b24,0,0,0,1,0,0
Klk1b26,0,0,0,0,0,0
Klk1b27,0,0,0,0,0,0
Klk1b3,2,0,0,0,0,0
Klk1b4,0,0,0,0,0,0
Klk1b5,0,1,0,0,0,1
Klk1b7-ps,0,0,0,0,0,0
Klk1b8,0,0,0,0,0,0
Klk1b9,0,0,0,0,0,0
Klk4,0,0,0,0,0,0
Klk5,1,0,0,0,0,0
Klk6,63,82,66,0,0,0
Klk7,1,0,1,3,0,5
Klk8,47,45,41,30,48,29
Klk9,1,1,3,7,8,2
Klkb1,2,1,2,1,1,3
Klra1,0,0,0,0,0,0
Klra10,0,0,0,0,0,0
Klra12,0,0,0,0,0,0
Klra13,0,0,0,0,0,0
Klra17,0,0,0,0,0,0
Klra2,4,3,3,3,2,5
Klra3,0,0,0,0,0,0
Klra4,0,0,0,0,0,0
Klra5,0,0,0,0,0,0
Klra6,0,0,0,0,0,0
Klra7,0,0,0,0,0,0
Klra8,0,0,0,0,0,0
Klra9,0,0,0,0,0,0
Klraq1,1478,1598,1538,1351,1379,1269
Klrb1-ps1,0,0,0,0,0,0
Klrb1a,0,1,1,0,0,0
Klrb1b,1,0,0,0,1,0
Klrb1c,0,1,1,1,0,0
Klrb1f,2,0,1,5,2,4
Klrc1,0,0,0,0,0,0
Klrc2,0,0,0,0,0,0
Klrc3,0,0,0,0,0,0
Klrd1,0,1,0,0,0,0
Klre1,0,0,0,0,0,0
Klrg1,2,4,5,7,6,4
Klrg2,10,11,10,3,4,3
Klri1,1,0,2,0,1,0
Klri2,2,1,1,0,0,0
Klrk1,1,0,2,2,1,6
Kmo,5,12,8,2,3,2
Kncn,2,4,3,1,1,1
Kndc1,3869,3364,3222,620,557,551
Kng1,0,0,0,0,0,0
Kng2,0,0,0,0,0,0
Kntc1,10,14,11,385,227,333
Kpna1,3609,3190,3012,2186,2027,2670
Kpna2,327,361,329,1073,882,904
Kpna3,2299,1914,1737,2177,1885,2563
Kpna4,2333,1898,1929,2428,2013,2655
Kpna6,2579,2356,2165,1593,1569,1697
Kpna7,0,2,1,0,0,0
Kpnb1,4869,5125,4855,7838,6693,7097
Kprp,0,0,0,0,0,0
Kptn,360,429,393,404,414,367
Kras,2462,2137,2133,2866,2288,2989
Krba1,1040,1015,1112,1392,1259,1254
Krcc1,224,226,193,166,118,142
Kremen1,555,546,635,277,194,207
Kremen2,27,23,24,11,8,6
Kri1,779,824,823,1011,1117,870
Krit1,776,787,745,900,757,966
Krr1,923,773,880,862,767,1028
Krt1,72,74,56,110,125,109
Krt10,169,174,222,165,151,153
Krt12,162,189,169,2,11,8
Krt13,0,2,0,0,0,1
Krt14,0,1,0,0,2,1
Krt15,5,8,3,1,0,0
Krt16,0,0,0,0,0,0
Krt17,3,3,3,3,2,0
Krt18,31,41,44,4,2,2
Krt19,1,2,3,1,1,0
Krt2,47,44,38,1,2,3
Krt20,93,56,78,5,2,5
Krt222,1107,896,998,62,71,70
Krt23,7,1,7,0,1,0
Krt24,0,0,0,1,1,2
Krt25,7,7,6,0,0,0
Krt26,4,7,9,0,1,0
Krt27,2,0,2,0,0,0
Krt28,7,6,4,0,0,3
Krt31,2,0,0,0,0,0
Krt32,1,0,0,0,0,0
Krt33a,0,0,0,0,0,1
Krt33b,1,0,0,0,0,0
Krt34,0,0,0,0,0,0
Krt35,3,0,0,0,0,0
Krt36,0,0,0,0,0,0
Krt39,0,0,0,0,0,0
Krt4,0,0,0,0,0,0
Krt40,0,0,2,0,0,0
Krt42,0,0,0,0,0,0
Krt5,2,3,2,1,0,0
Krt6a,2,0,0,0,0,0
Krt6b,2,0,1,0,0,0
Krt7,4,2,10,0,4,0
Krt71,0,0,2,0,0,0
Krt72,0,0,0,0,0,0
Krt73,46,43,36,5,12,7
Krt74,0,0,1,0,0,0
Krt75,1,0,2,0,1,0
Krt76,0,0,0,0,0,0
Krt77,177,201,196,16,25,23
Krt78,1,0,1,0,0,0
Krt79,1,1,2,0,2,1
Krt8,23,18,13,0,0,2
Krt80,72,63,83,1,1,1
Krt81,0,0,0,0,0,0
Krt82,0,0,0,0,0,0
Krt83,2,3,3,0,0,1
Krt84,0,1,0,0,0,0
Krt86,0,0,1,0,1,0
Krt9,381,467,523,2,7,3
Krtap1-3,0,0,0,0,0,0
Krtap1-4,0,0,0,0,0,0
Krtap1-5,0,0,1,0,0,0
Krtap10-10,0,1,1,0,0,0
Krtap12-1,0,0,0,0,0,0
Krtap13,0,0,0,0,0,0
Krtap13-1,0,0,0,0,0,0
Krtap16-1,0,0,0,0,0,0
Krtap16-4,0,0,0,0,0,0
Krtap16-7,0,0,0,0,0,0
Krtap16-8,0,0,0,0,0,0
Krtap17-1,2,2,0,1,1,1
Krtap2-4,0,0,1,0,0,0
Krtap24-1,0,0,0,0,0,0
Krtap26-1,0,0,0,0,0,0
Krtap3-1,0,0,0,0,0,0
Krtap3-2,0,0,0,0,0,0
Krtap3-3,0,0,0,0,0,0
Krtap31-1,0,0,0,0,0,0
Krtap31-2,0,0,0,0,0,0
Krtap4-1,0,0,0,0,0,0
Krtap4-13,0,0,0,0,0,0
Krtap4-16,0,0,0,0,0,0
Krtap4-2,0,0,0,0,0,0
Krtap4-6,0,0,0,0,0,0
Krtap4-7,0,0,0,0,0,0
Krtap4-8,0,0,0,0,0,0
Krtap4-9,0,0,0,0,0,0
Krtap5-1,0,0,0,0,0,0
Krtap5-2,0,1,0,0,0,0
Krtap5-3,0,0,0,0,0,0
Krtap5-4,0,0,0,0,0,0
Krtap5-5,0,0,0,0,0,0
Krtap6-1,0,0,0,0,0,0
Krtap6-3,0,0,0,0,0,0
Krtap7-1,0,0,0,0,0,0
Krtap8-1,0,0,0,0,0,0
Krtap8-2,0,0,0,0,0,0
Krtap9-1,0,0,0,0,0,0
Krtap9-3,0,0,0,0,0,0
Krtap9-5,0,0,0,0,0,0
Krtcap2,320,363,322,479,467,429
Krtcap3,42,71,53,93,102,91
Krtdap,0,0,0,1,0,0
Ksr1,1700,1690,1799,821,744,781
Ksr2,978,907,832,527,394,401
Ktelc1,915,993,887,1024,946,996
Kti12,205,217,192,229,182,209
Ktn1,2333,2430,2186,2987,2779,3043
Ky,70,127,97,31,45,29
Kynu,0,4,0,1,0,1
L1Md-Gf21,1,2,0,0,0,2
L1Md-Gf251,0,1,0,0,1,0
L1cam,3038,4077,3354,10814,10536,10403
L1td1,2,3,1,0,0,1
L2hgdh,156,128,98,84,64,84
L3mbtl,241,273,276,103,124,126
L3mbtl2,856,971,910,619,652,648
L3mbtl3,516,463,438,898,897,913
L3mbtl4,6,9,3,24,29,31
Lace1,338,330,367,71,76,113
Lactb,364,423,426,281,277,284
Lactb2,353,279,277,71,62,84
Lad1,59,54,53,5,6,2
Lag3,134,111,116,50,44,45
Lage3,168,180,194,285,283,231
Lair1,130,105,143,12,12,17
Lalba,0,0,0,0,0,0
Lama1,132,100,120,320,229,271
Lama2,359,332,360,163,164,204
Lama3,100,141,119,40,43,50
Lama4,170,195,205,478,393,505
Lama5,345,388,337,337,195,220
Lamb1-1,775,735,754,1267,1138,1195
Lamb2,803,922,824,464,400,379
Lamb3,37,54,52,21,23,19
Lamc1,999,1114,939,1560,1203,1398
Lamc2,372,392,325,64,69,84
Lamc3,213,213,215,94,81,80
Lamp1,5813,6656,5923,3065,3168,3044
Lamp2,1505,1356,1436,738,573,706
Lamp3,113,93,95,89,94,82
Lamr1-ps1,0,0,0,0,0,0
Lancl1,3316,3030,3253,1725,1804,1848
Lancl2,1919,1947,1582,2026,1810,2295
Lancl3,162,137,139,392,330,520
Lao1,15,1,9,4,2,3
Lap3,815,1052,779,377,397,369
Laptm4a,3151,3060,3165,3667,3415,3483
Laptm4b,1133,1245,1217,101,114,116
Laptm5,546,678,672,127,125,95
Large,3449,3271,3748,1967,2090,2174
Larp1,2256,2332,2103,2324,2070,2130
Larp1b,325,316,274,106,113,110
Larp4,1005,991,867,1125,874,1246
Larp4b,1610,1522,1429,2160,1860,2175
Larp6,983,978,832,221,245,214
Larp7,328,311,290,505,501,499
Lars,980,982,1050,1931,1980,1814
Lars2,6011,5612,9469,4864,3269,2301
Las1l,1234,1378,1425,1874,1933,1997
Lasp1,3098,3872,3235,4121,3746,3610
Lass1,15,23,12,6,15,16
Lass2,934,1246,1008,964,865,889
Lass3,0,4,2,8,4,5
Lass4,447,531,547,574,580,563
Lass5,556,606,563,1009,1002,985
Lass6,1362,1310,1398,2576,2291,2802
Lat,10,7,11,20,15,8
Lat2,37,47,32,84,89,82
Lats1,532,538,468,1246,803,1300
Lats2,866,792,779,357,239,301
Lax1,11,12,6,3,5,3
Layn,47,56,44,25,20,32
Lbh,1047,1258,971,1726,1586,1395
Lbp,173,147,140,3,0,2
Lbr,218,184,200,443,247,386
Lbx1,0,1,1,0,0,0
Lbx2,6,4,4,2,1,2
Lbxcor1,6,7,9,20,10,19
Lca5,268,206,269,916,720,889
Lca5l,102,72,88,72,81,92
Lcat,438,573,425,20,11,27
Lce1a1,0,0,0,0,0,0
Lce1a2,0,0,0,0,0,0
Lce1b,0,0,0,0,0,0
Lce1c,0,0,0,0,0,0
Lce1d,0,0,0,0,0,0
Lce1e,0,0,0,0,0,0
Lce1f,0,0,0,0,0,0
Lce1g,0,0,0,0,0,0
Lce1h,0,0,0,0,0,0
Lce1i,0,0,0,0,2,0
Lce1l,0,0,0,0,0,0
Lce1m,0,0,0,0,0,0
Lce3a,0,0,0,0,0,0
Lce3b,0,0,0,0,0,0
Lce3c,0,0,0,0,0,0
Lce3f,0,0,0,0,0,0
Lce6a,0,0,0,0,0,0
Lck,20,31,32,92,127,88
Lclat1,874,839,787,414,408,431
Lcmt1,1033,1106,1073,976,1111,1011
Lcmt2,128,116,152,191,180,175
Lcn10,0,0,1,0,0,0
Lcn11,0,1,0,0,0,0
Lcn12,0,0,0,0,0,0
Lcn13,0,0,0,0,0,0
Lcn14,1,0,1,1,2,1
Lcn2,12,7,18,0,1,0
Lcn3,0,1,0,0,0,0
Lcn4,0,0,0,0,0,0
Lcn5,0,0,0,0,0,0
Lcn6,0,0,0,0,0,0
Lcn8,0,0,0,0,0,0
Lcn9,0,0,0,0,0,0
Lcor,330,273,200,658,403,618
Lcorl,497,404,374,935,687,1103
Lcp1,190,217,196,179,108,130
Lcp2,52,65,48,22,29,12
Lct,148,88,185,12,12,13
Lctl,0,3,5,0,1,1
Ldb1,1962,2301,2239,6030,5286,4850
Ldb2,915,962,915,1531,1623,1637
Ldb3,178,202,163,30,37,40
Ldha,4024,4469,4799,3137,3354,2878
Ldha-ps,1,0,0,1,2,0
Ldha-ps2,718,781,677,553,546,537
Ldhb,7266,8016,9721,3063,2735,2417
Ldhc,0,2,0,0,1,1
Ldhd,348,252,364,8,13,12
Ldlr,471,756,506,731,610,636
Ldlrad1,0,1,1,3,0,0
Ldlrad2,2,2,1,0,0,0
Ldlrad3,261,328,242,592,555,566
Ldlrap1,111,162,119,27,27,23
Ldoc1,19,32,25,18,38,23
Ldoc1l,313,381,275,486,420,416
Leap2,3,2,1,4,1,2
Lect1,24,40,30,2,5,7
Lect2,1,3,3,0,0,1
Lef1,248,283,176,91,77,71
Lefty1,33,32,43,5,3,0
Lefty2,14,30,13,26,48,46
Lekr1,69,52,65,78,65,87
Lelp1,0,0,1,0,0,0
Lemd1,38,16,32,168,154,136
Lemd2,657,859,726,1313,1287,1088
Lemd3,1308,1145,1034,952,689,1014
Lenep,0,0,1,0,1,1
Leng1,122,156,105,135,145,99
Leng8,4429,4381,6212,7798,7056,7138
Leng9,172,167,167,87,94,68
Leo1,625,884,701,1063,1069,882
Lep,1,0,0,1,0,0
Lepr,101,80,93,26,13,21
Lepre1,164,216,190,284,269,276
Leprel1,41,75,64,21,22,13
Leprel2,380,472,475,1005,915,920
Leprot,527,568,564,1113,1209,1047
Leprotl1,1553,1576,1504,1354,1372,1231
Letm1,2534,2791,2620,2434,2348,2167
Letm2,202,176,232,189,188,224
Letmd1,960,1073,1028,1040,1132,1098
Lfng,521,392,422,298,235,232
Lgals1,132,149,174,72,51,46
Lgals12,12,10,23,6,6,13
Lgals2,6,3,6,2,0,2
Lgals3,19,14,6,8,12,9
Lgals3bp,390,356,400,42,40,37
Lgals4,41,45,68,42,40,28
Lgals7,1,3,2,21,10,16
Lgals8,469,562,555,312,332,312
Lgals9,114,95,90,26,20,26
Lgi1,3162,2803,2935,459,516,542
Lgi2,2471,2766,2799,433,524,560
Lgi3,2799,3439,2845,19,20,29
Lgi4,686,813,623,8,1,7
Lgmn,1959,2612,2166,629,602,553
Lgr4,633,665,550,180,189,205
Lgr5,87,71,54,23,16,26
Lgr6,30,49,42,6,9,3
Lgsn,0,0,0,0,0,0
Lgtn,627,575,631,886,783,857
Lhb,20,16,7,0,1,1
Lhcgr,5,4,1,12,8,14
Lhfp,712,706,683,442,479,535
Lhfpl1,10,8,6,1,1,0
Lhfpl2,374,439,369,391,443,400
Lhfpl3,76,87,79,29,35,31
Lhfpl4,3911,4877,5009,4777,4615,3817
Lhpp,258,332,244,339,440,346
Lhx1,14,24,7,34,32,33
Lhx2,1266,1405,1257,3787,3318,3428
Lhx3,9,3,1,0,0,0
Lhx4,1,0,2,0,1,0
Lhx5,11,29,17,79,78,61
Lhx6,380,427,403,1898,1603,1817
Lhx8,33,51,39,201,42,130
Lhx9,137,115,98,148,128,127
Lias,612,507,657,592,566,598
Lif,10,12,16,0,0,1
Lifr,534,434,501,205,162,211
Lig1,210,278,223,1329,1052,911
Lig3,393,483,484,1406,1088,1256
Lig4,318,333,306,443,438,463
Lilrb3,20,14,18,13,3,13
Lilrb4,8,4,12,3,2,0
Lim2,0,0,0,0,0,0
Lima1,362,420,364,1527,1043,1198
Limch1,3163,3151,3183,5291,5030,5330
Limd1,222,260,244,427,299,304
Limd2,1439,1403,1313,1235,1241,1110
Lime1,16,16,18,25,15,25
Limk1,1263,1751,1281,2022,1823,1742
Limk2,2375,2519,2371,2702,2866,2562
Lims1,448,548,466,801,540,717
Lims2,248,302,171,19,31,30
Lin28,1,1,0,1,0,1
Lin28b,163,128,143,290,224,267
Lin37,282,316,313,228,287,229
Lin52,125,95,133,76,59,87
Lin54,345,286,295,322,233,297
Lin7a,376,353,293,126,90,115
Lin7b,1031,1250,1085,115,115,114
Lin7c,2140,1800,1853,5077,4315,5609
Lin9,107,75,61,262,221,268
Lingo1,6702,8600,6851,2558,2745,2647
Lingo2,546,558,467,246,266,336
Lingo3,880,951,1065,156,166,141
Lingo4,24,37,20,28,18,23
Lins2,188,182,191,467,497,505
Lipa,439,405,379,208,206,200
Lipc,4,4,4,0,0,0
Lipe,228,216,287,302,335,297
Lipf,0,0,0,0,0,0
Lipg,107,133,92,426,357,412
Liph,19,14,21,9,4,9
Lipi,0,1,1,0,0,0
Lipk,0,0,0,0,0,0
Lipm,3,3,4,0,0,0
Lipn,1,0,0,0,0,0
Lipt1,94,116,110,76,84,82
Lipt2,52,55,63,89,80,68
Litaf,314,468,380,293,248,241
Lix1,1125,965,1055,779,691,716
Lix1l,249,276,267,1267,1123,1022
Llgl1,1108,1705,1206,2897,2024,2188
Llgl2,44,30,27,16,3,5
Llph,627,688,808,754,739,608
Lman1,922,837,793,723,703,790
Lman1l,9,5,8,1,4,1
Lman2,671,704,556,495,450,470
Lman2l,902,1009,891,1125,1042,1024
Lmbr1,672,670,633,637,646,702
Lmbr1l,197,217,205,1161,1062,859
Lmbrd1,3382,3085,3242,820,824,909
Lmbrd2,1256,1034,958,656,459,770
Lmcd1,92,133,119,125,69,87
Lmf1,318,359,317,234,194,209
Lmf2,356,407,306,509,483,441
Lmln,490,496,516,441,395,364
Lmna,903,1153,809,271,257,212
Lmnb1,300,322,272,7484,6526,6083
Lmnb2,604,706,552,1658,1513,1379
Lmo1,166,211,130,615,621,585
Lmo2,352,401,412,248,261,240
Lmo3,3469,2913,2809,3672,4157,4407
Lmo4,3453,3544,3368,2335,2709,3064
Lmo7,2657,2053,2537,1353,1582,1615
Lmod1,41,72,70,27,25,16
Lmod2,1,2,0,0,0,0
Lmod3,4,3,2,5,4,7
Lmtk2,5470,5312,5273,2250,2000,2388
Lmtk3,5764,6249,4870,6961,6735,6374
Lmx1a,21,25,15,4,3,6
Lmx1b,15,22,5,1,0,1
Lnp,1218,1003,878,793,739,931
Lnpep,1436,959,967,714,420,855
Lnx1,438,499,437,77,77,80
Lnx2,186,215,141,770,627,687
Loh12cr1,611,554,505,279,306,250
Lonp1,1726,2071,2042,2197,2194,1774
Lonp2,1409,1380,1411,1412,1477,1403
Lonrf1,783,819,733,1210,1125,1243
Lonrf2,5230,5201,4617,4027,3903,4615
Lonrf3,222,156,151,44,17,40
Lor,125,170,128,67,69,55
Lox,9,3,2,0,1,1
Loxhd1,15,13,21,1,0,2
Loxl1,61,116,47,279,209,240
Loxl2,12,28,17,62,46,52
Loxl3,93,110,103,82,94,102
Loxl4,2,8,6,9,3,8
Lpar1,733,1210,691,211,164,155
Lpar2,24,24,27,423,403,417
Lpar3,4,9,8,3,7,6
Lpar4,45,34,22,78,38,60
Lpar5,11,5,10,5,3,2
Lpar6,74,64,66,53,28,57
Lpcat1,939,989,990,2373,2399,2228
Lpcat2,196,194,188,62,63,66
Lpcat2b,0,0,1,0,0,1
Lpcat3,342,367,368,405,381,361
Lpcat4,2091,2388,2115,361,385,311
Lpgat1,7632,7049,7431,3107,3007,3411
Lphn1,13935,16017,14652,14699,13402,12829
Lphn2,2391,2449,2493,10334,8682,9657
Lphn3,2470,2207,2252,2462,2113,2633
Lpin1,583,602,606,834,608,756
Lpin2,1847,1908,1888,1268,1146,1348
Lpin3,18,15,24,1,2,0
Lpl,520,453,411,404,446,452
Lpo,17,21,12,9,5,5
Lpp,55,53,39,76,40,68
Lpxn,26,14,21,10,8,2
Lrat,2,2,3,3,5,4
Lrba,980,909,1027,532,426,498
Lrch1,444,476,422,495,427,507
Lrch2,653,516,548,1770,1130,1919
Lrch3,777,815,770,1664,1319,1576
Lrch4,111,113,147,182,127,149
Lrdd,37,39,47,219,210,169
Lrfn1,825,1066,756,906,843,843
Lrfn2,427,542,476,292,402,334
Lrfn3,486,489,388,562,538,482
Lrfn4,793,1291,864,2145,2046,1893
Lrfn5,1765,1576,1589,1976,1898,2045
Lrg1,52,27,68,2,2,2
Lrguk,28,27,25,25,14,28
Lrig1,884,1153,952,557,475,485
Lrig2,787,831,782,1640,1499,1710
Lrig3,54,68,69,40,50,45
Lrit1,0,0,0,0,0,0
Lrit2,0,0,1,0,0,1
Lrmp,39,32,32,6,1,4
Lrp1,14586,17078,16287,18038,13583,15736
Lrp10,707,837,728,695,600,646
Lrp11,3542,3504,3432,1255,1124,1259
Lrp12,1317,1228,1376,1981,1649,1866
Lrp1b,1384,1347,1409,355,322,468
Lrp2,10,17,13,45,36,43
Lrp2bp,11,13,9,14,15,17
Lrp3,1905,2123,1740,3328,2980,3030
Lrp4,1563,1490,1727,882,689,714
Lrp5,365,366,375,769,574,555
Lrp6,1689,1685,1728,2584,2144,2488
Lrp8,2189,2271,2002,10623,8777,9850
Lrpap1,3988,4564,4364,2137,2093,1951
Lrpprc,1706,1718,1742,1692,1622,1836
Lrrc1,237,242,223,243,221,240
Lrrc10,0,1,2,1,0,1
Lrrc14,617,698,603,658,619,531
Lrrc14b,0,0,0,0,0,0
Lrrc15,1,1,0,3,4,8
Lrrc16a,623,742,613,1167,1133,1162
Lrrc16b,867,1139,978,4822,4287,4207
Lrrc17,50,18,18,1,2,0
Lrrc18,14,14,14,9,5,8
Lrrc19,2,2,1,0,1,1
Lrrc2,29,48,33,4,4,1
Lrrc20,505,522,554,754,831,830
Lrrc23,62,77,72,19,19,8
Lrrc24,211,231,176,54,58,50
Lrrc25,9,8,9,2,6,4
Lrrc26,32,48,38,11,11,6
Lrrc27,126,149,121,66,69,56
Lrrc28,319,322,313,350,313,332
Lrrc29,30,31,38,18,23,18
Lrrc3,347,412,317,525,591,621
Lrrc30,0,0,0,0,0,0
Lrrc31,0,0,1,0,0,0
Lrrc33,167,99,156,50,61,68
Lrrc34,8,3,5,1,1,3
Lrrc36,13,20,17,17,10,6
Lrrc37a,0,2,0,0,0,0
Lrrc38,43,54,50,1,0,1
Lrrc39,26,35,29,58,55,51
Lrrc3b,217,235,194,42,60,50
Lrrc4,2191,2307,2217,806,846,852
Lrrc40,1210,974,1116,1125,1167,1283
Lrrc41,492,503,424,599,558,559
Lrrc42,374,381,350,630,639,591
Lrrc43,13,19,13,3,3,2
Lrrc45,1074,1228,1332,2183,2181,1813
Lrrc46,17,20,10,19,26,18
Lrrc47,1372,2139,2328,2991,2600,2166
Lrrc48,256,276,346,65,58,68
Lrrc49,1456,1417,1539,1510,1603,1480
Lrrc4b,4151,5107,3461,5136,4879,4787
Lrrc4c,1107,739,734,266,298,331
Lrrc50,12,14,14,3,4,7
Lrrc51,101,102,87,51,60,57
Lrrc52,0,0,0,2,0,0
Lrrc55,403,394,399,377,385,442
Lrrc56,106,77,120,241,239,250
Lrrc57,468,484,487,261,265,311
Lrrc58,3658,2279,2890,2144,1534,2522
Lrrc59,2238,2622,2283,2958,2892,2659
Lrrc6,101,91,86,10,10,15
Lrrc61,558,546,529,601,533,487
Lrrc63,0,0,0,1,1,0
Lrrc66,1,0,1,1,1,1
Lrrc67,13,5,10,1,5,4
Lrrc68,3329,3903,3448,2309,2383,1952
Lrrc69,0,0,0,1,0,0
Lrrc7,1988,1694,1835,1155,772,1107
Lrrc8a,2139,1929,2143,2003,1925,1929
Lrrc8b,1224,1265,1218,988,648,1013
Lrrc8c,966,708,925,483,384,422
Lrrc8d,1113,1098,1122,1710,1640,1755
Lrrc8e,0,0,0,1,0,1
Lrrc9,64,33,43,119,100,156
Lrrcc1,401,358,371,477,346,540
Lrrfip1,1243,1419,1593,1014,1076,1009
Lrrfip2,982,923,1102,1026,972,908
Lrriq1,32,23,31,16,10,13
Lrriq3,13,12,9,5,8,3
Lrriq4,0,0,0,0,0,0
Lrrk1,116,127,111,51,49,42
Lrrk2,1441,1230,1605,81,85,116
Lrrn1,1473,1635,1284,1296,968,1224
Lrrn2,2723,2752,2289,1466,1640,1611
Lrrn3,1291,1071,1086,1901,2040,2595
Lrrn4,14,7,9,2,2,0
Lrrn4cl,32,20,19,13,21,25
Lrrtm1,1561,1636,1267,1216,1202,1140
Lrrtm2,495,538,459,318,218,354
Lrrtm3,1077,918,996,354,334,384
Lrrtm4,501,361,359,174,162,187
Lrsam1,752,872,700,606,545,581
Lrtm1,3,1,3,1,2,3
Lrtm2,1449,1659,1545,187,221,177
Lrwd1,230,293,295,755,671,644
Lsamp,8431,7470,6930,3016,3162,3767
Lsg1,316,364,335,716,674,610
Lsm1,254,301,251,387,393,406
Lsm10,118,125,106,232,261,223
Lsm11,922,1124,912,1556,1535,1564
Lsm12,690,688,596,903,920,856
Lsm14a,1439,1547,1463,1638,1402,1544
Lsm14b,2344,2770,2633,6516,6514,5941
Lsm2,109,123,127,374,334,323
Lsm3,238,240,244,482,497,452
Lsm4,629,885,760,1175,1113,914
Lsm6,604,579,579,917,947,934
Lsm7,283,375,311,466,507,488
Lsm8,315,260,302,646,591,600
Lsmd1,399,549,473,209,213,161
Lsp1,85,90,95,32,36,37
Lsr,219,234,237,209,232,218
Lss,737,919,806,2346,2185,2183
Lst1,21,35,37,22,20,24
Lta,2,1,3,6,2,0
Lta4h,560,595,525,694,694,689
Ltb,12,18,14,3,4,1
Ltb4r1,5,5,3,6,8,6
Ltb4r2,14,10,7,12,16,20
Ltbp1,149,253,236,367,227,261
Ltbp2,10,13,10,18,10,13
Ltbp3,877,999,864,913,652,747
Ltbp4,1345,1915,1321,1024,919,859
Ltbr,121,210,147,130,98,93
Ltc4s,44,47,48,0,4,4
Ltf,5,4,7,1,1,2
Ltk,459,416,483,5,8,9
Ltv1,281,284,285,357,305,391
Luc7l,2532,2550,2472,4867,4637,4703
Luc7l2,4794,4166,4508,6057,5661,6539
Luc7l3,3887,3756,4170,6969,6882,7318
Lum,49,52,51,3,4,7
Luzp1,2416,2401,2178,823,676,705
Luzp2,3780,2884,2896,781,784,1044
Luzp4,0,0,0,0,0,0
Lxn,552,710,490,236,239,244
Ly6a,268,227,373,5,7,8
Ly6c1,483,392,522,29,25,22
Ly6c2,99,62,80,4,3,1
Ly6d,11,6,10,0,0,0
Ly6e,2781,2680,2707,541,600,520
Ly6f,0,0,0,0,0,0
Ly6g,0,1,0,0,0,0
Ly6g5b,3,1,2,19,18,19
Ly6g5c,0,0,0,0,0,0
Ly6g6c,0,1,0,2,0,0
Ly6g6d,8,10,13,7,2,5
Ly6g6e,37,28,17,60,49,41
Ly6g6f,5,6,3,3,2,2
Ly6h,3064,3691,2492,2824,2966,2679
Ly6i,8,7,5,0,0,0
Ly6k,1,0,0,0,0,0
Ly75,38,41,56,75,39,58
Ly86,116,116,125,25,18,25
Ly9,18,1,25,1,4,4
Ly96,16,5,7,3,9,7
Lyar,241,298,225,427,426,387
Lyg1,0,0,0,0,0,0
Lyg2,0,2,1,0,0,0
Lyl1,43,33,51,27,20,31
Lyn,186,181,201,89,111,104
Lynx1,1932,2242,2202,14,15,21
Lypd1,1406,1460,1258,322,293,302
Lypd2,1,0,0,0,0,0
Lypd3,0,1,0,6,3,8
Lypd4,1,1,0,1,0,0
Lypd5,0,0,0,0,0,0
Lypd6,475,515,461,451,421,536
Lypd6b,221,278,285,243,335,335
Lypla1,499,439,427,287,238,329
Lypla2,1452,1487,1137,1412,1297,1167
Lyplal1,86,102,66,62,51,57
Lyrm1,159,133,100,65,72,66
Lyrm2,225,231,228,407,351,418
Lyrm4,441,463,324,254,330,287
Lyrm5,381,427,376,190,153,181
Lyrm7,267,208,192,99,147,132
Lysmd1,443,463,368,460,515,471
Lysmd2,830,732,587,150,157,135
Lysmd3,177,186,163,308,218,345
Lysmd4,524,553,533,786,787,778
Lyst,1584,1264,1726,879,714,905
Lyve1,25,16,6,0,1,1
Lyz1,14,9,17,0,1,0
Lyz2,236,103,246,17,12,18
Lyzl1,0,0,0,0,0,1
Lyzl4,12,11,14,0,2,0
Lyzl6,0,1,0,0,0,0
Lzic,193,246,192,757,750,741
Lztfl1,584,525,521,397,353,493
Lztr1,3343,3425,3571,2729,2892,2567
Lzts1,1221,1316,1078,1173,931,968
Lzts2,1008,1209,886,821,724,617
M6pr,1649,1582,1589,844,821,890
M6pr-ps,437,462,454,196,181,149
Mab21l1,41,49,34,193,164,151
Mab21l2,8,19,6,9,1,8
Macc1,1,3,2,0,0,0
Macf1,10660,11175,10373,19671,16431,19227
Macrod1,225,255,193,80,87,56
Macrod2,1159,1143,1113,1091,1206,1244
Mad1l1,419,461,456,628,597,508
Mad2l1,117,124,105,267,224,256
Mad2l1bp,121,123,144,192,181,172
Mad2l2,89,130,124,805,752,660
Madcam1,4,5,5,3,2,2
Madd,6419,7161,6968,4598,4290,4021
Maea,1598,1809,1712,1672,1594,1458
Mael,1,2,2,0,0,0
Maf,678,570,534,758,767,881
Maf1,1126,1433,1568,2384,2339,1920
Mafa,13,21,15,3,3,1
Mafb,548,488,447,833,772,764
Maff,37,47,55,70,78,56
Mafg,2001,2315,2134,2354,2132,2162
Mafk,323,392,324,554,548,437
Mag,3797,7247,3675,11,10,7
Magea1,0,0,0,0,0,0
Magea10,0,0,0,0,0,1
Magea2,0,0,0,0,0,0
Magea3,0,0,0,0,0,0
Magea4,0,0,0,0,0,0
Magea5,0,0,0,0,0,0
Magea6,0,0,0,0,0,0
Magea7,0,0,0,0,0,0
Magea8,0,0,0,0,0,0
Magea9,0,0,0,0,0,0
Mageb1,1,0,0,2,5,2
Mageb16,0,1,0,0,3,1
Mageb16-ps1,0,0,0,0,1,1
Mageb17,0,0,0,0,0,0
Mageb18,0,0,0,0,0,0
Mageb2,1,0,0,2,5,2
Mageb3,4,0,0,6,15,12
Mageb4,0,0,1,0,0,0
Mageb5,0,0,0,0,0,0
Maged1,9819,10422,8761,13704,12680,12347
Maged2,840,1046,720,2575,2661,2313
Magee1,4265,4354,3781,2802,2607,2663
Magee2,109,120,82,236,222,304
Mageh1,669,714,646,892,805,830
Magel2,27,54,25,224,125,150
Magi1,1936,2106,1790,2776,2095,2336
Magi2,3059,2751,2947,2032,1727,2067
Magi3,1525,1580,1535,1444,1186,1417
Magix,14,17,6,8,11,9
Magmas,153,207,213,241,262,258
Magoh,247,260,272,672,666,638
Magoh-rs1,67,54,53,142,170,140
Magt1,352,390,345,414,337,388
Mak,69,60,66,62,67,59
Mak16,283,261,229,384,459,505
Mal,6131,8310,4764,10,16,13
Mal2,3385,2767,2932,131,163,176
Mall,17,11,14,5,3,8
Malt1,181,156,160,120,111,148
Mamdc2,41,28,28,10,7,14
Mamdc4,45,44,49,203,148,149
Maml1,288,327,254,682,531,605
Maml2,246,262,271,380,323,386
Maml3,235,206,229,424,260,334
Mamld1,741,766,765,377,319,366
Mamstr,63,69,76,28,29,23
Man1a,944,900,798,301,250,395
Man1a2,3641,3263,3099,1541,1405,1751
Man1b1,1595,1777,1749,1985,1803,1618
Man1c1,1010,1162,1017,361,345,310
Man2a1,602,461,548,282,207,320
Man2a2,4595,4541,4776,2708,2452,2521
Man2b1,1088,1200,1157,381,344,381
Man2b2,626,837,677,105,110,108
Man2c1,1238,1271,1394,1871,1975,1735
Manba,252,237,260,65,59,57
Manbal,732,883,888,697,713,632
Manea,941,734,867,446,357,542
Maneal,1018,1099,1079,884,858,958
Mansc1,188,196,213,17,18,24
Maoa,591,640,554,516,493,626
Maob,636,578,527,17,24,25
Map1lc3a,3747,4570,3462,2038,2361,1781
Map1lc3b,3271,3188,3336,3223,3091,3047
Map2k1,6111,5681,6089,518,467,500
Map2k2,1544,1979,1631,2302,2081,1863
Map2k3,167,253,235,268,284,235
Map2k4,4363,3776,3665,1888,1881,2060
Map2k5,625,647,587,650,644,640
Map2k6,286,197,204,858,735,768
Map2k7,2161,2341,2454,1907,1830,1721
Map3k1,315,318,319,438,311,360
Map3k10,4951,6127,4339,2605,2646,2291
Map3k11,593,703,574,365,303,275
Map3k12,2611,2887,1764,2731,2645,2568
Map3k13,257,286,276,360,290,325
Map3k14,97,147,94,139,113,113
Map3k15,47,44,42,48,41,47
Map3k2,182,184,130,353,217,274
Map3k3,532,536,715,766,622,641
Map3k4,1193,1220,1194,1114,949,1043
Map3k5,1228,1077,1173,135,164,140
Map3k6,200,89,175,22,21,21
Map3k7,1353,1256,1368,2511,2389,2582
Map3k7ip2,1487,1605,1369,2081,1846,2088
Map3k7ip3,616,493,565,1227,1135,1461
Map3k8,20,35,27,3,1,6
Map3k9,1054,1253,1044,1640,1354,1384
Map4k1,24,43,29,102,115,94
Map4k2,1763,1888,2029,1209,1024,1061
Map4k3,1857,1600,1639,2086,1657,2071
Map4k4,2700,4446,2856,15268,12914,12537
Map4k5,1167,1111,1087,1562,1368,1660
Map6d1,1048,1417,1088,71,60,76
Mapk1,12336,11126,11010,4614,4388,5480
Mapk10,9228,9603,10892,4021,4116,4032
Mapk11,770,969,1228,1661,1587,1258
Mapk12,97,94,132,143,129,104
Mapk13,6,7,9,1,3,2
Mapk14,2014,2328,2171,1366,1219,1249
Mapk15,26,31,37,88,96,80
Mapk1ip1,621,632,798,793,723,761
Mapk1ip1l,190,196,140,449,282,386
Mapk3,2934,3045,2605,1639,1733,1582
Mapk4,2331,1769,2138,558,533,519
Mapk6,1929,2123,1986,5052,3982,4725
Mapk7,373,466,434,2404,2179,1959
Mapk8,2372,2352,2197,4243,4392,5055
Mapk8ip1,8870,10036,8334,4562,4597,4280
Mapk8ip2,8767,9250,9366,5380,5444,4825
Mapk8ip3,12358,14066,13706,6779,6175,6116
Mapk9,5929,5705,5660,2627,2593,2774
Mapkap1,936,1131,1100,1593,1453,1435
Mapkapk2,641,627,602,1047,852,820
Mapkapk3,69,62,71,20,14,25
Mapkapk5,718,812,841,1232,1210,1183
Mapkbp1,1102,1302,1290,2183,1930,1956
Mapksp1,244,236,259,283,247,253
Mapre1,1867,1930,1553,5626,5496,5958
Mapre2,6481,6828,6746,7935,8120,7953
Mapre3,4667,4946,4102,2042,1999,1889
Mapt,11493,12420,12800,37822,43158,38765
March1,857,719,639,747,788,899
March10,22,22,30,5,12,8
March11,78,95,83,75,69,68
March2,644,742,615,339,352,336
March3,60,64,41,48,42,30
March4,560,781,571,2532,2493,2351
March5,1321,1081,1130,1690,1514,2062
March6,6871,6742,7372,7819,5970,7614
March7,1224,1000,1118,2028,1554,2257
March8,1415,1819,1635,2158,2064,2147
March9,513,654,413,1902,1949,1759
Marcks,3156,3863,2026,8050,7481,8240
Marcksl1,1379,2713,1183,24727,23822,20316
Marco,0,0,1,0,2,0
Mare,486,538,639,552,518,511
Mark1,2168,2280,2005,2925,2731,2695
Mark2,2481,2764,2349,1595,1582,1521
Mark3,1660,1776,1749,3032,2816,2841
Mark4,2243,2478,2131,2973,2718,2440
Mars,1052,1152,1249,1758,1696,1572
Mars2,123,162,117,157,110,162
Marveld1,224,248,223,123,134,103
Marveld2,25,24,28,23,18,14
Marveld3,17,15,10,16,14,11
Mas1,390,372,493,5,10,11
Masp1,157,186,198,1305,1127,1049
Masp2,10,7,8,10,17,12
Mast1,1539,1779,1407,2970,2914,2787
Mast2,2810,3274,3210,6108,5761,5946
Mast3,5376,5914,5549,1217,1233,1146
Mast4,1362,1266,1293,671,641,678
Mastl,36,38,26,146,74,158
Mat1a,2,3,2,0,0,0
Mat2a,2956,2956,3167,3970,3788,4445
Mat2b,2430,2165,2503,850,732,799
Matk,3656,4159,4025,858,1082,884
Matn1,11,7,14,0,0,0
Matn2,759,579,796,32,42,47
Matn3,1,0,2,2,0,0
Matn4,232,306,302,22,30,25
Matr3,8237,7223,6921,11545,9537,12896
Matr3-ps2,249,224,215,315,281,400
Mavs,149,168,151,103,86,76
Max,1166,1106,995,1131,1216,1137
Maz,3367,4843,3652,6857,6540,5795
Mb,12,10,5,4,7,1
Mbd1,531,642,607,918,775,806
Mbd2,946,1011,925,411,411,414
Mbd3,1981,2702,2239,2946,2635,2333
Mbd3l1,0,0,0,0,0,0
Mbd3l2,0,0,0,5,9,10
Mbd4,206,161,173,299,315,285
Mbd5,1503,1400,1544,1242,966,1215
Mbd6,793,953,848,1652,1315,1294
Mbip,385,286,354,342,200,356
Mbl1,0,0,0,0,0,0
Mbl2,0,0,0,1,0,0
Mblac1,74,85,71,84,73,74
Mblac2,634,572,490,390,397,518
Mbnl1,2392,1882,2140,591,576,711
Mbnl2,3408,2983,3051,304,187,268
Mbnl3,0,6,3,24,10,19
Mboat1,32,58,43,54,71,64
Mboat2,686,665,584,648,605,742
Mboat4,6,1,3,0,0,0
Mboat7,3074,3245,2929,1114,1077,1107
Mbp,62731,85758,47221,465,442,400
Mbtd1,608,516,489,2556,2015,2563
Mbtps1,1990,1942,1864,2441,2056,2202
Mbtps2,684,642,639,1289,1099,1484
Mc1r,2,1,1,25,19,16
Mc2r,3,0,0,1,0,1
Mc3r,8,20,9,2,0,4
Mc4r,37,34,36,235,192,192
Mc5r,9,10,5,5,4,6
Mcam,305,654,400,320,222,259
Mcart1,2183,2170,2154,2641,2544,2592
Mcart6,378,395,369,342,315,309
Mcat,253,303,322,446,422,367
Mcc,328,292,261,70,64,64
Mccc1,570,543,688,759,701,741
Mccc2,429,405,410,388,399,449
Mcee,314,239,240,66,78,72
Mcf2,195,160,134,37,32,37
Mcf2l,4299,4818,4412,6510,6512,5893
Mcfd2,1134,1155,1306,558,431,441
Mchr1,282,220,264,6,5,9
Mcl1,1592,1705,1238,2618,2489,2736
Mcm10,10,22,17,211,127,162
Mcm2,108,117,118,1117,806,841
Mcm3,57,94,51,820,574,584
Mcm3ap,1420,1433,1489,2290,2090,2149
Mcm4,250,244,231,918,676,845
Mcm5,137,143,150,1042,804,809
Mcm6,169,199,180,1292,1062,1189
Mcm7,207,193,215,1664,1436,1393
Mcm8,113,109,101,168,119,169
Mcm9,168,155,166,188,121,153
Mcoln1,1118,1315,1393,1234,1264,1107
Mcoln2,0,0,0,0,0,1
Mcoln3,0,0,0,0,2,1
Mcph1,290,271,296,313,288,359
Mcpt1,0,0,0,0,0,1
Mcpt2,0,0,0,0,0,0
Mcpt4,3,1,1,0,0,0
Mcpt8,0,0,1,0,0,0
Mcpt9,0,0,0,0,0,1
Mcrs1,589,621,573,818,779,710
Mctp1,1454,974,1291,217,254,303
Mctp2,62,59,50,0,5,14
Mcts1,554,496,543,612,611,701
Mcts2,145,140,173,214,218,251
Mdc1,480,498,495,1767,1382,1479
Mdfi,2,20,12,95,56,57
Mdfic,94,124,87,83,74,98
Mdga1,780,1015,842,3562,3393,3323
Mdga2,619,535,449,552,403,653
Mdh1,10779,10983,11930,2716,2768,2711
Mdh1b,34,33,15,2,1,0
Mdh2,5083,6007,5813,4680,4415,3964
Mdk,236,320,251,1284,954,882
Mdk-ps1,15,24,9,107,56,43
Mdm1,120,115,131,521,433,460
Mdm2,1009,1163,1032,1885,1546,1690
Mdm4,928,866,908,1980,1481,1955
Mdm4-ps,163,143,193,336,286,351
Mdn1,1586,2024,1844,3834,3509,4067
Mdp1,697,687,718,580,642,544
Me1,589,658,441,197,242,254
Me2,409,452,410,380,375,413
Me3,987,939,1216,54,64,80
Mea1,1111,1436,1130,1203,1237,943
Meaf6,2130,2467,2422,2738,2867,2479
Mecom,58,63,82,43,52,47
Mecp2,4111,3624,3689,4595,3505,4567
Mecr,267,298,337,294,297,249
Med1,1528,1460,1468,2303,2125,2223
Med10,331,338,295,573,614,532
Med11,137,182,114,332,343,282
Med12,701,798,877,2329,1827,2013
Med12l,771,860,730,485,297,390
Med13,2520,2000,2155,5081,4363,5471
Med13l,2424,2190,2646,3547,2772,3025
Med14,1723,1500,1669,1796,1352,1927
Med15,1363,1564,1638,1740,1526,1488
Med16,1281,1593,1254,1329,1092,1112
Med17,505,483,495,645,555,665
Med18,73,59,79,149,118,127
Med19,567,472,421,610,628,673
Med20,443,613,511,880,812,782
Med21,508,582,491,857,902,758
Med22,545,615,701,1440,1231,1119
Med23,845,704,762,1705,1589,1851
Med24,2481,2545,2671,2657,2390,2434
Med25,1197,1512,1262,1740,1444,1399
Med26,201,255,225,334,271,286
Med27,356,362,367,546,483,506
Med28,891,942,1075,946,964,891
Med29,199,228,180,229,230,202
Med30,244,233,200,318,346,323
Med31,168,205,156,239,243,219
Med4,319,315,301,611,582,591
Med6,298,256,273,354,348,329
Med7,340,295,238,319,306,401
Med8,445,450,468,657,690,686
Med9,711,862,718,360,410,328
Mef2a,4166,3278,3384,1951,1682,2113
Mef2b,3,2,9,2,2,3
Mef2c,4328,3993,4012,3497,3506,4161
Mef2d,5640,6319,5672,2537,2376,2274
Mefv,1,0,0,0,0,0
Meg3,84874,81512,109242,48169,50158,46118
Megf10,751,725,763,652,314,496
Megf11,671,683,616,367,316,425
Megf6,124,141,127,462,329,335
Megf8,5972,7318,6667,5489,5151,4885
Megf9,4599,3454,3694,2906,2363,3287
Mei1,66,45,71,1,1,1
Meig1,23,25,23,2,4,6
Meis1,135,158,157,458,397,380
Meis2,3074,3205,3168,8911,7283,8238
Meis3,561,579,631,1235,1204,1090
Melk,19,13,16,288,176,222
Memo1,356,329,364,573,557,597
Men1,1291,1422,1249,1806,1582,1546
Meox1,11,13,6,6,9,3
Meox2,0,2,0,0,0,1
Mep1a,2,1,0,1,0,0
Mep1b,0,1,0,0,1,1
Mepce,967,1127,854,1021,984,888
Mepe,1,0,0,0,0,0
Mertk,1743,936,1623,43,31,32
Mesdc1,834,1182,752,570,451,509
Mesdc2,1167,1341,1223,1061,1042,920
Mesp1,1,0,0,0,1,0
Mesp2,7,7,7,11,13,18
Mest,540,558,481,1397,952,1237
Met,233,262,173,476,696,795
Metap1,576,728,728,766,817,758
Metap2,1517,1664,1554,2351,2359,2541
Metapl1,408,456,483,736,794,788
Metrn,703,950,607,341,213,263
Metrnl,145,181,164,27,39,23
Mett10d,888,907,760,979,930,1058
Mett11d1,286,283,364,664,657,605
Mett5d1,41,49,55,57,46,56
Mettl1,148,191,161,165,161,137
Mettl10,242,241,217,343,375,483
Mettl11a,417,445,409,769,665,661
Mettl11b,45,21,41,10,9,16
Mettl13,303,322,383,664,662,628
Mettl14,494,473,457,584,572,584
Mettl2,254,286,262,421,350,420
Mettl3,367,381,435,631,632,567
Mettl4,156,147,133,349,267,377
Mettl4-ps1,1,2,1,1,3,1
Mettl5,100,75,80,77,84,67
Mettl6,279,279,303,441,414,450
Mettl7a1,659,549,736,141,129,93
Mettl7b,0,0,1,0,0,0
Mettl8,226,225,236,286,260,262
Mettl9,851,854,824,1768,1572,1780
Mex3a,96,141,103,9092,7387,7565
Mex3b,364,472,347,2906,1914,2235
Mex3c,877,875,805,1618,1198,1721
Mex3d,330,505,296,2069,1680,1900
Mfap1a,2641,2495,2244,2526,2422,2302
Mfap1b,2423,2292,2079,2301,2182,2036
Mfap2,54,70,60,973,818,686
Mfap3,506,579,476,1500,1350,1525
Mfap3l,1319,1321,1192,175,158,200
Mfap4,27,27,43,392,276,296
Mfap5,4,1,3,3,10,6
Mff,2994,2930,2852,2468,2479,2984
Mfge8,2969,4044,3562,1855,1657,1493
Mfhas1,1224,1250,1070,799,832,728
Mfi2,21,31,21,11,5,8
Mfn1,2056,2054,2201,1698,1805,1917
Mfn2,5487,5533,5603,3127,3295,2959
Mfng,57,63,86,507,347,339
Mfrp,270,194,203,6,8,7
Mfsd1,485,520,416,447,365,424
Mfsd10,247,320,290,708,671,590
Mfsd11,616,582,549,643,735,659
Mfsd2a,884,408,878,520,495,454
Mfsd3,80,113,82,52,79,73
Mfsd4,1714,1366,1527,401,349,371
Mfsd5,660,574,581,362,309,284
Mfsd6,2488,2462,2247,998,1044,984
Mfsd6l,1,1,0,1,3,0
Mfsd7a,17,15,22,4,2,5
Mfsd7b,348,327,294,450,381,482
Mfsd7c,44,65,58,69,71,74
Mfsd8,368,315,339,535,524,714
Mfsd9,97,103,96,142,152,185
Mga,1713,1546,1552,2883,2566,3129
Mgam,0,0,1,0,1,1
Mgat1,1252,1354,1224,1038,1036,969
Mgat2,510,493,410,430,378,490
Mgat3,4419,4597,4600,2541,2302,2474
Mgat4a,1041,957,954,602,586,710
Mgat4b,979,1170,973,1795,1746,1650
Mgat4c,146,160,135,74,82,124
Mgat5,1134,1169,955,807,690,789
Mgat5b,1946,2460,1919,4148,3684,3372
Mgea5,5188,5156,5248,6789,6759,7303
Mgl1,20,17,25,0,0,0
Mgl2,27,9,26,1,0,0
Mgll,4986,5157,4916,359,374,380
Mgmt,10,10,7,7,2,3
Mgp,398,270,347,6,7,5
Mgrn1,3826,4503,4239,2876,2540,2642
Mgst1,119,100,125,30,40,49
Mgst2,5,4,7,1,2,2
Mgst3,812,781,808,332,409,380
Mia1,16,19,31,13,12,8
Mia2,1,0,0,0,0,1
Mia3,0,0,0,0,0,0
Mib1,5644,4938,5510,3562,2532,3346
Mib2,2348,3022,2736,2207,2212,2050
Mical1,171,167,191,806,761,709
Mical2,7008,7466,8573,920,1310,1312
Mical3,2192,2423,2140,2726,2709,2624
Micalcl,55,46,67,52,69,49
Micall1,1340,1946,1369,2505,2416,2214
Micall2,30,61,43,147,156,155
Mid1,4378,227,2613,17187,15229,21625
Mid1ip1,1494,2075,1173,903,768,749
Mid2,681,579,517,266,204,265
Midn,1208,1897,980,6709,5706,5531
Mier1,983,763,779,1009,958,1153
Mier2,623,661,679,899,817,780
Mier3,589,477,475,904,670,913
Mif,2163,2501,1921,2582,2728,2747
Mif4gd,239,282,218,102,93,105
Miip,264,252,302,682,623,611
Mill1,0,0,0,0,0,0
Mill2,18,19,19,6,6,4
Mina,172,136,147,94,126,112
Mink1,10093,11413,11630,2197,1957,1790
Minpp1,1051,1119,869,460,511,493
Mios,619,585,588,775,756,883
Miox,0,0,1,0,1,0
Mip,4,9,4,6,9,7
Mipep,575,556,542,445,455,457
Mipol1,103,118,81,68,74,81
Mirhg1,11,13,8,284,258,283
Mis12,556,587,491,631,566,620
Mitd1,132,117,109,147,149,186
Mitf,262,218,217,36,24,31
Mixl1,1,1,0,0,0,0
Mki67,71,89,53,4308,2646,3142
Mki67ip,459,452,385,770,809,785
Mkks,632,624,677,345,346,353
Mkl1,1621,1472,1643,1037,1029,966
Mkl2,3472,3328,3642,649,539,672
Mkln1,2842,2205,2500,2160,2031,2331
Mknk1,511,502,588,374,379,338
Mknk2,910,1065,941,1644,1529,1380
Mkrn1,2620,3051,3182,5685,5532,4951
Mkrn1-ps1,227,251,249,454,405,386
Mkrn2,444,481,432,630,617,648
Mkrn3,16,20,14,216,169,206
Mks1,122,124,147,258,220,219
Mkx,449,246,487,55,91,71
Mlana,0,0,2,0,1,0
Mlc1,3300,3508,3422,613,540,474
Mlec,3583,4028,3756,2632,2461,2197
Mlf1,31,34,22,26,24,24
Mlf1ip,25,34,32,82,61,71
Mlf2,9160,11164,10043,5303,5479,4530
Mlh1,245,238,269,445,455,506
Mlh3,655,616,596,521,551,571
Mlkl,5,5,4,6,2,4
Mll1,4109,4074,4149,7474,5830,6836
Mll2,4471,4797,4573,6689,5499,5733
Mll3,2575,2602,2538,5595,3771,5428
Mll5,2761,2899,2950,6907,5377,6358
Mllt1,1578,1842,1488,2979,2807,2591
Mllt10,781,786,891,1333,1068,1225
Mllt11,5439,5884,5198,8475,9125,8935
Mllt3,645,553,521,3013,2583,3081
Mllt4,2841,2800,2951,6889,5844,6416
Mllt6,5347,5498,5464,3586,3269,3030
Mlph,56,38,33,1,6,8
Mlst8,637,705,683,781,747,688
Mlx,396,433,361,470,452,441
Mlxip,834,779,816,2228,1883,1835
Mlxipl,56,66,75,15,17,11
Mlycd,531,580,561,316,321,307
Mmaa,397,425,438,345,408,446
Mmab,665,818,859,566,501,472
Mmachc,285,249,256,258,260,271
Mmadhc,657,625,678,929,887,919
Mmd,4503,3811,3871,1599,1629,1754
Mmd2,2573,3061,2719,1211,1155,1230
Mme,275,221,246,97,75,101
Mmel1,22,23,18,8,8,7
Mmgt1,988,924,831,1187,1059,1488
Mmgt2,133,176,159,150,178,144
Mmp10,0,0,0,0,0,0
Mmp11,21,28,22,301,290,273
Mmp12,0,0,1,0,0,1
Mmp13,0,0,1,0,1,0
Mmp14,297,369,324,1113,898,797
Mmp15,562,774,500,1063,836,846
Mmp16,575,579,555,1310,997,1494
Mmp17,4778,5642,5271,1613,1653,1570
Mmp19,25,12,22,10,6,10
Mmp1a,0,0,0,0,0,0
Mmp1b,0,0,0,0,0,0
Mmp2,65,74,58,112,98,111
Mmp20,0,0,0,0,0,0
Mmp21,4,4,7,2,0,2
Mmp23,15,31,22,30,41,34
Mmp24,771,932,818,2608,2458,2405
Mmp25,3,3,5,39,30,31
Mmp27,0,0,0,0,0,0
Mmp28,60,60,56,51,42,48
Mmp3,1,0,0,0,0,0
Mmp7,0,0,0,0,0,0
Mmp8,2,1,1,0,1,1
Mmp9,29,24,36,275,184,184
Mmrn1,1,1,1,22,17,24
Mmrn2,83,125,92,94,66,58
Mms19,553,556,589,1048,1014,1016
Mn1,1231,1598,1162,7515,6643,6777
Mnat1,296,236,236,225,204,188
Mnd1,9,7,4,4,8,15
Mnda,10,9,14,7,9,18
Mns1,51,78,78,271,230,172
Mnt,1043,1308,1038,1867,1504,1453
Mnx1,0,0,0,0,0,0
Moap1,944,900,856,861,902,894
Mobkl1a,750,640,710,1058,772,1222
Mobkl1b,630,682,599,986,772,912
Mobkl2a,62,107,68,274,270,286
Mobkl2b,126,162,87,72,55,64
Mobkl2c,102,91,125,77,77,73
Mobkl3,998,1014,984,1141,1077,1308
Mobp,9914,13645,9780,3,2,0
Mocos,50,34,39,3,3,5
Mocs1,210,196,236,271,199,199
Mocs2,816,845,922,734,797,734
Mocs3,260,233,214,181,149,166
Mog,1023,2098,976,348,402,406
Mogat1,16,13,4,4,1,3
Mogat2,0,2,0,4,4,5
Mogs,477,662,461,630,550,541
Mon1a,398,388,430,375,291,297
Mon1b,1126,1067,1048,1259,1146,1164
Mon2,1804,1639,1732,1796,1447,1851
Morc1,1,4,1,0,2,0
Morc2a,1118,1201,1286,3428,3053,3208
Morc2b,38,35,68,25,16,21
Morc3,519,545,518,1125,996,1164
Morc4,98,76,72,94,105,99
Morf4l1,3341,3468,3354,2606,2797,2805
Morf4l2,4681,4868,4120,5760,5625,5794
Morn1,179,123,167,138,119,128
Morn2,204,250,242,218,220,168
Morn3,19,16,7,11,7,12
Morn4,1221,1377,1267,2594,2504,2112
Morn5,14,20,16,3,8,5
Mos,0,0,0,3,0,2
Mosc1,4,3,3,5,3,3
Mosc2,983,973,1001,456,520,460
Mospd1,215,183,179,287,272,340
Mospd2,285,284,270,391,291,402
Mospd3,299,455,387,1051,1095,859
Mospd4,0,6,0,1,1,1
Mov10,186,177,211,122,121,127
Mov10l1,4,5,1,1,3,2
Moxd1,162,214,205,50,47,48
Moxd2,0,0,0,0,0,0
Mpdu1,677,716,783,925,863,709
Mpdz,1853,1734,1724,1478,1102,1339
Mpeg1,515,422,541,111,100,106
Mpg,164,148,154,256,260,207
Mphosph10,460,394,368,389,387,401
Mphosph6,162,129,130,159,186,176
Mphosph8,1400,1300,1198,885,932,943
Mphosph9,641,560,635,1206,984,1159
Mpi,967,1113,1350,782,740,675
Mpl,8,5,17,2,0,0
Mpnd,1306,1551,1330,2141,2073,1706
Mpo,3,1,6,0,1,0
Mpp1,732,677,787,200,194,209
Mpp2,3748,4331,3681,929,816,759
Mpp3,1101,1237,1123,1004,1072,906
Mpp4,15,15,19,13,21,27
Mpp5,1084,953,970,438,305,483
Mpp6,990,1057,816,864,852,952
Mpp7,95,88,95,149,127,126
Mppe1,410,550,566,203,214,207
Mpped1,4118,4223,4334,16541,17117,16203
Mpped2,669,576,572,2070,1610,1955
Mprip,10125,10280,10816,9740,8857,8704
Mpst,299,455,351,642,617,624
Mpv17,651,744,767,373,393,381
Mpv17l,1545,1286,1487,314,365,391
Mpv17l2,225,267,220,188,176,134
Mpz,0,3,2,3,3,2
Mpzl1,365,629,489,1598,1498,1411
Mpzl2,60,27,31,0,0,0
Mpzl3,106,90,98,19,20,20
Mr1,99,90,93,13,12,8
Mrap,6,7,13,1,0,0
Mrap2,175,205,158,21,23,15
Mras,4427,4646,4695,1896,1843,1667
Mrc1,125,128,146,18,30,23
Mrc2,280,237,235,237,166,170
Mre11a,260,241,264,438,360,447
Mreg,146,109,109,20,13,16
Mrfap1,6603,7047,5685,3544,3851,3535
Mrgpra1,0,0,0,0,0,0
Mrgpra2b,0,0,1,0,0,0
Mrgpra3,1,0,0,0,0,0
Mrgpra4,0,0,0,0,0,0
Mrgpra6,0,0,0,0,1,0
Mrgpra9,0,0,0,0,0,0
Mrgprb1,0,0,0,0,0,0
Mrgprb2,0,0,0,0,0,0
Mrgprb3,0,0,0,0,0,0
Mrgprb4,0,0,0,0,0,0
Mrgprb5,0,0,0,0,0,0
Mrgprb8,0,0,0,0,0,0
Mrgprd,0,0,0,0,0,0
Mrgpre,207,255,185,247,299,286
Mrgprf,14,12,18,0,0,0
Mrgprg,0,0,0,0,0,0
Mrgprh,0,1,4,1,0,0
Mrgprx1,0,0,0,0,0,0
Mri1,252,261,253,409,424,416
Mrm1,237,280,252,228,230,201
Mro,274,329,252,101,64,69
Mrp63,345,446,351,348,315,345
Mrpl1,293,242,241,233,230,275
Mrpl10,668,596,621,394,365,357
Mrpl11,596,540,536,699,692,556
Mrpl12,649,810,783,677,669,587
Mrpl13,499,442,478,559,506,498
Mrpl14,274,299,280,250,290,208
Mrpl15,495,463,426,496,550,543
Mrpl16,366,458,425,256,268,281
Mrpl17,500,637,624,573,509,471
Mrpl18,507,517,466,498,592,535
Mrpl19,469,446,508,429,427,458
Mrpl2,567,669,644,528,469,416
Mrpl20,661,615,630,561,572,582
Mrpl21,187,181,217,205,205,189
Mrpl22,136,103,105,139,144,143
Mrpl23,220,219,190,262,258,277
Mrpl24,439,495,507,680,695,630
Mrpl27,352,368,428,261,285,206
Mrpl28,649,747,721,772,660,644
Mrpl3,1044,933,985,788,760,804
Mrpl30,412,487,524,548,609,544
Mrpl32,225,213,172,236,176,243
Mrpl33,318,363,342,396,340,375
Mrpl34,337,337,234,412,386,389
Mrpl35,534,459,474,324,346,396
Mrpl36,256,294,278,236,219,207
Mrpl37,747,775,740,974,970,957
Mrpl38,810,783,618,499,468,400
Mrpl39,496,471,408,413,348,369
Mrpl4,644,734,678,507,471,515
Mrpl40,322,301,243,233,192,220
Mrpl41,926,724,649,429,425,410
Mrpl42,306,383,383,366,419,348
Mrpl43,665,795,715,672,719,751
Mrpl44,385,307,386,310,289,273
Mrpl45,416,363,436,390,470,412
Mrpl46,403,393,408,267,295,214
Mrpl47,243,172,203,228,207,276
Mrpl48,951,934,1022,395,398,398
Mrpl48-ps,641,626,597,344,367,334
Mrpl49,290,309,259,259,280,232
Mrpl50,684,551,580,725,784,823
Mrpl51,608,542,604,574,618,565
Mrpl52,334,419,346,822,901,735
Mrpl53,24,27,18,38,28,24
Mrpl54,393,502,395,297,287,257
Mrpl55,331,406,327,312,278,329
Mrpl9,738,779,859,897,968,850
Mrps10,368,329,374,521,544,535
Mrps11,304,329,321,332,342,300
Mrps12,481,650,507,261,256,237
Mrps14,420,458,431,263,254,320
Mrps15,531,501,489,486,499,457
Mrps16,186,248,248,226,247,213
Mrps17,693,628,652,779,786,863
Mrps18a,679,721,648,506,535,522
Mrps18b,100,95,94,87,80,74
Mrps18c,261,240,229,265,292,252
Mrps2,561,559,524,543,518,550
Mrps21,671,669,659,501,601,441
Mrps22,308,341,301,383,369,404
Mrps23,689,735,724,756,742,665
Mrps24,390,424,362,427,463,417
Mrps25,649,719,709,380,471,430
Mrps26,856,939,821,477,500,466
Mrps27,390,407,378,330,357,334
Mrps28,183,208,158,126,153,109
Mrps30,371,391,362,360,358,354
Mrps31,289,272,242,218,190,236
Mrps33,796,916,980,805,915,949
Mrps34,236,286,192,127,129,123
Mrps35,325,357,350,393,395,390
Mrps36,230,210,197,147,167,127
Mrps5,857,877,810,1334,1296,1294
Mrps6,328,400,333,449,461,454
Mrps7,881,850,793,605,570,484
Mrps9,504,507,519,463,491,449
Mrrf,239,264,318,294,299,267
Mrs2,514,502,524,359,270,354
Mrto4,284,337,312,507,466,422
Mrvi1,129,109,92,26,26,21
Ms4a1,2,0,0,1,0,0
Ms4a10,0,0,0,0,0,0
Ms4a13,0,0,0,0,0,0
Ms4a15,2,0,1,0,0,0
Ms4a2,0,0,0,0,0,0
Ms4a3,2,0,0,0,0,0
Ms4a4b,2,0,2,0,0,0
Ms4a4c,2,2,0,0,0,0
Ms4a4d,1,0,1,0,0,0
Ms4a5,0,0,0,0,0,0
Ms4a6b,42,24,22,3,5,4
Ms4a6c,22,11,14,2,1,2
Ms4a6d,21,10,23,1,4,1
Ms4a7,7,9,9,1,1,1
Ms4a8a,0,0,0,0,0,0
Msc,21,20,32,4,4,12
Msgn1,0,0,0,0,0,0
Msh2,798,795,699,1339,1358,1362
Msh3,535,430,466,678,609,701
Msh4,1,1,0,5,8,7
Msh5,4,5,6,36,24,28
Msh6,456,482,472,1314,1193,1269
Msi1,716,872,600,4133,3285,3066
Msi2,3204,2599,2577,2572,2073,2331
Msl1,4249,4771,4113,4161,4142,4075
Msl2,1252,1016,1141,1631,1536,1873
Msl3,433,419,348,358,324,411
Msl3l2,260,273,259,189,193,187
Msln,20,23,20,3,3,4
Mslnl,5,4,6,2,2,0
Msmb,0,0,0,0,0,0
Msmp,0,0,0,0,0,0
Msn,590,655,614,1025,652,782
Msr1,9,6,3,3,0,0
Msra,561,503,726,772,973,821
Msrb2,376,384,429,46,51,63
Msrb3,210,201,215,69,62,60
Mst1,4,14,12,5,2,4
Mst1r,19,33,25,33,45,40
Mstn,9,5,4,8,11,12
Msto1,348,395,340,548,516,502
Msx1,107,109,65,2,1,0
Msx2,14,9,6,0,5,1
Msx3,1,0,0,26,29,19
Mt1,5620,4124,6795,287,278,220
Mt2,2653,1834,2937,142,123,115
Mt3,4819,5341,5849,861,828,653
Mt4,0,0,0,0,0,0
Mta1,1579,1675,1337,3156,2675,2621
Mta2,844,802,826,2695,2515,2395
Mta3,1911,1952,1855,987,954,1017
Mtag2,27,41,25,23,30,30
Mtap,170,198,155,281,288,297
Mtap1a,41668,43092,41609,3091,2934,2805
Mtap1b,28126,28346,26079,64208,58360,63720
Mtap1s,1269,1546,1262,1287,1184,1179
Mtap2,32679,28368,29465,36157,33602,39315
Mtap4,8377,8867,8452,7795,7602,7183
Mtap6,3412,4286,2944,5452,5711,5384
Mtap7,1977,1994,1873,95,84,66
Mtap7d1,7648,8635,6450,5365,5227,4640
Mtap7d2,4377,3791,3751,480,478,482
Mtap7d3,1,3,1,5,4,8
Mtap9,3335,2690,2934,3863,4359,4463
Mtbp,39,37,45,163,150,152
Mtch1,8350,9992,9730,8019,7653,6504
Mtch2,1197,1160,1127,1361,1344,1505
Mtcp1,121,139,145,219,192,253
Mtdh,1488,1072,1264,1393,1080,1320
Mterf,98,96,88,98,115,147
Mterfd1,279,227,231,345,345,435
Mterfd2,247,240,258,308,335,273
Mterfd3,279,230,247,206,170,216
Mtf1,789,820,784,690,589,652
Mtf2,831,774,860,1898,1435,1997
Mtfmt,264,285,266,398,359,391
Mtfr1,207,168,182,553,398,590
Mtg1,342,326,366,321,297,284
Mthfd1,798,923,861,1007,858,920
Mthfd1l,282,254,254,106,113,144
Mthfd2,139,130,106,275,239,224
Mthfr,671,751,748,694,542,555
Mthfs,133,125,109,107,97,79
Mthfsd,564,675,648,614,568,579
Mtif2,602,553,610,912,880,899
Mtif3,268,305,264,325,304,299
Mtl5,3,6,3,2,2,6
Mtm1,169,125,141,93,67,85
Mtmr1,979,852,989,1043,856,1114
Mtmr10,471,488,413,260,206,275
Mtmr11,151,163,146,148,134,140
Mtmr12,1040,845,1025,433,404,480
Mtmr14,339,375,324,657,618,545
Mtmr15,127,116,103,135,121,137
Mtmr2,1116,1052,912,829,796,873
Mtmr3,2377,2170,2359,2815,2570,2720
Mtmr4,2151,2280,2201,3026,2609,2656
Mtmr6,3401,3243,3256,1848,1562,2030
Mtmr7,1458,1319,1373,723,767,791
Mtmr9,1472,1577,1445,1870,1574,1678
Mtnr1a,1,1,1,0,0,0
Mtnr1b,0,0,0,0,0,0
Mto1,447,469,474,433,399,395
Mtor,3195,3181,3466,2782,2356,2425
Mtpap,463,346,363,347,333,382
Mtpn,7449,6465,6238,5213,5228,6323
Mtr,254,270,297,337,279,322
Mtrf1,122,136,144,130,122,100
Mtrf1l,157,180,155,184,214,215
Mtrr,232,238,235,220,204,203
Mtss1,609,731,441,3702,2870,3379
Mtss1l,5041,6768,4743,6510,6358,5800
Mttp,238,167,216,85,64,70
Mtus1,975,937,836,1543,1366,1595
Mtus2,1119,1259,1102,730,755,832
Mtvr2,10,10,2,26,18,21
Mtx1,614,649,570,639,607,596
Mtx2,560,503,493,722,730,749
Muc1,20,12,15,69,71,58
Muc13,5,0,1,4,1,2
Muc15,17,16,21,2,3,1
Muc16,0,0,0,0,0,0
Muc19,110,79,93,27,41,71
Muc2,4,10,7,23,9,20
Muc20,0,1,0,0,0,0
Muc3,0,0,0,1,1,0
Muc4,0,1,0,1,0,6
Muc5ac,1,0,2,0,0,0
Muc5b,2,1,12,13,15,11
Muc6,235,238,399,654,712,651
Mucl1,0,0,0,0,0,0
Mudeng,319,298,293,251,199,299
Mug1,0,0,0,0,1,0
Mul1,1005,1204,1101,617,544,517
Mum1,925,938,906,1677,1576,1609
Mum1l1,84,91,74,83,75,67
Mup-ps1,0,0,0,0,0,0
Mup-ps10,0,0,0,0,0,0
Mup-ps11,0,0,0,0,0,0
Mup-ps13,0,0,0,0,0,0
Mup-ps14,0,0,0,0,0,0
Mup-ps15,0,0,0,0,0,0
Mup-ps16,0,0,0,0,0,0
Mup-ps17,0,0,0,0,0,0
Mup-ps18,0,0,0,0,0,0
Mup-ps19,0,0,0,0,0,0
Mup-ps2,0,0,0,0,0,0
Mup-ps20,0,0,0,0,0,0
Mup-ps21,0,0,0,0,0,0
Mup-ps22,1,0,0,0,0,0
Mup-ps3,0,0,0,0,0,0
Mup-ps4,1,1,0,0,0,0
Mup-ps5,0,0,0,0,0,0
Mup-ps6,0,0,0,0,0,0
Mup-ps7,0,1,0,0,0,0
Mup-ps8,0,0,0,0,0,0
Mup-ps9,0,1,0,0,0,0
Mup1,3,0,3,0,0,0
Mup10,2,0,2,0,0,0
Mup11,3,0,2,0,0,0
Mup12,3,0,2,0,0,0
Mup13,1,0,2,0,0,0
Mup14,3,0,2,0,0,0
Mup15,3,0,4,0,0,0
Mup16,2,0,2,0,0,0
Mup17,1,0,1,0,0,0
Mup18,2,0,1,0,0,0
Mup19,3,0,2,0,0,0
Mup2,3,0,4,0,0,0
Mup20,0,0,0,0,0,0
Mup21,0,0,1,0,0,0
Mup3,0,1,0,0,0,0
Mup4,0,0,0,0,0,0
Mup5,2,1,2,0,0,0
Mup6,0,1,0,0,0,0
Mup7,4,0,5,0,0,0
Mup8,3,0,4,0,0,0
Murc,17,17,32,82,85,90
Mus81,291,385,368,632,570,536
Musk,33,31,56,1,2,1
Mustn1,14,16,11,1,6,9
Mut,902,699,702,331,264,334
Muted,346,408,319,328,348,354
Mutyh,30,32,31,97,78,84
Mvd,341,606,321,743,1018,758
Mvk,335,496,348,587,607,531
Mvp,158,175,196,45,46,38
Mx1,5,10,10,1,0,1
Mx2,9,27,23,1,3,1
Mxd1,451,423,377,412,311,368
Mxd3,27,38,24,238,181,182
Mxd4,2549,2403,2516,2363,2186,2096
Mxi1,1526,1306,1253,1093,937,860
Mxra7,322,360,327,96,110,76
Mxra8,99,125,111,89,65,80
Myadm,885,967,791,284,277,290
Myadml2,28,36,36,3,2,3
Myb,15,26,20,105,68,84
Mybbp1a,1352,1448,1547,3191,2872,2825
Mybl1,90,82,80,156,84,133
Mybl2,16,24,26,248,176,167
Mybpc1,99,82,106,6,7,4
Mybpc2,13,16,15,30,24,18
Mybpc3,12,28,12,0,1,2
Mybph,5,4,7,2,1,3
Mybphl,2,1,1,0,0,2
Myc,122,110,87,556,575,595
Mycbp,138,142,134,196,197,212
Mycbp2,9162,9291,9428,10369,8781,10859
Mycbpap,59,61,62,14,14,6
Mycl1,423,438,383,3258,2925,2737
Mycn,134,255,143,2301,1735,2033
Mycs,1,0,0,2,0,0
Myct1,7,13,9,5,12,8
Myd88,119,133,117,54,48,49
Myef2,1753,1645,1953,5454,5932,5313
Myeov2,1184,1246,1195,870,994,920
Myf5,1,0,0,0,0,0
Myf6,0,0,0,0,0,0
Myg1,474,550,530,647,639,537
Myh1,34,24,31,7,7,10
Myh10,11074,11749,10775,15617,13721,13464
Myh11,256,283,238,14,12,9
Myh13,19,21,31,3,0,2
Myh14,1504,2060,1451,58,51,43
Myh2,37,36,31,6,14,8
Myh3,86,99,113,8,16,18
Myh4,24,27,20,8,2,0
Myh6,309,405,305,30,35,38
Myh7,799,1013,812,122,113,101
Myh7b,313,379,328,25,18,17
Myh8,25,37,24,5,10,5
Myh9,3503,4479,3880,2680,2192,2126
Myl1,4,4,4,5,3,2
Myl10,0,0,0,0,0,0
Myl12b,4299,4374,4352,3223,3341,2956
Myl2,10,7,13,1,1,2
Myl3,0,0,4,2,1,3
Myl4,350,423,460,15,27,19
Myl6,1771,2141,1999,1302,1393,1254
Myl6b,273,290,272,536,565,449
Myl7,0,1,1,0,0,0
Myl9,261,412,283,241,181,190
Mylip,433,455,329,192,159,166
Mylk,496,494,516,182,118,129
Mylk2,0,0,1,0,0,0
Mylk3,71,57,75,6,3,2
Mylk4,1,5,0,0,3,0
Mylpf,8,8,16,4,9,9
Mynn,287,290,299,683,573,668
Myo10,1373,1746,1417,1440,927,960
Myo15,9,6,7,5,9,11
Myo15b,14,11,13,1,1,1
Myo16,737,960,675,1400,1726,1737
Myo18a,6212,7039,6347,6672,6198,5241
Myo18b,7,16,7,4,3,5
Myo19,167,222,238,433,394,446
Myo1a,20,20,24,58,65,52
Myo1b,940,927,914,2595,2128,2484
Myo1c,509,461,411,502,488,435
Myo1d,408,567,329,73,71,52
Myo1e,624,543,604,216,180,142
Myo1f,65,73,87,19,16,11
Myo1g,18,10,12,3,1,2
Myo1h,28,25,26,16,17,11
Myo3a,3,0,0,3,1,0
Myo3b,62,51,60,29,40,41
Myo5a,14756,13862,14565,8134,6927,8474
Myo5b,1259,1251,1384,279,350,357
Myo5c,124,88,142,6,9,10
Myo6,3348,3862,3244,880,698,816
Myo7a,718,808,765,1378,1249,1275
Myo7b,2,2,2,1,0,1
Myo9a,3026,2506,2656,3529,3104,4026
Myo9b,1458,1489,1893,3866,3268,3328
Myoc,554,556,460,1,2,3
Myocd,8,13,9,1,1,1
Myod1,4,2,3,1,0,1
Myof,150,92,127,35,41,47
Myog,0,0,0,0,1,0
Myom1,60,61,46,27,32,23
Myom2,9,5,3,0,1,2
Myom3,44,79,57,6,5,5
Myot,1,4,1,0,5,0
Myoz1,1,2,2,1,0,0
Myoz2,3,5,2,0,0,0
Myoz3,0,0,0,0,0,0
Mypn,62,61,63,10,10,11
Mypop,700,940,732,174,178,153
Myrip,1770,2081,1902,115,110,106
Mysm1,833,729,817,1011,895,1149
Myst1,374,379,348,469,497,413
Myst2,1552,1538,1542,1445,1324,1425
Myst3,2042,2120,2129,6371,4976,5593
Myst4,1727,1520,1827,4367,3729,4020
Myt1,353,363,356,2344,1520,1800
Myt1l,4831,5276,5306,8248,6854,8218
Mzf1,188,198,241,171,160,168
N28178,6519,6624,6911,1822,1942,2092
N4bp1,1349,1351,1230,1511,1342,1388
N4bp2,280,270,232,1901,1271,1786
N4bp2l1,505,453,504,189,183,205
N4bp2l2,501,429,467,841,716,957
N6amt1,450,448,437,351,341,328
N6amt2,338,332,345,271,287,285
NRON,0,0,0,0,0,0
Naa11,0,1,0,2,0,1
Naa15,1507,1410,1163,2009,1913,2501
Naa16,140,114,141,207,145,193
Naa25,836,879,781,1270,1185,1341
Naa35,886,992,949,2127,2136,1988
Naa40,541,592,631,1160,961,1004
Naaa,693,556,722,76,98,70
Naalad2,32,26,22,14,18,31
Naaladl1,9,15,20,58,44,41
Nab1,425,483,385,694,584,757
Nab2,494,791,579,174,189,148
Naca,1456,1422,1406,3053,3412,3331
Nacad,954,1373,1099,2665,2484,2273
Nacc1,3370,3721,3530,3059,2724,2494
Nacc2,3473,3807,3188,457,383,364
Nadk,1261,1450,1374,1792,1583,1592
Nadsyn1,86,70,95,130,88,97
Nae1,820,642,768,981,947,1213
Naf1,294,238,237,213,159,264
Naga,406,446,353,198,177,187
Nagk,561,674,616,774,863,726
Naglu,166,201,166,60,80,81
Nagpa,177,205,229,110,118,118
Nags,1,0,0,0,1,0
Naif1,121,104,135,139,135,139
Naip1,10,9,14,2,0,3
Naip2,33,20,33,3,2,3
Naip3,6,10,4,2,1,1
Naip5,44,42,38,12,6,5
Naip6,29,25,22,9,7,7
Nalcn,2971,2860,2519,584,513,706
Nampt,914,881,836,885,850,1023
Nanog,0,0,2,1,1,3
Nanos1,601,575,513,434,359,499
Nanos2,11,14,25,68,75,82
Nanos3,10,13,10,45,48,56
Nanp,353,261,279,177,154,165
Nans,368,409,328,1340,1434,1203
Nap1l1,1726,2013,2144,3113,3002,2760
Nap1l2,2570,2396,2301,688,681,660
Nap1l3,1153,1143,875,402,398,481
Nap1l4,2400,2919,2935,6017,5861,5418
Nap1l5,4974,6112,4075,403,389,464
Napa,4322,4624,4593,1728,1666,1598
Napb,11383,10109,9881,1712,1979,2169
Napepld,502,431,408,157,123,129
Napg,3867,3525,3345,1370,1304,1432
Naprt1,78,95,76,38,30,29
Napsa,10,7,12,31,25,24
Narf,1205,1361,1251,2579,2172,2025
Narfl,504,480,490,385,404,348
Narg2,198,208,230,384,382,418
Nars,4422,4223,4250,2799,2931,2550
Nars2,227,200,236,174,161,197
Nasp,418,460,465,4376,4367,4543
Nat1,22,23,28,0,0,1
Nat10,745,712,828,1263,1240,1197
Nat12,1053,980,833,1151,967,1235
Nat14,1241,1622,1368,412,469,323
Nat15,1513,1585,1371,1010,929,995
Nat2,11,7,12,16,9,16
Nat3,0,0,0,0,0,0
Nat5,2707,2253,2294,2041,1775,2250
Nat6,234,224,169,244,218,163
Nat8b,27,34,21,10,8,5
Nat8l,9340,10192,10355,1285,1242,1094
Nat9,287,315,293,151,189,157
Nav1,1824,2488,1734,9049,7224,7941
Nav2,329,378,368,1200,981,1000
Nav3,2311,2267,1750,3317,2434,3443
Nbas,951,1055,954,950,784,905
Nbea,7492,7509,7498,15073,12397,15841
Nbeal1,607,520,576,1020,708,1154
Nbeal2,265,368,351,325,319,356
Nbl1,1015,862,875,99,112,115
Nbn,405,294,298,224,277,234
Nbr1,3972,3869,3910,4921,4335,4438
Ncald,11751,10673,10665,1655,2025,1998
Ncam1,7456,8705,7039,21475,23092,20989
Ncam2,1776,1830,1308,479,353,558
Ncan,5961,9249,6429,16938,15856,15634
Ncapd2,577,615,663,4130,3563,3088
Ncapd3,590,570,645,894,692,874
Ncapg,11,14,10,309,218,291
Ncapg2,130,153,133,681,387,603
Ncaph,28,35,23,434,337,326
Ncaph2,1416,1555,1449,1505,1532,1354
Ncbp1,1307,1405,1415,2527,2349,2422
Ncbp2,1006,1012,991,1371,1328,1314
Nccrp1,4,7,3,5,0,2
Ncdn,33637,34391,32057,3392,3527,3295
Nceh1,3456,3019,3252,149,169,215
Ncf1,182,156,146,25,27,16
Ncf2,57,45,43,12,18,22
Ncf4,16,17,10,0,1,5
Nck1,410,321,344,235,221,267
Nck2,621,774,623,1640,1492,1454
Nckap1,13743,12744,12616,5864,6086,7234
Nckap1l,297,314,310,45,38,40
Nckap5,73,116,80,1601,1239,1480
Nckap5l,550,593,482,1174,1069,1040
Nckipsd,1521,1592,1602,384,400,427
Ncl,5746,5878,5815,8313,8893,8455
Ncln,1157,1322,1224,1349,1195,1192
Ncoa1,2510,2661,2628,2669,2317,2556
Ncoa2,3060,2703,2693,2339,1853,2510
Ncoa3,1071,1184,1197,1112,919,1012
Ncoa4,1522,1578,1380,1514,1321,1623
Ncoa5,1046,1143,1064,2969,2837,2739
Ncoa6,1876,1969,1858,3706,3057,3619
Ncoa7,1737,1534,1455,608,493,587
Ncor1,5957,5769,5575,7020,5588,6556
Ncor2,5103,6529,5093,5028,3902,4273
Ncr1,1,0,0,0,0,0
Ncrna00082,4,8,5,5,3,6
Ncrna00085,122,139,210,250,254,261
Ncrna00086,464,551,490,349,384,334
Ncrna00153,338,359,286,337,316,324
Ncstn,1185,1177,1112,1523,1394,1408
Nctc1,0,1,0,1,0,1
Ndc80,4,9,3,155,137,167
Nde1,624,572,596,591,491,471
Ndel1,1798,1984,1751,1021,1040,1065
Ndfip1,10074,8339,7702,3116,3207,3545
Ndfip2,1715,1869,1968,918,775,982
Ndn,4558,5805,4245,6347,6187,5889
Ndnl2,673,575,556,419,408,435
Ndor1,501,608,569,1057,980,954
Ndp,107,124,124,96,76,89
Ndrg1,2502,2494,2202,2205,2154,2047
Ndrg2,18138,18014,21205,2098,2008,1745
Ndrg3,9345,9295,10050,2963,3180,3140
Ndrg4,37161,40277,39727,4377,4590,4731
Ndst1,2403,2809,2402,3831,3250,3439
Ndst2,317,319,342,421,372,390
Ndst3,674,485,626,630,542,633
Ndst4,215,173,150,71,44,68
Ndufa1,1045,1410,1259,638,705,624
Ndufa10,2716,3003,2657,1627,1633,1528
Ndufa11,896,1104,847,614,554,487
Ndufa12,1031,1060,984,524,573,541
Ndufa13,2612,2758,2234,1008,1048,967
Ndufa2,1029,1404,1406,1010,1050,763
Ndufa3,1116,1232,1578,968,976,804
Ndufa4,2227,2465,2491,1298,1512,1430
Ndufa4l2,58,62,38,48,37,42
Ndufa5,1237,1327,1615,797,993,799
Ndufa6,1393,1420,1316,865,897,875
Ndufa7,831,939,807,822,741,726
Ndufa8,2043,2209,2230,1291,1368,1153
Ndufa9,1947,2190,2196,1435,1518,1314
Ndufab1,669,738,711,485,514,515
Ndufaf1,358,311,285,192,226,233
Ndufaf2,312,407,294,367,413,344
Ndufaf3,410,431,433,332,298,296
Ndufaf4,662,571,561,535,476,529
Ndufb10,2069,2814,2952,1875,1879,1396
Ndufb11,1446,1468,1311,1035,1029,811
Ndufb2,933,1038,881,610,633,616
Ndufb3,747,712,701,520,516,408
Ndufb4,960,813,618,366,384,352
Ndufb5,1445,1341,1396,939,1020,975
Ndufb6,950,1218,1045,774,782,675
Ndufb7,1333,1670,1384,1265,1166,997
Ndufb8,1976,2363,2361,1175,1278,1064
Ndufb9,3207,3334,3212,1544,1546,1377
Ndufc1,737,732,582,369,427,414
Ndufc2,1556,1324,1013,1091,1126,1073
Ndufs1,2808,2647,2697,1529,1407,1597
Ndufs2,3940,4042,4033,2664,2571,2338
Ndufs3,967,947,983,639,657,665
Ndufs4,739,763,859,767,810,805
Ndufs5,1005,1225,1002,567,590,475
Ndufs6,743,837,634,420,504,408
Ndufs7,1455,1910,1650,880,897,754
Ndufs8,1303,1628,1449,732,768,665
Ndufv1,2918,3371,3251,2061,2089,1736
Ndufv2,2397,2096,2062,1411,1564,1639
Ndufv3,1328,1711,1480,1067,1113,953
Neb,65,43,70,705,516,671
Nebl,2079,1718,1917,238,182,300
Necab1,2804,2535,2090,629,679,942
Necab2,1545,1653,1497,266,277,208
Necab3,1002,914,980,162,141,170
Necap1,3654,3384,3076,1262,1301,1453
Necap2,551,608,463,435,455,451
Nedd1,60,70,56,221,121,175
Nedd4,9693,9554,9357,17680,14191,16430
Nedd4l,2083,1883,2058,4083,3374,3708
Nedd8,1415,1759,1734,2084,2148,1742
Nedd9,274,251,277,847,540,685
Nefh,2294,2815,2171,53,63,47
Nefl,7841,7861,8777,930,1133,1077
Nefm,6493,8021,8596,1711,2093,1692
Negr1,5682,5108,4858,2581,2588,2870
Neil1,138,150,166,187,189,138
Neil2,29,40,32,25,22,22
Neil3,3,3,0,184,131,187
Nek1,1130,1044,1023,855,827,1107
Nek10,26,29,28,6,4,1
Nek11,35,33,35,18,13,25
Nek2,41,39,27,325,236,222
Nek3,50,39,50,140,128,122
Nek4,519,501,513,515,520,560
Nek5,17,10,19,2,1,2
Nek6,528,575,577,769,577,544
Nek7,1088,955,899,129,98,136
Nek8,58,72,67,83,72,61
Nek9,1349,1462,1643,2033,1634,1751
Nelf,11006,11868,10596,3019,2880,2790
Nell1,1096,1206,1100,246,256,212
Nell2,11687,11671,12937,8088,8842,8305
Nenf,796,983,968,845,880,744
Neo1,2408,2560,2405,7839,7842,8578
Nepn,3,0,0,0,0,2
Nes,277,454,275,4696,3773,3576
Nespas,4,2,2,20,27,12
Net1,1144,512,962,190,172,195
Neto1,2104,1797,1953,808,881,1019
Neto2,1597,1529,1408,4130,3992,5857
Neu1,1013,1058,1015,424,457,386
Neu2,81,74,94,3,2,3
Neu3,73,61,61,56,50,60
Neu4,270,319,237,0,2,1
Neurl1B,297,431,257,178,196,169
Neurl1a,3600,4374,3821,396,430,398
Neurl2,35,36,39,45,34,40
Neurl3,20,22,22,12,13,14
Neurl4,3073,3459,3396,5040,4788,4540
Neurod1,249,233,213,770,524,736
Neurod2,1883,1879,1570,10489,9257,8976
Neurod4,14,8,17,52,31,52
Neurod6,1371,1274,1107,10565,10843,10342
Neurog1,2,2,0,8,8,6
Neurog2,34,27,26,1391,893,944
Neurog3,0,1,0,0,0,0
Nexn,284,352,241,65,76,71
Nf1,3241,2912,2779,3238,2570,3463
Nf2,2754,2907,2782,4994,4993,4526
Nfam1,59,68,74,15,14,13
Nfasc,3956,4788,4074,3866,2597,3112
Nfat5,2690,2366,2620,2885,2361,2928
Nfatc1,120,138,130,44,32,37
Nfatc2,349,385,373,168,119,127
Nfatc2ip,122,125,105,234,216,238
Nfatc3,305,330,297,554,431,494
Nfatc4,31,35,27,256,180,151
Nfe2,1,4,0,1,7,2
Nfe2l1,8843,9885,9122,3153,3046,2884
Nfe2l2,321,271,307,149,93,110
Nfe2l3,105,156,114,565,560,610
Nfia,1274,1123,1200,4188,3364,3837
Nfib,2903,2455,2436,21873,14975,19962
Nfic,2786,3156,2246,773,617,704
Nfil3,188,228,169,778,809,743
Nfix,6135,6785,4756,19311,17893,16903
Nfkb1,388,435,398,356,258,311
Nfkb2,64,95,83,50,50,30
Nfkbia,699,447,526,332,298,314
Nfkbib,420,461,411,413,360,326
Nfkbid,42,48,32,49,45,36
Nfkbie,49,53,42,62,41,54
Nfkbil1,199,206,165,175,134,140
Nfkbil2,141,155,131,328,286,262
Nfkbiz,127,99,117,45,57,46
Nfrkb,681,684,776,1486,1386,1492
Nfs1,718,808,816,466,449,441
Nfu1,442,492,457,343,366,367
Nfx1,2134,2139,2314,3174,3042,3189
Nfxl1,221,194,261,755,602,745
Nfya,446,606,528,2078,1935,1936
Nfyb,875,853,913,1509,1214,1457
Nfyc,488,508,528,734,762,686
Ng23,0,2,2,4,1,7
Ngb,124,167,130,10,19,28
Ngdn,279,263,265,376,370,332
Ngef,6955,7716,8460,600,744,640
Ngf,64,60,64,9,7,8
Ngfr,79,145,94,262,240,263
Ngfrap1,3474,4670,4223,5104,4904,4054
Ngly1,467,469,480,278,217,322
Ngp,18,2,12,3,4,2
Ngrn,243,281,271,255,247,244
Nhedc1,6,4,9,7,6,17
Nhedc2,49,38,34,31,53,42
Nhej1,22,26,25,27,14,29
Nhlh1,8,6,15,122,64,52
Nhlh2,45,27,27,194,186,219
Nhlrc1,146,188,167,105,120,113
Nhlrc2,257,289,242,473,316,427
Nhlrc3,319,273,353,445,421,466
Nhlrc4,33,16,23,4,0,2
Nhp2,656,762,854,835,893,676
Nhp2l1,1435,1436,1651,1679,1643,1709
Nhs,216,195,127,225,176,242
Nhsl1,890,1024,750,2116,1604,1699
Nhsl2,1875,1638,1719,251,259,220
Niacr1,1,0,1,0,0,1
Nicn1,1539,1548,1618,1704,1712,1643
Nid1,275,299,283,803,555,727
Nid2,132,165,136,340,266,315
Nif3l1,348,304,304,659,680,763
Nin,1376,1569,1379,4017,3321,3825
Ninj1,257,348,249,98,71,73
Ninj2,17,40,19,0,0,0
Ninl,145,182,218,740,629,689
Nip7,339,350,358,596,546,555
Nipa1,1388,1473,1329,597,605,727
Nipa2,740,572,557,485,429,531
Nipal1,1,0,0,3,0,0
Nipal2,119,144,94,39,39,29
Nipal3,3106,3414,3037,748,653,556
Nipal4,107,220,119,3,2,2
Nipbl,1453,1356,1378,3648,2842,3619
Nipsnap1,1286,1204,1410,1801,1813,1638
Nipsnap3a,0,0,0,1,0,0
Nipsnap3b,158,157,153,767,721,856
Nisch,10260,11541,10164,11958,10125,10489
Nit1,653,666,644,694,688,695
Nit2,118,110,106,147,151,168
Nkain1,448,627,420,2269,2154,2057
Nkain2,36,45,40,58,56,59
Nkain3,161,162,106,530,369,591
Nkain4,503,430,449,228,182,193
Nkap,354,280,256,560,434,571
Nkapl,5,7,8,28,14,20
Nkd1,350,599,327,338,318,290
Nkd2,109,114,126,396,466,432
Nkg7,1,0,0,0,0,0
Nkiras1,1667,1861,2097,460,469,432
Nkiras2,190,254,210,1003,865,887
Nkpd1,33,28,27,11,27,15
Nkrf,760,761,628,444,433,539
Nktr,2759,2581,3373,4508,3865,4603
Nkx1-1,0,0,0,0,0,0
Nkx1-2,1,3,1,0,1,1
Nkx2-1,47,58,23,193,51,128
Nkx2-2,100,188,81,22,24,21
Nkx2-3,1,0,0,21,20,13
Nkx2-4,1,6,0,0,0,0
Nkx2-5,0,0,0,0,0,0
Nkx2-6,0,0,0,0,0,0
Nkx2-9,8,9,6,0,0,0
Nkx3-1,52,36,42,2,2,1
Nkx3-2,0,0,0,0,0,0
Nkx6-1,6,7,1,1,1,0
Nkx6-2,337,404,229,6,2,1
Nkx6-3,0,0,2,1,0,0
Nle1,205,232,233,388,334,310
Nlgn1,1464,1176,1198,1001,922,1178
Nlgn2,7048,8200,7339,8174,7364,7048
Nlgn3,3794,4206,3723,3795,3864,3635
Nlk,2553,2102,2417,1315,1266,1239
Nlk-ps1,123,96,100,45,70,72
Nln,742,675,592,1139,1244,1184
Nlrc3,17,21,16,42,34,24
Nlrc4,15,1,8,0,1,1
Nlrc5,5,5,10,2,2,1
Nlrp10,6,3,3,0,0,0
Nlrp12,0,0,2,1,0,2
Nlrp14,0,0,0,0,0,0
Nlrp1a,3,2,3,0,0,2
Nlrp1b,10,12,7,0,1,0
Nlrp1c,2,9,5,0,1,0
Nlrp2,0,0,0,0,0,0
Nlrp3,34,21,42,7,4,9
Nlrp4a,0,0,0,0,0,0
Nlrp4b,0,0,0,0,0,0
Nlrp4c,0,0,0,1,1,0
Nlrp4d,0,0,0,0,0,0
Nlrp4e,0,0,0,0,0,0
Nlrp4f,0,5,1,0,0,0
Nlrp4g,0,0,0,0,0,0
Nlrp5,0,0,1,2,3,4
Nlrp6,22,7,26,13,24,12
Nlrp9a,0,0,0,0,0,0
Nlrp9b,0,0,0,0,0,0
Nlrp9c,0,0,0,0,0,0
Nlrx1,147,159,157,86,91,74
Nmb,38,44,55,38,44,47
Nmbr,54,42,44,16,18,15
Nmd3,337,377,385,434,414,506
Nme1,2682,3090,2988,3086,3385,2954
Nme2,588,763,821,1534,1956,1385
Nme3,5,3,1,5,5,5
Nme4,36,41,46,151,113,121
Nme5,139,124,129,20,24,36
Nme6,58,61,69,244,232,241
Nme7,300,280,235,320,283,309
Nmi,62,59,47,21,30,21
Nmnat1,111,114,119,120,116,105
Nmnat2,2453,2304,2624,2021,2029,1870
Nmnat3,59,44,57,23,17,18
Nmral1,223,300,259,821,710,680
Nms,1,2,3,0,0,1
Nmt1,3961,3438,3800,1518,1526,1528
Nmt2,2429,2149,2177,2581,2528,3007
Nmu,0,0,1,0,0,0
Nmur1,0,1,2,3,0,1
Nmur2,3,11,3,1,1,0
Nnat,3248,4731,3144,37823,32764,29515
Nnmt,16,20,11,9,27,14
Nnt,744,706,756,915,713,760
Nob1,514,570,599,1047,1016,898
Nobox,0,0,2,0,0,0
Noc3l,312,306,264,515,535,574
Noc4l,375,345,356,479,519,429
Nod1,117,146,171,78,52,50
Nod2,13,16,17,9,5,4
Nodal,5,9,16,5,1,2
Nog,159,199,129,87,63,63
Nol10,505,501,447,546,554,590
Nol11,502,431,434,771,775,822
Nol12,352,435,398,589,602,485
Nol3,309,353,252,18,15,16
Nol4,1315,1215,1361,2204,2119,2119
Nol6,3077,3023,3055,2524,2393,2341
Nol7,603,643,557,897,970,960
Nol8,628,581,502,820,807,930
Nol9,441,506,506,1013,947,977
Nolc1,1034,1001,977,1552,1405,1292
Nom1,737,723,646,645,656,694
Nomo1,3569,4285,3840,2171,2239,1959
Nono,1866,2008,1918,8325,8118,8047
Nop10,596,669,576,728,865,805
Nop14,501,544,513,793,872,764
Nop16,283,304,296,442,491,404
Nop2,453,527,486,828,785,760
Nop56,1250,1311,1379,2601,2741,2445
Nop58,537,659,526,1383,1467,1527
Nos1,2395,2488,2105,2954,2570,2590
Nos1ap,2293,2082,2555,416,383,404
Nos2,7,14,8,20,14,15
Nos3,198,231,188,143,133,122
Nosip,889,1036,1011,764,727,732
Nostrin,47,69,55,31,18,25
Notch1,847,928,956,2543,1415,1885
Notch2,423,504,466,1543,811,1143
Notch3,492,625,473,943,614,716
Notch4,269,198,255,186,173,144
Noto,0,0,0,0,0,0
Notum,68,68,48,15,23,12
Nov,2570,2389,1750,105,129,144
Nova1,1207,1214,1186,1108,847,1115
Nova2,1110,1478,948,2021,1884,1870
Nox1,2,3,7,2,1,3
Nox3,3,2,0,0,0,1
Nox4,5,2,1,48,32,61
Noxa1,0,0,0,0,0,0
Noxo1,18,14,17,26,29,26
Npas1,193,279,208,269,335,300
Npas2,718,786,843,79,94,65
Npas3,143,234,130,342,280,375
Npas4,270,698,190,110,103,95
Npat,638,531,504,614,419,670
Npb,9,11,7,5,5,2
Npbwr1,7,13,4,2,2,6
Npc1,1709,1883,1817,1179,1010,1119
Npc1l1,27,27,33,10,7,11
Npc2,1371,1606,1436,2053,2089,1665
Npdc1,3303,3816,3628,5306,5159,4682
Npepl1,231,350,270,444,421,421
Npepps,3432,3281,3267,3961,3777,4200
Npff,19,16,24,54,51,34
Npffr1,3,7,4,0,0,1
Npffr2,0,0,0,2,2,3
Nphp1,412,399,449,333,334,308
Nphp3,212,205,222,289,242,279
Nphp4,392,498,437,300,234,271
Nphs1,56,37,49,0,1,1
Nphs1as,12,9,7,0,0,0
Nphs2,8,3,5,2,3,2
Npl,73,55,63,41,19,23
Nploc4,1394,1594,1513,1557,1452,1594
Npm1,1093,1053,1122,2707,2955,3436
Npm2,7,7,7,14,21,21
Npm3,33,47,41,188,179,175
Npm3-ps1,51,90,77,417,443,329
Npn2,0,0,1,0,0,0
Npnt,539,678,697,147,143,177
Nppa,7,2,7,7,4,4
Nppb,1,0,0,1,1,0
Nppc,116,99,122,18,25,19
Npr1,105,108,86,25,17,26
Npr2,951,1042,1094,1347,1318,1258
Npr3,479,326,362,330,316,397
Nprl2,527,526,601,668,759,644
Nps,0,0,0,0,0,0
Npsr1,50,49,36,3,4,8
Nptn,10844,10723,10519,2108,2145,2489
Nptx1,8573,8502,9723,524,502,463
Nptx2,990,1453,1466,108,136,90
Nptxr,24180,24943,25163,2462,2889,2470
Npvf,3,2,0,1,0,0
Npw,2,1,0,0,0,1
Npy,1462,1404,1546,920,1339,1111
Npy1r,649,437,592,244,396,424
Npy2r,252,257,254,68,66,71
Npy5r,113,60,99,6,11,15
Npy6r,0,0,1,0,0,0
Nqo1,95,106,78,14,16,17
Nqo2,77,75,75,32,29,43
Nr0b1,0,0,3,7,6,1
Nr0b2,2,2,0,0,0,0
Nr1d1,2059,2701,2702,217,268,254
Nr1d2,2625,2112,2372,334,238,367
Nr1h2,840,1080,921,894,768,765
Nr1h3,74,45,80,29,17,23
Nr1h4,1,0,3,1,2,2
Nr1h5,0,1,0,0,1,0
Nr1i2,2,1,0,1,0,1
Nr1i3,110,88,96,73,89,80
Nr2c1,228,239,209,276,252,271
Nr2c2,1877,1661,1869,2577,2024,2422
Nr2c2ap,398,375,373,354,404,337
Nr2e1,266,405,299,802,503,547
Nr2e3,0,0,0,0,0,1
Nr2f1,1674,1652,1447,3998,3632,3762
Nr2f2,877,789,480,2013,1862,1613
Nr2f6,346,427,277,217,173,154
Nr3c1,2199,2193,1907,203,162,217
Nr3c2,1299,1052,1067,142,151,191
Nr4a1,1162,3629,854,135,130,126
Nr4a2,956,1131,758,879,1252,1281
Nr4a3,646,1318,540,1367,1393,1768
Nr5a1,1,8,0,1,0,1
Nr5a2,0,2,1,2,1,1
Nr6a1,258,191,217,120,113,133
Nradd,10,13,8,127,95,118
Nrap,22,23,22,6,3,5
Nrarp,509,540,412,683,523,528
Nras,1063,1253,993,3365,3428,3513
Nrbf2,423,416,429,369,293,318
Nrbp1,1573,1666,1675,1961,2080,1836
Nrbp2,2695,2945,2780,2136,2041,2020
Nrcam,6474,6503,5974,3666,3346,4170
Nrd1,3813,4026,4042,4249,4255,4449
Nrf1,383,397,479,1169,1015,1013
Nrg1,137,145,135,327,212,270
Nrg2,176,238,191,115,117,112
Nrg3,691,562,536,429,356,486
Nrg4,48,38,57,69,76,79
Nrgn,23449,26797,22082,512,838,689
Nrip1,1329,1011,1067,1886,1424,2120
Nrip2,454,437,402,160,155,154
Nrip3,3358,3304,3119,146,198,189
Nrk,1,5,2,23,5,21
Nrk1,103,82,96,41,75,59
Nrl,13,13,5,1,5,1
Nrm,50,56,42,188,139,172
Nrn1,4148,3471,3951,788,722,698
Nrn1l,3,7,10,2,0,1
Nrp1,600,667,622,2920,2153,2760
Nrp2,1132,1049,962,3586,3487,3466
Nrsn1,9928,9944,10059,395,399,435
Nrsn2,1450,1556,1262,81,80,73
Nrtn,52,61,44,4,5,7
Nrxn1,6784,6924,6050,3554,2900,4259
Nrxn2,14728,16664,13842,10211,10596,9548
Nrxn3,4435,4305,4193,1838,1418,1674
Nsa2,531,451,481,1006,1071,1022
Nsd1,4479,4299,4244,7202,6166,7105
Nsdhl,441,508,369,721,781,843
Nsf,19470,19615,20225,1959,2046,2022
Nsfl1c,1283,1647,1625,2250,2271,1764
Nsg1,6561,6203,6103,11925,13521,12332
Nsg2,15452,14659,13395,26211,28147,26059
Nsl1,22,22,26,208,140,161
Nsmaf,844,746,898,966,918,1067
Nsmce1,170,189,201,559,508,517
Nsmce2,202,206,193,350,310,341
Nsmce4a,516,438,451,584,550,612
Nsun2,1528,1563,1719,1915,1968,1831
Nsun3,215,201,200,232,196,263
Nsun4,220,237,246,186,144,149
Nsun5,165,194,192,366,342,351
Nsun6,146,149,155,274,285,337
Nsun7,213,204,212,169,164,165
Nt5c,569,607,519,481,508,450
Nt5c1a,80,86,55,4,3,2
Nt5c1b,0,1,1,0,0,0
Nt5c2,887,821,857,818,819,888
Nt5c3,750,621,634,877,919,1050
Nt5c3l,601,701,615,845,878,787
Nt5dc1,55,32,49,26,16,29
Nt5dc2,135,128,102,1331,993,965
Nt5dc3,4286,3436,4089,2044,2189,2112
Nt5e,167,162,185,16,21,22
Nt5m,691,859,798,509,514,427
Ntan1,519,493,504,651,671,685
Ntf3,45,37,30,61,105,70
Ntf5,12,11,5,0,1,1
Nthl1,55,79,55,74,91,97
Ntm,4781,4786,4613,2108,2528,2433
Ntn1,327,442,352,767,424,648
Ntn3,252,356,275,408,353,360
Ntn4,219,258,221,355,259,316
Ntn5,66,60,102,1,0,1
Ntng1,931,861,514,153,145,175
Ntng2,496,653,585,1528,1607,1496
Ntrk1,31,45,29,11,3,10
Ntrk2,11497,10766,11430,4420,4620,5133
Ntrk3,1316,1167,1405,1450,1062,1290
Nts,149,128,150,205,491,444
Ntsr1,211,284,181,1001,1138,1122
Ntsr2,1870,2449,2210,19,14,17
Nuak1,1731,2269,1708,4705,4153,4237
Nuak2,32,26,35,210,177,162
Nub1,1712,1716,1735,1929,1962,1716
Nubp1,215,266,278,389,345,365
Nubp2,482,461,453,575,502,489
Nubpl,74,63,58,46,43,66
Nucb1,1599,1877,1515,1074,1063,1005
Nucb2,367,492,391,326,400,325
Nucks1,1700,1318,1308,1795,1641,1888
Nudc,2272,2738,2319,2009,2184,1716
Nudcd1,215,255,204,394,348,410
Nudcd2,231,244,230,353,296,340
Nudcd3,3858,3845,4042,3587,3755,3301
Nudt1,70,89,85,115,126,102
Nudt10,570,761,510,847,791,846
Nudt11,792,1006,699,988,909,1073
Nudt12,136,132,111,40,25,25
Nudt13,193,160,247,211,241,191
Nudt14,110,134,92,174,162,155
Nudt15,112,100,107,73,68,106
Nudt16,186,248,219,201,216,239
Nudt16l1,625,604,613,590,548,449
Nudt18,855,993,811,164,181,162
Nudt19,1019,1064,966,640,697,724
Nudt2,208,204,183,214,259,208
Nudt21,282,239,226,524,439,489
Nudt22,119,132,97,79,68,76
Nudt3,7039,8047,7289,7694,8126,6462
Nudt4,3291,3446,2707,2288,2118,2417
Nudt5,378,390,364,383,344,368
Nudt6,76,44,81,40,28,34
Nudt7,75,46,58,8,10,7
Nudt8,131,160,180,628,591,535
Nudt9,1080,1211,1196,714,757,634
Nuf2,61,73,55,393,286,358
Nufip1,261,268,220,330,354,388
Nufip2,1211,1174,998,873,777,1007
Numa1,2794,3109,3152,7314,6121,5794
Numb,1004,1170,1134,437,353,389
Numbl,2283,3046,2596,2476,2355,2190
Nup107,375,402,377,1166,1035,1142
Nup133,613,599,628,1003,882,1043
Nup153,1054,1005,948,1966,1624,2208
Nup155,509,428,434,1299,945,1283
Nup160,297,263,318,810,607,891
Nup188,415,447,439,1522,1218,1339
Nup205,571,603,603,2328,2181,2536
Nup210,661,809,745,1635,1419,1529
Nup210l,16,18,9,51,50,65
Nup214,904,896,920,1123,1033,1036
Nup35,124,150,148,250,228,281
Nup37,55,49,68,166,134,131
Nup43,48,63,46,213,178,225
Nup50,642,714,670,962,769,711
Nup54,265,263,218,653,581,698
Nup62,561,591,574,1088,1056,920
Nup62cl,2,4,2,5,2,2
Nup85,550,580,585,1309,1192,1197
Nup88,1073,1076,1021,1902,1777,1975
Nup93,518,492,562,956,724,776
Nup98,785,754,715,1046,947,1126
Nupl1,759,777,627,858,748,921
Nupl2,161,146,147,199,197,175
Nupr1,159,137,157,4,4,2
Nus1,2457,2060,1962,1455,1500,1674
Nusap1,95,73,72,573,415,480
Nut,5,3,6,1,1,1
Nutf2,509,560,593,952,1002,932
Nvl,984,925,920,1499,1294,1482
Nwd1,2131,1909,2262,631,498,552
Nxf1,1118,1028,1223,2507,2388,2464
Nxf2,4,0,0,3,3,0
Nxf3,2,1,1,0,1,1
Nxf7,8,16,21,0,2,0
Nxn,424,355,341,419,396,300
Nxnl1,5,0,5,0,1,0
Nxnl2,5,4,4,10,14,9
Nxph1,607,665,551,487,554,687
Nxph2,52,36,37,98,106,148
Nxph3,535,863,534,720,792,770
Nxph4,106,97,68,225,215,189
Nxt1,103,119,153,295,265,232
Nxt2,663,511,475,212,189,253
Nynrin,89,108,80,401,302,280
Nyx,25,25,12,13,17,16
ORF19,485,593,463,719,735,685
ORF61,2233,2998,2565,2515,2465,2122
ORF63,6,12,6,2,4,1
Oaf,291,222,276,31,30,32
Oas1a,7,26,23,0,1,0
Oas1b,7,7,14,5,4,3
Oas1c,19,24,29,8,11,10
Oas1d,3,6,0,1,0,2
Oas1e,0,0,1,0,0,1
Oas1f,0,0,0,1,0,0
Oas1g,10,8,14,0,1,0
Oas1h,0,0,0,0,0,0
Oas2,12,14,11,1,2,2
Oas3,4,4,4,3,1,4
Oasl1,2,9,8,0,1,0
Oasl2,82,90,87,31,29,25
Oat,1321,1409,1422,1130,913,968
Oaz1,4954,6272,4420,4230,4121,3333
Oaz2,2832,3030,3014,1997,2051,1813
Oaz3,72,63,67,81,100,90
Obfc1,204,203,169,340,315,314
Obfc2a,177,164,155,85,90,101
Obfc2b,947,1079,960,1241,1253,1072
Obox1,0,0,0,0,0,0
Obox2,0,0,0,0,0,0
Obox3,0,0,0,0,0,0
Obox4,0,0,0,0,0,0
Obox5,0,0,0,0,0,0
Obox6,0,0,0,0,0,0
Obp1a,0,0,0,0,0,0
Obp1b,0,0,0,0,0,0
Obscn,259,300,302,120,175,125
Obsl1,540,739,630,1013,844,898
Oc90,2,2,1,0,2,0
Oca2,20,14,17,6,10,7
Ocel1,364,414,397,313,291,297
Ociad1,5198,5177,4965,2591,3068,2967
Ociad2,2333,1500,2270,297,296,282
Ocln,221,213,219,70,65,67
Ocm,7,4,6,1,1,0
Ocrl,1702,1389,1460,1036,959,1279
Odam,0,0,0,0,0,0
Odc1,733,865,910,3221,2891,2931
Odf1,0,0,0,0,0,0
Odf2,1822,2135,2314,2814,2631,2336
Odf2l,229,215,212,319,265,320
Odf3,4,7,5,7,3,7
Odf3b,40,36,34,2,2,1
Odf3l1,1,1,1,0,1,0
Odf3l2,4,9,3,1,3,4
Odf4,3,5,7,10,6,8
Odz1,1493,1398,1300,1111,1035,1614
Odz2,2585,2737,2683,5851,4962,6215
Odz3,2699,2906,2577,5296,3935,5315
Odz4,3585,3511,4190,7260,5214,6177
Ofcc1,0,0,0,0,0,0
Ofd1,214,197,210,356,367,427
Ogdh,6586,7076,6720,2761,2637,2617
Ogdhl,3040,2759,3451,1009,926,902
Ogfod1,2698,2721,2803,582,548,562
Ogfod2,540,623,677,468,512,432
Ogfr,863,1167,948,2175,2149,1948
Ogfrl1,4430,3313,3237,773,687,767
Ogg1,122,108,100,119,120,116
Ogn,194,109,89,14,8,17
Ogt,6793,6249,7753,11337,9945,12518
Oip5,12,6,17,52,45,42
Oit1,3,0,0,0,0,1
Oit3,4,2,3,1,1,1
Ola1,2201,1794,1631,1052,1105,1152
Olah,1,0,0,0,0,0
Olfm1,19055,21510,20998,5020,5181,4936
Olfm2,1950,2381,1906,2221,2559,2263
Olfm3,902,778,657,97,104,175
Olfm4,33,38,29,53,55,60
Olfml1,197,205,161,7,3,5
Olfml2a,103,87,83,93,55,54
Olfml2b,229,209,247,265,249,252
Olfml3,310,426,314,91,70,83
Olfr1,0,0,0,0,0,0
Olfr10,0,0,1,1,1,0
Olfr1000,0,0,0,0,0,0
Olfr1001-ps1,0,0,0,0,0,0
Olfr1002,0,0,0,0,0,0
Olfr1003-ps1,0,0,0,0,0,0
Olfr1004-ps1,0,0,0,0,0,0
Olfr1006,0,0,0,0,0,0
Olfr1008,0,0,0,0,0,0
Olfr1009,0,0,0,0,0,0
Olfr101,0,0,0,0,0,0
Olfr1010,0,0,0,0,0,0
Olfr1012,0,0,0,0,0,0
Olfr1013,0,0,0,0,0,0
Olfr1014,0,0,0,0,0,0
Olfr1015,0,0,0,0,0,0
Olfr1016,0,0,0,0,0,0
Olfr1017-ps1,0,0,0,0,0,0
Olfr1018,0,0,0,0,0,0
Olfr1019,0,0,0,0,0,0
Olfr102,0,0,0,0,0,0
Olfr1020,0,0,0,0,0,0
Olfr1021-ps1,0,0,0,0,0,0
Olfr1022,0,0,0,0,0,0
Olfr1023,0,0,0,0,0,0
Olfr1024,0,0,0,0,0,0
Olfr1025-ps1,0,0,0,0,0,1
Olfr1026,0,0,0,0,0,1
Olfr1027-ps1,0,0,0,0,0,0
Olfr1029,0,1,0,0,0,0
Olfr103,0,0,0,0,0,0
Olfr1030,0,0,0,0,0,0
Olfr1031,0,0,0,0,0,0
Olfr1032,0,0,1,0,0,0
Olfr1033,0,1,2,0,1,0
Olfr1034,0,0,0,0,0,0
Olfr1035-ps1,0,0,0,0,0,0
Olfr1036,0,0,0,0,0,0
Olfr1037,0,0,0,0,0,0
Olfr1038,0,0,0,0,0,0
Olfr1039,0,0,0,0,0,0
Olfr104,0,0,0,0,0,0
Olfr1040,0,0,0,0,0,0
Olfr1042,0,0,0,0,0,0
Olfr1043,0,0,0,0,0,0
Olfr1044,0,0,0,0,0,0
Olfr1045,0,0,0,0,0,0
Olfr1046,0,0,0,0,0,0
Olfr1047,0,0,0,0,1,0
Olfr1048,0,0,0,0,0,0
Olfr1049,0,0,0,0,0,0
Olfr105,0,0,0,0,0,0
Olfr1050-ps1,0,0,0,0,0,0
Olfr1051,0,0,0,0,0,0
Olfr1052,0,0,0,0,0,0
Olfr1053-ps1,0,0,0,0,0,0
Olfr1054,0,0,0,0,0,0
Olfr1055,0,0,0,0,0,0
Olfr1056,0,0,0,0,0,0
Olfr1057,0,0,0,0,0,0
Olfr1058,0,0,0,0,0,0
Olfr1059-ps1,0,0,0,0,0,0
Olfr106,0,0,0,0,0,0
Olfr1061,0,0,0,0,0,0
Olfr1062,0,0,0,0,0,0
Olfr1063-ps1,0,0,0,0,0,0
Olfr1065,0,0,0,0,0,0
Olfr1066,0,0,0,0,0,0
Olfr1069-ps1,0,0,0,0,0,0
Olfr107,0,0,0,0,0,0
Olfr1073-ps1,0,0,0,0,0,0
Olfr1076,0,0,0,0,0,0
Olfr1077-ps1,0,0,0,0,0,0
Olfr1078-ps1,0,0,0,0,0,0
Olfr1079,0,0,0,0,0,0
Olfr108,0,0,0,0,0,0
Olfr1080,0,0,0,0,0,0
Olfr1081-ps1,0,0,0,0,0,0
Olfr1082,0,0,0,0,0,0
Olfr1083,0,0,0,0,0,0
Olfr1084,0,0,0,0,0,0
Olfr1085,0,0,0,0,0,0
Olfr1086,0,0,0,0,0,0
Olfr1087,0,0,0,0,0,0
Olfr1089,0,0,0,0,0,0
Olfr109,0,0,0,0,0,0
Olfr1090,0,0,0,0,0,0
Olfr1093,0,0,0,0,0,0
Olfr1094,0,0,0,0,0,0
Olfr1095,0,0,0,0,0,0
Olfr1096-ps1,0,0,0,0,0,0
Olfr1097,0,0,0,0,0,0
Olfr1098,0,0,0,0,0,0
Olfr1099,0,0,0,0,0,0
Olfr11,0,0,0,0,1,0
Olfr110,1,1,0,1,2,0
Olfr1100,0,0,0,0,0,0
Olfr1101,0,0,0,0,0,0
Olfr1102,0,0,0,0,0,0
Olfr1103-ps1,0,0,0,0,0,0
Olfr1104,0,0,0,0,0,0
Olfr1105,0,0,0,0,0,0
Olfr1106,0,0,0,0,0,0
Olfr1107,0,0,0,0,0,0
Olfr1109,0,0,0,0,0,0
Olfr111,2,3,2,2,2,1
Olfr1110,0,0,0,0,0,0
Olfr1111,0,0,0,0,0,0
Olfr1112,0,0,0,0,0,0
Olfr1113,0,0,0,0,0,0
Olfr1115,0,0,0,0,0,0
Olfr1116,0,0,0,0,0,0
Olfr1117-ps1,0,0,0,0,0,0
Olfr1118,0,0,0,0,0,0
Olfr112,0,0,2,0,0,0
Olfr1120,0,0,0,0,0,0
Olfr1121,0,0,0,0,0,0
Olfr1122,0,0,0,0,0,0
Olfr1123,0,0,0,0,0,0
Olfr1124,0,0,0,0,0,0
Olfr1126,0,0,0,0,0,0
Olfr1127-ps1,0,0,0,0,0,0
Olfr1128,0,0,0,0,0,0
Olfr1129,0,0,0,0,0,0
Olfr1130,0,0,0,0,0,0
Olfr1131,0,0,1,0,0,0
Olfr1132,0,0,0,0,0,0
Olfr1133,0,0,0,0,0,0
Olfr1134,0,0,0,0,0,0
Olfr1135,1,0,0,0,0,0
Olfr1136,0,0,0,0,0,0
Olfr1137,1,0,0,0,0,0
Olfr1138,0,0,0,0,0,0
Olfr114,1,0,0,0,0,0
Olfr1140,0,0,0,0,0,0
Olfr1141,0,0,0,0,0,0
Olfr1143,0,0,0,0,0,0
Olfr1144-ps1,0,0,0,0,0,0
Olfr1145,0,0,0,0,0,0
Olfr1146-ps1,0,0,0,0,0,0
Olfr1147-ps1,0,0,0,0,0,0
Olfr1148,0,0,0,0,0,0
Olfr1149-ps1,0,0,0,0,0,0
Olfr1150-ps1,0,0,0,0,0,0
Olfr1151,0,0,0,0,0,0
Olfr1152,0,0,0,0,0,0
Olfr1153,0,0,0,0,0,0
Olfr1154,0,0,0,0,0,0
Olfr1155,0,0,0,0,0,0
Olfr1156,0,0,0,0,0,0
Olfr1157,0,0,0,0,0,0
Olfr1158,0,0,0,0,0,0
Olfr1159-ps1,0,0,0,0,0,0
Olfr116,0,1,0,0,0,0
Olfr1160,0,0,0,0,0,0
Olfr1161,0,0,0,0,0,0
Olfr1162,0,0,0,0,0,0
Olfr1163,0,0,0,0,0,0
Olfr1164,0,0,0,0,0,0
Olfr1165,0,0,0,0,0,0
Olfr1166,0,0,0,0,0,0
Olfr1167,0,0,0,0,0,0
Olfr1168,0,0,0,0,0,0
Olfr1169-ps1,0,0,0,0,0,0
Olfr117,0,0,0,0,0,0
Olfr1170,0,0,0,0,0,0
Olfr1171-ps1,0,0,0,0,0,0
Olfr1172-ps1,0,0,0,0,0,0
Olfr1173,0,0,0,0,0,0
Olfr1174,0,0,0,0,0,0
Olfr1175,0,0,0,0,0,0
Olfr1176,0,0,0,0,0,0
Olfr1177,0,0,0,0,0,0
Olfr1178,0,0,0,0,0,0
Olfr1179,0,0,0,0,0,0
Olfr118,0,0,0,0,0,0
Olfr1180,0,0,0,0,0,0
Olfr1181,0,0,0,0,0,0
Olfr1183,0,0,0,0,0,0
Olfr1184,0,0,0,0,0,0
Olfr1185-ps1,0,0,0,0,0,0
Olfr1186,0,0,0,0,0,0
Olfr1188,0,0,0,0,0,0
Olfr1189,0,0,0,0,0,0
Olfr119,0,0,0,0,0,0
Olfr1191-ps1,0,0,0,0,0,0
Olfr1192-ps1,0,0,0,0,0,0
Olfr1193,0,0,0,0,0,0
Olfr1195,0,0,0,0,0,0
Olfr1196,0,0,0,0,0,0
Olfr1197,0,0,0,0,0,0
Olfr1198,0,0,0,0,0,0
Olfr1199,0,0,0,0,0,0
Olfr12,0,0,0,0,0,0
Olfr120,0,0,0,0,0,0
Olfr1200,0,0,0,0,0,0
Olfr1201,0,0,0,0,0,0
Olfr1202,0,0,0,0,0,0
Olfr1204,0,0,0,0,0,0
Olfr1205,0,0,0,0,0,0
Olfr1206,0,0,0,0,0,0
Olfr1208,0,0,0,0,0,0
Olfr1209,0,0,0,0,0,0
Olfr121,0,0,0,0,0,0
Olfr1211,0,1,0,0,0,0
Olfr1212,0,0,0,0,0,0
Olfr1213,0,0,0,0,0,0
Olfr1214,0,0,0,0,0,0
Olfr1215,0,0,0,0,0,0
Olfr1216,0,0,0,0,0,0
Olfr1217,0,0,0,0,0,0
Olfr1218,0,0,0,0,0,0
Olfr1219,0,0,0,0,0,0
Olfr122,0,0,0,0,0,0
Olfr1220,0,0,0,0,0,0
Olfr1221,0,0,0,0,0,0
Olfr1222,0,0,0,0,0,0
Olfr1223,0,0,0,0,0,0
Olfr1224-ps1,0,0,0,0,0,0
Olfr1225,0,0,0,0,0,0
Olfr1226,0,0,0,0,0,0
Olfr1228,0,0,0,0,0,0
Olfr1229,0,0,0,0,0,0
Olfr123,0,0,0,0,0,0
Olfr1230,0,0,0,0,0,0
Olfr1231,0,0,0,0,0,0
Olfr1232,0,0,0,0,0,0
Olfr1233,0,0,0,0,0,0
Olfr1234,0,0,0,0,0,0
Olfr1235-ps1,0,0,0,0,0,0
Olfr1238,0,0,0,0,0,0
Olfr1239,0,0,0,0,0,0
Olfr124,0,0,0,0,0,0
Olfr1240,0,0,0,0,0,0
Olfr1241,0,0,0,0,0,0
Olfr1242,0,0,0,0,0,0
Olfr1243,0,0,0,0,0,0
Olfr1245,0,0,0,0,0,0
Olfr1246,0,0,0,0,0,0
Olfr1247,0,0,0,0,0,0
Olfr1248,0,0,0,0,0,0
Olfr1249,0,0,0,0,0,0
Olfr125,0,0,0,0,0,0
Olfr1250,0,0,0,0,0,0
Olfr1251,0,0,0,0,0,0
Olfr1252,0,0,0,0,0,0
Olfr1254,0,0,0,0,0,0
Olfr1255,0,0,0,0,0,0
Olfr1256,0,0,0,0,0,0
Olfr1257,0,0,0,0,0,0
Olfr1258,0,0,0,0,0,0
Olfr1259,1,0,0,0,0,0
Olfr126,1,0,0,0,0,0
Olfr1260,0,0,0,0,0,0
Olfr1261,0,0,0,0,0,0
Olfr1262,0,0,0,0,0,0
Olfr1263,0,0,0,0,0,0
Olfr1264,0,0,0,0,0,0
Olfr1265,0,0,0,0,0,0
Olfr1267-ps1,0,0,0,0,0,0
Olfr1268-ps1,0,0,0,0,0,0
Olfr1269,0,0,0,0,0,0
Olfr127,1,0,0,0,0,0
Olfr1270,1,0,0,0,0,0
Olfr1271,0,1,0,0,0,0
Olfr1272,0,0,0,0,0,0
Olfr1273,0,0,0,0,0,0
Olfr1274,0,0,0,0,0,0
Olfr1275,0,0,0,0,0,0
Olfr1276,0,0,0,0,0,0
Olfr1277,0,0,0,0,0,0
Olfr1278,0,0,0,0,0,0
Olfr1279,0,0,0,0,0,0
Olfr128,2,0,0,0,0,0
Olfr1280,0,0,0,0,0,0
Olfr1281,0,0,0,0,0,0
Olfr1282,0,0,0,0,0,0
Olfr1283,0,0,0,0,0,0
Olfr1284,0,0,1,0,0,0
Olfr1285,0,0,0,0,0,0
Olfr1286,0,0,0,0,0,0
Olfr1287,0,0,0,0,0,0
Olfr1288,0,0,0,0,0,0
Olfr1289,0,0,0,0,0,0
Olfr129,0,0,0,0,0,0
Olfr1290,0,0,0,0,0,0
Olfr1291,0,0,0,0,0,0
Olfr1292-ps1,0,0,0,0,0,0
Olfr1293,0,0,0,0,0,0
Olfr1294,0,0,0,0,0,0
Olfr1295,0,0,0,0,0,0
Olfr1296-ps1,0,0,0,0,0,0
Olfr1297,0,0,0,0,0,0
Olfr1298,0,0,0,0,0,0
Olfr1299,0,0,0,0,0,0
Olfr13,0,0,0,0,0,0
Olfr130,0,0,0,0,0,0
Olfr1300-ps1,0,0,0,0,0,0
Olfr1301,0,0,0,0,0,0
Olfr1302,0,0,0,0,0,0
Olfr1303,0,0,0,0,0,0
Olfr1305,0,0,0,0,0,0
Olfr1306,0,0,0,0,0,0
Olfr1307,0,0,0,0,0,0
Olfr1308,0,0,0,0,0,0
Olfr1309,0,0,0,0,0,0
Olfr131,0,0,0,0,0,0
Olfr1310,0,0,0,0,0,0
Olfr1311,0,0,0,0,0,0
Olfr1312,0,0,0,0,0,0
Olfr1313,0,0,0,0,0,0
Olfr1314,0,0,0,0,0,0
Olfr1315-ps1,0,0,0,0,0,0
Olfr1316,0,0,0,0,0,0
Olfr1317,0,0,0,0,1,0
Olfr1318,0,0,0,3,0,1
Olfr132,0,0,0,0,0,0
Olfr1320,0,0,0,0,0,0
Olfr1321,0,0,0,0,0,0
Olfr1322,0,0,0,0,0,0
Olfr1323,0,0,0,0,0,0
Olfr1324,0,0,0,0,0,0
Olfr1325,0,0,0,0,0,0
Olfr1326-ps1,0,0,0,0,0,0
Olfr1327-ps1,0,0,0,0,0,0
Olfr1329,0,0,0,0,0,0
Olfr133,0,0,0,0,0,0
Olfr1330,0,0,0,0,0,0
Olfr1331,0,0,0,0,0,0
Olfr1332-ps1,0,0,0,0,0,0
Olfr1333,0,0,0,0,0,0
Olfr1334-ps1,0,0,0,0,0,0
Olfr1336,0,0,0,0,0,0
Olfr1337,0,0,0,0,0,0
Olfr1338,0,0,0,0,0,0
Olfr1339,0,0,0,0,0,0
Olfr134,0,0,0,0,0,0
Olfr1340,0,0,0,0,0,0
Olfr1341,0,0,0,0,0,0
Olfr1342,0,1,1,0,1,0
Olfr1343-ps1,0,0,0,0,0,0
Olfr1344,162,150,172,63,67,66
Olfr1346,0,0,0,0,0,0
Olfr1347,0,0,0,0,0,0
Olfr1348,0,0,0,0,0,0
Olfr1349,0,0,0,0,0,0
Olfr135,0,0,0,0,0,0
Olfr1350,0,0,0,0,0,0
Olfr1351,0,0,0,0,1,2
Olfr1352,0,0,0,0,0,0
Olfr1353,0,0,1,0,0,1
Olfr1354,0,0,0,0,0,0
Olfr1355,0,0,0,0,0,0
Olfr1356,0,0,0,0,0,0
Olfr1357,0,0,0,0,0,0
Olfr1358,0,0,0,0,0,0
Olfr1359,0,1,0,0,0,0
Olfr136,0,0,0,0,0,0
Olfr1360,0,1,0,0,0,0
Olfr1361,0,0,0,0,0,0
Olfr1362,1,0,0,0,0,0
Olfr1364,0,0,0,0,0,0
Olfr1366,0,0,0,1,1,0
Olfr1367,0,0,0,0,0,0
Olfr1368,0,0,0,0,0,0
Olfr137,0,0,0,0,0,0
Olfr1370,0,0,0,0,0,0
Olfr1371,0,0,0,0,0,2
Olfr1372-ps1,1,0,2,2,2,2
Olfr1373,0,0,0,0,0,0
Olfr1374-ps1,0,0,0,0,0,0
Olfr1375-ps1,0,1,1,0,0,0
Olfr1376-ps1,0,0,0,0,0,0
Olfr1377,0,0,1,0,0,0
Olfr1378,0,0,2,0,0,0
Olfr1379-ps1,0,0,0,0,0,0
Olfr138,0,0,0,0,0,0
Olfr1380,0,0,0,0,0,1
Olfr1381,0,0,0,0,0,2
Olfr1382,0,0,0,0,0,1
Olfr1383,0,0,0,2,0,0
Olfr1384,0,0,0,1,0,0
Olfr1385,0,1,0,0,0,0
Olfr1386,0,1,0,0,0,0
Olfr1387,0,0,0,0,0,0
Olfr1388,0,0,0,0,0,0
Olfr1389,0,0,2,1,0,0
Olfr139,0,0,0,0,0,0
Olfr1390,0,0,0,0,0,0
Olfr1391,0,0,0,0,0,0
Olfr1392,4,3,1,2,1,3
Olfr1393,6,13,7,2,3,2
Olfr1394,0,0,1,0,0,0
Olfr1395,0,0,0,0,0,0
Olfr1396,0,0,1,0,0,0
Olfr1397-ps1,1,1,5,4,0,1
Olfr140,0,0,0,0,0,0
Olfr1402,0,0,0,0,0,0
Olfr1404,0,0,0,0,0,0
Olfr1406,0,0,0,0,0,0
Olfr1408,0,0,0,0,0,0
Olfr141,0,0,0,0,0,0
Olfr1410,0,0,1,0,0,0
Olfr1411,1,0,0,0,0,0
Olfr1412,0,0,0,0,0,0
Olfr1413,0,0,0,0,0,0
Olfr1414,0,0,0,0,0,0
Olfr1415,0,0,0,0,0,0
Olfr1416,0,0,0,0,0,0
Olfr1417,8,13,17,2,7,2
Olfr1418,4,3,5,0,1,0
Olfr1419,0,1,0,0,0,0
Olfr142,0,0,0,0,0,0
Olfr1420,2,0,3,1,1,3
Olfr1423,0,1,0,0,0,1
Olfr1424,0,0,0,0,2,0
Olfr1425,0,0,0,0,2,0
Olfr1426,0,0,0,0,3,0
Olfr1427,0,0,0,0,0,0
Olfr1428,0,0,0,0,0,0
Olfr143,0,0,0,0,0,0
Olfr1431,0,0,0,0,0,0
Olfr1432,0,0,0,0,0,0
Olfr1433,0,0,0,0,0,0
Olfr1436,0,0,0,0,0,0
Olfr1437,0,0,0,0,0,0
Olfr144,0,0,0,0,0,0
Olfr1440,0,0,0,0,0,0
Olfr1441,0,0,0,0,0,1
Olfr1442,0,0,0,0,0,0
Olfr1443,0,0,0,0,0,0
Olfr1444,0,0,0,0,0,0
Olfr1445,0,0,0,0,0,0
Olfr1446,0,0,0,0,0,0
Olfr1447,0,0,0,0,0,0
Olfr1448,0,0,0,0,0,0
Olfr1449,0,0,0,0,0,0
Olfr145,0,0,0,0,0,0
Olfr1450,0,0,0,0,0,0
Olfr1451,0,0,0,0,0,0
Olfr1453,0,0,0,0,0,0
Olfr1454,0,0,0,0,0,0
Olfr1457,0,0,0,0,0,0
Olfr1458,0,0,0,0,0,0
Olfr1459,0,0,0,0,0,0
Olfr146,0,0,0,0,0,0
Olfr1461,0,0,0,0,0,0
Olfr1462,0,0,0,0,0,0
Olfr1463,0,0,0,0,0,0
Olfr1465,0,0,0,0,0,0
Olfr1466,0,0,0,0,0,0
Olfr1467,0,0,0,0,0,0
Olfr1469,0,0,0,0,0,0
Olfr147,0,0,0,0,0,0
Olfr1471,0,0,0,0,0,0
Olfr1472,0,0,0,0,0,0
Olfr1474,0,0,0,0,0,0
Olfr1475,0,0,0,0,0,0
Olfr1477,0,0,0,0,0,0
Olfr148,0,0,0,0,0,0
Olfr1480,0,0,0,0,0,0
Olfr1484,0,0,0,0,0,0
Olfr1487,0,0,0,0,0,0
Olfr1489,0,0,0,0,0,0
Olfr149,0,0,0,0,0,0
Olfr1490,0,0,0,0,0,0
Olfr1491,0,0,0,0,0,0
Olfr1494,0,0,0,0,0,0
Olfr1495,0,0,0,0,0,0
Olfr1496,0,0,0,0,0,0
Olfr1497,0,0,0,0,0,0
Olfr1499,0,0,0,0,0,0
Olfr15,0,0,0,0,0,0
Olfr150,0,0,0,0,0,0
Olfr1500,0,0,0,0,0,0
Olfr1501,0,0,0,0,0,0
Olfr1502,0,0,0,0,0,0
Olfr1504,0,0,0,0,0,0
Olfr1505,0,0,0,0,0,0
Olfr1506,0,0,0,0,0,0
Olfr1507,4,0,0,0,0,0
Olfr1508,1,0,0,0,0,0
Olfr1509,0,0,1,0,0,0
Olfr151,0,0,0,0,0,0
Olfr1510,2,0,2,0,0,1
Olfr1511,2,2,2,0,2,1
Olfr1512,0,2,0,2,0,0
Olfr1513,0,1,0,0,0,0
Olfr1519,0,0,1,0,0,0
Olfr152,0,0,0,0,0,0
Olfr153,0,0,2,0,0,0
Olfr1532-ps1,0,0,1,0,0,0
Olfr1534-ps1,0,0,0,0,0,0
Olfr1535,0,0,2,1,3,1
Olfr1536-ps1,0,0,0,0,0,0
Olfr154,0,0,0,0,0,0
Olfr155,0,0,1,0,0,0
Olfr1559-ps1,0,0,0,0,0,0
Olfr156,0,0,0,0,0,0
Olfr157,0,0,1,0,0,0
Olfr159,0,0,0,0,0,0
Olfr16,0,0,0,0,0,0
Olfr160,0,0,0,0,0,0
Olfr161,0,0,0,0,0,0
Olfr164,1,0,0,0,0,0
Olfr165,0,0,0,0,0,0
Olfr166,0,0,0,0,0,0
Olfr167,0,0,0,0,0,0
Olfr168,0,0,0,0,0,0
Olfr169,0,0,0,0,0,0
Olfr17,0,0,0,0,0,0
Olfr170,0,0,0,0,0,0
Olfr171,0,0,0,0,0,0
Olfr172,0,0,0,0,0,0
Olfr173,0,0,0,0,0,0
Olfr175-ps1,0,0,0,0,0,0
Olfr176,0,0,0,0,0,0
Olfr178,0,0,1,0,0,0
Olfr179,0,0,1,0,0,0
Olfr18,1,0,1,0,0,0
Olfr180,0,0,0,0,0,0
Olfr181,0,0,0,0,0,0
Olfr183,0,0,0,0,0,0
Olfr186,0,0,0,0,0,0
Olfr187,0,0,0,0,0,0
Olfr19,0,0,0,0,0,0
Olfr190,0,0,0,0,0,0
Olfr191,0,0,0,0,1,0
Olfr192,0,0,0,0,0,0
Olfr193,0,0,0,0,0,0
Olfr194,0,0,0,0,0,0
Olfr195,0,0,0,0,0,0
Olfr196,0,0,0,0,0,0
Olfr198,0,0,0,0,0,0
Olfr199,0,0,0,0,0,0
Olfr2,0,0,0,0,0,0
Olfr20,0,0,0,0,0,0
Olfr201,0,0,0,0,0,0
Olfr202,0,0,0,0,0,0
Olfr203,0,0,0,0,0,0
Olfr204,0,0,0,0,0,0
Olfr205,0,0,0,0,0,0
Olfr206,0,0,0,0,0,0
Olfr207,0,1,0,0,0,0
Olfr211,0,0,0,0,0,0
Olfr212,0,0,1,0,0,0
Olfr213,0,0,0,0,0,0
Olfr214,0,0,1,0,0,1
Olfr215,0,1,0,0,0,0
Olfr218,0,0,0,0,0,0
Olfr22-ps1,0,0,0,0,0,0
Olfr220,0,0,0,0,0,0
Olfr221,2,1,0,0,0,0
Olfr222,0,0,0,0,0,0
Olfr223,0,0,0,0,0,0
Olfr224,0,0,0,0,0,0
Olfr225,0,2,0,0,0,0
Olfr227,0,0,0,0,0,0
Olfr228,0,0,0,0,0,0
Olfr229,0,0,0,0,0,0
Olfr23,0,0,0,0,0,0
Olfr231,0,0,0,0,0,0
Olfr235,0,2,0,0,0,0
Olfr237-ps1,0,0,0,0,1,0
Olfr24,0,0,0,0,0,0
Olfr243,0,0,0,0,0,0
Olfr247,0,0,0,0,0,0
Olfr248,0,0,0,0,0,0
Olfr25,0,0,0,0,0,0
Olfr250,0,0,0,0,0,0
Olfr251,0,0,0,0,0,0
Olfr259,0,0,0,0,0,0
Olfr26,0,0,0,0,0,0
Olfr260-ps1,0,0,0,0,0,0
Olfr262,0,0,0,0,0,0
Olfr263-ps1,0,0,0,0,0,0
Olfr264,0,0,0,0,0,0
Olfr266,1,0,0,0,0,0
Olfr267,0,0,1,2,0,2
Olfr269-ps1,0,0,0,0,0,0
Olfr27,0,0,0,0,0,0
Olfr270,0,0,0,0,0,0
Olfr271-ps1,1,0,0,0,0,1
Olfr272,0,0,0,0,0,0
Olfr273,0,0,0,0,0,0
Olfr275,0,0,0,0,0,0
Olfr279,1,1,1,0,0,0
Olfr281,0,0,0,0,0,0
Olfr282,1,0,0,0,0,0
Olfr283,0,0,0,0,0,0
Olfr284,0,0,0,0,1,0
Olfr285,0,0,0,0,0,0
Olfr286,21,15,22,0,1,0
Olfr287,94,71,85,0,1,0
Olfr288,50,53,51,0,1,0
Olfr29-ps1,0,0,0,0,0,0
Olfr290,0,0,0,0,0,0
Olfr291,0,0,0,0,1,0
Olfr292,1,0,0,0,0,0
Olfr293,0,0,0,0,0,0
Olfr294,0,0,0,0,0,0
Olfr295,0,0,0,0,0,0
Olfr298,0,0,0,0,0,0
Olfr299,0,0,0,0,0,0
Olfr3,0,0,0,0,0,0
Olfr30,0,0,0,0,0,0
Olfr301,0,0,0,0,0,0
Olfr303,0,0,0,0,0,0
Olfr304,0,0,0,0,0,0
Olfr305,0,0,0,0,0,0
Olfr307,0,0,0,0,0,0
Olfr308,0,0,0,0,0,0
Olfr309,0,0,0,0,0,0
Olfr31,3,2,2,0,0,0
Olfr310,0,0,0,0,0,0
Olfr311,0,0,0,0,0,0
Olfr312,0,0,0,0,0,0
Olfr313,0,0,0,0,0,0
Olfr314,0,0,0,0,0,0
Olfr315,0,0,0,0,0,0
Olfr316,11,11,11,1,1,1
Olfr317,0,0,5,1,1,0
Olfr318,0,2,2,0,0,0
Olfr319,0,0,0,0,0,0
Olfr32,0,0,0,0,0,0
Olfr321-ps1,0,0,0,0,0,0
Olfr323,0,0,0,0,0,0
Olfr324,0,0,0,1,1,0
Olfr325,0,0,0,0,0,0
Olfr328,1,0,0,0,0,0
Olfr329,0,0,0,0,0,0
Olfr33,2,0,1,0,0,0
Olfr330,0,0,0,0,0,0
Olfr331,0,0,0,0,0,0
Olfr332,0,0,0,0,0,0
Olfr333-ps1,0,0,0,0,0,0
Olfr334-ps1,0,0,0,0,0,0
Olfr335,0,0,0,0,0,0
Olfr336-ps1,0,0,0,0,0,0
Olfr337-ps1,0,0,0,0,0,0
Olfr338,0,0,0,0,0,0
Olfr339,0,0,0,0,0,0
Olfr340,0,0,0,0,0,0
Olfr341,2,0,0,0,0,0
Olfr342,0,0,0,0,0,0
Olfr343-ps1,0,0,0,0,0,0
Olfr344,0,0,0,0,0,0
Olfr345,0,0,0,0,0,0
Olfr346,0,0,0,0,0,0
Olfr347,0,0,0,0,0,0
Olfr348,0,0,0,0,0,0
Olfr349-ps1,0,0,0,0,0,0
Olfr350,0,0,0,0,0,0
Olfr351,0,0,0,0,0,0
Olfr352,0,0,0,0,0,0
Olfr353,0,0,0,0,0,0
Olfr354,0,0,0,0,0,0
Olfr355,0,0,0,0,0,0
Olfr356,0,0,0,0,0,0
Olfr357,0,0,0,0,0,0
Olfr358,0,0,0,0,0,0
Olfr359-ps1,0,0,0,0,0,0
Olfr360,0,0,0,0,0,0
Olfr361,0,0,0,0,0,0
Olfr362,0,0,0,0,0,0
Olfr363,0,0,0,0,0,0
Olfr364-ps1,0,0,0,0,0,0
Olfr365,0,0,0,0,0,0
Olfr366,0,0,0,0,0,0
Olfr367,0,0,0,0,0,0
Olfr368,0,0,0,0,0,0
Olfr370,0,1,0,0,0,0
Olfr371,0,0,0,0,0,0
Olfr372,0,0,0,0,0,0
Olfr374,0,2,0,0,0,0
Olfr376,0,0,0,0,0,0
Olfr377-ps1,0,0,0,0,0,0
Olfr378,0,0,0,0,0,0
Olfr379-ps1,0,0,0,0,0,0
Olfr38,0,0,2,0,0,0
Olfr380,0,0,0,0,0,0
Olfr381,0,0,0,0,0,0
Olfr382,0,0,0,0,0,0
Olfr383-ps1,0,0,0,0,0,0
Olfr384,0,0,0,0,0,0
Olfr385,0,0,0,0,0,0
Olfr387-ps1,0,0,0,0,0,0
Olfr388-ps1,0,0,0,0,0,0
Olfr389,0,0,0,0,0,0
Olfr39,0,0,0,0,0,0
Olfr390,0,0,0,0,0,0
Olfr391,0,0,0,0,0,0
Olfr392,0,0,0,0,0,0
Olfr393,0,0,0,0,0,0
Olfr394,0,0,0,0,0,0
Olfr395,0,0,0,0,0,0
Olfr396-ps1,0,0,0,0,0,0
Olfr397,0,0,0,0,0,0
Olfr398,0,0,0,0,0,0
Olfr399,0,0,0,0,0,0
Olfr400-ps1,0,0,0,0,0,0
Olfr401,0,0,0,0,0,0
Olfr402,0,0,0,0,0,0
Olfr403,0,0,0,0,0,0
Olfr404-ps1,0,0,0,0,0,0
Olfr405-ps1,0,0,1,0,0,0
Olfr406,0,0,0,0,0,0
Olfr407-ps1,0,0,0,0,0,0
Olfr408-ps1,0,0,0,0,0,0
Olfr409-ps1,0,0,0,0,0,0
Olfr410,0,0,0,0,0,0
Olfr411,0,0,0,0,0,0
Olfr412,0,0,0,0,0,0
Olfr414,0,0,1,0,0,0
Olfr417,0,0,0,0,0,0
Olfr418-ps1,0,0,0,0,0,0
Olfr419,0,0,0,0,0,0
Olfr420,0,0,0,0,0,0
Olfr424,0,0,0,0,0,0
Olfr426,0,0,0,0,0,0
Olfr429,0,0,0,0,0,0
Olfr43,0,0,0,0,0,0
Olfr432,0,0,0,0,0,0
Olfr433,0,0,0,0,0,0
Olfr434,0,0,0,0,0,0
Olfr435,0,0,0,0,0,0
Olfr437,0,0,0,0,0,0
Olfr44,0,0,0,0,0,0
Olfr441,0,0,0,0,0,0
Olfr444,0,0,0,0,0,0
Olfr446,0,0,0,0,0,0
Olfr447,0,0,0,0,0,0
Olfr448,0,0,0,0,0,0
Olfr449,0,0,0,0,0,0
Olfr45,0,0,2,0,0,0
Olfr450,0,0,0,0,0,0
Olfr452,0,0,0,0,0,0
Olfr453,0,0,0,0,0,0
Olfr456,0,0,0,1,0,0
Olfr457,0,0,0,0,0,0
Olfr458,0,0,0,0,0,0
Olfr459,0,0,0,0,0,0
Olfr46,0,1,1,0,0,0
Olfr460,1,0,1,2,0,0
Olfr461,4,2,5,2,4,3
Olfr462,0,0,0,0,0,0
Olfr463,0,0,1,0,0,0
Olfr464,10,5,12,0,0,0
Olfr466,0,0,0,0,0,0
Olfr467,0,0,0,0,0,0
Olfr469,0,0,0,0,0,0
Olfr47,0,0,0,0,0,0
Olfr470,0,0,0,0,0,0
Olfr471,0,0,1,0,0,0
Olfr472,0,0,0,0,0,0
Olfr473,0,0,0,0,0,0
Olfr474,0,0,0,0,0,0
Olfr475-ps1,0,0,0,0,0,0
Olfr476,0,0,0,0,0,0
Olfr477,0,0,0,0,0,0
Olfr478,0,0,0,0,0,0
Olfr479,0,0,0,0,0,0
Olfr48,0,0,0,0,0,0
Olfr480,0,0,0,0,0,0
Olfr481,0,0,0,0,0,0
Olfr482,0,0,0,0,0,0
Olfr483,0,0,0,0,0,0
Olfr484,0,0,0,0,0,0
Olfr486,0,0,0,0,0,0
Olfr487,0,0,0,0,0,0
Olfr488,0,0,0,0,0,0
Olfr49,1,0,0,1,0,0
Olfr490,0,0,0,0,0,0
Olfr491,0,0,0,0,0,0
Olfr493,0,0,0,0,0,0
Olfr494,0,0,0,0,0,0
Olfr495,0,0,0,0,0,0
Olfr497,0,0,0,0,0,0
Olfr498,0,0,0,0,0,0
Olfr5,0,0,0,0,0,0
Olfr50,0,0,0,0,0,0
Olfr502,0,0,0,0,0,0
Olfr503,0,0,0,0,0,0
Olfr504,0,0,0,0,0,0
Olfr506,0,0,0,0,0,0
Olfr507,0,0,0,0,0,0
Olfr508,0,0,0,0,0,0
Olfr509,0,0,0,0,0,0
Olfr51,0,0,0,0,0,0
Olfr510,0,0,0,0,0,0
Olfr512,0,0,0,0,0,0
Olfr513,0,0,1,0,0,0
Olfr514,0,0,0,0,0,0
Olfr516,0,0,0,0,0,0
Olfr517,0,0,0,0,0,0
Olfr518,0,0,0,0,0,0
Olfr519,0,0,0,0,0,0
Olfr52,0,0,0,0,0,0
Olfr520,0,1,1,0,0,1
Olfr521,0,1,0,0,0,2
Olfr522,1,0,0,0,0,0
Olfr523,1,0,0,0,0,0
Olfr524,2,0,0,0,0,0
Olfr525,0,0,0,0,0,0
Olfr527,0,0,0,0,0,0
Olfr53,1,1,1,0,0,0
Olfr530,0,0,0,0,0,0
Olfr531,0,0,0,0,0,0
Olfr532,0,0,0,0,0,0
Olfr533,0,0,0,0,0,0
Olfr535,0,0,0,0,0,0
Olfr536,0,0,0,0,0,0
Olfr538,0,0,0,0,0,0
Olfr539,3,6,7,0,1,0
Olfr54,0,0,0,0,0,0
Olfr541,0,0,0,0,0,0
Olfr543,4,6,6,25,18,15
Olfr544,4,5,3,5,6,1
Olfr545,9,4,5,7,4,5
Olfr547,0,0,0,0,0,0
Olfr549,0,0,0,0,0,0
Olfr55,6,2,11,2,4,6
Olfr550,3,1,1,0,0,0
Olfr551,0,0,0,0,0,0
Olfr552,0,0,0,0,0,0
Olfr553,0,0,0,0,0,0
Olfr554,0,0,0,0,0,0
Olfr555,0,0,0,0,0,0
Olfr556,0,0,0,0,0,0
Olfr557,0,0,0,0,0,0
Olfr558,7,11,17,0,0,0
Olfr559,0,1,0,0,0,0
Olfr56,1,0,2,0,0,1
Olfr561,0,0,0,0,0,0
Olfr566,0,0,0,0,0,0
Olfr568,0,0,0,0,0,0
Olfr569,0,0,0,0,0,0
Olfr57,0,0,1,2,2,6
Olfr570,3,0,0,0,0,0
Olfr571,0,0,0,0,0,0
Olfr572,0,0,0,0,0,0
Olfr574,0,1,0,0,0,0
Olfr575,0,0,0,0,0,0
Olfr576,0,0,0,0,0,0
Olfr577,0,0,0,0,0,0
Olfr578,0,0,0,0,0,0
Olfr58,0,0,0,0,0,0
Olfr582,0,0,0,0,0,0
Olfr583,0,0,0,0,0,0
Olfr584,0,0,0,0,0,0
Olfr585,0,0,0,0,0,0
Olfr586,0,0,0,0,0,0
Olfr587-ps1,0,0,0,0,0,0
Olfr588-ps1,0,0,0,0,0,0
Olfr589,0,0,0,0,0,0
Olfr59,0,0,0,0,0,0
Olfr590-ps1,0,0,0,0,0,0
Olfr591,0,0,0,0,0,0
Olfr592,0,0,0,0,0,0
Olfr593,0,0,0,0,0,0
Olfr594,0,0,0,0,0,0
Olfr595-ps1,0,0,0,0,0,0
Olfr597,0,0,0,0,0,0
Olfr598,0,0,0,0,0,0
Olfr599,0,0,0,0,0,0
Olfr6,0,0,0,0,0,0
Olfr60,0,0,0,0,0,0
Olfr600,0,0,0,0,0,0
Olfr601,0,0,0,0,0,0
Olfr602-ps1,0,0,0,0,0,0
Olfr603,0,0,0,0,0,0
Olfr605,0,0,0,0,0,0
Olfr606,0,0,0,0,0,0
Olfr607,0,0,0,0,0,0
Olfr608,0,0,0,0,0,0
Olfr609,0,0,0,0,0,0
Olfr61,0,0,1,0,0,0
Olfr610,0,0,0,0,0,0
Olfr611,0,0,0,0,0,0
Olfr612,0,0,0,0,0,0
Olfr613,0,0,0,0,0,0
Olfr615,0,0,0,0,0,0
Olfr616,0,0,0,0,0,0
Olfr617,0,0,0,0,0,0
Olfr618,0,0,0,0,0,0
Olfr619,0,0,0,0,0,0
Olfr62,0,0,0,0,0,0
Olfr620,0,0,0,0,0,0
Olfr621-ps1,0,0,0,0,0,0
Olfr622,0,0,0,0,0,0
Olfr623,0,0,0,0,0,0
Olfr624,0,0,0,0,0,0
Olfr625-ps1,0,0,0,0,0,0
Olfr626-ps1,0,0,0,0,0,0
Olfr628,0,0,0,0,0,0
Olfr629,0,0,0,0,0,0
Olfr63,0,0,0,0,0,1
Olfr630,0,0,0,0,0,0
Olfr631,0,0,0,0,0,0
Olfr632,0,0,0,0,0,0
Olfr633,0,0,0,0,0,0
Olfr634-ps1,0,0,0,0,0,0
Olfr635,0,0,0,0,0,0
Olfr636-ps1,0,0,0,0,0,0
Olfr637-ps1,0,0,0,0,0,0
Olfr638,0,0,0,0,0,0
Olfr639,0,0,0,0,0,0
Olfr64,0,0,0,0,0,0
Olfr640,0,0,0,0,0,0
Olfr641,0,0,0,0,0,0
Olfr642,0,0,0,0,0,0
Olfr643,0,0,0,0,0,0
Olfr644,0,0,0,0,0,0
Olfr645,0,0,0,0,0,0
Olfr646,0,0,0,0,0,0
Olfr647-ps1,0,0,0,0,0,0
Olfr648,0,0,0,0,0,0
Olfr649,0,0,0,0,0,0
Olfr65,0,0,0,0,0,0
Olfr650-ps1,0,0,0,0,0,0
Olfr651,0,0,0,0,0,0
Olfr652,0,0,0,0,0,0
Olfr653,0,0,0,0,0,0
Olfr654,0,0,0,0,0,0
Olfr655,0,0,0,0,1,0
Olfr656,0,0,0,0,0,0
Olfr657,0,0,0,0,0,0
Olfr658,3,3,1,1,0,1
Olfr659,0,0,0,0,0,0
Olfr66,0,0,0,0,0,0
Olfr660,0,0,0,0,0,0
Olfr661,0,0,0,0,0,0
Olfr664,0,0,0,0,0,0
Olfr665,0,0,0,0,0,0
Olfr666,0,0,0,0,0,0
Olfr667,0,0,0,0,0,0
Olfr668,0,0,0,0,0,0
Olfr669,0,0,1,0,0,0
Olfr67,0,0,0,0,0,0
Olfr670,0,0,0,0,0,0
Olfr671,0,0,0,0,0,0
Olfr672,0,0,0,0,0,0
Olfr675,0,0,0,0,0,0
Olfr676,0,0,0,0,0,0
Olfr677,0,0,1,0,0,0
Olfr678,1,0,0,0,0,0
Olfr679,0,0,0,0,0,0
Olfr68,0,0,0,0,0,0
Olfr681,0,0,0,0,0,0
Olfr683,0,0,0,0,0,0
Olfr684,0,0,0,0,0,0
Olfr685,0,0,0,0,0,0
Olfr686,0,0,0,0,0,0
Olfr687,1,0,0,0,2,0
Olfr688,1,1,0,0,1,0
Olfr689,2,0,0,0,0,1
Olfr69,0,0,0,0,0,0
Olfr690,2,0,2,0,2,0
Olfr691,2,1,1,1,0,0
Olfr692,9,12,24,1,5,2
Olfr693,0,0,0,0,0,0
Olfr694,0,0,0,0,0,0
Olfr695,0,0,0,0,0,0
Olfr697,0,0,0,0,0,0
Olfr698,0,0,0,0,0,0
Olfr699,0,0,0,0,0,0
Olfr70,1,1,5,12,5,6
Olfr700,0,0,0,0,0,0
Olfr701,0,0,0,0,0,0
Olfr702,0,0,0,0,0,0
Olfr703,0,0,0,0,0,0
Olfr704,0,0,0,0,0,0
Olfr705,0,0,0,0,0,0
Olfr706,0,0,0,0,0,0
Olfr707,0,0,1,0,0,0
Olfr71,1,0,0,4,1,1
Olfr710,0,0,0,0,0,0
Olfr711,0,0,0,0,0,0
Olfr713,0,0,0,0,0,0
Olfr714,0,0,0,0,0,0
Olfr715,0,0,0,0,0,0
Olfr716,0,0,0,0,0,0
Olfr719,0,0,0,0,1,0
Olfr720,0,0,0,0,0,0
Olfr722,0,0,0,0,0,0
Olfr723,0,0,0,0,0,0
Olfr724,0,0,0,0,0,0
Olfr725,0,0,0,0,0,0
Olfr726,0,0,0,0,0,1
Olfr727,0,0,0,0,0,0
Olfr728,0,0,0,0,0,0
Olfr729,0,0,0,0,0,0
Olfr73,0,0,0,0,0,0
Olfr730,0,0,0,0,0,0
Olfr731,0,0,0,0,0,0
Olfr732,0,0,0,0,0,0
Olfr733,0,0,0,0,0,0
Olfr734,0,0,0,0,0,0
Olfr735,0,0,0,0,0,0
Olfr736,0,0,0,0,0,0
Olfr738,0,0,0,0,0,0
Olfr739,0,0,0,0,0,0
Olfr74,0,0,0,0,0,0
Olfr740,0,0,0,0,0,0
Olfr741,0,0,0,0,0,0
Olfr742,0,0,0,0,0,0
Olfr744,0,0,0,0,0,0
Olfr745,1,0,0,0,0,0
Olfr746,0,0,0,0,0,0
Olfr747,0,0,0,0,0,0
Olfr748,0,0,0,0,0,0
Olfr749,0,0,0,0,0,0
Olfr75-ps1,1,0,0,0,0,0
Olfr750,0,0,0,0,0,0
Olfr76,0,0,0,0,0,0
Olfr761,1,0,0,0,0,0
Olfr763,0,0,0,0,0,0
Olfr765,0,0,0,0,0,0
Olfr766,0,0,0,0,0,0
Olfr767,0,0,0,0,0,0
Olfr768,0,0,0,0,0,0
Olfr769,0,0,0,0,0,0
Olfr77,0,0,0,0,0,0
Olfr770,0,0,0,0,0,0
Olfr771,0,0,0,0,0,0
Olfr772,0,0,0,0,0,0
Olfr773,0,0,0,0,0,0
Olfr776,0,0,0,0,0,0
Olfr777,0,0,0,0,0,0
Olfr779,0,0,0,0,0,0
Olfr78,22,14,20,0,0,0
Olfr780,0,0,0,0,0,0
Olfr781,0,0,0,0,0,0
Olfr782,0,0,0,0,0,0
Olfr784,0,0,0,0,0,0
Olfr786,0,0,0,0,0,0
Olfr787,0,0,0,0,0,0
Olfr788,0,0,0,0,0,0
Olfr790,0,0,0,0,0,0
Olfr791,0,0,0,0,0,0
Olfr792,0,0,0,0,0,0
Olfr794,0,0,0,0,0,0
Olfr796,0,0,0,0,0,0
Olfr798,0,0,0,0,0,0
Olfr799,0,0,0,0,0,0
Olfr8,0,0,0,0,0,0
Olfr800,0,0,0,0,0,0
Olfr801,0,0,0,0,0,0
Olfr802,0,0,0,0,0,0
Olfr803,0,0,0,0,0,1
Olfr804,0,0,0,0,0,0
Olfr805,1,0,1,0,0,0
Olfr806,0,0,1,0,0,0
Olfr807,0,0,0,0,0,0
Olfr808,0,0,0,0,0,0
Olfr809,0,0,0,0,0,0
Olfr810,0,0,0,0,0,0
Olfr811,0,0,0,0,0,0
Olfr812,0,0,0,0,0,0
Olfr813,0,0,0,0,0,0
Olfr814,0,0,0,0,0,0
Olfr815,0,0,0,0,0,0
Olfr816,0,0,0,0,0,0
Olfr818,0,0,0,0,0,0
Olfr819,0,0,0,0,0,0
Olfr820,0,0,0,0,0,0
Olfr821,0,0,0,0,0,0
Olfr822,0,0,0,0,0,0
Olfr823,0,0,0,0,0,0
Olfr824,0,0,0,0,0,0
Olfr825,0,0,0,0,0,0
Olfr826,0,0,0,0,0,0
Olfr827,0,0,0,0,0,0
Olfr828,0,0,0,0,0,0
Olfr829,0,0,0,0,0,0
Olfr830,0,0,0,0,0,0
Olfr832,0,0,0,0,0,0
Olfr834,0,0,0,0,0,0
Olfr835,0,0,0,0,0,0
Olfr836,0,0,0,0,0,0
Olfr837,0,0,0,0,0,0
Olfr843,0,0,0,0,0,0
Olfr844,0,0,0,0,0,0
Olfr845,0,0,0,0,0,0
Olfr846,0,0,0,0,0,0
Olfr847,0,0,0,0,0,0
Olfr849,0,0,0,0,0,0
Olfr850,0,0,0,0,0,0
Olfr851,0,0,0,0,0,0
Olfr853,0,0,0,0,0,0
Olfr854,0,0,0,0,0,0
Olfr855,0,0,0,0,0,0
Olfr859,0,0,0,0,1,0
Olfr860,0,0,0,0,0,0
Olfr862,0,0,0,0,0,0
Olfr866,0,0,0,0,0,0
Olfr867,0,0,0,0,0,0
Olfr868,0,0,0,0,0,0
Olfr869,0,0,0,0,0,0
Olfr870,0,0,0,0,0,0
Olfr871,0,0,0,0,0,0
Olfr872,0,0,0,0,0,0
Olfr873,0,0,0,0,0,0
Olfr874,0,0,0,0,0,0
Olfr875,0,0,1,0,0,0
Olfr876,0,0,0,0,0,0
Olfr877,0,0,0,0,0,0
Olfr878,2,0,2,0,0,0
Olfr881,0,1,0,0,0,0
Olfr883,0,0,0,0,0,0
Olfr884,0,0,0,0,0,0
Olfr885,0,0,0,0,0,0
Olfr887,0,0,0,0,0,0
Olfr888,0,0,0,0,0,0
Olfr889,0,0,0,0,0,0
Olfr890,0,0,0,0,0,0
Olfr891,0,0,0,0,0,0
Olfr893,0,0,0,0,0,0
Olfr894,0,0,0,0,0,0
Olfr895,0,0,0,0,0,0
Olfr898,1,0,0,0,0,0
Olfr9,0,0,0,0,0,0
Olfr90,0,0,0,2,2,0
Olfr901,0,0,1,0,0,0
Olfr902,0,0,0,0,0,0
Olfr904,0,0,0,0,0,0
Olfr905,0,0,0,0,0,0
Olfr906,0,0,0,0,0,0
Olfr907,0,0,0,0,0,0
Olfr910,0,0,0,0,0,0
Olfr911-ps1,0,0,0,0,0,0
Olfr912,0,0,0,0,0,0
Olfr913,0,0,1,0,0,0
Olfr914,0,0,0,0,0,0
Olfr916,0,0,0,0,0,0
Olfr917,0,0,0,0,0,0
Olfr918,0,0,0,0,0,0
Olfr919,0,0,0,0,0,0
Olfr920,3,0,2,0,0,0
Olfr921,0,0,0,0,0,0
Olfr922,0,0,0,0,0,0
Olfr923,0,0,0,0,0,0
Olfr924,0,0,0,0,0,0
Olfr926,0,0,0,0,0,0
Olfr93,0,0,0,0,0,0
Olfr930,0,0,0,0,0,0
Olfr933,0,0,0,0,0,0
Olfr934,0,0,0,0,0,0
Olfr935,0,0,0,0,0,0
Olfr936,0,0,0,0,0,0
Olfr937,0,0,0,0,0,0
Olfr938,0,0,0,0,0,0
Olfr94,0,0,0,0,0,0
Olfr943,0,0,0,0,0,0
Olfr944,0,0,0,0,0,0
Olfr945,0,0,0,0,0,0
Olfr948,0,0,0,0,0,0
Olfr95,0,0,0,0,0,0
Olfr951,0,0,0,0,1,0
Olfr952,0,0,0,0,0,0
Olfr954,0,0,0,0,1,0
Olfr955,0,0,0,0,0,0
Olfr957,0,0,0,0,0,0
Olfr958,0,0,0,0,0,0
Olfr959,0,0,0,0,0,0
Olfr96,0,0,0,0,0,0
Olfr960,0,0,0,0,0,0
Olfr961,0,1,0,0,0,0
Olfr963,0,0,0,0,0,0
Olfr965,0,0,0,0,0,0
Olfr967,0,0,0,0,0,0
Olfr968,0,0,0,0,0,0
Olfr969,0,0,0,0,0,0
Olfr97,0,0,0,0,0,0
Olfr970,0,0,0,0,0,0
Olfr971,0,0,0,0,0,0
Olfr972,0,0,0,0,0,0
Olfr974,0,0,0,0,0,0
Olfr975,0,0,0,0,0,0
Olfr976,0,0,0,0,0,0
Olfr978,0,0,0,0,0,0
Olfr979,0,0,0,0,0,0
Olfr98,0,0,0,0,0,0
Olfr980,0,0,0,0,0,0
Olfr981,0,0,0,0,0,0
Olfr982,0,0,0,0,0,0
Olfr983,0,0,0,0,0,0
Olfr984,0,0,0,0,0,0
Olfr985,0,0,0,0,0,0
Olfr986,0,0,0,0,0,0
Olfr987,0,0,0,0,0,0
Olfr988,0,0,0,0,0,0
Olfr99,4,1,0,0,1,0
Olfr990-ps1,1,1,1,0,0,0
Olfr992,0,0,2,0,0,0
Olfr993,0,0,0,0,0,0
Olfr994,0,0,0,0,0,0
Olfr995,0,0,0,0,0,0
Olfr996,0,0,0,0,0,0
Olfr997-ps1,0,0,0,0,0,0
Olfr998,0,0,0,0,0,0
Olfr999-ps1,0,0,0,0,0,0
Olig1,2537,3509,1963,522,598,520
Olig2,817,837,618,338,388,323
Olig3,3,5,0,17,12,6
Olr1,1,3,0,0,0,0
Oma1,122,129,106,240,243,231
Omd,40,21,23,0,0,3
Omg,2068,2042,2032,74,84,94
Omp,3,9,6,5,4,9
Omt2b,0,0,0,0,0,0
Onecut1,2,4,6,3,0,2
Onecut2,161,123,180,145,104,149
Onecut3,3,11,0,5,2,3
Ooep,8,6,6,46,21,31
Oog1,0,0,0,0,0,0
Oog2,0,0,0,0,0,0
Oog3,0,0,1,0,0,0
Oog4,0,0,0,0,0,0
Oosp1,0,0,0,0,0,0
Opa1,4293,4045,4135,3266,2842,3550
Opa3,1141,1191,1147,841,800,770
Opalin,248,525,187,0,0,0
Opcml,5599,5041,4651,2323,2961,3416
Ophn1,1007,1022,955,1387,1349,1433
Oplah,723,642,749,252,224,214
Opn1mw,6,5,5,0,1,0
Opn1sw,0,3,3,1,4,3
Opn3,93,118,89,38,39,44
Opn4,3,8,7,0,0,0
Opn5,0,1,0,0,0,0
Oprd1,347,445,370,9,10,9
Oprk1,282,248,289,19,17,30
Oprl1,942,1022,1019,1234,1173,1101
Oprm1,77,70,62,55,49,57
Optc,14,15,18,48,41,45
Optn,484,573,476,175,214,203
Orai1,133,150,135,166,169,161
Orai2,1848,2160,2005,1448,1405,1369
Orai3,339,431,426,135,152,147
Oraov1,295,406,377,616,611,500
Orc1l,29,29,22,54,41,55
Orc2l,615,576,571,559,532,647
Orc3l,853,718,723,1327,1204,1544
Orc4l,815,686,698,960,798,1183
Orc5l,355,376,350,345,401,396
Orc6l,337,331,307,596,598,600
Orm1,0,0,0,0,0,1
Orm2,0,1,0,1,2,4
Orm3,0,0,0,1,0,4
Ormdl1,175,146,157,276,266,292
Ormdl2,53,49,46,80,60,41
Ormdl3,897,1012,908,1315,1414,1172
Os9,3750,4145,3561,2834,2816,2494
Osbp,1052,1093,1078,1151,1014,1064
Osbp2,2356,2858,2259,432,523,487
Osbpl10,685,754,766,256,273,255
Osbpl11,542,553,514,924,847,833
Osbpl1a,5900,6078,5674,818,1077,1113
Osbpl2,1307,1412,1393,1439,1362,1279
Osbpl3,835,747,855,252,270,316
Osbpl5,725,849,717,1076,921,1041
Osbpl6,1641,1582,1496,1497,1333,1617
Osbpl7,357,494,437,551,476,360
Osbpl8,3080,2543,2658,2756,1901,3008
Osbpl9,1019,971,1009,1646,1535,1586
Oscar,35,25,31,18,17,14
Oscp1,1044,893,1117,589,571,485
Osgep,205,281,309,507,511,482
Osgepl1,255,231,279,205,195,254
Osgin1,13,7,12,3,2,4
Osgin2,365,290,356,379,323,370
Osm,1,0,2,0,0,0
Osmr,94,84,73,47,65,58
Osr1,27,24,25,0,0,0
Osr2,0,0,0,0,0,0
Osta,0,0,0,4,1,2
Ostb,1,0,0,2,0,3
Ostc,496,524,487,746,824,737
Ostf1,265,261,291,153,160,158
Ostm1,1246,1192,1254,615,629,628
Ostn,2,2,1,0,0,0
Otc,1,0,1,1,0,0
Otoa,4,2,1,1,3,5
Otof,745,814,857,293,378,329
Otog,2,1,3,3,0,0
Otop1,0,1,1,0,0,0
Otop2,13,15,17,2,0,1
Otop3,2,2,4,2,5,3
Otor,0,0,1,4,2,4
Otos,11,5,3,1,3,6
Otp,6,21,3,15,9,6
Ott,0,0,0,0,0,0
Otub1,4165,4674,4447,2255,2199,1910
Otub2,542,697,585,428,461,468
Otud1,455,584,374,126,119,158
Otud3,276,327,294,248,203,214
Otud4,1652,1478,1650,2568,2177,2704
Otud5,2052,2256,2165,2263,2091,2108
Otud6a,0,0,0,1,1,0
Otud6b,1381,1219,1211,794,734,866
Otud7a,1327,1579,1606,349,333,280
Otud7b,1838,1572,1992,659,569,599
Otx1,117,132,119,419,354,349
Otx2,121,117,78,39,7,11
Ovca2,163,205,166,142,161,147
Ovch2,0,0,0,0,0,0
Ovgp1,69,55,100,193,204,210
Ovol1,40,27,30,11,13,7
Ovol2,182,81,151,0,2,3
Oxa1l,813,878,864,1195,1184,1047
Oxct1,6472,7158,6486,4138,4799,4891
Oxct2a,5,3,1,8,4,5
Oxct2b,8,11,8,15,10,19
Oxgr1,5,4,4,1,0,1
Oxnad1,271,240,232,221,248,198
Oxr1,7945,6739,6434,1070,1010,1250
Oxsm,213,155,209,121,111,119
Oxsr1,1447,1393,1315,1738,1687,1780
Oxt,29,285,44,1,0,0
Oxtr,215,260,198,58,93,89
P140,10481,14520,10656,5683,5702,5102
P2rx1,10,7,6,0,1,1
P2rx2,1,1,1,108,126,151
P2rx3,33,21,40,7,12,7
P2rx4,284,323,361,96,86,80
P2rx5,33,22,34,15,35,22
P2rx6,103,106,132,96,77,87
P2rx7,179,298,252,42,54,47
P2ry1,145,125,115,92,61,82
P2ry10,5,0,3,0,0,0
P2ry12,541,648,441,66,44,45
P2ry13,189,211,227,23,17,18
P2ry14,26,13,19,7,2,7
P2ry2,11,13,13,2,2,2
P2ry4,0,0,1,4,1,2
P2ry6,38,48,53,13,14,9
P4ha1,1033,1220,926,618,597,486
P4ha2,325,336,357,177,155,179
P4ha3,88,145,108,197,168,158
P4hb,2413,2771,2179,3434,3407,3142
P4htm,1475,1843,1728,220,282,243
Pa2g4,1189,1297,1215,2668,2768,2485
Pabpc1,2573,2326,2044,5043,4865,5231
Pabpc1l,6,10,17,38,53,45
Pabpc1l2a,518,565,389,133,112,128
Pabpc1l2b,759,871,576,207,168,179
Pabpc2,0,0,0,0,0,0
Pabpc4,603,575,518,1081,1075,1074
Pabpc5,36,43,26,38,24,68
Pabpc6,0,0,0,0,0,1
Pabpn1,2510,2529,2381,4605,4435,4300
Pabpnl1,0,1,0,1,1,4
Pacrg,225,233,248,55,45,47
Pacrgl,113,108,111,119,91,160
Pacs1,1779,2104,1926,2217,2196,2069
Pacs2,3395,5355,3637,5481,5621,5287
Pacsin1,10456,11586,10303,740,828,705
Pacsin2,1329,1511,1538,462,357,362
Pacsin3,735,940,729,297,234,206
Padi1,0,0,1,1,2,4
Padi2,585,1134,605,14,15,10
Padi3,0,0,0,0,0,0
Padi4,7,0,1,0,0,0
Padi6,5,12,7,0,1,3
Paf1,1338,1530,1602,1975,2073,1750
Pafah1b1,14745,13622,12799,8471,8183,9866
Pafah1b2,3698,3450,3194,4956,4563,4881
Pafah1b3,190,218,168,2917,2883,2421
Pafah2,138,140,129,218,194,224
Pag1,885,851,792,1740,1303,1634
Pah,4,2,1,0,0,0
Paics,1586,1446,1325,1675,1652,1839
Paip1,1575,1325,1240,1790,1953,2085
Paip2,2319,2687,2452,2891,2710,3021
Paip2b,1625,1461,1669,2537,2328,2507
Pak1,9677,9621,9872,3915,4148,3950
Pak1ip1,716,700,712,691,617,651
Pak2,1179,1122,1048,2512,2253,2521
Pak3,3135,2600,2491,3314,2750,4055
Pak4,234,330,207,687,507,492
Pak6,2244,2364,2310,1774,1910,1741
Pak7,1157,996,1115,1568,1361,1778
Palb2,30,17,19,107,75,97
Palld,97,115,53,195,108,142
Palm,5451,6669,4511,6105,6241,5541
Palm2,330,243,248,133,158,155
Palm2-Akap2,0,0,0,0,0,1
Palmd,355,413,312,631,477,518
Pam,4556,4209,4591,2380,2212,2363
Pamr1,547,670,667,15,18,9
Pan2,405,441,553,1396,1192,1261
Pan3,836,690,871,1251,1244,1376
Pank1,369,351,318,254,223,271
Pank2,852,819,890,852,724,819
Pank3,1690,1558,1288,3176,2407,3723
Pank4,681,626,734,926,850,903
Panx1,309,336,298,1749,1629,1641
Panx2,2897,3601,2720,497,565,482
Panx3,0,0,0,0,0,0
Paox,102,88,89,71,60,59
Papd4,185,167,178,385,340,442
Papd5,1180,972,974,1135,895,1186
Papln,73,72,109,25,26,18
Papola,2194,2117,2079,4103,3804,4185
Papolb,50,37,38,49,63,74
Papolg,439,431,385,785,586,866
Pappa,39,33,27,49,27,31
Pappa2,77,69,50,407,446,443
Papss1,1580,1873,1531,2343,2246,2096
Papss2,458,389,364,31,31,28
Paqr3,227,229,234,481,373,449
Paqr4,798,950,804,322,372,270
Paqr5,136,59,126,9,10,6
Paqr6,133,208,133,2,8,9
Paqr7,983,1285,1020,185,192,172
Paqr8,5566,3818,4666,920,803,993
Paqr9,247,268,217,78,64,94
Pard3,639,666,624,964,808,835
Pard3b,90,107,84,156,95,137
Pard6a,401,471,392,337,321,300
Pard6b,149,135,160,254,176,191
Pard6g,141,160,136,768,629,690
Parg,975,960,865,1184,1088,1159
Park2,40,45,54,24,16,25
Park7,2617,2573,2380,2513,2629,2173
Parl,387,405,470,575,529,553
Parm1,666,749,637,74,71,84
Parn,542,615,619,996,968,812
Parp1,1892,2036,2023,4484,3871,3569
Parp10,58,74,72,26,29,25
Parp11,493,455,477,1684,1576,1694
Parp12,199,197,273,49,63,62
Parp14,100,102,104,9,10,13
Parp16,65,53,61,89,80,95
Parp2,312,264,324,550,611,607
Parp3,106,74,93,7,8,11
Parp4,191,183,193,40,27,43
Parp6,2177,2551,2581,3730,3840,3764
Parp8,441,490,461,1074,938,1120
Parp9,79,73,79,36,40,35
Pars2,159,148,174,195,172,152
Parva,1783,1813,1879,697,581,596
Parvb,566,762,506,332,290,287
Parvg,101,128,144,23,12,17
Pasd1,9,4,7,23,24,26
Pask,124,89,135,305,267,270
Pate2,11,7,12,28,25,36
Pate4,0,0,0,1,1,1
Patl1,513,563,562,1068,966,988
Patl2,1,2,6,0,0,0
Patz1,717,651,699,1608,1352,1309
Pawr,48,67,43,45,25,30
Pax1,3,2,0,0,0,2
Pax2,0,0,0,0,0,1
Pax3,1,4,4,0,1,0
Pax4,2,0,0,0,0,0
Pax5,0,1,1,2,0,0
Pax6,178,204,182,1325,853,938
Pax6os1,2,6,5,15,8,5
Pax7,4,5,2,0,0,0
Pax8,1,1,2,0,0,1
Pax9,2,0,0,0,0,1
Paxip1,1033,1135,1072,1135,1084,1073
Pbk,6,19,9,423,289,344
Pbld,1,3,4,5,1,2
Pbp2,1,3,2,0,0,0
Pbrm1,1482,1386,1311,4176,3132,4214
Pbsn,0,0,0,0,0,0
Pbx1,1280,1394,1134,3195,2882,3008
Pbx2,1153,1289,1053,887,801,809
Pbx3,301,348,319,1278,943,1308
Pbx4,165,181,173,230,226,216
Pbxip1,1551,1809,1538,241,210,196
Pcbd1,75,113,87,45,48,43
Pcbd2,148,174,144,50,53,51
Pcbp1,2829,3454,2588,4243,3521,3304
Pcbp2,3182,3379,3588,5915,5226,5001
Pcbp3,1122,1242,1040,548,606,559
Pcbp4,2358,2787,2203,4708,4611,3997
Pcca,581,535,644,323,305,311
Pccb,1409,1503,1498,997,1074,916
Pcdh1,6327,7464,6028,1898,1843,1717
Pcdh10,3731,4523,3631,2637,1993,2556
Pcdh11x,513,514,395,493,390,624
Pcdh12,10,31,9,122,106,91
Pcdh15,603,574,524,282,251,258
Pcdh17,2227,2356,1832,1683,1404,1793
Pcdh18,176,193,134,710,523,685
Pcdh19,1318,1240,967,1919,1553,2065
Pcdh20,789,589,764,183,179,244
Pcdh24,13,15,11,16,17,15
Pcdh7,2319,2514,2120,1283,723,1230
Pcdh8,907,1141,808,1969,1596,1977
Pcdh9,2210,2216,1797,911,739,1025
Pcdha11,1800,2078,1739,2078,1795,2112
Pcdha6,163,192,121,242,249,236
Pcdhb1,2,6,2,2,0,1
Pcdhb10,67,120,79,57,51,61
Pcdhb11,97,74,73,64,70,110
Pcdhb12,126,167,132,60,81,81
Pcdhb13,103,116,101,54,59,45
Pcdhb14,163,164,123,75,70,47
Pcdhb15,86,67,73,50,64,66
Pcdhb16,177,183,168,176,130,198
Pcdhb17,302,348,345,339,338,340
Pcdhb18,163,170,129,144,113,164
Pcdhb19,193,183,183,259,187,318
Pcdhb2,47,76,64,48,44,63
Pcdhb21,62,54,42,88,89,91
Pcdhb22,160,180,136,182,205,241
Pcdhb3,124,135,138,110,109,120
Pcdhb4,62,57,57,76,101,92
Pcdhb5,119,110,119,117,126,133
Pcdhb6,40,50,65,40,45,43
Pcdhb7,191,162,134,235,243,234
Pcdhb8,63,35,46,86,54,85
Pcdhb9,297,263,220,175,169,166
Pcdhga11,5952,6396,5927,5621,4727,5067
Pcdhga2,161,181,151,208,232,242
Pcf11,922,959,751,1309,1159,1292
Pcgf1,104,97,117,159,140,139
Pcgf2,420,449,457,2361,2062,1988
Pcgf3,1371,1545,1317,3703,3154,3490
Pcgf5,160,170,171,90,48,69
Pcgf6,244,225,253,558,485,604
Pcid2,626,619,598,784,765,771
Pcif1,1218,1444,1261,2351,2088,1965
Pck1,1,1,0,0,0,0
Pck2,435,445,435,255,215,208
Pclo,7756,7325,7230,3850,3230,4160
Pcm1,2654,2502,2208,4201,3601,4755
Pcmt1,3077,2840,2947,1214,1194,1220
Pcmtd1,3381,2390,2771,1450,1341,1795
Pcmtd2,1988,1578,1646,1331,1078,1299
Pcna,606,683,677,1896,1658,1750
Pcna-ps1,0,0,0,0,0,0
Pcnp,3499,2739,2693,1931,1999,2230
Pcnt,1466,1279,1237,1405,981,1143
Pcnx,4060,4013,3949,5169,4050,4687
Pcnxl2,2835,3176,3172,569,623,569
Pcnxl3,1461,1744,1563,2971,2365,2512
Pcolce,259,164,186,28,22,22
Pcolce2,188,117,160,17,16,16
Pcp2,14,20,18,8,7,7
Pcp4,2255,3010,2783,280,332,356
Pcp4l1,3368,3640,3613,28,45,30
Pcsk1,589,724,568,37,42,44
Pcsk1n,10032,12686,9653,1400,1596,1442
Pcsk2,7604,7411,7812,501,555,658
Pcsk4,60,90,100,47,48,47
Pcsk5,205,267,250,196,241,217
Pcsk6,425,563,443,80,102,105
Pcsk7,462,570,702,973,889,801
Pcsk9,109,104,116,32,27,33
Pctk1,5267,6627,5992,3842,3725,3623
Pctp,33,31,37,14,7,6
Pcx,1878,2049,1785,934,912,881
Pcyox1,2502,2383,2279,1950,1901,1998
Pcyox1l,431,465,372,509,466,485
Pcyt1a,503,614,541,892,793,822
Pcyt1b,1197,1212,1083,2175,2477,2317
Pcyt2,1542,2328,1910,1759,1952,1578
Pdap1,2252,2591,2494,3839,3697,3255
Pdc,0,0,0,0,0,0
Pdcd1,1,2,3,0,0,0
Pdcd10,335,268,258,211,204,276
Pdcd11,618,786,705,1701,1590,1456
Pdcd1lg2,4,0,3,0,1,0
Pdcd2,0,0,0,0,0,0
Pdcd2l,218,245,266,347,363,352
Pdcd4,1740,1738,1732,1463,1385,1237
Pdcd5,297,303,324,431,511,467
Pdcd6,932,945,1069,921,829,833
Pdcd6ip,2123,1953,1775,1237,1074,1288
Pdcd7,470,518,516,469,432,406
Pdcl,681,581,662,1407,1183,1288
Pdcl2,1,0,0,0,0,0
Pdcl3,496,581,512,1299,1294,1048
Pddc1,401,475,538,573,593,546
Pde10a,5379,6218,7302,3461,2610,3240
Pde11a,138,153,118,33,19,26
Pde12,240,266,222,449,354,482
Pde1a,4940,4483,4309,493,628,680
Pde1b,5495,6424,6702,1691,1467,1484
Pde1c,98,104,107,218,125,167
Pde2a,9237,10146,11440,1790,2199,1904
Pde3a,65,107,67,143,91,113
Pde3b,368,336,292,497,477,582
Pde4a,2698,2963,3029,846,862,762
Pde4b,2399,2339,2543,904,935,1036
Pde4c,62,38,63,6,7,5
Pde4d,1063,1096,994,1064,850,1035
Pde4dip,5810,6523,6028,5821,5385,5556
Pde5a,133,117,121,253,174,215
Pde6a,6,7,2,0,0,1
Pde6b,2,2,6,0,0,0
Pde6c,3,2,12,0,1,1
Pde6d,705,840,682,809,810,660
Pde6g,3,11,6,1,2,1
Pde6h,7,9,12,1,2,4
Pde7a,725,733,759,3192,2717,3330
Pde7b,1313,1102,1451,137,143,128
Pde8a,466,581,456,101,87,84
Pde8b,2080,2001,2178,192,165,209
Pde9a,346,395,404,1178,1171,1026
Pdf,14,19,23,30,24,23
Pdgfa,542,738,533,274,279,237
Pdgfb,561,759,590,182,133,166
Pdgfc,177,178,182,236,260,330
Pdgfd,124,74,99,6,10,12
Pdgfra,1801,1640,1877,799,767,822
Pdgfrb,539,646,608,572,420,416
Pdgfrl,21,20,13,19,21,27
Pdha1,4444,4445,4502,2031,2180,2151
Pdha2,21,24,18,7,16,9
Pdhb,1443,1568,1443,1084,1086,1130
Pdhx,997,911,850,681,616,652
Pdia2,7,11,4,5,2,7
Pdia3,4237,3972,3558,3015,3145,3808
Pdia4,899,989,850,1382,1299,1222
Pdia5,63,87,69,63,75,58
Pdia6,2027,2231,2093,3605,3709,3392
Pdik1l,336,288,300,812,770,990
Pdilt,0,2,0,0,1,3
Pdk1,1462,1320,1472,806,770,885
Pdk2,2459,2178,2499,459,429,386
Pdk3,504,429,397,133,134,192
Pdk4,253,243,215,59,30,42
Pdlim1,98,101,120,27,15,21
Pdlim2,240,471,229,19,18,19
Pdlim3,45,41,54,8,6,6
Pdlim4,171,205,168,269,286,257
Pdlim5,405,369,371,126,74,95
Pdlim7,673,857,782,824,763,692
Pdp1,3511,3334,3033,1326,1113,1477
Pdp2,213,196,202,430,382,395
Pdpk1,3673,3264,3413,2158,1613,2340
Pdpn,180,187,164,339,302,293
Pdrg1,728,882,886,1523,1687,1367
Pds5a,1043,940,923,1874,1432,1910
Pds5b,3129,2875,2615,3014,2254,3234
Pdss1,190,212,195,421,363,421
Pdss2,253,237,232,244,251,235
Pdx1,1,0,0,0,0,0
Pdxdc1,1780,2022,1927,1600,1727,1665
Pdxk,4843,4911,4915,637,691,633
Pdxp,1339,1684,1393,770,686,651
Pdyn,826,655,925,57,58,63
Pdzd11,616,574,589,539,512,547
Pdzd2,2779,1789,3029,684,617,738
Pdzd3,11,18,15,11,11,5
Pdzd4,3484,3983,3701,5958,6348,5758
Pdzd7,129,128,157,215,221,221
Pdzd8,1891,1762,1452,1068,884,1192
Pdzd9,57,25,32,15,20,27
Pdzk1,9,4,5,3,1,1
Pdzk1ip1,4,4,5,1,0,0
Pdzrn3,861,926,894,1450,1148,1243
Pdzrn4,145,201,170,423,378,355
Pea15a,10307,12227,10566,7873,7484,7024
Pea15b,0,0,0,0,0,0
Pear1,107,98,136,100,75,71
Pebp1,6501,6397,6707,6667,6792,5512
Pebp4,0,2,3,0,3,1
Pecam1,454,456,445,370,302,293
Peci,527,454,549,760,652,632
Pecr,72,69,76,69,61,67
Pef1,1118,1029,983,552,465,457
Peg12,1,2,1,35,19,31
Peg3,10390,11567,10107,4674,3188,4058
Peli1,909,858,747,2599,2330,2644
Peli2,686,639,678,899,701,804
Peli3,501,579,532,374,398,360
Pelo,283,259,250,238,237,227
Pelp1,863,914,890,1486,1450,1264
Pemt,19,37,24,34,31,32
Penk,5503,5918,5989,154,177,192
Peo1,317,462,419,971,932,796
Pepd,566,602,542,410,424,392
Per1,2353,2787,2072,768,673,773
Per2,954,822,803,428,364,421
Per3,1135,794,1186,118,87,127
Perp,118,116,113,53,48,44
Pes1,490,514,555,860,854,863
Pet112l,369,408,405,341,313,349
Pet2,0,0,0,0,0,0
Pex1,477,461,499,558,507,664
Pex10,225,278,277,198,231,191
Pex11a,248,225,225,207,253,203
Pex11b,645,673,700,467,525,537
Pex11c,58,70,75,76,75,64
Pex12,204,221,210,292,298,345
Pex13,687,636,588,444,456,526
Pex14,641,776,609,349,379,346
Pex16,519,525,534,420,491,399
Pex19,1653,1653,1525,1723,1715,1652
Pex26,455,466,426,704,614,585
Pex3,412,384,426,458,382,525
Pex5,1036,1290,1258,2077,1958,1793
Pex5l,4152,3704,3918,137,169,150
Pex6,1266,1565,1436,1049,1132,1002
Pex7,338,377,345,161,154,211
Pf4,8,9,5,2,0,1
Pfas,707,712,765,1384,1287,1229
Pfdn1,651,787,737,750,796,664
Pfdn2,1835,2182,2286,1579,1705,1236
Pfdn4,242,219,205,338,364,392
Pfdn5,1301,1262,1287,1349,1358,1191
Pfkfb1,4,8,13,51,44,59
Pfkfb2,776,807,947,1319,1118,1385
Pfkfb3,673,777,725,2365,2133,2227
Pfkfb4,286,329,290,667,611,565
Pfkl,4515,4812,5177,2573,2406,2029
Pfkm,9668,10691,10961,3416,3598,3109
Pfkp,6707,7255,7812,6012,6561,6522
Pfn1,1816,2104,1703,2292,2187,1994
Pfn2,8887,9053,9212,6565,6208,6956
Pfn3,0,3,2,2,3,2
Pfn4,142,123,134,61,70,63
Pftk1,4961,4197,4314,1360,1260,1561
Pftk2,6,4,8,2,0,1
Pga5,0,0,1,0,0,1
Pgam1,9738,9944,8920,3556,3341,3320
Pgam1-ps1,443,424,366,170,171,137
Pgam1-ps2,5714,6332,5694,2325,2030,1910
Pgam2,115,144,109,45,51,38
Pgam5,374,439,448,537,460,445
Pgap1,285,259,205,903,602,938
Pgap2,315,280,289,365,354,333
Pgap3,242,213,204,142,131,126
Pgbd1,40,49,48,72,74,62
Pgbd5,3792,4018,3955,482,576,507
Pgc,0,0,0,0,0,0
Pgcp,233,238,234,14,16,4
Pgd,830,953,928,1431,1443,1294
Pgf,50,55,37,47,61,41
Pggt1b,194,230,215,369,268,331
Pgk1,4927,5044,5518,2254,2269,2090
Pgk2,0,0,0,0,0,0
Pgls,292,401,337,789,723,688
Pglyrp1,120,83,143,82,94,60
Pglyrp2,1,0,1,0,0,0
Pglyrp3,0,0,0,0,0,0
Pglyrp4,0,0,0,0,0,0
Pgm1,157,138,147,449,312,370
Pgm2,1351,1142,1246,436,385,439
Pgm2l1,10423,8830,7716,2398,2605,3095
Pgm3,237,247,267,503,491,539
Pgm5,89,94,80,18,18,19
Pgp,753,1073,799,278,235,250
Pgpep1,157,197,166,359,297,300
Pgpep1l,14,10,13,0,0,0
Pgr,413,366,379,40,40,50
Pgr15l,9,40,2,2,0,3
Pgrmc1,5189,5416,4312,3849,3688,4131
Pgrmc2,2047,2283,1876,909,1066,986
Pgs1,1638,1826,1615,926,988,915
Phactr1,10342,9932,11086,4239,4039,4157
Phactr2,640,515,497,220,139,175
Phactr3,3665,3633,3119,1792,1761,1606
Phactr4,336,316,317,840,723,711
Phax,914,1023,921,1446,1494,1246
Phb,1111,1324,1057,1360,1370,1157
Phb2,1282,1377,1155,2117,2031,1766
Phc1,1072,1281,1173,3989,3623,3415
Phc2,1686,2029,1625,3493,2801,2794
Phc3,645,665,668,761,657,793
Phex,23,15,14,11,9,16
Phf1,748,832,703,715,673,573
Phf10,694,815,599,1086,934,999
Phf11,5,2,4,1,1,1
Phf12,1362,1336,1228,2425,1914,2172
Phf13,370,433,348,639,585,550
Phf14,982,1040,892,2753,2331,2832
Phf15,2027,1957,1906,50,73,46
Phf16,281,228,221,740,681,820
Phf17,759,712,800,715,504,614
Phf19,20,13,21,125,84,88
Phf2,1596,1600,1370,3199,2400,2525
Phf20,1867,1574,1721,2214,2042,2276
Phf20l1,1352,1270,1247,3190,2167,3242
Phf21a,735,814,863,2046,1692,1776
Phf21b,197,326,218,2134,1434,1408
Phf23,1012,1294,942,1071,1110,899
Phf3,2322,2540,2328,3656,3441,3485
Phf5a,307,367,384,836,822,737
Phf6,613,526,487,2235,1880,2434
Phf7,70,68,93,139,126,142
Phf8,675,684,672,994,873,961
Phgdh,696,852,641,685,578,522
Phip,1652,1477,1573,4323,2595,4502
Phka1,685,631,767,214,202,207
Phka2,707,640,756,623,536,558
Phkb,809,846,868,557,428,574
Phkg1,282,344,302,12,13,14
Phkg2,873,979,913,778,815,787
Phlda1,492,650,410,283,213,239
Phlda2,1,0,0,0,0,0
Phlda3,394,599,349,73,85,62
Phldb1,2869,5280,2897,3840,3430,3161
Phldb2,188,181,151,267,164,235
Phlpp1,2483,2795,2521,1352,1028,1263
Phlpp2,1424,1387,1427,1156,983,1147
Phospho1,111,99,90,2,1,2
Phospho2,449,430,377,317,320,391
Phox2a,1,0,0,1,1,1
Phox2b,2,0,1,0,0,0
Phpt1,278,348,284,258,253,211
Phrf1,1350,1559,1423,2993,2465,2411
Phtf1,1040,1007,1044,963,851,1013
Phtf2,442,431,414,896,854,958
Phxr2,0,0,0,0,1,0
Phxr4,0,1,0,1,1,1
Phyh,1455,1334,1302,311,304,355
Phyhd1,117,68,183,144,149,109
Phyhip,11671,12362,12862,221,322,244
Phyhipl,3505,4089,3328,1027,1090,1314
Pi15,3,13,2,4,3,4
Pi16,17,34,25,38,29,35
Pi4k2a,1671,1772,1690,1068,976,926
Pi4k2b,53,44,46,113,112,130
Pi4ka,8085,8163,9590,4697,4140,4123
Pi4kb,901,919,906,929,920,958
Pias1,591,576,590,509,449,496
Pias2,1069,1022,1017,1671,1287,1681
Pias3,492,415,411,434,362,350
Pias4,451,523,452,647,629,549
Pibf1,259,196,204,271,244,274
Picalm,3241,3037,2765,3990,3752,4772
Pick1,895,1010,911,1141,1142,1013
Pid1,681,733,796,632,472,673
Pif1,5,8,7,236,159,170
Piga,217,250,193,256,186,237
Pigb,106,97,87,111,111,128
Pigc,225,231,230,312,274,293
Pigf,78,83,77,92,106,76
Pigg,449,424,451,241,215,275
Pigh,107,127,120,93,119,130
Pigk,10236,14403,16033,3816,3386,3288
Pigl,235,243,277,233,194,214
Pigm,231,218,180,278,225,282
Pign,201,190,208,242,199,268
Pigo,490,572,562,742,665,673
Pigp,216,200,214,327,313,381
Pigq,1792,2207,2054,1032,1131,998
Pigr,1,2,0,1,0,0
Pigs,1165,1383,1179,857,827,797
Pigt,1440,1743,1521,1644,1523,1513
Pigu,405,454,445,645,661,640
Pigv,129,150,140,244,245,238
Pigw,112,77,91,94,102,127
Pigx,158,184,164,415,391,434
Pigy,397,363,374,135,149,176
Pigyl,406,429,373,306,368,247
Pigz,205,244,235,41,56,56
Pih1d1,402,481,472,1070,1144,873
Pih1d2,46,32,51,19,24,22
Pik3ap1,100,107,105,24,16,29
Pik3c2a,559,443,433,505,285,604
Pik3c2b,675,830,741,2351,2083,2227
Pik3c2g,7,4,2,0,2,0
Pik3c3,1242,1234,1270,1051,1007,1043
Pik3ca,1796,1679,1763,2899,2368,2898
Pik3cb,857,773,767,486,513,576
Pik3cd,658,722,648,1248,1332,1147
Pik3cg,101,90,96,30,21,25
Pik3ip1,837,856,898,613,610,521
Pik3r1,4474,4022,4240,4472,5061,5330
Pik3r2,3163,3872,3249,3843,3738,3483
Pik3r3,1514,1665,1308,3354,2668,2976
Pik3r4,1154,1173,1253,909,827,815
Pik3r5,66,74,86,12,10,9
Pik3r6,67,77,70,24,32,27
Pikfyve,1459,1325,1436,1660,1282,1772
Pilra,10,3,4,0,2,0
Pilrb1,0,1,0,0,0,0
Pilrb2,2,1,0,0,0,0
Pim1,98,64,93,266,211,183
Pim2,646,689,677,213,203,194
Pim3,841,913,754,651,519,565
Pin1,1269,1623,1329,822,884,730
Pin1l,139,187,145,85,94,76
Pin4,173,191,191,202,255,210
Pink1,9730,9147,9173,2121,2275,2098
Pion,90,105,84,274,267,271
Pip,0,0,0,0,0,0
Pip4k2a,2422,2191,2294,593,666,662
Pip4k2b,4299,4354,4032,5860,6275,5617
Pip4k2c,3238,3266,3934,874,758,635
Pip5k1a,1216,1197,1177,801,662,731
Pip5k1b,536,407,467,35,28,26
Pip5k1c,11089,12564,11209,7032,7021,6471
Pip5kl1,119,140,110,56,57,57
Pipox,30,36,37,114,88,86
Pir,94,106,65,12,12,9
Pira10,8,2,6,0,1,5
Pira2,8,3,4,0,2,2
Pira3,3,0,2,0,0,2
Pisd,1102,1081,1177,1167,1265,1183
Pisd-ps1,3353,3654,4640,5230,4956,5554
Pisd-ps2,1177,1349,1952,2055,2051,2052
Pitpna,8092,8537,7840,3533,3736,3534
Pitpnb,1885,1910,1918,1890,1891,1826
Pitpnc1,2146,2164,2045,2445,2187,2271
Pitpnm1,4821,6040,4990,2081,2074,1931
Pitpnm2,6663,6018,7068,2922,2567,2839
Pitpnm3,2510,2907,2723,343,251,340
Pitrm1,721,690,690,1073,938,1048
Pitx1,1,1,2,0,1,2
Pitx2,20,22,0,0,0,0
Pitx3,1,2,0,0,0,0
Piwil1,7,2,2,8,19,15
Piwil2,18,13,23,2,3,6
Piwil4,1,0,0,0,0,0
Pja1,4762,5691,5113,5820,5630,5162
Pja2,10097,10491,10409,4271,3941,4581
Pkd1,2782,3197,3387,3670,2839,3385
Pkd1l1,1,3,2,2,1,2
Pkd1l2,8,5,14,0,1,0
Pkd1l3,67,53,76,47,38,54
Pkd2,1198,1154,1290,1506,1198,1421
Pkd2l1,26,36,25,0,0,0
Pkd2l2,35,27,39,20,26,32
Pkdcc,200,236,195,721,503,518
Pkdrej,38,27,40,7,4,6
Pkhd1,1,0,2,0,0,0
Pkhd1l1,13,8,11,3,5,5
Pkia,3862,3430,3222,5562,5269,6880
Pkib,290,203,204,19,18,18
Pkig,1319,1507,1127,813,783,710
Pklr,3,3,5,6,2,1
Pkm2,22578,24500,27311,13538,11989,10492
Pkmyt1,320,348,272,250,234,235
Pkn1,650,712,703,1235,1158,1104
Pkn2,499,439,449,801,537,831
Pkn3,23,26,36,74,53,51
Pknox1,177,239,194,538,366,494
Pknox2,1186,1471,1358,754,841,751
Pkp1,7,8,10,1,0,0
Pkp2,291,161,237,11,3,11
Pkp3,10,3,3,0,0,0
Pkp4,6271,6231,6157,2381,2522,2353
Pla1a,42,16,32,3,9,4
Pla2g10,3,1,2,2,3,3
Pla2g12a,246,292,301,218,209,174
Pla2g12b,0,0,1,0,0,0
Pla2g15,567,656,584,437,440,394
Pla2g16,719,815,781,44,36,30
Pla2g1b,0,0,0,0,1,0
Pla2g2a,0,0,0,0,0,0
Pla2g2c,6,5,0,1,1,1
Pla2g2d,3,2,5,1,0,1
Pla2g2e,0,0,1,0,0,1
Pla2g2f,11,8,17,0,0,0
Pla2g3,191,123,201,64,64,57
Pla2g4a,79,80,51,5,6,4
Pla2g4b,170,256,263,1058,898,955
Pla2g4c,6,3,3,24,21,29
Pla2g4d,2,0,3,6,5,3
Pla2g4e,233,177,272,294,326,315
Pla2g4f,0,0,2,3,4,1
Pla2g5,38,53,62,3,2,2
Pla2g6,454,483,390,477,455,476
Pla2g7,2431,2290,1752,84,93,104
Pla2r1,11,11,18,8,6,10
Plaa,1068,972,893,1576,1498,1884
Plac1,0,0,0,0,0,0
Plac1l,0,0,0,0,0,0
Plac8,6,3,1,0,1,0
Plac8l1,1,1,2,0,0,0
Plac9,89,85,46,38,24,15
Plag1,84,71,105,125,76,127
Plagl1,645,551,511,1924,1034,1584
Plagl2,218,176,165,539,375,426
Plat,731,889,710,395,377,360
Plau,48,59,59,9,10,14
Plaur,9,12,15,8,6,7
Plb1,28,21,18,5,3,0
Plbd1,9,5,10,2,6,8
Plbd2,1396,1603,1702,552,563,478
Plcb1,6471,5552,5294,1913,1897,2195
Plcb2,81,68,95,23,21,29
Plcb3,415,559,451,460,379,323
Plcb4,2361,2217,1851,583,490,572
Plcd1,220,240,219,169,186,172
Plcd3,271,314,330,92,82,83
Plcd4,318,351,345,98,100,102
Plce1,398,359,386,543,333,382
Plcg1,2084,2198,2525,6952,6606,6222
Plcg2,106,121,141,27,19,18
Plch1,354,373,268,309,184,243
Plch2,2169,2462,2259,888,977,915
Plcl1,1063,736,919,507,382,481
Plcl2,1906,1704,1634,1297,1329,1355
Plcxd1,312,411,396,105,95,88
Plcxd2,2786,3086,2727,1163,966,1260
Plcxd3,235,236,188,157,98,175
Plcz1,21,23,15,4,4,4
Pld1,280,299,233,91,117,119
Pld2,335,475,427,243,250,218
Pld3,12090,14326,12271,1414,1513,1413
Pld4,163,172,159,27,25,18
Pld5,193,208,191,12,6,18
Pld6,23,19,30,30,29,23
Pldi,0,0,3,0,0,0
Pldn,541,604,524,704,732,751
Plec,8773,9176,8857,1015,855,856
Plek,431,287,361,103,107,102
Plek2,15,5,10,9,4,7
Plekha1,2625,2607,2161,3982,3557,4134
Plekha2,418,360,476,17,9,22
Plekha3,679,588,664,337,274,388
Plekha4,43,50,51,28,24,31
Plekha5,1455,1384,1728,1632,1459,1572
Plekha6,2135,2349,2234,1381,1080,1233
Plekha7,522,661,470,281,187,193
Plekha8,411,433,419,904,697,851
Plekhb1,5718,6046,5335,63,60,64
Plekhb2,5669,5442,5560,1121,1147,1110
Plekhf1,155,108,108,6,9,9
Plekhf2,173,154,151,468,374,452
Plekhg1,1209,1023,680,170,144,176
Plekhg2,132,151,129,1739,1353,1311
Plekhg3,520,613,455,42,40,33
Plekhg4,54,63,75,152,161,158
Plekhg5,1894,2302,2344,608,513,513
Plekhg6,12,4,8,5,5,5
Plekhh1,820,1121,772,128,83,128
Plekhh2,306,250,300,105,100,107
Plekhh3,187,255,245,113,77,87
Plekhj1,451,589,535,658,695,568
Plekhm1,623,691,625,721,567,599
Plekhm2,2749,2943,2728,1121,1070,934
Plekhm3,1111,1109,1167,510,392,455
Plekhn1,136,153,152,428,378,381
Plekho1,758,773,701,1471,1345,1197
Plekho2,309,284,263,149,127,109
Plg,0,0,1,1,4,1
Plin1,5,2,1,1,0,0
Plin2,105,161,149,445,433,400
Plin3,481,429,390,140,90,99
Plin4,1573,52,1588,17,18,12
Plin5,18,25,18,10,10,8
Plk-ps1,20,41,35,135,77,112
Plk1,33,29,37,506,344,325
Plk2,3917,4011,4219,3558,4015,4095
Plk3,227,361,183,173,156,155
Plk4,108,104,110,314,214,322
Plk5,286,386,315,49,44,41
Pllp,684,1434,529,24,22,25
Pln,24,27,34,1,3,3
Plod1,526,724,620,220,196,192
Plod2,127,127,108,293,241,323
Plod3,589,701,638,1418,1278,1163
Plp1,31363,49039,23038,285,254,308
Plp2,66,44,56,187,152,141
Plrg1,669,713,750,1394,1379,1311
Pls1,253,262,257,68,73,87
Pls3,3637,3201,3295,751,937,1011
Plscr1,18,16,18,22,18,19
Plscr2,41,11,27,0,0,0
Plscr3,235,277,266,936,774,821
Plscr4,75,65,76,35,19,22
Pltp,814,1071,784,132,109,96
Plunc,1,1,0,1,0,1
Plvap,169,176,160,37,39,23
Plxdc1,721,640,616,9,11,11
Plxdc2,948,1001,791,208,198,231
Plxna1,1447,1780,1541,4184,3269,3544
Plxna2,4122,3451,4399,16280,11736,15471
Plxna3,510,662,657,7281,5995,6520
Plxna4,2643,2309,2780,9739,7449,9343
Plxnb1,2906,3501,3387,5515,4471,4366
Plxnb2,1628,2053,1827,6743,5437,5304
Plxnb3,503,777,629,5,19,18
Plxnc1,940,794,679,1075,669,969
Plxnd1,2160,3073,2431,2231,2431,2419
Pm20d1,51,28,40,1,1,0
Pm20d2,68,51,49,71,67,70
Pmaip1,55,29,36,21,19,20
Pmch,236,287,3,8,7,7
Pmepa1,1660,1590,1563,955,874,940
Pmf1,49,69,51,216,160,163
Pmfbp1,12,19,13,2,4,2
Pml,290,255,335,318,254,289
Pmm1,2593,3025,2880,1093,1283,994
Pmm2,364,422,439,660,681,621
Pmp2,1,0,0,0,0,0
Pmp22,365,396,399,210,170,185
Pmpca,1399,1557,1669,1902,1857,1791
Pmpcb,998,954,928,1151,1113,1135
Pms1,127,76,124,110,107,136
Pms2,471,417,413,572,572,633
Pmvk,660,895,684,713,775,642
Pnck,1142,1493,1245,1359,1524,1162
Pnkd,3452,3571,3790,1313,1281,1075
Pnkp,408,397,406,406,387,302
Pnldc1,7,8,11,17,14,11
Pnlip,13,10,10,6,8,3
Pnliprp1,0,0,0,3,4,6
Pnliprp2,1,2,3,6,4,5
Pnma1,40,39,41,47,47,45
Pnma2,1360,1557,1241,740,770,827
Pnma3,587,664,505,400,440,376
Pnma5,120,143,102,65,63,56
Pnmal1,2227,2038,1730,738,855,782
Pnmal2,3971,4600,3776,1831,1880,1594
Pnmt,3,6,8,2,7,4
Pnn,2573,3010,3146,5527,5596,5392
Pno1,372,371,321,218,206,284
Pnoc,211,234,149,83,60,59
Pnp1,292,415,313,153,131,115
Pnp2,92,135,91,37,36,29
Pnpla1,10,8,12,0,1,1
Pnpla2,643,434,639,285,264,217
Pnpla3,110,91,137,63,65,68
Pnpla5,0,0,0,0,0,0
Pnpla6,1130,1250,1373,1044,1118,943
Pnpla7,612,420,658,134,174,131
Pnpla8,2714,2614,2418,2051,1874,2303
Pnpo,781,732,726,147,154,146
Pnpt1,545,448,442,529,486,573
Pnrc1,676,634,512,649,613,643
Pnrc2,838,889,783,1004,848,996
Poc1a,169,182,191,133,114,104
Poc5,545,526,460,688,621,547
Podn,113,128,147,116,166,134
Podnl1,12,2,0,2,1,1
Podxl,759,747,830,1158,1127,972
Podxl2,2612,3444,2401,6514,6381,5305
Pof1b,5,9,4,11,16,20
Pofut1,609,685,655,1024,919,969
Pofut2,534,568,412,459,426,421
Pogk,1660,1645,1402,4794,4133,4653
Pogz,1392,1438,1498,4135,3652,3891
Pola1,93,92,94,462,346,420
Pola2,89,85,103,336,322,282
Polb,728,682,631,824,891,980
Pold1,162,177,178,812,587,557
Pold2,269,344,246,614,564,445
Pold3,467,451,506,1021,1022,995
Pold4,159,181,142,93,113,83
Poldip2,1875,1728,1740,1805,1747,1602
Poldip3,1794,1893,1830,2839,2573,2395
Pole,43,44,38,652,459,530
Pole2,6,8,9,61,55,58
Pole3,495,622,583,1271,1157,1096
Pole4,424,402,366,539,556,658
Polg,1419,1341,1437,1288,1082,1055
Polg2,49,61,42,118,118,140
Polh,99,100,100,294,242,270
Poli,254,249,253,221,266,252
Polk,248,227,259,129,95,147
Poll,191,209,196,134,169,129
Polm,98,114,106,230,215,219
Poln,13,16,22,14,5,7
Polq,96,84,123,325,259,344
Polr1a,800,773,832,925,826,841
Polr1b,405,472,523,848,832,801
Polr1c,435,455,462,997,1022,806
Polr1d,804,854,698,1162,1291,1074
Polr1e,140,158,138,336,344,317
Polr2a,2626,2982,3288,6515,5084,4905
Polr2b,1491,1523,1305,2215,2254,2445
Polr2c,594,571,568,575,598,524
Polr2d,312,376,319,1010,962,786
Polr2e,1113,1384,1128,1310,1283,1132
Polr2f,914,1162,971,1211,1299,940
Polr2g,895,1003,977,809,849,716
Polr2h,211,163,191,284,315,277
Polr2i,295,399,342,597,607,537
Polr2j,464,477,452,631,639,558
Polr2k,50,46,46,74,102,71
Polr2l,513,676,594,548,516,469
Polr3a,735,676,729,822,676,750
Polr3b,412,505,429,950,877,941
Polr3c,454,470,579,757,678,625
Polr3d,490,537,398,701,702,669
Polr3e,783,799,812,891,935,948
Polr3f,626,516,488,741,651,864
Polr3g,143,155,175,84,86,105
Polr3gl,371,484,452,631,593,546
Polr3h,634,751,672,558,569,482
Polr3k,817,826,807,1937,1888,1977
Polrmt,722,820,709,831,813,845
Pols,979,1100,1014,1472,1371,1400
Pom121,1671,1996,1757,2043,1681,1566
Pom121l12,0,0,0,0,0,0
Pom121l2,3,0,1,0,0,0
Pomc,35,231,33,31,27,19
Pomgnt1,1268,1387,1396,1225,1171,1107
Pomp,1554,1358,1518,1529,1646,1392
Pomt1,319,388,321,771,767,721
Pomt2,486,578,585,543,568,499
Pon1,3,1,2,0,1,0
Pon2,1405,1280,986,237,186,214
Pon3,54,44,43,6,5,8
Pop1,187,198,187,367,340,354
Pop4,455,386,382,866,891,896
Pop5,921,856,1153,346,382,312
Pop7,257,245,222,269,253,251
Popdc2,3,7,7,3,2,2
Popdc3,28,44,34,4,4,4
Por,1725,1861,1558,1470,1403,1329
Porcn,889,988,1036,811,700,803
Postn,97,83,79,29,36,40
Pot1a,347,338,348,524,492,493
Pot1b,123,80,133,444,523,517
Poteg,0,0,0,0,0,0
Pou1f1,1,1,2,0,0,0
Pou2af1,3,4,4,0,0,0
Pou2f1,512,453,472,1315,1035,1242
Pou2f2,68,72,83,152,152,128
Pou2f3,2,3,4,0,2,3
Pou3f1,441,349,310,659,565,586
Pou3f2,283,414,291,2209,1596,1831
Pou3f3,1894,2180,1685,7103,6134,6536
Pou3f4,166,195,151,438,266,345
Pou4f1,19,17,34,1,3,1
Pou4f2,0,1,2,1,0,0
Pou4f3,1,0,0,0,0,0
Pou5f1,0,2,0,1,1,1
Pou6f1,2834,3114,3092,4952,4283,4361
Pou6f2,46,28,33,18,29,14
Ppa1,1402,1482,1376,1442,1565,1443
Ppa2,669,653,582,324,316,329
Ppan,291,447,336,716,692,638
Ppap2a,399,408,393,265,309,331
Ppap2b,4856,5963,4243,1056,735,827
Ppap2c,54,98,61,100,90,77
Ppapdc1a,100,97,92,19,30,32
Ppapdc1b,353,401,395,392,379,416
Ppapdc2,1367,1000,1183,262,269,309
Ppapdc3,425,491,474,182,212,161
Ppara,90,62,52,10,7,2
Ppard,571,788,585,323,273,248
Pparg,45,55,71,0,1,6
Ppargc1a,1311,1143,1393,303,291,381
Ppargc1b,261,324,240,23,17,25
Ppat,392,430,351,354,364,400
Ppbp,4,0,1,0,2,0
Ppcdc,168,192,218,189,183,178
Ppcs,79,95,78,66,84,82
Ppdpf,609,671,513,1223,1159,975
Ppef1,16,13,11,2,4,6
Ppef2,18,23,24,2,4,3
Ppfia1,416,447,413,784,681,687
Ppfia2,2423,2389,2418,3193,3169,3546
Ppfia3,5496,6178,5522,2233,2266,2089
Ppfia4,1976,2343,1979,1043,1167,1136
Ppfibp1,967,1034,848,604,602,597
Ppfibp2,288,250,275,42,34,40
Pphln1,304,314,302,381,310,338
Ppia,11109,10261,10163,9800,10725,9713
Ppib,483,497,448,682,673,640
Ppic,44,29,30,114,101,94
Ppid,1223,1066,1191,1194,1207,1322
Ppie,173,197,208,443,404,383
Ppif,457,483,481,484,457,451
Ppig,1961,1865,1712,1907,1828,1963
Ppih,64,76,73,171,160,149
Ppil1,335,380,372,974,966,854
Ppil2,886,958,981,1390,1266,1237
Ppil3,234,227,221,305,295,359
Ppil4,1002,969,998,1633,1439,1704
Ppil5,1,2,1,26,18,20
Ppil6,58,71,83,16,21,20
Ppl,60,29,49,2,4,3
Ppm1a,2917,3035,2874,2008,1874,1840
Ppm1b,2720,3003,2848,2240,1853,1909
Ppm1d,382,315,302,532,401,556
Ppm1e,7099,5652,6206,3717,2871,4089
Ppm1f,1764,2120,1962,1181,983,958
Ppm1g,1623,1926,2106,4671,4885,3766
Ppm1h,2614,2435,2558,535,710,734
Ppm1j,11,12,9,16,6,6
Ppm1k,2176,1672,1985,341,338,388
Ppm1l,4804,4355,4372,2921,2535,2836
Ppm1m,393,460,453,154,185,141
Ppm1n,0,1,2,5,5,8
Ppme1,4912,4794,5870,2506,2619,2328
Ppox,406,392,473,655,604,590
Ppp1ca,3554,4085,3640,3085,3030,2691
Ppp1cb,6339,5562,5651,4805,4327,5317
Ppp1cc,2714,2670,2968,3692,3295,3618
Ppp1r10,1312,1338,1230,2100,1898,1869
Ppp1r11,1373,1575,1330,1015,1009,936
Ppp1r12a,2377,2315,2055,1848,1480,1804
Ppp1r12b,3492,3614,3699,2591,2122,2260
Ppp1r12c,2316,2800,2686,2034,2018,1870
Ppp1r13b,1787,1875,1760,1179,1185,1116
Ppp1r13l,128,105,103,107,121,111
Ppp1r14a,276,505,235,31,36,28
Ppp1r14b,272,347,310,3722,3514,2678
Ppp1r14c,226,255,173,761,829,1033
Ppp1r14d,1,0,0,0,0,0
Ppp1r15a,437,498,383,372,281,262
Ppp1r15b,1367,1348,1286,1614,1210,1513
Ppp1r16a,1486,1763,1567,1089,1166,1032
Ppp1r16b,4465,4560,4667,1383,1302,1330
Ppp1r1a,1586,1786,1526,816,936,717
Ppp1r1b,7221,8209,8292,852,929,733
Ppp1r1c,0,3,3,1,1,0
Ppp1r2,2833,1973,2325,851,770,867
Ppp1r3a,7,3,2,1,0,0
Ppp1r3b,47,40,35,12,10,14
Ppp1r3c,859,994,978,133,164,148
Ppp1r3d,203,218,155,72,75,91
Ppp1r3e,206,210,177,312,296,260
Ppp1r3f,724,773,779,375,395,325
Ppp1r3g,139,99,132,8,11,12
Ppp1r7,3178,3133,3255,1680,1618,1669
Ppp1r8,676,749,696,1157,1043,921
Ppp1r9a,9949,8826,9519,4468,4011,5006
Ppp1r9b,34352,37282,33229,9548,10125,7844
Ppp2ca,8127,8548,7600,6867,7170,7491
Ppp2cb,2135,2245,2252,1859,1951,1897
Ppp2r1a,8604,9740,9240,8301,8004,7569
Ppp2r1b,439,540,423,1970,1609,1847
Ppp2r2a,1791,1688,1734,1697,1625,1766
Ppp2r2b,2795,2858,2543,4757,4103,4276
Ppp2r2c,16159,18700,17604,3597,4448,3898
Ppp2r2d,1130,1163,1063,1526,1547,1493
Ppp2r3a,1144,990,868,2282,1934,2471
Ppp2r3c,635,490,439,673,672,701
Ppp2r3d,0,0,0,0,0,0
Ppp2r4,3711,4574,4114,3389,3364,2943
Ppp2r5a,1359,1515,1221,360,324,331
Ppp2r5b,2965,3262,2614,2279,2267,2008
Ppp2r5c,3752,3477,3230,1749,1747,1804
Ppp2r5d,2525,2693,2578,2215,2236,1929
Ppp2r5e,2320,2131,2031,2633,2339,2794
Ppp3ca,27250,22152,24109,4744,4740,5238
Ppp3cb,7149,6242,6321,4934,4631,5717
Ppp3cc,411,390,351,167,172,236
Ppp3r1,14167,11557,12225,2148,2292,2622
Ppp3r2,7,1,8,6,4,9
Ppp4c,464,519,488,1057,1000,844
Ppp4r1,684,756,853,1628,1399,1430
Ppp4r1l,421,470,399,596,482,583
Ppp4r2,1642,1444,1276,1896,1555,2022
Ppp4r4,954,806,915,120,134,154
Ppp5c,2701,2793,2728,1643,1506,1465
Ppp6c,1239,1057,1042,1155,1027,1325
Pppde1,529,567,474,744,671,742
Pppde2,2412,2926,2261,1042,1064,1056
Pprc1,528,604,518,1142,1077,1057
Ppt1,2095,1981,1820,908,878,938
Ppt2,440,421,425,255,209,224
Pptc7,1361,1293,1353,455,379,443
Ppwd1,180,198,170,206,226,233
Ppy,0,0,0,0,0,0
Ppyr1,0,0,0,2,3,7
Pqbp1,1260,1710,1456,1771,1762,1473
Pqlc1,282,329,315,381,421,415
Pqlc2,190,268,197,172,152,165
Pqlc3,79,63,59,49,44,45
Praf2,1173,1333,1026,819,803,850
Pram1,41,33,37,103,82,113
Prame,0,0,0,0,0,0
Pramef12,0,0,0,0,0,0
Pramef17,0,0,0,0,0,0
Pramef8,286,221,249,441,419,465
Pramel,0,0,0,0,0,0
Pramel1,1,1,1,0,0,0
Pramel3,2,4,0,0,1,0
Pramel4,0,0,0,0,0,0
Pramel5,0,0,0,0,0,0
Pramel6,1,0,0,0,0,0
Pramel7,0,0,0,0,0,0
Prap1,1,2,3,0,0,0
Prb1,0,0,0,0,0,0
Prc1,68,66,71,986,770,768
Prcc,1006,1100,988,1557,1493,1281
Prcp,175,182,195,207,166,183
Prdm1,23,19,31,21,16,21
Prdm10,347,361,363,791,574,696
Prdm11,661,755,707,1077,789,908
Prdm12,10,17,8,72,6,22
Prdm13,1,1,0,1,1,3
Prdm14,0,0,0,2,1,0
Prdm15,413,409,569,1080,833,938
Prdm16,371,397,325,1321,749,959
Prdm2,2212,2370,2163,3839,3546,3482
Prdm4,606,671,728,1413,1302,1482
Prdm5,58,61,66,39,49,52
Prdm6,17,13,9,0,0,0
Prdm8,937,926,940,2304,2180,2060
Prdm9,36,32,26,34,41,51
Prdx1,1005,1126,1065,791,786,848
Prdx2,2498,2561,2495,6578,6557,5350
Prdx2-rs3,115,110,86,251,217,201
Prdx3,886,769,800,387,378,502
Prdx4,186,224,157,235,262,282
Prdx5,4013,4342,3725,1559,1687,1369
Prdx6,3808,3216,3262,988,889,872
Prdx6-rs1,1,0,1,0,0,0
Prdx6-rs2,37,25,20,3,6,6
Prdxdd1,48,53,41,67,68,65
Preb,1455,1603,1603,1690,1637,1573
Prei4,2513,1987,2368,1366,1144,1835
Prelid1,1455,1593,1401,1563,1508,1361
Prelid2,1,3,2,6,5,5
Prelp,624,495,536,11,9,6
Prep,606,690,589,1255,1312,1246
Prepl,6888,6221,6200,2303,2256,2445
Prex1,4086,4899,3997,3339,2340,2812
Prex2,1134,1039,1140,86,66,88
Prf1,0,0,2,0,0,0
Prg2,0,1,0,0,0,0
Prg3,0,0,0,0,0,0
Prg4,236,129,91,5,6,15
Prh1,0,0,1,0,0,0
Prhoxnb,0,0,0,0,0,0
Prickle1,2053,2240,1930,773,799,926
Prickle2,5701,5504,5429,1166,1164,1393
Prickle3,11,14,14,18,12,17
Prickle4,132,174,114,108,129,91
Prim1,86,83,102,552,481,490
Prim2,78,104,114,431,425,438
Prima1,73,102,77,3,8,5
Prkaa1,970,701,649,698,551,703
Prkaa2,1413,1083,1087,1051,879,1188
Prkab1,316,324,344,712,702,721
Prkab2,1091,1063,1339,735,713,787
Prkaca,3697,3895,3520,2044,2075,1842
Prkaca-ps1,280,277,281,192,203,158
Prkacb,11261,10986,10198,5566,5107,6188
Prkag1,490,542,544,413,388,336
Prkag2,1685,1532,1591,1539,1572,1606
Prkag3,0,0,0,0,0,1
Prkar1a,16970,15964,15033,8552,8622,8723
Prkar1b,15369,16398,16054,4021,5109,4300
Prkar2a,1399,1222,1128,1570,1477,1572
Prkar2b,1730,1545,1433,4036,4047,4734
Prkca,5382,4215,5780,1683,1738,1871
Prkcb,11188,11385,12282,1150,1126,1235
Prkcc,7035,7042,7107,341,464,406
Prkcd,2500,1680,1436,682,603,547
Prkcdbp,275,303,233,99,91,86
Prkce,11699,10362,10572,5122,5175,5574
Prkch,333,313,338,128,148,131
Prkci,1505,1541,1478,1316,1187,1349
Prkcq,322,437,293,134,171,145
Prkcsh,1767,2295,1697,1892,2033,1698
Prkcz,4184,4855,4838,1913,2010,1811
Prkd1,193,186,211,240,153,172
Prkd2,98,119,93,186,139,124
Prkd3,443,576,429,1953,1560,1970
Prkdc,738,696,722,569,427,645
Prkg1,298,235,206,71,87,87
Prkg2,213,225,195,18,18,18
Prkra,201,258,179,722,690,735
Prkrip1,453,451,441,534,524,453
Prkrir,1785,1523,1415,1683,1510,1808
Prkx,283,300,246,1124,880,1280
Prl,0,70,4,0,0,0
Prl2a1,0,0,0,0,0,0
Prl2b1,0,0,0,0,0,0
Prl2c1,0,0,0,0,0,0
Prl2c2,0,0,0,0,0,0
Prl2c3,0,0,0,0,0,0
Prl2c5,0,0,0,0,0,0
Prl3a1,0,0,0,0,0,0
Prl3b1,0,0,0,0,0,0
Prl3c1,0,0,0,0,0,0
Prl3d1,0,0,0,0,0,0
Prl3d2,0,0,0,0,0,0
Prl3d3,0,0,0,0,0,0
Prl4a1,0,0,0,0,0,0
Prl5a1,0,0,0,0,0,0
Prl6a1,0,0,0,0,0,0
Prl7a1,0,0,0,0,0,0
Prl7a2,0,0,0,0,0,0
Prl7b1,0,0,0,0,0,0
Prl7c1,0,1,0,0,0,0
Prl7d1,0,0,0,0,0,0
Prl8a1,0,0,0,0,0,0
Prl8a2,0,0,1,0,0,0
Prl8a6,0,0,0,0,0,0
Prl8a8,0,0,0,0,0,0
Prl8a9,0,0,0,0,0,0
Prlhr,5,8,6,4,0,4
Prlr,1050,358,689,19,13,18
Prm1,4,8,4,3,2,2
Prm2,0,0,0,0,0,2
Prm3,0,0,0,0,0,1
Prmt1,947,1424,1309,5608,5660,4677
Prmt10,451,417,423,577,564,652
Prmt2,1413,1974,1450,3849,3895,3506
Prmt3,394,461,435,659,707,686
Prmt5,1046,1166,1099,1974,2154,1768
Prmt6,327,383,291,377,378,457
Prmt7,767,874,832,908,1013,837
Prmt8,2503,2493,2633,958,1041,928
Prnd,3,3,5,68,62,75
Prnp,14433,14992,15209,3299,3508,3388
Proc,0,0,1,0,0,0
Proca1,60,86,58,19,22,19
Procr,13,25,9,8,15,8
Prodh,887,662,1019,159,133,117
Prodh2,0,2,0,0,0,0
Prok1,4,0,2,11,13,10
Prok2,11,4,8,10,8,12
Prokr1,1,4,3,102,96,89
Prokr2,67,82,43,286,272,388
Prol1,0,0,0,0,0,0
Prom1,383,370,362,498,396,505
Prom2,12,10,8,1,5,1
Prop1,0,0,0,0,0,0
Pros1,340,270,320,113,88,116
Prosapip1,6365,7360,7209,910,839,762
Prosc,1089,1142,1089,504,485,555
Prox1,473,514,408,295,222,218
Prox2,117,130,133,159,117,163
Proz,257,285,330,288,304,320
Prp2,0,0,4,0,0,0
Prpf18,1120,1100,1164,1656,1455,1680
Prpf19,2572,2972,2844,3169,3248,2818
Prpf3,395,463,433,676,672,624
Prpf31,897,1021,968,1375,1305,1216
Prpf38a,370,321,355,795,829,808
Prpf38b,1577,1778,1767,2617,2665,2455
Prpf39,1224,1057,1189,1782,1619,2098
Prpf4,438,376,432,658,639,696
Prpf40a,1135,986,834,2332,1915,2523
Prpf40b,1460,1558,1651,2859,2678,2568
Prpf4b,2014,1972,1929,3230,2827,3402
Prpf6,1456,1641,1610,2088,2127,1809
Prpf8,5406,5819,6248,10635,8798,9680
Prph,56,72,34,27,26,20
Prph2,0,2,1,0,3,0
Prpmp5,0,0,0,0,0,0
Prps1,1281,1244,1209,644,716,774
Prps2,816,729,674,348,232,314
Prpsap1,763,910,778,1542,1517,1559
Prpsap2,286,311,305,450,425,436
Prr11,17,18,14,243,172,156
Prr12,2482,2944,2387,4211,3763,3261
Prr13,452,451,490,372,338,267
Prr14,444,508,487,864,776,640
Prr15,24,17,20,52,57,47
Prr16,237,146,234,46,49,65
Prr18,1150,2103,1225,775,822,687
Prr19,2,2,2,4,20,12
Prr3,378,443,411,1009,968,908
Prr5l,167,265,138,45,28,31
Prr7,498,684,363,274,280,284
Prr8,1970,1986,2445,4546,3726,4204
Prr9,0,0,1,0,0,0
Prrc1,464,475,407,971,815,894
Prrg1,111,71,86,53,44,68
Prrg2,102,104,86,85,77,84
Prrg3,1052,1234,1088,854,906,918
Prrg4,26,29,27,4,6,6
Prrt1,3124,3322,2956,632,735,686
Prrt2,447,613,687,146,141,134
Prrt3,1061,1257,1031,150,123,137
Prrt4,58,59,68,216,227,227
Prrx1,152,167,123,76,58,79
Prrx2,10,14,9,11,7,16
Prrxl1,0,0,0,0,1,0
Prss1,0,2,1,0,0,0
Prss12,437,502,470,201,344,307
Prss16,16,19,17,0,0,0
Prss2,0,0,1,0,0,0
Prss21,0,0,0,0,0,0
Prss22,13,28,14,0,0,0
Prss23,361,272,341,58,48,49
Prss27,0,1,1,1,0,1
Prss28,0,0,0,0,0,0
Prss29,0,0,0,0,0,0
Prss3,3,6,5,0,0,0
Prss32,0,0,0,1,0,1
Prss33,0,0,0,0,2,0
Prss34,0,0,0,0,0,0
Prss35,63,86,63,35,51,34
Prss36,110,118,111,80,96,78
Prss37,0,0,0,1,0,2
Prss38,4,1,3,5,3,4
Prss39,0,0,0,0,0,0
Prss41,2,5,5,2,1,5
Prss42,0,1,0,0,1,0
Prss43,0,1,2,0,0,0
Prss44,0,0,0,1,0,0
Prss45,5,1,6,2,2,1
Prss46,0,1,1,0,0,0
Prss48,2,0,1,4,3,3
Prss50,10,11,12,0,2,3
Prss51,0,0,3,1,0,0
Prss52,2,1,2,12,9,9
Prss53,9,8,9,6,7,7
Prss7,0,3,2,1,3,7
Prss8,5,2,5,1,3,9
Prssl1,16,14,20,1,12,10
Prtg,69,39,58,6,8,6
Prtn3,12,21,20,55,39,51
Prune,476,546,522,1283,1175,1153
Prune2,992,895,867,47,58,76
Prx,60,64,50,84,56,51
Psap,34445,38069,38836,9858,10458,9360
Psapl1,2,1,0,0,1,1
Psat1,2824,2551,2685,1673,1351,1302
Psca,1,0,2,0,0,1
Psd,9865,11898,9832,4901,5375,4923
Psd2,1493,1717,1515,3513,3269,3097
Psd3,16514,13435,14269,2078,1936,2478
Psd4,43,24,37,7,14,12
Psen1,1179,1313,1170,1545,1436,1447
Psen2,316,460,404,252,257,232
Psenen,335,322,289,237,256,219
Psg16,74,53,60,21,40,28
Psg17,0,1,0,1,3,1
Psg18,0,0,0,0,0,0
Psg19,0,0,1,0,0,0
Psg20,0,0,0,0,0,0
Psg21,0,0,0,0,0,0
Psg22,0,0,0,0,0,0
Psg23,1,0,0,0,1,0
Psg25,0,0,0,0,0,0
Psg26,0,0,0,0,0,0
Psg27,0,0,0,0,0,0
Psg28,0,0,0,0,0,0
Psg29,0,1,1,2,1,3
Psip1,3445,3277,3028,5163,4624,5509
Pskh1,227,230,251,280,205,225
Psma1,1224,1170,1076,1603,1527,1850
Psma2,544,629,684,804,784,833
Psma3,822,765,757,952,1128,1137
Psma4,1240,1217,1127,1625,1746,1627
Psma5,355,427,428,639,648,592
Psma6,1397,1401,1352,2024,1983,2023
Psma7,1663,1703,1531,2530,2440,2143
Psma8,2,5,3,0,2,0
Psmb1,1551,1632,1674,1592,1585,1570
Psmb10,709,802,724,219,279,168
Psmb2,1115,1052,1006,1366,1382,1369
Psmb3,368,433,424,716,590,557
Psmb4,1986,2322,2202,2915,2879,2445
Psmb5,1251,1568,1577,1631,1586,1355
Psmb5-ps,15,13,9,17,5,11
Psmb6,1508,1742,1494,2335,2337,1964
Psmb6-ps,28,20,8,31,19,16
Psmb7,2325,2380,2288,2767,2996,2787
Psmb7-ps2,49,39,38,51,36,37
Psmb8,63,57,69,5,8,5
Psmb9,28,22,35,1,1,4
Psmc1,1824,1951,2024,1664,1766,1441
Psmc2,2164,2372,2455,2228,2376,1987
Psmc3,2825,3176,3189,2786,2764,2254
Psmc3ip,33,55,31,255,202,241
Psmc4,1595,1669,1750,2256,2247,1993
Psmc5,3076,3326,3658,2030,2138,1851
Psmc6,1526,1256,1203,1688,1602,2017
Psmd1,2920,3014,2803,3372,3402,3188
Psmd10,247,306,296,328,328,269
Psmd11,1000,1025,965,1459,1392,1382
Psmd12,1289,1318,1113,1028,1206,1194
Psmd13,1124,1300,1368,1869,1854,1774
Psmd14,1215,1217,1167,1888,1859,1826
Psmd2,3105,3671,3551,4473,4527,3847
Psmd3,2874,3330,2814,3112,3011,2536
Psmd4,1805,2019,2026,2402,2252,1963
Psmd5,702,668,638,738,746,753
Psmd6,1181,1178,1147,1666,1675,1727
Psmd7,1873,1996,1997,2195,2203,2072
Psmd8,1475,1442,1352,1782,1643,1553
Psmd9,517,561,513,733,663,583
Psme1,406,484,421,1098,1015,774
Psme2,62,61,63,152,154,150
Psme2b-ps,78,87,91,132,138,136
Psme3,2493,2382,2236,2151,2021,1946
Psme4,1323,1093,1267,2575,2152,2663
Psmf1,647,668,630,961,854,967
Psmg1,161,212,159,317,346,334
Psmg2,182,188,157,246,220,259
Psmg3,130,140,130,228,198,223
Psmg4,81,110,89,249,212,223
Psors1c2,0,1,3,4,4,2
Psp,0,0,0,0,0,0
Pspc1,704,743,614,1274,1168,1323
Psph,266,328,276,209,174,175
Pspn,3,7,1,4,8,3
Psrc1,116,130,169,286,205,247
Pstk,329,242,302,130,125,125
Pstpip1,22,57,43,13,8,11
Pstpip2,226,204,232,52,42,38
Ptafr,41,55,61,8,4,7
Ptbp1,539,571,475,1659,1252,1322
Ptbp2,1897,1657,1505,4862,4154,5763
Ptcd1,481,528,487,583,560,493
Ptcd2,487,503,459,356,404,386
Ptcd3,996,961,893,1173,1042,1257
Ptch1,1683,1781,1628,1078,792,883
Ptch2,22,38,38,150,117,126
Ptchd1,168,155,162,57,55,71
Ptchd2,871,920,908,776,680,638
Ptchd3,2,0,0,0,0,0
Ptcra,0,3,6,0,0,1
Ptdss1,1339,1658,1461,1359,1343,1317
Ptdss2,828,1020,945,682,666,660
Pten,7090,5893,5621,4001,3859,5094
Pter,1938,1297,1317,157,153,187
Ptf1a,0,0,0,0,0,0
Ptgdr,19,5,19,0,0,5
Ptgds,14839,9935,10554,27,18,17
Ptger1,515,825,515,1394,1270,1214
Ptger2,13,7,6,6,4,9
Ptger3,55,62,37,14,15,25
Ptger4,53,39,34,16,9,26
Ptges,75,94,69,48,38,28
Ptges2,567,707,623,499,510,393
Ptges3,1231,1261,1093,1303,1424,1660
Ptgfr,24,21,21,3,8,5
Ptgfrn,1327,1345,1177,2513,2067,2119
Ptgir,4,1,1,8,1,3
Ptgis,93,75,77,25,10,16
Ptgr1,32,23,23,19,22,22
Ptgr2,1106,1057,1082,352,354,295
Ptgs1,311,271,310,29,27,14
Ptgs2,284,268,297,0,0,1
Pth,0,0,0,0,0,0
Pth1r,149,156,127,180,202,186
Pth2,1,2,1,0,0,1
Pth2r,27,29,24,30,32,22
Pthlh,63,58,58,1,3,5
Ptk2,2611,2558,2885,3288,3078,3291
Ptk2b,13817,11550,15579,289,570,515
Ptk6,3,1,4,1,0,2
Ptk7,232,300,225,1043,779,873
Ptma,3706,3550,2833,18476,15615,15043
Ptms,8628,12120,10162,19188,18231,14198
Ptn,4384,6400,4656,6328,6201,5349
Ptov1,2467,3395,2693,7099,6454,6302
Ptp4a1,2543,2508,2022,4504,4220,5651
Ptp4a2,2858,2809,2620,3317,3478,3578
Ptp4a3,1174,1387,1209,783,867,792
Ptpdc1,750,684,645,690,605,673
Ptpla,81,93,72,119,130,144
Ptplad1,3062,3421,3279,2483,2642,2581
Ptplad2,100,106,78,84,85,115
Ptplb,202,234,198,68,64,87
Ptpmt1,433,552,556,301,311,248
Ptpn1,1078,1456,1072,2164,1852,1720
Ptpn11,5569,5397,5889,4536,4022,4050
Ptpn12,720,781,781,1737,1480,1824
Ptpn13,513,585,449,700,541,624
Ptpn14,456,515,433,72,73,59
Ptpn18,20,21,21,7,5,7
Ptpn2,444,386,387,443,437,558
Ptpn20,7,0,3,2,3,1
Ptpn21,257,269,282,336,270,267
Ptpn22,15,6,12,2,4,2
Ptpn23,1445,1629,1686,2845,2568,2585
Ptpn3,2422,1751,2205,118,92,93
Ptpn4,1249,1025,826,945,487,1086
Ptpn5,4876,5631,6260,2854,3010,2777
Ptpn6,110,112,140,20,24,16
Ptpn7,23,26,30,1,1,3
Ptpn9,786,796,750,1455,1195,1346
Ptpra,3713,3856,3543,2956,2980,2966
Ptprb,610,702,689,163,116,173
Ptprc,131,94,160,22,23,22
Ptprcap,9,5,7,11,6,4
Ptprd,5696,5571,5527,7766,6955,9280
Ptpre,810,907,786,221,256,251
Ptprf,2504,3159,2279,5701,4394,4698
Ptprg,2466,2381,2327,1862,1540,1990
Ptprh,34,24,33,37,47,42
Ptprj,4041,3334,4147,1081,1099,1168
Ptprk,1585,1443,1862,3212,3433,3811
Ptprm,1144,1113,1135,552,499,577
Ptprn,13486,14406,14059,499,578,514
Ptprn2,6106,6389,5861,1164,1204,1143
Ptpro,786,925,746,3294,3431,3756
Ptprq,2,3,6,4,9,6
Ptprr,405,374,402,280,328,320
Ptprs,12115,14150,13068,29597,23159,24484
Ptprt,4712,4668,4663,3578,3578,4012
Ptpru,1177,1376,1222,1116,972,1036
Ptprv,18,18,49,0,0,0
Ptprz1,4830,5462,4931,13344,9684,13636
Ptrf,792,710,740,280,272,222
Ptrh1,137,133,153,140,125,138
Ptrh2,476,416,409,858,780,761
Pts,388,363,322,268,293,343
Pttg1,528,452,447,82,75,69
Pttg1ip,1297,1354,1474,826,777,721
Ptx3,3,5,4,314,309,361
Ptx4,4,7,4,0,1,0
Puf60,3289,3519,3173,3842,3533,3032
Pum1,3118,3048,3221,5583,4466,4850
Pum2,4120,3509,3622,5227,4454,5871
Pura,7555,6212,5764,1371,993,1460
Purb,16011,13375,12059,1610,1308,1878
Purg,461,391,428,758,673,792
Pus1,322,360,407,302,322,239
Pus10,195,132,198,309,283,356
Pus3,10,3,5,3,3,1
Pus7,307,355,315,430,432,477
Pus7l,75,71,48,97,103,120
Pusl1,267,345,278,336,332,277
Pvalb,1199,948,1122,1,1,2
Pvr,105,180,138,152,131,152
Pvrl1,1718,2191,1648,1659,1637,1395
Pvrl2,101,163,115,528,474,406
Pvrl3,642,636,599,712,643,861
Pvrl4,128,129,131,38,33,28
Pvt1,107,118,119,30,30,48
Pwp1,319,392,341,1013,963,923
Pwp2,594,633,632,814,844,701
Pwwp2a,544,552,539,837,644,769
Pwwp2b,273,349,300,75,75,72
Pxdn,1532,1945,2157,3901,2992,3425
Pxk,704,706,723,790,775,838
Pxmp2,94,78,89,25,29,15
Pxmp3,357,372,317,468,432,518
Pxmp4,263,311,307,144,136,136
Pxn,631,743,631,819,690,696
Pxt1,0,1,0,0,1,0
Pycard,39,61,35,15,12,19
Pycr1,45,49,52,339,313,294
Pycr2,415,514,395,416,393,369
Pycrl,348,366,327,680,637,614
Pygb,4143,4999,4249,2614,2526,2294
Pygl,97,109,84,63,77,71
Pygm,1160,1158,1122,25,24,33
Pygo1,1272,1057,1008,2210,1920,2423
Pygo2,983,1112,790,1248,1101,1079
Pyhin1,6,0,3,0,0,0
Pyroxd1,141,126,140,246,218,256
Pyroxd2,35,33,33,27,19,21
Pyy,0,0,0,0,0,0
Pzp,10,6,4,6,4,7
Qars,1125,1066,1190,1473,1442,1280
Qdpr,2933,3881,3257,837,928,732
Qk,8226,8550,6393,3934,2532,3901
Qpct,174,238,168,95,113,103
Qpctl,336,350,254,289,293,292
Qprt,8,12,9,2,1,0
Qrfp,3,4,2,3,3,4
Qrfpr,43,43,47,14,9,15
Qrich1,1843,1703,1802,2616,2374,2558
Qrich2,1,3,0,5,6,1
Qrsl1,218,268,250,326,209,275
Qser1,492,443,409,2536,1826,2580
Qsox1,638,607,580,568,556,482
Qsox2,587,561,591,391,330,332
Qtrt1,185,252,299,532,474,489
Qtrtd1,300,332,353,515,452,540
R3hcc1,567,710,662,980,952,724
R3hdm1,5572,5942,6283,3883,3840,4058
R3hdm2,5705,6283,5946,4037,3604,3617
R3hdml,0,0,0,0,2,1
RNaseP_nuc,1,0,5,1,1,1
RNase_MRP,8,5,11,8,2,8
RP23-100B18.2,73,91,56,128,114,99
RP23-100B18.3,12,5,6,1,0,2
RP23-100C4.1,0,0,0,0,0,0
RP23-100C4.2,0,0,0,0,0,0
RP23-100C4.3,0,0,0,0,0,0
RP23-100C4.4,0,0,0,0,0,0
RP23-100C5.2,33,44,57,70,57,58
RP23-100C7.10,3,3,4,4,8,3
RP23-100C7.4,2,1,2,4,2,2
RP23-100C7.6,44,57,36,60,57,62
RP23-100C7.9,2,1,3,5,3,2
RP23-100E6.1,0,0,0,0,0,0
RP23-100E9.2,2,3,2,0,4,3
RP23-100E9.3,3,4,4,2,0,1
RP23-100E9.4,4,4,10,6,5,6
RP23-100F3.2,0,0,1,0,0,0
RP23-100G16.3,360,383,448,1414,1334,1247
RP23-100I21.1,0,0,2,0,0,1
RP23-100J14.3,0,1,0,0,0,0
RP23-100J15.1,75,88,65,26,25,33
RP23-100K15.1,0,0,0,0,0,0
RP23-100L23.3,0,0,0,0,1,0
RP23-100M12.3,0,0,0,0,1,0
RP23-100M24.1,0,1,1,2,2,2
RP23-100O18.1,850,986,1160,1560,1559,1074
RP23-100P23.4,0,0,0,0,0,0
RP23-101D13.1,3,2,3,6,9,7
RP23-101G11.2,37,44,15,1,0,1
RP23-101G11.3,0,0,0,0,0,0
RP23-101H1.5,9,5,7,8,10,6
RP23-101H2.1,0,0,0,0,0,0
RP23-101J23.2,1,3,2,15,6,15
RP23-101J23.3,172,140,202,411,423,393
RP23-101J23.4,8,15,7,1,1,0
RP23-101M12.2,1,3,0,3,6,3
RP23-101M12.3,4,10,15,6,3,8
RP23-101O16.1,0,1,2,7,2,6
RP23-101P8.2,0,0,1,0,0,0
RP23-101P8.3,0,0,0,0,0,0
RP23-101P8.4,0,0,0,0,0,0
RP23-102B2.2,3,7,5,0,0,2
RP23-102G9.2,0,0,0,0,0,0
RP23-102H10.2,20,25,12,7,9,4
RP23-102H7.3,0,2,0,0,0,0
RP23-102I12.1,34,46,29,211,200,233
RP23-102L14.1,0,0,0,0,0,0
RP23-102L14.2,0,0,0,0,0,0
RP23-102L14.3,0,0,0,0,0,0
RP23-103A1.1,0,0,0,0,0,0
RP23-103A1.3,0,0,0,0,0,0
RP23-103A1.4,0,0,0,0,0,0
RP23-103D7.1,0,0,0,0,0,0
RP23-103D7.2,47,41,44,62,41,40
RP23-103G12.1,0,0,0,0,0,0
RP23-103G18.5,2,1,1,2,2,1
RP23-103H9.2,0,0,0,1,2,1
RP23-103H9.4,0,0,2,5,2,0
RP23-103K12.1,2,4,1,5,6,1
RP23-103K12.3,0,0,0,0,0,0
RP23-103K12.4,0,0,0,0,0,1
RP23-103K12.5,3,5,4,1,2,1
RP23-103L13.1,2,0,2,0,0,0
RP23-103L13.10,0,0,0,2,0,0
RP23-103L13.2,1,0,0,0,0,0
RP23-103L13.3,0,0,0,0,0,0
RP23-103L13.5,7,5,0,0,0,0
RP23-103L13.7,0,0,0,0,0,0
RP23-103L13.9,0,0,0,0,0,0
RP23-104B6.1,0,0,0,0,0,0
RP23-104B6.2,0,0,0,0,0,0
RP23-104F14.2,348,343,400,442,422,351
RP23-104G16.1,281,363,259,780,643,624
RP23-104G16.3,5,0,1,6,3,2
RP23-104G20.2,162,154,152,185,166,118
RP23-104G24.2,1,0,0,2,0,0
RP23-104H13.2,628,545,515,1395,1295,1351
RP23-104H13.3,0,1,0,1,0,0
RP23-104H13.4,0,0,1,0,0,0
RP23-104H13.6,0,0,0,0,0,0
RP23-104I6.1,43,49,50,160,126,125
RP23-104P2.1,18,13,13,17,27,18
RP23-104P2.2,0,0,0,0,0,0
RP23-105D1.1,0,0,0,0,0,0
RP23-105D19.1,0,0,0,3,0,1
RP23-105E20.1,0,0,0,0,0,0
RP23-105E20.2,0,0,0,0,0,0
RP23-105M20.1,241,370,194,341,339,470
RP23-105M23.3,1,2,0,1,0,0
RP23-105M23.4,129,113,146,23,23,25
RP23-105M23.5,35,40,43,2,5,5
RP23-105O13.5,0,0,0,0,0,0
RP23-105O21.1,3,1,1,3,1,1
RP23-105O4.10,0,0,0,0,0,0
RP23-105O4.11,0,0,0,0,0,0
RP23-105O4.12,0,0,0,0,0,0
RP23-105O4.13,0,0,0,0,0,0
RP23-105O4.14,0,0,0,0,0,0
RP23-105O4.5,1,0,0,1,0,1
RP23-105O4.6,0,0,0,0,0,0
RP23-105O4.7,11,8,12,16,6,17
RP23-105O4.8,0,0,1,1,2,3
RP23-105O4.9,0,0,0,1,0,0
RP23-105P9.3,1,1,1,0,1,2
RP23-105P9.4,143,86,79,210,203,258
RP23-106A3.2,1,0,0,1,1,1
RP23-106C4.1,0,0,0,0,0,0
RP23-106C4.2,0,0,0,0,0,0
RP23-106C4.3,0,0,0,0,0,0
RP23-106J7.2,47,44,78,138,175,179
RP23-106K17.1,0,0,0,1,1,1
RP23-106N22.1,0,2,1,0,1,0
RP23-106P4.1,0,0,0,0,0,0
RP23-106P4.2,170,138,158,141,152,129
RP23-106P6.1,2,0,2,0,0,0
RP23-106P7.2,395,434,397,426,469,458
RP23-107F15.1,0,0,0,0,0,0
RP23-107G20.1,0,0,0,0,0,0
RP23-107H15.1,0,0,0,0,0,0
RP23-107J13.1,0,0,0,0,0,0
RP23-107J13.2,0,0,0,0,0,0
RP23-107J3.1,93,115,103,156,125,129
RP23-107J3.2,0,0,0,0,0,0
RP23-107J3.3,26,25,26,42,40,34
RP23-107J3.4,0,0,0,0,2,2
RP23-107K21.1,0,0,0,0,0,0
RP23-107K21.2,0,0,0,0,0,0
RP23-107K21.3,164,184,121,113,111,68
RP23-107K21.4,179,201,164,200,212,248
RP23-107O21.1,0,0,0,0,0,0
RP23-108B19.1,0,0,0,0,0,0
RP23-108D12.2,4,9,5,6,6,9
RP23-108D12.3,24,18,26,32,29,22
RP23-108D12.4,0,1,0,0,0,0
RP23-108D12.5,0,0,1,0,0,1
RP23-108D12.6,0,0,1,0,0,0
RP23-108D12.7,0,2,0,0,0,0
RP23-108H7.1,2,0,0,2,1,1
RP23-108H7.2,18,16,10,10,9,22
RP23-108K17.1,1,3,12,6,8,4
RP23-108L1.1,0,0,0,0,0,0
RP23-108L1.2,0,0,0,1,0,0
RP23-108P11.1,1,2,2,1,2,4
RP23-109A3.1,67,54,64,136,108,106
RP23-109A3.6,1,7,4,3,5,1
RP23-109A3.7,6,0,1,2,0,2
RP23-109A3.8,0,1,1,0,0,0
RP23-109A3.9,11,19,3,12,10,8
RP23-109C6.1,0,0,4,1,1,1
RP23-109E10.1,0,0,0,0,0,0
RP23-109E24.2,1,1,0,1,0,0
RP23-109E24.6,27,17,28,83,44,52
RP23-109G18.5,5,4,6,3,3,5
RP23-109J20.1,0,0,1,0,0,0
RP23-109O11.1,0,0,0,0,0,0
RP23-10A18.2,0,0,0,0,0,0
RP23-10A18.3,2,0,3,0,0,0
RP23-10B20.2,35,41,33,86,78,101
RP23-10B20.4,0,0,2,1,2,0
RP23-10B20.5,2,1,3,2,1,1
RP23-10G21.3,2362,2546,2601,5218,6013,4798
RP23-10G21.4,0,0,1,0,1,1
RP23-10G21.5,0,0,0,0,0,0
RP23-10L17.3,422,384,336,811,789,796
RP23-10L17.5,3,4,0,3,3,0
RP23-10L18.1,0,0,0,0,0,0
RP23-10L18.2,278,287,357,173,162,136
RP23-10L18.3,278,287,357,173,162,136
RP23-10P23.2,2,0,0,0,0,2
RP23-110D11.1,0,0,0,0,0,0
RP23-110F21.3,466,539,523,693,732,631
RP23-110F21.5,591,555,498,420,444,501
RP23-110H24.1,306,278,233,452,350,489
RP23-110H24.2,29,32,49,16,12,14
RP23-110K5.1,0,0,0,0,0,0
RP23-110K5.2,220,214,161,442,410,404
RP23-110K5.3,0,0,0,0,0,0
RP23-110O23.1,1,5,0,2,0,2
RP23-111C11.2,0,0,0,0,0,0
RP23-111F12.1,12,10,7,8,2,2
RP23-111L20.1,0,1,1,0,4,2
RP23-112C19.7,1,2,3,0,0,0
RP23-112E4.1,0,0,0,0,0,0
RP23-112E4.10,1,0,0,0,0,0
RP23-112E4.2,0,2,0,0,0,1
RP23-112E4.6,0,0,0,0,2,2
RP23-112E4.7,5560,5239,5396,1309,1402,1333
RP23-112E4.8,0,0,0,1,0,0
RP23-112E4.9,1,0,0,0,0,0
RP23-112F5.1,3,0,0,0,2,3
RP23-112I20.1,0,0,0,0,0,0
RP23-112I20.2,1,0,0,0,0,0
RP23-112I20.3,2,2,1,3,3,3
RP23-112J3.1,0,0,0,0,0,0
RP23-113G7.2,3,4,8,16,23,14
RP23-113H3.1,13,4,7,8,3,10
RP23-113I19.3,0,0,0,0,0,0
RP23-113I19.4,0,0,0,0,0,0
RP23-113I19.5,0,0,0,0,0,0
RP23-113I19.6,72,69,71,92,76,93
RP23-113J20.1,32,34,52,31,28,26
RP23-113K24.2,0,0,0,0,0,2
RP23-113K9.1,60,52,51,104,102,92
RP23-113P22.5,2,0,0,6,7,7
RP23-114B13.2,10,7,3,6,10,8
RP23-114B24.2,0,0,0,0,0,0
RP23-114E15.2,1191,1267,1019,3183,2954,2492
RP23-114E15.9,2,3,2,1,0,2
RP23-114M13.1,0,1,0,0,0,0
RP23-114M13.2,0,0,0,0,0,0
RP23-114N20.1,139,121,154,101,122,103
RP23-114O19.1,0,0,0,0,0,0
RP23-114O4.1,1,2,1,0,5,3
RP23-114P13.1,0,0,0,0,1,0
RP23-115D20.2,1,1,2,1,4,3
RP23-115D21.2,267,255,268,391,453,402
RP23-115O3.2,2,9,6,6,10,6
RP23-115O3.5,7,3,2,5,6,5
RP23-116F12.1,0,0,1,0,0,1
RP23-116G14.1,0,0,0,0,0,0
RP23-116I16.1,8,3,7,2,2,3
RP23-116K8.1,0,0,0,0,0,0
RP23-116P18.1,0,0,0,0,0,0
RP23-116P4.3,33,33,62,144,134,131
RP23-116P4.5,0,0,0,0,0,0
RP23-116P4.9,3,6,9,2,2,3
RP23-117B19.2,0,0,0,0,0,0
RP23-117F22.1,0,0,0,0,0,0
RP23-117H21.2,0,0,0,1,0,0
RP23-117H24.1,0,1,0,0,0,0
RP23-117H24.2,0,0,1,0,0,1
RP23-117M21.1,0,0,0,0,0,1
RP23-117M21.2,0,0,0,0,0,0
RP23-117M21.3,0,0,0,0,0,0
RP23-118A2.10,0,0,0,0,0,0
RP23-118A2.4,84,107,91,92,89,51
RP23-118A2.6,0,0,0,0,0,0
RP23-118A2.9,1,0,1,1,2,3
RP23-118A9.7,0,0,0,1,1,1
RP23-118E20.5,3,0,3,1,0,0
RP23-118E21.8,0,0,1,0,0,1
RP23-118E21.9,63,57,92,76,65,81
RP23-118H3.1,0,0,0,0,0,0
RP23-118H3.2,0,0,0,0,0,0
RP23-118K16.1,0,0,0,0,0,0
RP23-118K16.3,0,0,0,0,0,0
RP23-118K16.6,55,46,44,71,81,41
RP23-119D13.2,26,34,35,39,34,45
RP23-119F1.1,0,0,0,0,0,0
RP23-119K17.1,5,3,6,7,1,8
RP23-119L20.2,2,2,6,2,1,1
RP23-119L20.3,0,0,0,0,0,0
RP23-119L9.2,9,9,10,13,16,19
RP23-119M24.1,35,38,29,98,86,87
RP23-119M24.2,0,0,1,0,0,0
RP23-119N24.3,1,0,0,0,0,0
RP23-119N7.1,0,0,0,0,0,0
RP23-119N7.2,0,0,0,0,0,0
RP23-119O19.1,0,6,2,9,6,2
RP23-119O19.2,0,0,0,0,0,0
RP23-11A24.1,3,3,1,13,9,9
RP23-11C7.1,0,0,0,0,0,0
RP23-11C7.2,60,64,62,139,132,137
RP23-11C7.3,1,1,0,23,9,9
RP23-11F9.1,133,120,122,89,81,71
RP23-11F9.3,1,0,0,0,0,0
RP23-11N21.1,0,0,0,0,0,0
RP23-11N21.2,0,0,0,0,0,0
RP23-11O22.5,4,5,10,7,8,6
RP23-11P22.1,0,0,0,0,0,0
RP23-11P22.10,6,2,3,17,21,13
RP23-11P22.11,1,1,3,3,5,7
RP23-11P22.12,4,2,14,9,14,12
RP23-11P22.13,57,51,36,31,34,42
RP23-11P22.3,0,0,0,0,0,0
RP23-11P22.8,2,0,0,1,2,3
RP23-11P22.9,272,234,234,474,581,648
RP23-11P24.3,13,9,14,21,19,16
RP23-11P24.4,0,0,0,0,1,0
RP23-120A10.1,0,0,1,0,0,1
RP23-120A20.1,0,0,0,0,1,0
RP23-120A4.2,33,28,19,117,72,83
RP23-120H2.1,236,311,319,665,641,550
RP23-120K6.1,0,0,0,0,0,0
RP23-120N11.2,3,0,1,0,1,0
RP23-120N11.3,0,0,0,0,1,1
RP23-120N11.4,0,1,1,0,0,0
RP23-120N11.5,0,0,0,0,0,0
RP23-120P1.3,0,0,0,0,0,0
RP23-120P1.4,0,0,0,0,0,0
RP23-121B24.2,0,0,0,0,1,2
RP23-121D17.2,14,18,22,28,20,18
RP23-121D17.4,18,17,16,9,5,6
RP23-121G11.3,0,0,0,0,0,0
RP23-121J14.2,6,3,0,47,41,51
RP23-121J14.4,3,4,0,2,2,2
RP23-121M22.3,0,0,0,0,0,0
RP23-121P11.4,0,0,0,0,1,0
RP23-122C3.1,0,0,0,0,0,0
RP23-122I3.1,53,53,51,118,117,138
RP23-122I3.2,7,9,8,8,6,13
RP23-122I3.4,2,1,3,0,6,0
RP23-122N18.1,0,0,1,0,1,3
RP23-122N23.1,0,0,0,0,0,0
RP23-122P1.10,1,0,0,0,0,0
RP23-122P1.3,0,2,2,0,0,0
RP23-122P1.5,0,0,0,0,0,0
RP23-122P1.7,15,23,43,10,6,12
RP23-123D20.1,0,0,0,0,0,0
RP23-123D20.2,0,0,0,0,0,0
RP23-123D20.3,1,0,1,0,0,0
RP23-123D20.4,0,0,0,0,0,0
RP23-123E1.1,0,0,0,1,0,0
RP23-123F24.1,1,0,0,0,3,0
RP23-123F24.2,0,1,0,0,0,0
RP23-123F7.5,3,5,8,9,7,4
RP23-123G8.2,4,5,4,1,0,2
RP23-123I20.3,6,9,9,7,2,2
RP23-123O12.1,0,0,0,1,0,0
RP23-124G18.2,32,51,36,85,61,77
RP23-124G18.4,0,0,0,0,0,0
RP23-124G18.8,0,0,0,0,0,0
RP23-124I6.1,67,57,56,78,61,94
RP23-124J3.1,1019,1279,1263,3116,3846,2740
RP23-125A1.1,5,1,4,1,2,5
RP23-125A12.1,13,21,15,27,35,19
RP23-125A12.2,4808,5072,5494,2949,2672,2408
RP23-125B17.1,10,2,6,4,8,7
RP23-125B17.2,170,147,135,110,90,129
RP23-125C16.1,0,0,0,0,0,0
RP23-125D6.1,0,1,0,0,0,0
RP23-125D6.3,1,0,1,0,0,0
RP23-125F10.5,1,4,2,11,6,9
RP23-125F10.6,0,0,1,0,0,0
RP23-125F4.4,1,0,0,0,0,2
RP23-125H10.1,0,0,1,0,0,0
RP23-125H15.3,0,0,3,3,3,1
RP23-125H15.5,58,65,62,66,58,79
RP23-125J3.1,0,0,0,0,0,0
RP23-126C18.1,0,0,0,0,0,0
RP23-126F14.1,0,1,0,2,1,0
RP23-126K16.2,0,0,0,0,0,0
RP23-127A20.2,3,2,2,0,3,6
RP23-127A20.3,12,10,11,15,20,20
RP23-127A20.4,4,2,3,0,1,2
RP23-127O5.2,353,315,412,1292,1203,1353
RP23-127O5.4,6,0,2,6,5,5
RP23-128D23.5,0,0,0,0,0,0
RP23-128D23.7,1,0,0,0,0,0
RP23-128D9.14,125,108,126,130,145,120
RP23-128E7.1,0,0,0,0,0,0
RP23-128E7.2,0,0,0,0,0,0
RP23-128E8.3,4,5,7,7,10,10
RP23-128G10.5,3,0,1,3,4,2
RP23-128G5.2,27,20,25,30,23,23
RP23-128L16.2,92,151,124,156,181,142
RP23-128L22.2,7,4,3,2,4,15
RP23-129H12.1,2053,1582,1624,829,893,859
RP23-129J20.1,0,0,0,1,1,2
RP23-129J20.2,0,0,0,0,4,1
RP23-129J20.3,1,1,0,2,1,1
RP23-129K21.3,1,0,0,0,0,0
RP23-129O23.2,0,0,0,0,0,0
RP23-129P1.1,1,0,0,0,0,0
RP23-129P10.1,47,43,57,38,38,47
RP23-12F1.1,0,0,0,0,0,1
RP23-12H6.4,9,7,11,21,19,25
RP23-12I13.2,4,0,8,6,7,7
RP23-12I24.1,0,0,0,1,0,1
RP23-12I24.5,11,6,16,7,7,9
RP23-12I24.9,247,215,197,111,109,113
RP23-12K23.2,0,0,1,1,0,0
RP23-12N20.1,60,59,49,21,22,34
RP23-12N7.1,7,2,16,61,52,32
RP23-130E22.1,2,5,3,2,0,2
RP23-130E22.2,0,0,0,2,1,1
RP23-130H14.1,221,247,248,551,611,555
RP23-130J1.2,0,0,0,0,0,0
RP23-130J1.3,424,433,291,136,152,167
RP23-130J1.4,0,0,0,0,0,0
RP23-130J1.5,1098,1063,915,1808,1593,1671
RP23-130L11.4,0,2,2,2,5,0
RP23-130L21.1,0,0,0,0,0,0
RP23-130L21.2,0,0,0,0,0,0
RP23-130M24.1,0,0,0,0,0,0
RP23-130N20.4,22,25,39,35,27,33
RP23-130N20.5,43,48,43,10,3,10
RP23-130P17.1,1,0,0,2,0,2
RP23-130P17.2,2,5,2,2,3,4
RP23-131A6.1,76,60,58,8,7,9
RP23-131A6.3,0,0,0,0,0,0
RP23-131A6.4,0,0,0,0,0,0
RP23-131A6.5,0,0,0,0,0,0
RP23-131H22.1,0,0,0,0,0,0
RP23-131H22.2,0,0,0,0,0,0
RP23-131H22.3,0,0,0,0,0,0
RP23-131H22.4,0,0,0,0,0,0
RP23-131J21.4,0,0,0,0,0,0
RP23-131N18.1,0,1,0,0,1,1
RP23-131P6.1,0,0,0,0,0,0
RP23-132A3.2,31,37,23,23,19,16
RP23-132A3.3,0,0,0,0,0,0
RP23-132A3.4,0,0,0,0,0,0
RP23-132B12.1,0,0,1,1,1,2
RP23-132B12.2,0,0,0,0,0,1
RP23-132C19.4,1,2,2,0,6,6
RP23-132C19.5,0,0,0,0,0,0
RP23-132G2.3,285,431,554,1105,1109,736
RP23-132G2.4,0,0,0,0,0,0
RP23-132G2.5,0,0,0,0,0,0
RP23-132G24.1,3,7,2,18,9,18
RP23-132H1.1,1,1,0,12,7,20
RP23-132J20.11,0,0,0,0,0,0
RP23-132J20.16,0,0,0,0,0,0
RP23-132J20.17,0,0,0,0,0,0
RP23-132J20.18,0,0,0,0,0,0
RP23-132J20.19,0,0,0,0,0,0
RP23-132J20.20,0,0,0,0,0,0
RP23-132J20.21,0,0,0,0,0,0
RP23-132J20.22,0,0,0,0,0,0
RP23-132J20.23,0,0,0,0,0,0
RP23-132J20.24,0,0,0,0,0,0
RP23-132J20.25,0,0,0,0,0,0
RP23-132J20.26,0,0,0,0,0,0
RP23-132J20.27,0,0,0,0,0,0
RP23-132J20.28,0,0,0,0,0,0
RP23-132J20.29,0,0,0,0,0,0
RP23-132J20.30,0,0,0,0,0,0
RP23-132J20.31,0,0,0,0,0,0
RP23-132J20.32,0,0,0,0,0,0
RP23-132J20.33,0,0,0,0,0,0
RP23-132J20.34,0,0,0,0,0,0
RP23-132J20.35,0,0,0,0,0,0
RP23-132J20.36,0,0,0,0,0,0
RP23-132J20.37,0,0,0,0,0,0
RP23-132J20.6,0,0,0,0,0,0
RP23-132J20.7,0,0,0,0,1,0
RP23-132J20.9,19,16,20,14,7,12
RP23-132K17.1,0,0,0,0,0,0
RP23-132K17.2,0,0,1,0,0,0
RP23-132K17.3,0,0,0,0,0,0
RP23-132K17.4,0,0,0,0,0,0
RP23-132L14.10,1,0,0,1,0,3
RP23-132L14.3,0,0,1,0,0,0
RP23-132L14.4,0,0,1,0,0,0
RP23-132L14.5,24,22,14,19,17,23
RP23-132L14.6,0,0,2,0,0,0
RP23-132L14.7,28,27,38,27,30,31
RP23-132M12.1,0,0,0,0,0,0
RP23-132N23.1,6,5,5,4,6,5
RP23-132N23.21,536,594,827,121,113,77
RP23-132N23.9,1,0,0,0,0,0
RP23-132O17.1,33,34,32,89,72,96
RP23-132O17.2,0,0,0,4,2,1
RP23-133I9.3,2,0,0,1,2,2
RP23-133J9.5,3,2,8,2,2,3
RP23-133K13.1,47,44,79,138,177,178
RP23-134A17.4,0,0,1,0,0,0
RP23-134G19.2,0,0,0,2,0,1
RP23-134G19.4,0,0,0,2,0,0
RP23-134H12.2,0,0,0,0,0,0
RP23-135A21.1,498,510,517,597,663,628
RP23-135A21.3,0,0,1,0,1,0
RP23-135A21.4,0,0,0,0,1,0
RP23-135A21.6,110,158,85,242,197,164
RP23-135A24.2,0,0,0,0,0,0
RP23-135F22.1,0,0,0,0,0,0
RP23-135F22.2,0,0,0,0,0,0
RP23-135F22.3,0,0,0,1,1,0
RP23-135F22.5,19,13,9,23,22,23
RP23-135F6.2,1,4,5,2,0,4
RP23-135F6.6,33,41,39,79,115,122
RP23-135F6.7,0,2,0,0,0,0
RP23-135H19.1,0,1,0,0,0,0
RP23-135H19.2,0,0,0,0,0,0
RP23-135H19.3,14,2,21,36,21,21
RP23-135I10.2,0,0,0,1,0,0
RP23-135I10.4,0,0,0,0,0,0
RP23-135I10.5,150,173,272,865,733,643
RP23-135L5.2,1,0,0,0,0,0
RP23-135L5.5,423,459,362,299,304,303
RP23-136C22.3,0,0,0,0,0,0
RP23-136C22.4,43,51,36,178,147,161
RP23-136K12.5,29,12,13,18,18,17
RP23-136K12.6,1733,1755,1849,1150,1260,1056
RP23-136L14.1,37,19,19,9,6,8
RP23-136M3.4,0,0,0,0,0,0
RP23-136M7.2,0,0,0,0,0,0
RP23-136N4.1,1,0,0,0,0,0
RP23-136N4.2,1,0,1,0,0,0
RP23-136N4.3,1,0,0,0,0,0
RP23-136N4.4,1,0,1,0,0,0
RP23-136N4.5,0,0,0,0,0,0
RP23-136N4.6,0,0,0,0,0,0
RP23-136N4.7,0,0,0,0,0,0
RP23-137B16.2,0,0,1,0,0,0
RP23-137E3.2,0,2,2,0,0,0
RP23-137E6.1,0,0,0,0,0,0
RP23-137F6.3,1,7,7,5,2,5
RP23-137F6.4,5,8,7,1,2,0
RP23-137L22.2,2,5,1,1,0,0
RP23-137L22.8,1,0,1,0,0,0
RP23-138C10.2,323,333,384,491,392,433
RP23-138E16.1,1,0,0,0,0,0
RP23-138E16.2,3,0,1,2,0,0
RP23-138F13.1,0,0,0,0,0,0
RP23-138F13.3,0,0,0,0,0,0
RP23-138F13.4,0,0,0,0,0,0
RP23-138F13.5,0,0,0,0,0,0
RP23-138F13.7,0,0,0,0,0,0
RP23-138F20.17,6,2,5,3,1,2
RP23-138G17.1,0,0,0,0,0,1
RP23-138J24.1,0,0,0,0,0,0
RP23-138K13.1,0,0,0,0,0,0
RP23-138K13.2,0,0,1,0,0,0
RP23-138K13.4,0,0,0,0,0,0
RP23-138L21.10,1,0,3,0,0,1
RP23-138L21.12,0,0,0,0,0,1
RP23-138L21.8,0,0,0,0,1,0
RP23-138O19.2,0,0,0,0,0,0
RP23-139B20.3,0,0,0,0,0,0
RP23-139B4.1,1,0,0,2,2,3
RP23-139B4.3,1,2,3,0,4,2
RP23-139C9.1,0,0,1,2,0,0
RP23-139D10.1,3,1,2,0,1,1
RP23-139F8.1,3,0,2,0,1,1
RP23-139H14.3,2,0,0,0,0,0
RP23-139J21.3,1,0,3,2,5,4
RP23-139J21.4,1080,1286,1140,904,866,877
RP23-139J21.5,0,0,0,1,1,0
RP23-139P14.10,2,2,2,3,0,1
RP23-139P14.11,0,0,0,0,0,0
RP23-139P14.12,0,0,0,1,0,0
RP23-139P14.13,0,0,0,1,0,0
RP23-139P14.14,2,2,0,0,0,0
RP23-139P14.15,0,0,0,0,0,0
RP23-139P14.16,2,1,0,0,0,0
RP23-139P14.19,0,0,0,0,0,0
RP23-139P14.2,0,0,0,0,0,0
RP23-139P14.20,0,0,0,0,0,0
RP23-139P14.21,0,0,0,0,0,0
RP23-139P14.22,0,0,0,0,0,0
RP23-139P14.23,0,0,0,0,0,0
RP23-139P14.24,0,0,0,0,0,0
RP23-139P14.25,3,8,3,3,1,0
RP23-139P14.6,0,0,0,0,0,0
RP23-139P14.7,0,1,0,0,0,1
RP23-139P14.9,0,0,0,0,0,0
RP23-139P21.5,0,0,0,0,0,0
RP23-13A13.3,0,0,0,0,0,0
RP23-13A13.4,92,91,112,48,40,54
RP23-13A15.3,9,6,13,29,23,41
RP23-13A21.2,0,0,0,0,1,0
RP23-13C17.1,60,36,59,53,48,55
RP23-13C17.5,1,0,0,0,0,0
RP23-13D22.1,89,65,76,49,55,60
RP23-13D22.3,17,12,20,6,4,8
RP23-13G19.1,0,0,0,0,0,0
RP23-13I18.2,7,8,5,38,24,44
RP23-13I22.2,4,5,2,0,0,0
RP23-13I22.3,0,1,0,0,0,0
RP23-13O17.2,0,0,1,2,1,0
RP23-13O17.3,0,0,0,2,1,0
RP23-140D14.10,0,0,0,0,0,0
RP23-140D14.12,4,3,0,0,1,1
RP23-140D14.14,17,18,18,1,1,0
RP23-140E23.1,0,0,0,0,0,0
RP23-140F18.5,1700,1996,1807,3824,3654,2943
RP23-140G16.1,494,647,703,399,445,346
RP23-141B15.1,0,0,0,0,0,0
RP23-141B15.2,0,0,0,0,0,0
RP23-141C15.2,4,3,5,9,8,12
RP23-141C15.3,16,15,20,32,15,11
RP23-141C15.4,0,0,0,0,0,0
RP23-141L16.1,0,0,0,0,0,0
RP23-141L18.2,0,0,0,0,0,0
RP23-141N19.1,0,0,0,0,0,0
RP23-141N19.10,210,185,229,344,340,411
RP23-141N19.11,210,185,229,344,340,411
RP23-141N19.12,210,187,231,350,346,413
RP23-141N19.2,1,4,6,1,3,2
RP23-141N19.6,210,185,229,344,340,411
RP23-141N19.7,210,185,229,344,340,411
RP23-141N19.8,88,84,106,162,157,208
RP23-141N19.9,210,185,229,344,340,411
RP23-142A9.1,0,0,0,0,0,0
RP23-142A9.2,0,0,0,0,0,0
RP23-142F14.1,0,0,0,2,0,0
RP23-142G13.1,2,3,7,11,7,17
RP23-142G18.1,76,60,85,102,82,125
RP23-142I6.1,9,4,5,3,4,2
RP23-142L22.1,641,747,717,413,413,421
RP23-142M12.5,8,3,4,5,3,5
RP23-142M12.6,0,0,0,0,0,0
RP23-142M3.3,0,0,0,0,0,0
RP23-142M3.4,0,0,0,0,0,0
RP23-142N2.1,0,3,3,3,4,2
RP23-142N2.2,0,0,0,1,0,0
RP23-143A14.3,51,147,52,7,6,1
RP23-143C1.1,0,0,0,0,0,0
RP23-143J5.2,13,4,14,18,17,22
RP23-143K9.1,0,0,0,0,0,0
RP23-143O13.1,3,2,2,224,164,192
RP23-143O13.2,0,1,2,4,4,2
RP23-143P18.1,0,1,1,1,0,1
RP23-143P18.2,131,152,102,733,633,659
RP23-144I6.2,0,0,0,0,0,0
RP23-144K11.1,0,0,0,0,0,0
RP23-144K11.2,0,0,0,0,0,0
RP23-144K18.1,0,0,0,0,0,0
RP23-144K18.2,0,0,0,1,0,1
RP23-144K18.3,3686,3920,3231,6572,6359,6259
RP23-144K18.4,32,26,43,116,87,87
RP23-144M4.2,0,0,0,0,0,0
RP23-144M4.3,0,0,0,0,0,0
RP23-144O20.4,7,9,11,4,3,5
RP23-144P24.2,1,0,0,1,5,3
RP23-144P24.3,1,3,7,1,2,1
RP23-144P24.4,1,1,0,0,0,2
RP23-145B5.2,0,0,0,0,0,0
RP23-145C12.1,149,166,139,414,430,509
RP23-145E1.6,13,15,8,40,23,25
RP23-145E1.9,0,0,1,0,0,0
RP23-145F22.6,0,0,0,0,0,0
RP23-145G21.1,0,0,0,0,0,0
RP23-145G21.2,3,3,5,2,5,4
RP23-145G21.3,0,0,0,0,0,0
RP23-145G21.4,0,0,0,0,0,0
RP23-145G23.3,0,2,1,0,0,1
RP23-145J23.1,0,0,1,0,1,0
RP23-145L13.1,0,0,0,0,0,0
RP23-145L7.3,0,0,0,0,0,0
RP23-145L7.4,19,10,21,41,36,42
RP23-145N17.1,17,27,43,22,14,12
RP23-145N17.2,2,0,1,1,1,1
RP23-145N4.3,186,203,193,293,312,319
RP23-145O4.2,0,0,0,0,0,0
RP23-145O4.3,0,0,0,0,0,0
RP23-145O4.4,14,11,14,0,0,1
RP23-146A17.1,44,24,35,51,54,50
RP23-146A17.2,2,0,4,0,1,0
RP23-146D13.1,0,0,0,0,0,0
RP23-146D13.2,239,196,213,192,156,180
RP23-146F24.3,0,0,0,0,0,0
RP23-146F24.4,0,0,0,1,0,0
RP23-146F24.5,9,8,5,5,3,2
RP23-146I18.1,0,0,0,0,0,0
RP23-146I18.5,3,1,2,4,1,3
RP23-146I4.2,0,0,0,0,0,0
RP23-146J17.3,0,0,0,1,1,0
RP23-146M22.2,19,23,19,4,5,7
RP23-146O20.1,16,6,10,1,2,1
RP23-146O7.2,0,0,0,0,3,1
RP23-146P7.2,44,62,57,194,159,158
RP23-147D3.10,5,6,4,4,6,12
RP23-147D3.8,3,0,3,1,1,1
RP23-147E6.1,4,6,3,6,6,11
RP23-147F6.1,0,0,0,0,0,0
RP23-147F6.2,0,0,0,0,0,0
RP23-147F6.3,0,0,0,0,1,0
RP23-147I24.1,109,104,74,46,49,53
RP23-147K15.3,33,28,34,127,117,133
RP23-147K15.4,129,90,111,82,53,63
RP23-147K24.1,66,53,72,91,73,68
RP23-147K5.2,51,48,58,47,44,55
RP23-147K5.3,39,32,37,49,44,40
RP23-147P2.2,53,62,65,90,89,104
RP23-147P4.3,2,0,0,0,4,1
RP23-148A16.3,0,0,0,0,0,0
RP23-148P12.3,1535,1653,1562,3443,3232,2770
RP23-149C7.3,2,2,1,0,1,0
RP23-149C7.4,313,269,271,623,535,838
RP23-149D11.1,1,0,1,0,0,0
RP23-149D11.3,8,5,11,2,14,3
RP23-149D11.4,0,0,0,0,0,0
RP23-149D11.5,0,0,0,0,0,0
RP23-149D11.6,0,0,1,0,0,0
RP23-149D11.7,0,0,0,0,0,0
RP23-149D11.8,478,548,524,836,721,690
RP23-149D5.4,645,784,572,852,840,840
RP23-149D5.5,0,0,2,0,1,1
RP23-149E24.1,0,0,0,0,0,0
RP23-149E24.10,0,0,0,0,0,0
RP23-149E24.9,4,9,5,306,189,228
RP23-149G14.3,50,44,23,65,76,85
RP23-149H3.2,0,0,0,0,0,0
RP23-149H3.3,20,21,17,19,29,25
RP23-149H3.4,0,0,0,0,0,0
RP23-149N22.1,2,0,3,1,3,6
RP23-149N22.2,5,3,4,8,12,6
RP23-149N22.3,0,0,0,0,0,0
RP23-149O19.1,0,0,0,0,1,0
RP23-149O3.1,114,137,132,135,79,116
RP23-149O3.4,20,24,34,47,55,34
RP23-149P4.1,72,84,71,103,106,67
RP23-149P4.2,0,1,1,2,2,1
RP23-149P4.4,1,0,0,0,0,0
RP23-149P4.5,0,0,1,0,0,0
RP23-149P4.6,200,223,216,754,750,777
RP23-149P4.7,0,0,0,0,0,0
RP23-149P4.8,0,0,0,0,0,0
RP23-149P4.9,0,0,0,0,0,0
RP23-14B5.1,0,0,0,0,0,0
RP23-14B5.2,0,0,0,0,0,0
RP23-14B5.3,1,0,1,0,0,0
RP23-14B5.4,1,0,0,0,0,0
RP23-14B5.5,0,0,0,0,0,0
RP23-14C19.1,0,0,0,0,0,1
RP23-14F5.4,7947,7276,6837,11717,11548,13134
RP23-14F5.5,784,852,752,2085,1633,1799
RP23-14F5.9,17,12,15,14,9,18
RP23-14I13.1,0,0,0,0,3,3
RP23-14I13.2,0,3,1,9,3,10
RP23-14I13.3,0,1,0,2,1,1
RP23-14I13.4,0,0,0,0,0,0
RP23-14I13.5,0,0,0,0,0,0
RP23-14I19.1,0,0,0,0,0,0
RP23-14N22.2,1943,1827,1993,3855,3908,3646
RP23-14N22.3,1281,1139,1104,1337,1343,1453
RP23-14P17.4,2,0,1,1,4,2
RP23-14P24.2,0,1,0,0,0,1
RP23-14P24.3,6,9,7,3,8,3
RP23-150D10.1,2,0,2,0,0,0
RP23-150G4.2,0,0,0,1,0,1
RP23-151A11.2,0,0,0,0,0,0
RP23-151A11.4,0,0,0,0,0,0
RP23-151A15.7,15,10,8,14,9,9
RP23-151F21.1,4,0,3,0,1,0
RP23-151F21.2,0,0,0,0,0,0
RP23-151F21.3,1,2,0,1,2,1
RP23-151M22.2,0,1,4,5,1,3
RP23-151M22.6,5,1,5,2,5,4
RP23-151M22.7,0,1,1,0,0,1
RP23-151M22.9,0,1,0,1,2,0
RP23-151M8.1,17519,19132,20029,59827,57231,55488
RP23-151N17.1,61,76,52,146,104,138
RP23-151N19.4,1,0,0,0,0,0
RP23-151N19.5,0,0,1,0,0,0
RP23-152A17.1,1,0,0,0,0,0
RP23-152A17.2,1,0,0,0,0,0
RP23-152A20.2,6,3,5,11,7,14
RP23-152D15.1,0,0,0,0,0,0
RP23-152D15.2,0,0,3,3,6,2
RP23-152G20.1,1,2,1,0,0,0
RP23-152G20.2,1075,932,908,2254,2298,2482
RP23-152H17.1,0,0,0,0,0,0
RP23-152H17.2,0,0,0,0,0,0
RP23-152P11.2,134,144,115,222,244,230
RP23-152P11.3,10,3,8,11,13,13
RP23-152P13.1,0,0,0,0,0,0
RP23-152P13.2,1,0,1,5,3,1
RP23-153F8.11,0,0,0,0,0,0
RP23-153F8.12,0,0,0,0,0,0
RP23-153F8.4,9,13,10,44,36,43
RP23-153F8.5,15,11,25,52,46,40
RP23-153G17.2,15,18,22,69,77,55
RP23-153G17.4,48,59,40,197,208,193
RP23-153G22.2,0,0,0,0,0,0
RP23-153J22.1,0,0,0,0,0,0
RP23-153K9.1,76,81,79,148,162,174
RP23-153K9.2,501,459,416,659,495,704
RP23-153M14.1,0,0,0,0,0,0
RP23-153M14.4,374,305,387,1024,981,1298
RP23-153M14.5,16,20,21,14,15,10
RP23-153M14.6,889,784,893,1365,1434,1074
RP23-154A10.1,0,0,0,0,0,0
RP23-154A10.2,4,5,0,0,0,1
RP23-154A15.2,1,8,1,2,2,4
RP23-154F2.1,0,0,0,0,0,0
RP23-154H8.1,797,742,692,1001,923,748
RP23-154I9.3,0,0,0,0,0,0
RP23-154I9.4,0,0,0,0,0,0
RP23-154J12.4,2,1,2,3,1,3
RP23-154J12.5,1,6,1,3,0,2
RP23-154K13.2,0,1,0,0,0,0
RP23-154M2.1,0,0,0,2,0,0
RP23-154M2.2,3,4,2,4,4,5
RP23-154O12.1,386,42,608,568,526,826
RP23-154O12.2,124,6,91,340,314,554
RP23-155A10.2,11,8,13,144,73,122
RP23-155G13.1,0,0,0,0,0,0
RP23-155H18.1,0,0,0,0,0,0
RP23-155J3.4,84,82,50,291,301,407
RP23-155J3.6,13,21,10,34,29,26
RP23-155J3.8,0,4,4,3,1,2
RP23-155L18.1,0,0,0,0,0,0
RP23-155L18.2,0,0,0,0,0,0
RP23-155P8.1,3,6,2,6,5,11
RP23-156D8.1,70,68,83,49,41,32
RP23-156E17.1,0,0,0,0,0,0
RP23-156G14.1,0,0,0,0,0,0
RP23-156G14.2,0,0,0,0,0,0
RP23-156G21.1,12,5,8,27,17,20
RP23-156G21.2,0,0,0,0,0,0
RP23-156O5.3,2,3,1,0,1,0
RP23-156P22.3,2,2,0,1,2,1
RP23-156P22.5,4,10,5,3,2,7
RP23-156P22.7,7,12,10,32,17,29
RP23-157H17.2,10,9,7,2,1,2
RP23-157N11.1,0,0,0,0,0,0
RP23-157N11.4,0,1,0,0,0,0
RP23-157N11.5,0,0,0,0,0,0
RP23-157N11.6,2,0,1,0,0,0
RP23-157N11.7,0,0,0,0,0,0
RP23-157O1.1,10,9,4,17,14,9
RP23-157O10.6,64,87,87,44,62,42
RP23-157O10.8,167,182,188,168,142,128
RP23-158A5.1,0,0,0,0,0,0
RP23-158A6.2,3,1,2,2,3,6
RP23-158E10.1,0,0,0,0,0,0
RP23-158E10.2,1,0,3,2,2,1
RP23-158F12.1,4,5,5,33,32,44
RP23-158F12.2,0,0,0,0,0,0
RP23-158K12.1,0,0,0,0,0,0
RP23-158L19.1,7072,7887,9739,12700,12664,10391
RP23-158L19.2,511,572,634,647,683,543
RP23-158L19.3,2,5,4,5,6,3
RP23-158L19.6,312,289,310,566,569,461
RP23-158L6.1,1,0,0,0,0,0
RP23-158M12.2,0,0,0,0,0,0
RP23-158M12.3,0,0,0,0,0,0
RP23-158M12.4,0,0,0,0,0,0
RP23-158M12.5,3,3,0,4,0,1
RP23-158M12.6,0,0,0,0,0,0
RP23-158O11.5,0,0,0,0,0,0
RP23-158O11.6,8,16,16,3,4,7
RP23-158O8.1,0,0,0,0,0,0
RP23-159D11.3,2,4,7,2,0,2
RP23-159H12.1,11,27,12,46,43,50
RP23-159H12.2,5,0,0,2,2,3
RP23-159H8.1,0,0,0,3,4,3
RP23-159H8.2,2,4,5,1,3,1
RP23-159H8.3,0,0,0,0,0,0
RP23-159H8.4,82,81,96,166,133,154
RP23-159H8.8,21,33,44,55,59,44
RP23-159J7.4,3,4,3,6,10,6
RP23-159L16.1,0,0,0,0,0,0
RP23-159L16.6,0,0,0,0,0,0
RP23-159N16.1,4,3,2,2,5,0
RP23-159O6.2,0,0,0,1,0,0
RP23-159O6.4,7,2,12,3,2,6
RP23-15D12.3,0,0,0,0,0,0
RP23-15E4.2,4,5,1,9,4,8
RP23-15I21.9,502,353,272,593,627,675
RP23-15J3.10,12,14,19,1,4,3
RP23-15J3.2,0,0,0,0,0,0
RP23-15J3.3,0,0,0,0,0,0
RP23-15J3.4,428,336,313,357,311,372
RP23-15J3.5,657,672,662,234,240,272
RP23-15J3.6,0,0,0,0,0,0
RP23-15J3.7,39,40,36,22,14,18
RP23-15L19.1,0,0,0,0,0,0
RP23-15L19.3,13,24,13,3,2,1
RP23-160A1.1,10,10,16,6,7,3
RP23-160A1.2,0,0,1,0,0,0
RP23-160A1.3,0,0,0,0,0,0
RP23-160B4.1,1057,1169,1179,1636,1796,1801
RP23-160B4.2,0,0,0,0,0,0
RP23-160F12.2,26,34,37,25,40,32
RP23-160F12.3,0,0,0,0,0,0
RP23-160G19.1,7,7,5,2,0,1
RP23-160G19.3,147,147,185,166,173,182
RP23-160G19.4,10,6,7,5,3,5
RP23-160G19.5,0,0,0,1,0,0
RP23-160G19.7,2,3,3,15,11,21
RP23-160O12.1,0,1,0,0,0,0
RP23-160O12.2,0,0,0,0,0,0
RP23-161B3.4,1,0,0,0,0,2
RP23-161B9.2,1,2,1,0,3,0
RP23-161B9.5,995,1252,846,1759,1648,1395
RP23-161I3.2,39,39,29,8,4,9
RP23-161L11.1,892,761,842,651,651,753
RP23-161L11.2,0,0,0,0,0,0
RP23-161L11.6,1658,1807,1848,10507,10547,9525
RP23-161L11.8,0,4,0,0,3,1
RP23-161L11.9,0,0,0,0,0,0
RP23-161N17.1,0,0,0,0,0,0
RP23-161N17.11,143,144,149,351,271,284
RP23-161N17.13,0,0,0,0,0,0
RP23-161N17.4,0,0,0,0,0,0
RP23-162C3.1,1,4,0,2,1,2
RP23-162D3.1,654,672,648,501,413,528
RP23-162D3.2,118,160,121,71,81,67
RP23-162G11.1,54,45,55,159,145,151
RP23-162G11.2,29,33,32,147,137,145
RP23-162H3.2,0,0,3,3,2,2
RP23-162H3.3,0,0,0,1,1,1
RP23-162H6.5,4,6,7,1,2,6
RP23-162H9.1,1,0,1,0,2,1
RP23-162H9.2,4,21,5,354,237,197
RP23-162K2.4,0,0,0,0,0,0
RP23-162K2.5,989,1051,789,3382,3186,2937
RP23-162P18.1,1,2,0,1,0,1
RP23-162P18.2,0,0,0,0,0,0
RP23-162P18.3,0,0,1,0,0,0
RP23-162P18.4,1,0,5,20,17,14
RP23-162P18.6,246,231,197,139,126,127
RP23-163A24.1,0,0,0,0,0,0
RP23-163B21.1,1,3,1,3,2,1
RP23-163B21.2,1,3,1,3,1,1
RP23-163B21.3,9,10,4,54,58,47
RP23-163B21.4,583,506,630,325,362,301
RP23-163F11.2,0,0,0,0,0,0
RP23-163J17.1,60,46,48,79,96,54
RP23-163J17.2,0,0,0,0,0,0
RP23-163J17.3,0,0,0,0,0,0
RP23-163J20.1,1,0,0,1,1,3
RP23-163J20.4,183,165,196,471,560,553
RP23-165J1.1,2,4,4,0,3,5
RP23-165J1.2,124,98,83,179,182,184
RP23-165L23.2,9,6,7,6,4,5
RP23-165L23.3,0,0,0,0,0,1
RP23-165L23.4,4,5,11,18,26,29
RP23-166A1.1,714,679,551,427,364,530
RP23-166A1.2,1997,2271,2664,5821,5513,4194
RP23-166A1.3,1,2,8,4,1,4
RP23-166I8.2,0,0,0,1,1,1
RP23-166I8.3,0,0,0,1,0,0
RP23-166I8.4,0,0,0,0,0,0
RP23-166N12.1,0,0,0,1,1,0
RP23-167A12.2,6,9,9,26,21,33
RP23-167A12.3,18,14,7,18,26,15
RP23-167A12.4,0,0,0,0,0,0
RP23-167A12.5,986,1104,959,1404,1342,1272
RP23-167A19.1,59,46,58,22,15,19
RP23-167B1.1,0,0,0,0,0,0
RP23-167B1.2,0,0,0,0,0,0
RP23-167B1.3,0,0,0,0,0,0
RP23-167B1.4,0,0,0,0,0,0
RP23-167B1.5,0,0,0,0,0,0
RP23-167D4.2,812,933,1430,3010,2884,2227
RP23-167D6.3,1,0,0,0,0,2
RP23-167D6.4,2,2,0,0,1,0
RP23-167G19.8,0,5,1,1,2,6
RP23-167I12.10,17,7,12,1,4,3
RP23-167I12.11,267,310,311,168,178,166
RP23-167I21.2,1567,1713,1953,4088,4064,3300
RP23-167L1.3,0,0,0,0,0,0
RP23-167L1.4,0,0,1,0,0,0
RP23-167L1.5,0,0,0,1,2,0
RP23-167L1.7,0,0,0,0,1,1
RP23-167N13.2,8915,10686,10895,8360,8665,7460
RP23-167N13.4,0,1,0,0,1,0
RP23-167N2.1,0,0,0,0,0,0
RP23-167O21.2,0,0,0,0,0,0
RP23-167O21.3,0,0,0,0,0,0
RP23-168C20.1,0,2,4,0,0,0
RP23-168C20.5,0,0,0,0,1,1
RP23-168C6.1,0,0,0,0,0,0
RP23-168C6.2,2,0,1,1,2,1
RP23-168M5.3,476,645,504,330,302,267
RP23-168M5.7,13,10,18,3,9,5
RP23-168M5.9,629,597,692,623,645,619
RP23-169D3.1,0,0,0,0,0,0
RP23-169E20.1,0,0,0,0,0,0
RP23-169H13.2,5,2,1,0,1,1
RP23-169H13.4,1,3,3,0,0,0
RP23-169H17.1,0,0,0,0,0,1
RP23-169H17.2,0,0,0,0,0,0
RP23-169J19.10,0,0,0,0,0,0
RP23-169J19.11,274,225,234,222,230,200
RP23-169J19.12,4,4,7,30,32,46
RP23-169J19.6,2,5,3,0,0,2
RP23-169J19.8,1,0,0,0,0,0
RP23-169J19.9,0,0,1,0,0,0
RP23-169L4.5,0,0,0,0,0,0
RP23-169M24.1,2031,2208,2206,4583,4368,3847
RP23-169M4.2,1231,1238,1237,1796,1814,1581
RP23-169M4.3,1477,1621,1651,1044,1100,1315
RP23-169M4.4,30,41,64,157,127,147
RP23-16B24.1,0,0,1,0,0,0
RP23-16B24.2,0,0,1,0,0,0
RP23-16B24.3,0,1,0,0,0,0
RP23-16B24.4,124,131,137,190,220,216
RP23-16C4.1,0,2,0,1,1,0
RP23-16D9.5,3,0,0,0,0,1
RP23-16D9.6,159,127,269,279,407,330
RP23-16F13.2,0,0,0,1,0,0
RP23-16G8.1,37,38,26,92,89,70
RP23-16G8.2,2,1,3,8,8,11
RP23-16H24.2,15,10,18,68,60,71
RP23-16I17.2,81,74,76,150,173,134
RP23-16I17.3,1,0,1,1,2,0
RP23-16I17.4,1,0,2,1,1,0
RP23-16J4.1,776,684,825,279,281,366
RP23-16J5.2,0,0,0,0,1,0
RP23-16J8.2,0,0,0,0,0,0
RP23-16J8.3,1,0,0,0,0,0
RP23-16J8.5,16,19,23,24,15,27
RP23-16N14.1,389,373,432,531,458,497
RP23-16O15.2,60,68,63,135,126,135
RP23-16P3.8,0,0,0,0,0,0
RP23-170A23.2,1,3,7,12,7,10
RP23-170A23.4,0,0,0,0,0,0
RP23-170A23.6,14,18,14,24,21,30
RP23-170B5.1,0,0,0,0,0,0
RP23-170G19.1,0,0,0,0,0,0
RP23-170G19.2,0,0,0,0,0,0
RP23-170G19.3,79,76,80,198,171,160
RP23-170H12.2,0,0,0,0,0,0
RP23-170L19.1,611,808,731,460,518,405
RP23-170L24.2,0,0,1,0,0,0
RP23-170L24.3,224,247,275,264,197,207
RP23-171A11.3,439,471,486,640,644,586
RP23-171A13.6,1,0,1,4,4,3
RP23-171A16.1,0,0,0,0,0,0
RP23-171A16.2,0,0,0,0,0,0
RP23-171H16.3,1,1,1,1,1,2
RP23-171I6.4,24,27,27,39,63,73
RP23-171J18.1,784,780,840,1025,1128,951
RP23-171J18.2,0,0,0,0,0,0
RP23-171N20.1,1145,945,1053,2181,2345,2205
RP23-171N20.4,3953,4740,5739,7888,7962,6189
RP23-172A2.1,260,200,158,250,327,301
RP23-172A2.2,2,0,1,1,1,4
RP23-172B16.3,976,843,701,320,320,333
RP23-172B16.5,0,0,0,0,0,0
RP23-172B16.8,4,2,4,29,23,22
RP23-172B16.9,0,0,1,0,0,0
RP23-172G14.1,443,482,417,332,363,306
RP23-172G14.2,8,5,9,0,1,1
RP23-172M21.19,0,0,0,0,0,0
RP23-172M21.8,0,0,0,0,0,0
RP23-172P19.1,2,0,1,4,4,2
RP23-172P19.5,0,0,0,0,0,0
RP23-173A8.1,0,0,0,0,0,0
RP23-173A8.2,0,2,0,2,0,0
RP23-173C3.1,1,0,0,0,0,0
RP23-173C3.2,0,0,0,0,0,0
RP23-173D8.2,21,28,29,40,44,55
RP23-173D8.3,24,19,27,42,34,36
RP23-173D8.4,0,4,4,3,3,6
RP23-173D8.6,810,990,945,1393,1331,962
RP23-173D8.8,2,0,2,0,0,0
RP23-173E15.1,1,1,1,0,1,0
RP23-173E15.2,4,4,2,73,73,85
RP23-173F16.2,2038,2224,2146,1744,1814,1767
RP23-173F3.1,2162,2372,2247,4415,4355,4294
RP23-173F3.4,5,4,1,16,20,24
RP23-173H17.8,0,0,0,0,0,0
RP23-173J23.1,0,0,0,0,0,0
RP23-173J23.2,8,3,4,4,3,10
RP23-173J23.3,0,0,0,0,0,0
RP23-173M6.3,116,123,184,115,95,86
RP23-174C4.1,105,76,105,63,65,71
RP23-174C9.3,27,30,22,75,66,47
RP23-174C9.5,138,141,110,201,245,244
RP23-174C9.7,0,0,0,0,2,2
RP23-174D11.2,827,963,1000,1902,2168,1683
RP23-174D11.3,0,0,0,1,0,0
RP23-174D11.4,70,62,93,57,44,39
RP23-174K9.1,0,0,0,0,0,0
RP23-174L3.1,28,16,27,21,17,21
RP23-174M24.2,1,0,2,2,1,0
RP23-174O19.1,0,0,0,0,0,0
RP23-174O19.2,0,0,0,12,2,6
RP23-174O19.4,4,2,4,6,3,7
RP23-175A18.1,0,0,1,0,0,0
RP23-175A18.2,1,0,1,0,0,0
RP23-175A18.3,1,0,5,0,0,1
RP23-175C13.1,22,25,29,7,10,5
RP23-175K24.2,0,1,0,0,0,0
RP23-176J12.2,517,472,494,1155,966,1241
RP23-176J12.5,0,0,0,0,0,0
RP23-176J13.11,0,0,0,0,0,0
RP23-176J13.3,0,0,0,0,0,1
RP23-176J13.6,0,0,1,1,1,2
RP23-176J13.9,2,3,3,7,6,1
RP23-176M23.1,0,0,1,0,2,2
RP23-176N13.1,0,0,0,0,0,0
RP23-176N13.2,1282,1471,1402,1191,1116,1107
RP23-176N9.3,3,2,7,6,3,3
RP23-176N9.5,791,766,748,386,428,495
RP23-176O5.1,986,1027,1064,1906,1970,2068
RP23-176O5.2,0,0,1,0,0,0
RP23-176O5.3,0,0,0,0,0,3
RP23-176P20.1,0,0,0,0,0,0
RP23-176P20.2,2,2,1,3,3,1
RP23-176P20.3,0,0,0,0,0,0
RP23-177B17.3,1,4,4,1,1,1
RP23-177C20.4,0,0,0,0,0,0
RP23-177C20.5,1568,1640,1280,4132,3870,2994
RP23-177D21.2,1,0,0,0,0,2
RP23-177D21.3,0,0,0,0,0,0
RP23-177J21.3,14,18,28,23,14,18
RP23-177L19.1,205,226,155,182,145,162
RP23-177L19.2,0,1,2,0,0,0
RP23-177L19.3,0,0,1,0,0,0
RP23-177M10.2,1,0,0,2,0,2
RP23-178B19.1,136,181,127,265,164,218
RP23-178B19.7,1,2,3,2,4,1
RP23-178B19.8,335,285,330,258,230,232
RP23-178D3.1,1051,1218,1137,3123,2707,2733
RP23-178F20.1,173,160,196,70,98,111
RP23-178F20.2,1215,1337,1179,3230,3311,2996
RP23-178N11.2,0,0,0,0,0,0
RP23-178N11.5,0,0,0,0,0,2
RP23-179F8.1,4,1,4,8,9,11
RP23-179F8.2,1,2,0,6,4,4
RP23-179F9.1,0,0,0,0,0,0
RP23-179J18.2,428,540,434,616,503,548
RP23-17B8.1,0,0,0,0,0,0
RP23-17B8.2,3,15,19,12,9,8
RP23-17C2.1,0,0,0,0,0,0
RP23-17C2.3,51,80,72,16,10,22
RP23-17C23.1,0,0,0,0,0,0
RP23-17C23.2,675,587,505,799,593,758
RP23-17C23.3,0,0,0,0,0,0
RP23-17F2.2,165,119,114,215,206,221
RP23-17F2.3,0,0,0,0,1,2
RP23-17F2.4,217,210,216,176,154,145
RP23-17J18.2,34,45,36,32,33,38
RP23-17K9.12,1,0,1,0,0,0
RP23-17K9.4,4,11,10,4,13,8
RP23-17M4.1,0,1,0,0,0,0
RP23-17M4.2,1,0,0,0,1,1
RP23-17N7.3,8,5,15,10,11,11
RP23-17N7.4,173,169,157,191,210,207
RP23-17N7.5,154,131,147,182,139,171
RP23-17N7.8,4,2,0,5,3,7
RP23-17N7.9,0,0,0,0,0,0
RP23-17O21.1,121,81,94,49,35,52
RP23-17O21.3,7,8,3,3,2,5
RP23-17O4.3,26,18,19,12,11,7
RP23-17O4.4,9,9,7,0,0,1
RP23-17O9.2,408,553,550,1145,1075,1002
RP23-17O9.3,2,0,1,0,0,0
RP23-17O9.4,13,7,10,0,1,0
RP23-17P18.2,0,0,1,1,0,3
RP23-17P18.3,0,0,0,0,0,0
RP23-180A8.1,9,10,18,92,71,73
RP23-180B18.3,36,34,38,54,44,61
RP23-180B18.5,17,18,28,38,22,32
RP23-180B9.1,0,0,0,0,0,0
RP23-180D16.1,0,1,1,2,2,0
RP23-180D16.4,0,0,0,0,0,0
RP23-180H12.2,0,1,1,0,0,0
RP23-180I2.1,11,14,13,16,21,13
RP23-180I2.2,0,0,0,0,0,0
RP23-180L15.3,4,2,9,8,8,11
RP23-180L15.8,0,0,0,0,0,0
RP23-180N10.2,0,0,0,0,0,0
RP23-180N10.4,0,0,0,0,0,0
RP23-180N10.5,9,5,9,4,9,10
RP23-180N10.6,9,5,9,4,9,10
RP23-180N22.1,588,550,562,1526,1488,1503
RP23-180N22.3,1536,1606,1413,2892,2903,2998
RP23-180O4.1,0,0,0,1,0,0
RP23-180O4.2,0,0,0,0,0,0
RP23-180O4.3,1,2,4,3,0,1
RP23-180P4.1,207,146,195,106,99,122
RP23-181A13.1,0,0,0,0,0,0
RP23-181C9.1,0,0,0,0,0,0
RP23-181D11.1,0,0,0,0,0,0
RP23-181L15.2,0,0,0,0,1,1
RP23-181L15.4,0,0,0,0,0,0
RP23-181M13.1,0,1,5,6,4,3
RP23-181M13.3,0,1,1,5,2,2
RP23-181M13.4,0,0,0,0,1,1
RP23-181M13.5,1243,1120,1123,1728,1599,1964
RP23-181N6.1,2,0,4,8,7,6
RP23-181O3.2,0,0,0,0,0,0
RP23-182D20.3,0,1,2,0,3,0
RP23-182H15.1,0,0,0,0,0,0
RP23-182H15.2,0,0,0,0,0,0
RP23-182H15.3,0,0,0,0,0,0
RP23-182K18.1,1,0,0,0,0,0
RP23-182N4.1,0,0,4,0,1,8
RP23-183A1.1,0,0,0,0,0,0
RP23-183A10.1,0,0,0,0,0,0
RP23-183C14.2,0,0,0,0,0,0
RP23-183D11.8,30,52,45,59,54,69
RP23-183D11.9,2,1,0,1,0,2
RP23-183L1.2,16,15,15,5,14,4
RP23-183L1.8,0,0,0,1,1,0
RP23-183L6.2,15,24,15,28,40,40
RP23-183N8.2,0,0,1,0,0,1
RP23-183N8.3,1,4,7,2,0,1
RP23-183N8.4,0,0,0,0,0,0
RP23-183O12.2,0,0,0,0,0,0
RP23-184G6.5,307,314,332,876,819,679
RP23-184H6.4,0,0,0,0,0,0
RP23-184H6.5,43,18,30,21,24,16
RP23-184N11.1,13,18,11,0,1,2
RP23-184N11.2,208,189,174,210,185,166
RP23-184N11.3,0,2,4,1,0,2
RP23-184N11.4,5,4,2,3,2,2
RP23-184N11.5,14,29,17,32,20,29
RP23-184N11.6,1,1,4,3,3,0
RP23-184N11.7,0,3,1,5,1,6
RP23-184O11.2,0,0,0,0,1,1
RP23-185A18.10,4,0,2,1,2,3
RP23-185A18.12,0,0,0,0,0,0
RP23-185A18.17,124,118,143,234,217,223
RP23-185A3.1,1728,1653,1574,3088,3131,3088
RP23-185C16.2,172,200,241,611,586,569
RP23-185C16.3,0,0,4,1,1,1
RP23-185F24.2,0,1,0,0,0,0
RP23-185F7.3,2,4,2,6,6,8
RP23-185F7.4,850,709,674,219,195,262
RP23-185I12.1,0,0,2,1,1,1
RP23-185J21.1,370,444,545,723,787,538
RP23-185L10.1,0,0,1,0,0,0
RP23-185L10.2,116,94,127,97,93,106
RP23-185L10.3,7,12,16,14,18,13
RP23-185M16.2,13,8,7,17,17,22
RP23-186A19.1,0,0,0,0,0,0
RP23-186A19.2,12,12,13,18,28,21
RP23-186A19.3,0,0,0,0,0,0
RP23-186A9.1,0,0,0,0,0,0
RP23-186B18.4,1000,767,727,442,423,456
RP23-186B18.7,0,0,0,0,0,0
RP23-186D6.2,1,2,0,0,0,0
RP23-186D6.3,2,6,4,0,0,0
RP23-186E14.1,5,2,1,4,3,6
RP23-186E14.3,3,3,6,1,1,1
RP23-186F3.1,0,0,0,0,0,0
RP23-186F3.2,0,0,0,0,0,0
RP23-186J18.1,153,214,171,247,218,236
RP23-186O3.2,9,7,3,5,10,2
RP23-186P20.1,2,2,2,2,3,6
RP23-186P20.2,1,2,0,2,0,0
RP23-187B11.1,2826,2806,2616,7596,7369,7099
RP23-187C5.1,1,0,1,6,2,2
RP23-187G1.2,4,2,5,4,0,2
RP23-187M7.2,28,29,20,70,59,46
RP23-187P8.2,0,0,0,0,0,0
RP23-187P8.3,0,0,0,0,0,0
RP23-188A3.2,0,0,1,1,2,0
RP23-188A3.3,3,3,1,2,4,5
RP23-188C13.3,0,0,0,0,0,0
RP23-188D5.1,1,0,0,3,2,4
RP23-188D9.1,197,251,235,27,44,25
RP23-188D9.3,0,0,2,1,2,0
RP23-188D9.4,7,2,7,2,0,2
RP23-188D9.5,9,3,13,12,16,12
RP23-188E3.1,0,0,0,0,0,0
RP23-188E3.2,0,0,0,0,0,0
RP23-188F1.1,0,0,0,0,0,0
RP23-188H3.3,29,22,23,36,65,49
RP23-188H3.5,2,3,1,1,0,0
RP23-188H3.8,6,4,2,1,1,1
RP23-188K22.1,0,0,0,0,0,0
RP23-188K22.2,0,0,0,0,0,0
RP23-188K22.4,0,0,0,0,0,0
RP23-188K22.5,0,0,0,0,0,0
RP23-188K22.6,381,319,403,1080,1166,928
RP23-188K22.7,30,17,30,42,40,43
RP23-188K22.8,1,2,0,0,1,0
RP23-188K3.3,2,6,1,3,12,8
RP23-188K3.5,26,21,24,28,25,22
RP23-188M14.1,0,0,0,0,0,0
RP23-188N17.1,0,0,0,0,0,0
RP23-188N17.3,187,150,223,197,168,168
RP23-189A16.7,0,0,0,0,0,0
RP23-189F6.3,230,210,249,484,439,409
RP23-189G9.1,0,0,0,0,0,0
RP23-189G9.2,0,0,2,0,0,0
RP23-189L19.3,0,1,0,0,2,0
RP23-189L19.4,729,729,640,1152,1345,1442
RP23-189N15.1,32,31,28,52,53,75
RP23-189N15.2,0,0,1,0,0,0
RP23-189N15.6,491,564,371,175,162,152
RP23-18C19.1,294,286,296,118,149,158
RP23-18D18.1,0,0,0,0,0,0
RP23-18D18.2,0,0,0,0,0,0
RP23-18D18.3,0,0,0,0,0,0
RP23-18D18.4,0,0,0,0,0,0
RP23-18D24.1,207,250,243,293,294,252
RP23-18D24.2,0,0,0,0,0,0
RP23-18D24.3,0,0,0,1,0,0
RP23-18F9.3,0,0,0,0,0,0
RP23-18I13.1,0,0,0,0,0,0
RP23-18K20.1,3,1,2,0,5,2
RP23-18M1.4,0,0,1,0,0,0
RP23-18M1.5,0,0,0,2,0,1
RP23-18M2.1,0,1,0,0,0,0
RP23-190A21.2,73,61,36,74,82,69
RP23-190A21.3,0,0,0,0,0,0
RP23-190A21.4,1,0,0,2,1,0
RP23-190B10.1,0,0,1,0,0,0
RP23-190B10.2,5,3,1,3,2,5
RP23-190B10.3,9,6,13,9,5,12
RP23-190G10.2,0,0,0,0,0,0
RP23-190H10.1,0,0,0,0,0,0
RP23-190H10.2,0,0,0,0,0,0
RP23-190K7.1,0,0,1,0,0,0
RP23-190K7.2,0,0,0,0,0,0
RP23-190L21.1,0,0,0,0,0,0
RP23-190L21.2,0,0,0,0,0,0
RP23-190O13.2,1,4,0,0,0,0
RP23-190O13.3,3,0,0,0,0,0
RP23-190O13.4,0,2,1,0,0,0
RP23-191A10.1,0,0,0,0,0,0
RP23-191E3.1,3,3,5,6,10,5
RP23-191E3.14,29,29,26,64,60,57
RP23-191E3.17,74,57,69,77,88,75
RP23-191E3.18,6,3,4,0,3,4
RP23-191E3.2,2265,2389,2206,4990,4182,3875
RP23-191F15.1,0,0,0,0,0,0
RP23-191F22.11,0,0,0,0,0,0
RP23-191F22.5,6,4,2,3,5,4
RP23-191F22.7,92,105,75,87,66,68
RP23-191G17.1,0,0,0,0,0,0
RP23-191G17.2,0,0,0,0,0,0
RP23-191G17.3,0,1,0,0,0,0
RP23-191G17.4,1593,1366,1477,3059,2608,3039
RP23-191G17.5,0,0,0,0,0,0
RP23-191G17.6,1,0,0,0,0,0
RP23-191G17.7,1,0,1,0,0,0
RP23-191L7.1,2,1,4,4,5,5
RP23-191L7.2,4,6,6,1,1,0
RP23-191L7.3,0,0,0,0,0,0
RP23-191L7.4,14,19,14,0,1,2
RP23-191L7.6,0,0,0,0,0,0
RP23-191L7.7,1,11,10,5,8,12
RP23-192A6.2,3,4,8,1,4,3
RP23-192D5.2,8,5,9,0,0,0
RP23-192G18.7,136,110,139,105,120,126
RP23-192H2.2,0,0,0,0,0,0
RP23-192H2.4,0,2,5,14,12,19
RP23-192N1.1,0,0,0,3,2,1
RP23-192N1.2,0,0,0,0,0,0
RP23-192O6.1,0,0,1,2,1,5
RP23-192O6.2,1,0,0,1,0,0
RP23-192O6.3,0,0,0,0,0,0
RP23-192P17.5,176,220,202,218,236,166
RP23-193A16.2,24,19,31,77,45,77
RP23-193A16.3,0,0,0,0,0,0
RP23-193A16.6,1,1,2,1,0,2
RP23-193A21.2,0,0,0,0,0,0
RP23-193K10.1,0,0,0,0,0,1
RP23-193K10.2,0,0,0,0,0,0
RP23-193L14.1,0,0,0,0,0,0
RP23-193L14.2,0,0,0,0,0,0
RP23-193L22.2,2,2,1,2,0,3
RP23-193L22.4,0,0,0,2,4,1
RP23-193L22.5,0,0,1,1,1,1
RP23-193O17.1,623,788,844,627,809,759
RP23-193O17.4,24,32,31,37,37,15
RP23-194C12.1,467,685,803,2125,1872,1175
RP23-194K1.1,1218,1247,1294,121,146,91
RP23-194K1.2,0,0,0,0,0,0
RP23-194K1.3,2,5,8,5,8,9
RP23-194K1.4,0,0,0,0,0,0
RP23-194P5.3,0,0,0,0,0,0
RP23-195A22.1,4,6,5,7,5,2
RP23-195K1.1,142,247,212,569,507,518
RP23-195K8.8,7,3,12,1,2,1
RP23-196B19.3,7,2,7,11,9,5
RP23-196B5.2,0,0,0,0,0,1
RP23-196C23.1,2,0,0,0,3,3
RP23-196C23.2,21,26,34,18,14,17
RP23-197A15.2,0,0,3,1,0,1
RP23-197A15.4,0,0,0,0,0,0
RP23-197C15.1,0,0,0,0,0,0
RP23-197C15.2,0,0,0,0,0,0
RP23-197C15.3,0,0,0,0,0,0
RP23-197C15.4,3,6,5,4,3,1
RP23-197C2.1,2,8,5,1,1,3
RP23-197C2.2,0,1,0,0,0,0
RP23-197O15.2,1,1,0,0,0,0
RP23-197O15.5,43,45,41,151,156,178
RP23-197O15.7,0,0,0,0,0,0
RP23-198C2.10,0,2,1,0,0,1
RP23-198C2.11,799,1028,718,873,934,1017
RP23-198C2.8,0,2,0,2,2,8
RP23-198C2.9,258,253,263,750,791,688
RP23-198D21.1,0,0,1,3,1,0
RP23-198D21.3,1,3,5,11,13,9
RP23-198D21.5,302,297,317,966,1055,845
RP23-198D7.2,8,7,14,14,12,17
RP23-198F11.2,0,0,0,0,0,0
RP23-198G1.2,3,2,0,26,19,22
RP23-198G4.1,0,0,0,0,0,1
RP23-198I4.2,0,0,0,0,0,1
RP23-198I4.4,0,0,0,2,1,4
RP23-198N14.3,75,64,61,88,90,83
RP23-198N14.4,0,0,0,0,0,0
RP23-198O15.1,3603,3157,3937,4484,4565,4479
RP23-198O15.2,4,2,1,2,1,0
RP23-198O15.4,79,83,76,34,22,24
RP23-198O15.6,20,13,17,6,10,4
RP23-199A12.1,0,1,1,0,1,1
RP23-199A2.3,38,37,42,16,18,9
RP23-199A2.7,12,5,14,15,10,23
RP23-199A9.2,0,0,0,0,0,0
RP23-199B9.1,18,21,15,45,35,40
RP23-199B9.2,0,0,0,0,0,0
RP23-199H17.3,6,6,11,6,7,5
RP23-199L4.1,1,0,0,0,0,0
RP23-199L4.2,0,0,0,0,0,0
RP23-19B6.1,0,0,0,0,2,0
RP23-19H23.1,0,0,0,0,0,1
RP23-19H23.2,0,0,0,0,0,1
RP23-19I2.6,1,0,1,0,0,0
RP23-19L12.10,1362,1279,1497,198,233,221
RP23-19L12.2,0,0,1,0,0,0
RP23-19L12.3,0,1,1,4,1,3
RP23-19L12.4,282,280,327,782,807,640
RP23-19L12.7,158,177,198,298,278,256
RP23-19L22.2,0,0,0,0,0,0
RP23-19L22.3,18,18,28,0,2,1
RP23-19M18.1,1,0,0,1,0,0
RP23-19M23.1,0,0,0,0,0,0
RP23-19M23.3,121,137,133,230,236,234
RP23-1A3.1,1,0,0,13,8,4
RP23-1A3.6,1,0,0,0,0,2
RP23-1I17.2,3,7,4,3,2,1
RP23-1I17.3,0,1,2,0,0,1
RP23-1O11.3,0,0,0,1,1,0
RP23-1O16.1,0,1,0,0,0,0
RP23-1O16.3,3,7,0,0,1,0
RP23-1O16.4,0,0,0,0,0,1
RP23-1O17.6,0,0,0,0,0,0
RP23-200B23.1,8,5,6,4,3,9
RP23-200B23.2,0,0,0,0,0,0
RP23-200B23.3,0,0,0,0,0,0
RP23-200B23.4,172,182,81,52,33,45
RP23-200B23.5,0,0,0,0,0,0
RP23-200J18.1,11,22,29,45,39,40
RP23-200J18.2,0,1,3,5,2,5
RP23-200O20.1,0,0,0,0,0,0
RP23-201C3.1,649,726,794,373,366,345
RP23-201G13.1,38,45,33,77,59,73
RP23-201H16.1,0,0,0,0,0,0
RP23-201I4.3,0,0,1,1,1,0
RP23-201I4.5,4,5,9,12,10,8
RP23-202C2.2,31,26,22,2,4,7
RP23-202E24.2,10,6,9,4,7,4
RP23-202F23.4,0,0,0,0,0,0
RP23-202F23.6,0,0,0,0,0,0
RP23-202F23.7,0,0,0,0,0,0
RP23-202F3.1,0,0,0,0,0,1
RP23-202G21.2,3,5,2,5,0,3
RP23-202G21.4,8,7,9,9,5,5
RP23-202H24.5,0,0,0,0,0,0
RP23-202J6.2,0,0,1,0,0,0
RP23-202J6.3,3,0,1,0,0,0
RP23-202K13.3,0,0,0,0,0,0
RP23-202M10.1,0,3,0,2,0,1
RP23-202N14.2,60,34,36,58,51,56
RP23-203A12.2,33,40,38,40,35,58
RP23-203A12.3,1,3,1,1,0,3
RP23-203A12.4,0,2,0,9,5,14
RP23-203J4.1,5375,4582,7268,1187,1326,1114
RP23-203N8.1,0,0,0,0,1,0
RP23-203P12.1,2,3,2,5,4,6
RP23-203P12.2,2,3,6,5,9,9
RP23-204B24.1,0,0,0,0,0,0
RP23-204D17.3,4,4,5,8,9,13
RP23-204D17.4,2,1,2,5,3,2
RP23-204I23.1,0,0,0,0,0,0
RP23-204I23.2,1,0,1,3,1,3
RP23-204L16.1,7,7,4,12,8,9
RP23-204N19.1,113,122,148,275,215,260
RP23-204N19.2,216,248,247,277,267,268
RP23-204N19.5,2,3,6,5,1,4
RP23-204N19.6,1,0,1,2,3,0
RP23-204N19.7,0,0,0,1,0,2
RP23-204O8.1,0,0,0,0,0,0
RP23-204P1.1,0,0,0,0,0,0
RP23-204P1.2,0,0,0,0,0,0
RP23-204P1.3,0,1,0,0,0,0
RP23-204P1.4,0,0,0,0,0,0
RP23-205A9.3,1,4,2,2,0,3
RP23-205D10.2,1,0,0,0,0,0
RP23-205D10.3,4,6,3,14,10,3
RP23-205D10.4,38,31,34,2,6,5
RP23-205D14.1,0,0,0,0,1,0
RP23-205I1.2,20,12,22,10,16,21
RP23-205I1.6,1,5,3,1,0,2
RP23-206D6.5,0,0,0,0,0,0
RP23-206E1.1,0,0,0,0,0,0
RP23-206E1.2,0,0,0,0,0,0
RP23-206E1.3,0,0,0,0,0,0
RP23-206E3.1,1,1,1,0,1,0
RP23-206I14.1,1,1,2,2,3,1
RP23-206I14.2,94,86,54,117,113,121
RP23-206I14.3,47,35,42,41,46,37
RP23-206I14.5,0,0,0,0,0,0
RP23-206K17.1,0,0,0,0,0,0
RP23-206L21.1,265,160,102,209,207,250
RP23-206P11.1,0,0,0,0,0,0
RP23-207B21.1,18,14,11,26,15,11
RP23-207B21.2,1608,1574,1337,2846,2687,3401
RP23-207B22.1,1,0,0,2,1,3
RP23-207C2.2,2,1,2,1,1,2
RP23-207F4.2,0,0,0,3,2,0
RP23-207H16.1,1,2,0,0,0,0
RP23-207H18.2,13,9,10,17,10,8
RP23-207H18.3,183,233,222,40,32,38
RP23-207N15.6,21,28,28,55,51,63
RP23-207P16.1,0,1,0,0,0,0
RP23-207P21.2,0,4,5,3,2,2
RP23-207P3.1,0,0,0,0,0,0
RP23-208J6.1,1,0,1,0,0,0
RP23-209C6.5,0,0,0,0,1,0
RP23-209F17.1,21,24,25,86,78,92
RP23-209L8.4,0,0,0,0,0,0
RP23-209M19.1,0,0,0,0,0,0
RP23-209M8.7,0,0,2,5,5,2
RP23-209M8.8,9,15,26,96,75,83
RP23-209N3.1,0,0,0,0,0,0
RP23-209N3.3,0,1,0,2,0,3
RP23-209N3.4,1,0,1,4,3,2
RP23-209O23.1,0,0,0,0,0,0
RP23-209O5.2,1,2,1,1,1,1
RP23-209P8.1,0,0,0,1,0,0
RP23-20A5.2,419,411,362,502,491,473
RP23-20A5.3,45,68,57,18,13,20
RP23-20A6.1,16,10,3,23,20,35
RP23-20A9.1,0,1,0,0,0,0
RP23-20B20.1,0,0,0,0,0,0
RP23-20C9.3,0,0,0,0,1,2
RP23-20E10.2,259,281,311,679,692,735
RP23-20E10.5,10,8,10,12,8,9
RP23-20E14.1,56,56,49,3,4,4
RP23-20F9.2,1,10,1,1,0,1
RP23-20F9.6,1,5,4,1,2,3
RP23-20G23.1,0,0,0,0,0,0
RP23-20G23.2,0,0,1,0,0,0
RP23-20G23.3,2,0,0,1,0,0
RP23-20G7.2,339,425,404,724,712,596
RP23-20G7.3,0,0,0,0,0,0
RP23-20K13.1,0,0,0,0,0,0
RP23-20K13.2,0,0,0,0,0,0
RP23-20K17.1,2,0,1,0,0,0
RP23-20L3.1,6,4,5,10,16,14
RP23-20M18.11,0,0,0,0,0,0
RP23-20M6.2,0,0,0,0,0,0
RP23-20N14.2,2,7,0,2,4,3
RP23-20N14.4,4,1,5,4,4,4
RP23-20N14.8,0,0,1,0,0,1
RP23-20P17.1,0,0,0,0,0,0
RP23-210L24.2,87,115,68,223,224,222
RP23-210L24.3,800,1038,745,1282,1308,1396
RP23-210M20.1,0,1,1,0,0,0
RP23-210M6.2,93,46,51,234,159,188
RP23-210M6.5,496,555,706,1190,1262,949
RP23-210M6.7,0,0,0,0,0,0
RP23-210M6.8,283,279,271,360,298,331
RP23-211E14.2,0,0,0,0,0,0
RP23-211F22.2,0,0,0,1,0,0
RP23-211L10.1,0,0,0,2,1,1
RP23-211L10.2,0,0,0,0,0,0
RP23-211M15.2,0,0,0,0,0,0
RP23-211M16.2,627,721,757,1211,1373,1236
RP23-211M20.1,0,0,0,0,0,0
RP23-211O23.2,304,286,260,503,446,572
RP23-211O23.3,0,0,0,0,0,0
RP23-211O23.4,0,0,0,0,0,0
RP23-211O3.3,137,196,211,875,755,654
RP23-212C14.1,0,0,0,0,0,0
RP23-212C14.10,0,0,0,0,0,0
RP23-212C14.11,520,694,553,5271,5108,5526
RP23-212C14.14,0,0,0,0,0,1
RP23-212C14.2,0,0,0,0,0,0
RP23-212C14.4,0,0,0,0,0,0
RP23-212C14.5,0,0,0,0,0,0
RP23-212C14.7,0,0,0,0,0,0
RP23-212C14.8,0,0,0,0,0,0
RP23-212E8.1,0,0,0,0,0,0
RP23-212E8.2,0,0,0,0,0,0
RP23-212F17.1,0,0,0,0,0,0
RP23-213D14.1,231,179,218,40,58,86
RP23-213D14.2,0,0,0,0,0,0
RP23-213D14.3,12,5,25,21,13,20
RP23-213F17.1,42,38,30,63,66,65
RP23-213F17.2,0,0,1,0,0,0
RP23-213J9.1,0,0,0,0,0,0
RP23-213K6.1,0,0,0,2,0,0
RP23-214D6.3,0,0,0,0,0,0
RP23-214E3.1,0,0,0,0,0,0
RP23-214E3.10,170,248,209,190,210,192
RP23-214E3.11,27,32,17,5,7,7
RP23-214E3.12,121,106,100,80,72,75
RP23-214E3.4,7,0,4,0,0,0
RP23-214E3.9,0,1,0,0,1,1
RP23-214I20.3,0,0,1,4,0,2
RP23-214I20.5,8,6,2,81,67,64
RP23-214L4.2,461,473,415,396,292,330
RP23-214L4.3,76,106,90,196,168,141
RP23-214L4.4,1,1,0,0,0,0
RP23-214L4.5,51,61,50,48,70,92
RP23-214L4.6,0,0,0,0,0,1
RP23-214M22.2,49,55,64,138,130,91
RP23-214P11.1,0,0,0,0,0,0
RP23-214P11.2,225,262,308,309,295,195
RP23-215C15.1,2,0,0,0,0,0
RP23-215D22.1,0,1,0,2,2,0
RP23-215D22.2,0,0,0,0,0,0
RP23-215N10.1,0,0,0,0,0,0
RP23-215P8.1,0,0,0,1,0,0
RP23-216B20.2,2,3,4,7,5,5
RP23-216B20.4,0,0,0,0,0,0
RP23-216B20.5,0,0,0,0,0,0
RP23-216M21.2,172,230,285,309,231,274
RP23-216M21.3,0,0,0,0,0,0
RP23-216M21.4,18,35,29,43,31,34
RP23-216O10.2,16,12,9,2,0,0
RP23-216O10.3,6,8,6,34,34,26
RP23-216O18.3,0,0,0,0,0,0
RP23-216P14.2,10,15,10,19,33,31
RP23-216P24.1,200,200,186,380,363,312
RP23-216P24.2,11,11,9,17,24,25
RP23-216P24.3,0,0,0,0,0,0
RP23-216P24.4,0,0,0,0,0,0
RP23-217B8.1,0,0,0,0,0,0
RP23-217B8.3,0,0,0,1,0,1
RP23-217B8.4,0,0,0,0,0,0
RP23-217B8.5,41,25,34,35,35,52
RP23-217B8.6,31,27,28,46,42,51
RP23-217E1.3,0,0,0,0,0,2
RP23-217I22.1,0,0,0,0,0,0
RP23-217I3.11,0,0,0,0,0,0
RP23-217I3.12,0,0,1,1,0,0
RP23-217I3.6,0,0,0,0,0,0
RP23-217I3.7,287,327,228,320,318,323
RP23-217J3.2,0,0,0,1,0,0
RP23-217J7.1,0,0,1,0,0,0
RP23-217L21.1,0,0,0,0,0,0
RP23-218A13.1,5,6,3,0,0,1
RP23-218A13.2,3,5,1,0,0,0
RP23-218A4.7,0,0,0,0,0,0
RP23-218B17.1,0,0,0,0,0,0
RP23-218C2.2,0,0,0,0,0,0
RP23-218C2.3,0,0,0,0,0,0
RP23-218C5.2,16,8,3,6,1,8
RP23-218C5.3,0,1,0,0,0,0
RP23-218C5.4,80,106,65,40,38,57
RP23-218C5.5,1,2,0,0,1,0
RP23-218C5.6,0,0,1,0,0,0
RP23-218H22.1,0,0,0,0,0,0
RP23-218H24.1,77,99,86,109,97,125
RP23-218H24.2,0,0,0,0,0,0
RP23-218K9.1,0,0,0,0,0,0
RP23-219D8.1,0,0,0,0,0,0
RP23-219D8.2,228,234,220,509,469,440
RP23-219G21.1,0,0,0,0,0,0
RP23-219K7.3,0,0,0,0,0,0
RP23-219K7.5,11,1,2,3,2,6
RP23-219O14.1,0,0,0,0,0,0
RP23-219O14.2,2268,2676,3309,4484,4498,3642
RP23-219O14.3,189,161,153,84,98,98
RP23-21A16.3,0,0,0,0,0,0
RP23-21C14.1,219,138,175,290,215,266
RP23-21E23.2,0,0,0,0,0,0
RP23-21G7.4,0,4,11,10,17,10
RP23-21H3.1,0,0,0,0,0,0
RP23-21H3.2,3,1,1,3,5,11
RP23-21J17.2,84,73,71,33,24,32
RP23-21L20.1,4,1,4,0,1,3
RP23-21L20.2,2,1,3,0,1,3
RP23-220D12.4,64,54,57,50,19,33
RP23-220E8.1,0,0,0,0,0,0
RP23-220E8.2,0,0,0,0,0,0
RP23-220F20.2,81,80,93,67,57,59
RP23-220K22.1,0,0,3,0,1,0
RP23-220K22.3,0,0,0,0,0,0
RP23-220N17.4,1,0,0,0,0,0
RP23-221F6.1,79,83,66,101,95,88
RP23-221M16.1,0,0,0,0,0,0
RP23-221M16.2,0,0,0,0,0,0
RP23-221M16.4,0,0,0,0,0,0
RP23-221M24.4,47,29,47,100,99,102
RP23-221M24.7,0,0,0,0,0,0
RP23-221O14.2,0,0,0,0,0,1
RP23-221O14.7,0,0,0,0,0,0
RP23-222A18.1,23,14,16,26,29,24
RP23-222A18.2,1,0,0,0,0,0
RP23-222H15.5,529,466,422,346,315,355
RP23-222K9.1,150,121,99,194,162,168
RP23-222K9.2,8500,8837,6997,35121,38741,29764
RP23-222K9.3,495,547,509,668,672,719
RP23-222L16.1,3,3,7,15,15,8
RP23-222M11.2,1,1,1,2,2,3
RP23-222O19.1,0,0,0,0,0,0
RP23-223A11.1,0,0,0,0,0,0
RP23-223A11.4,10,3,6,17,15,14
RP23-223A11.6,6,4,4,2,5,5
RP23-223C15.1,0,0,0,0,0,0
RP23-223C15.2,6,12,8,1,1,0
RP23-223C17.2,0,0,2,1,0,0
RP23-223F2.1,0,1,7,0,0,1
RP23-223H19.2,3,1,2,0,0,1
RP23-223O17.1,0,0,0,0,0,0
RP23-223O17.2,0,0,0,0,0,0
RP23-223O17.3,13,13,18,23,26,28
RP23-223O17.4,0,0,0,0,0,0
RP23-223P15.1,0,0,0,0,0,0
RP23-223P15.2,0,0,0,0,0,0
RP23-223P15.3,1,0,0,0,0,0
RP23-223P15.4,1,0,1,0,0,0
RP23-224A7.1,110,80,96,179,113,124
RP23-224B9.1,228,230,217,309,370,372
RP23-224E21.2,0,1,3,1,2,4
RP23-224F19.1,0,0,0,0,0,0
RP23-224M8.1,37,35,38,19,26,42
RP23-224M8.2,0,0,0,0,0,0
RP23-224M8.3,0,0,0,2,1,2
RP23-224M8.4,5,3,4,4,11,10
RP23-224M8.5,437,572,438,673,694,476
RP23-224N1.2,0,0,0,0,0,0
RP23-225D24.1,37,43,29,5,15,4
RP23-225D24.6,0,0,0,0,0,1
RP23-225D24.7,0,0,0,0,0,0
RP23-225G17.1,62,118,31,9,6,14
RP23-225G17.2,0,0,0,0,0,0
RP23-226D9.2,0,4,1,0,0,0
RP23-226J16.2,0,0,0,0,0,0
RP23-226J17.1,0,0,0,0,0,0
RP23-226J17.2,0,0,0,0,0,0
RP23-226J17.3,0,0,0,0,0,0
RP23-226J17.4,0,0,0,0,0,0
RP23-226K16.9,138,93,107,20,27,48
RP23-226L1.1,0,0,0,0,0,0
RP23-226L1.2,0,0,0,0,0,0
RP23-226L1.3,0,0,0,0,0,0
RP23-226M12.1,26,22,17,81,88,87
RP23-226M2.5,1790,2060,2059,3513,3404,2848
RP23-226M2.6,84,95,73,160,204,147
RP23-226O20.3,130,106,150,199,196,198
RP23-226O20.7,5,4,2,6,13,4
RP23-226P4.1,0,0,0,0,0,1
RP23-226P4.9,20,42,28,28,24,26
RP23-227C11.1,4515,4774,5058,2756,2531,2263
RP23-227C11.2,0,0,0,0,0,0
RP23-227C11.3,0,0,0,0,0,0
RP23-227C11.4,0,0,0,0,0,0
RP23-227I2.4,0,0,0,1,0,1
RP23-227I2.5,0,0,0,0,0,0
RP23-227I2.6,0,0,0,0,0,0
RP23-227K23.1,22,27,23,93,53,51
RP23-227P19.1,0,2,0,0,0,0
RP23-228A20.4,0,0,0,0,0,0
RP23-228D6.1,0,0,0,0,0,1
RP23-228D6.2,4,3,5,0,0,2
RP23-228E2.10,3,9,9,8,4,6
RP23-228E2.8,3029,3600,3148,4071,4191,4149
RP23-228F6.1,0,0,0,0,0,0
RP23-228F6.3,1,0,0,0,2,0
RP23-228G24.1,0,0,1,0,0,0
RP23-228G24.2,0,0,0,0,0,0
RP23-228G24.3,0,0,1,0,0,0
RP23-228G24.4,0,0,0,0,0,0
RP23-228G6.2,0,0,0,0,0,0
RP23-228G6.3,0,0,0,0,0,0
RP23-228H14.2,13,9,21,109,107,89
RP23-228H14.6,334,351,333,510,441,492
RP23-228J3.1,1,2,0,1,0,1
RP23-228N14.1,0,0,0,0,0,0
RP23-228N14.2,0,0,0,0,1,1
RP23-228N14.3,0,0,0,0,0,1
RP23-228N14.5,0,0,0,0,0,0
RP23-229A22.2,114,107,165,60,44,43
RP23-229A22.3,0,0,0,0,0,0
RP23-229B23.1,0,0,0,0,0,0
RP23-229B23.2,35,33,26,286,289,241
RP23-229E11.1,8,14,13,8,3,7
RP23-229E11.2,0,0,0,0,0,0
RP23-229E11.3,0,0,0,0,0,0
RP23-229I19.1,0,0,0,0,0,0
RP23-229I19.2,0,0,0,0,0,0
RP23-229I19.3,109,139,128,210,207,192
RP23-229I19.4,1,0,0,0,0,0
RP23-229I19.5,13,11,19,35,22,40
RP23-22A15.2,16539,13390,12240,7175,7294,8573
RP23-22A15.8,43,24,27,128,114,125
RP23-22G24.1,187,177,132,109,118,149
RP23-22H5.1,0,0,0,0,0,0
RP23-22J3.1,0,0,0,0,0,0
RP23-22J3.2,28,31,52,61,76,65
RP23-22J3.4,122,64,72,36,30,33
RP23-22J3.6,0,0,0,0,0,0
RP23-22J3.7,0,1,0,0,1,0
RP23-22L6.1,0,0,0,0,0,0
RP23-22L6.10,1,0,1,0,0,0
RP23-22L6.11,1,0,0,0,0,0
RP23-22L6.2,0,0,0,0,0,0
RP23-22L6.3,0,1,0,0,0,0
RP23-22L6.5,1,0,1,0,0,0
RP23-22L6.6,1,0,0,0,0,0
RP23-22L6.7,0,0,0,0,0,0
RP23-22L6.8,0,0,0,0,0,0
RP23-22L6.9,1,0,0,0,0,0
RP23-22M2.1,18,12,22,20,28,17
RP23-22P24.1,0,0,0,0,0,0
RP23-22P24.2,2,0,1,1,0,1
RP23-22P24.3,0,0,0,0,0,0
RP23-230C2.1,2,0,2,4,2,3
RP23-230C2.4,0,1,4,0,0,1
RP23-230D17.2,4,1,5,8,12,8
RP23-230D17.3,166,182,162,161,148,143
RP23-230D17.5,1,3,5,2,4,2
RP23-230F2.1,2,0,3,9,8,5
RP23-230F2.6,2,3,9,10,13,12
RP23-230F2.7,4,4,2,4,1,0
RP23-230F7.1,364,435,419,302,387,315
RP23-230H3.2,92,95,79,41,49,54
RP23-230I5.2,76,83,63,10,11,11
RP23-230I5.3,0,0,0,0,0,0
RP23-230K20.1,1,0,1,0,0,0
RP23-230L15.2,0,0,0,0,0,0
RP23-230L15.4,0,0,0,0,0,0
RP23-230P11.2,0,0,0,0,0,0
RP23-231E23.2,2,1,3,4,4,1
RP23-231E23.3,19,24,18,135,156,136
RP23-231F8.1,0,0,0,0,0,0
RP23-231H22.1,254,254,177,301,272,286
RP23-231L5.1,1,1,1,1,0,0
RP23-231M4.2,0,0,0,0,0,0
RP23-231M4.7,0,0,0,0,0,0
RP23-231O9.2,0,0,0,0,0,1
RP23-232B20.2,0,0,0,0,0,0
RP23-232B20.3,0,0,0,0,0,0
RP23-232B20.4,0,0,0,0,0,0
RP23-232B20.5,0,0,0,0,0,0
RP23-232B20.6,0,0,1,0,0,0
RP23-232B20.7,0,0,0,0,0,0
RP23-232B20.8,0,0,0,0,0,0
RP23-232B3.1,0,0,0,0,0,0
RP23-232B3.2,0,1,2,2,0,1
RP23-232B3.3,1,0,0,4,1,1
RP23-232B3.4,1,1,2,2,1,1
RP23-232D1.1,0,0,0,0,0,0
RP23-232D1.4,3151,3061,3131,7273,7376,6831
RP23-232D1.7,2,2,1,0,0,0
RP23-232G8.1,0,2,0,1,1,0
RP23-232I4.1,0,0,0,0,0,0
RP23-232J15.1,749,830,769,621,622,589
RP23-232L11.1,0,0,0,0,1,1
RP23-232L11.2,2,0,0,0,0,0
RP23-232M10.1,0,0,0,0,0,0
RP23-232M10.3,0,0,0,0,0,0
RP23-232M10.4,0,0,0,0,1,0
RP23-232N16.1,0,0,0,0,0,0
RP23-233B9.1,1,0,1,1,0,3
RP23-233B9.5,49,42,49,72,90,101
RP23-233B9.7,73,67,59,48,43,51
RP23-233G6.1,0,0,0,0,0,0
RP23-233G6.2,180,145,145,51,43,49
RP23-233G6.3,0,0,0,0,0,0
RP23-233H9.3,0,0,0,0,0,0
RP23-233H9.4,0,0,0,0,0,0
RP23-233H9.5,0,0,0,0,0,0
RP23-234E8.3,1,1,1,2,0,1
RP23-234E8.4,1,0,0,1,1,0
RP23-234F15.1,0,0,0,0,0,0
RP23-234K17.1,0,0,0,1,0,0
RP23-234K24.11,0,0,1,1,2,2
RP23-234K24.13,0,0,1,0,0,0
RP23-234K24.3,0,0,0,0,0,0
RP23-234K24.5,11,13,10,16,11,10
RP23-234K24.6,0,0,1,0,0,1
RP23-234K24.8,209,195,184,382,465,407
RP23-234K24.9,0,1,0,4,5,1
RP23-234L8.1,1,1,1,5,1,1
RP23-234N12.1,0,0,0,1,0,0
RP23-234P12.1,20,20,23,7,10,5
RP23-234P12.2,74,81,85,70,74,96
RP23-235A15.1,93,99,75,43,35,52
RP23-235A15.2,49,30,39,52,58,58
RP23-235A15.3,1,0,0,0,0,0
RP23-235A15.6,1,0,2,5,3,3
RP23-235A15.7,47,25,61,7,9,10
RP23-235D11.1,0,0,0,0,0,0
RP23-235D17.2,0,0,0,0,0,0
RP23-235J15.11,0,0,0,0,0,0
RP23-235J15.12,0,0,0,0,1,0
RP23-235J15.6,0,0,0,0,0,0
RP23-235J15.9,0,0,0,0,0,0
RP23-235J20.1,0,0,0,0,2,0
RP23-235J20.2,0,0,0,1,1,1
RP23-235J20.3,3,0,1,4,2,4
RP23-235J20.4,2,0,0,5,5,8
RP23-235J20.5,0,0,0,2,3,0
RP23-235J5.7,0,0,0,0,0,0
RP23-235O1.3,4,3,3,2,5,2
RP23-235P16.1,0,0,1,0,1,0
RP23-235P16.2,47,36,34,53,47,56
RP23-235P16.3,229,441,304,810,532,660
RP23-235P16.4,36,29,28,50,36,57
RP23-236A12.1,0,0,0,0,0,1
RP23-236A6.1,2,2,7,1,1,0
RP23-236D1.1,6,3,8,27,20,16
RP23-236E7.1,1,0,4,0,1,0
RP23-236O21.1,0,0,0,0,0,0
RP23-236O21.2,0,0,0,0,0,0
RP23-236O6.3,0,0,0,0,0,0
RP23-237D23.2,17,21,26,5,1,6
RP23-237G11.2,0,1,1,0,0,0
RP23-237I22.1,0,0,0,0,0,0
RP23-237K13.1,0,0,0,0,0,0
RP23-237P10.3,0,3,0,9,6,4
RP23-238A18.1,0,0,0,0,0,0
RP23-238A18.2,0,0,0,0,0,0
RP23-238A18.3,0,0,0,0,0,0
RP23-238B14.1,240,242,242,747,780,760
RP23-238D20.1,0,0,0,0,0,0
RP23-238I12.1,1,0,1,5,4,2
RP23-238I12.2,940,937,894,1619,1638,1545
RP23-238I12.3,19,10,7,22,28,26
RP23-238N3.1,0,0,0,0,0,0
RP23-239B4.1,1019,1279,1263,3116,3846,2740
RP23-239F1.1,0,0,0,0,0,0
RP23-239F1.2,1149,1135,1050,1724,1824,1715
RP23-239F1.3,4840,5111,5537,2978,2699,2433
RP23-239F11.1,8,8,7,2,0,0
RP23-239H8.1,0,0,0,0,0,0
RP23-239O19.4,0,1,0,0,0,0
RP23-239O19.5,0,0,0,0,0,0
RP23-239O19.6,158,204,184,330,353,287
RP23-23B17.1,26,39,18,20,25,21
RP23-23B17.2,1,5,1,0,0,1
RP23-23C4.1,23,23,32,20,23,20
RP23-23C4.3,34,71,50,63,86,70
RP23-23D11.1,0,0,0,0,0,0
RP23-23G3.3,40,50,47,31,37,47
RP23-23G3.4,0,1,0,0,0,0
RP23-23J2.1,2,2,1,5,7,9
RP23-240F13.2,3,2,4,7,8,6
RP23-240F13.4,0,0,0,0,0,0
RP23-240H13.1,0,0,0,0,0,0
RP23-240H13.2,0,0,0,0,0,0
RP23-240M8.1,12,8,16,23,10,16
RP23-240N3.1,85,116,148,211,285,330
RP23-240N3.2,0,1,1,1,1,0
RP23-241O13.1,6,3,7,50,35,47
RP23-241O13.2,22,21,20,19,19,27
RP23-242C19.2,0,0,5,0,0,1
RP23-242D18.1,1,0,0,0,0,0
RP23-242D18.2,4,9,5,18,19,21
RP23-242G4.2,0,0,1,0,0,0
RP23-242K15.20,13,25,16,9,12,13
RP23-242K15.7,1,1,1,0,0,0
RP23-242O9.2,1,0,1,0,2,0
RP23-242O9.4,1,3,1,13,10,13
RP23-242O9.5,0,0,0,0,0,0
RP23-243E17.10,28,46,36,86,96,127
RP23-243E17.11,0,0,0,0,0,0
RP23-243E17.12,0,0,0,0,0,0
RP23-243E17.3,3,3,3,4,1,3
RP23-243E17.5,8,10,2,1,1,6
RP23-243E17.6,0,1,0,0,0,0
RP23-243E17.8,0,0,0,0,0,0
RP23-243E17.9,155,157,132,76,81,85
RP23-243G7.1,0,0,0,0,0,0
RP23-243G7.2,1,0,0,0,0,0
RP23-243G7.3,0,0,0,0,0,0
RP23-243G7.4,0,0,0,0,0,0
RP23-243G7.5,0,0,0,0,0,0
RP23-243G7.6,0,0,0,0,0,0
RP23-243L6.1,0,0,0,0,0,0
RP23-244B19.2,0,0,0,2,0,2
RP23-244B6.1,0,1,0,0,0,0
RP23-244C21.1,0,1,1,0,0,0
RP23-244H7.1,3,7,6,14,10,7
RP23-244H7.4,923,828,783,602,554,596
RP23-244H7.5,1,0,0,0,0,2
RP23-244I22.1,0,0,0,0,0,0
RP23-244J23.1,0,2,1,0,0,0
RP23-244J24.1,14,3,14,11,19,13
RP23-244J24.2,75,71,54,146,139,147
RP23-244J24.3,0,0,1,0,1,0
RP23-244J24.4,0,0,0,0,0,0
RP23-244N6.2,0,0,0,0,0,1
RP23-244N6.7,3,2,2,0,0,1
RP23-245A10.1,4,4,4,10,9,8
RP23-245A5.1,0,0,0,0,0,0
RP23-245K23.1,0,0,0,1,1,0
RP23-245M12.1,0,0,1,1,0,0
RP23-245M18.1,5,4,6,12,14,16
RP23-245M18.10,0,0,0,0,0,0
RP23-245M18.11,0,0,0,0,0,0
RP23-245M18.12,0,0,0,0,0,0
RP23-245M18.2,3,6,3,7,3,11
RP23-245M18.3,3,2,2,2,4,0
RP23-245M18.5,1,1,1,0,0,0
RP23-245M18.7,0,0,0,1,0,0
RP23-245M18.8,0,1,0,0,0,0
RP23-245M18.9,9,4,3,6,2,9
RP23-245N10.1,0,0,0,0,0,0
RP23-245N10.2,0,0,0,0,0,0
RP23-246B24.3,0,0,0,0,1,1
RP23-246E11.1,0,0,0,0,0,0
RP23-246E11.2,0,0,0,0,0,0
RP23-246F18.3,398,433,400,875,971,929
RP23-246F18.5,0,1,0,1,0,0
RP23-246F18.6,0,0,0,0,0,0
RP23-246H17.3,5,8,13,4,2,4
RP23-246H17.5,0,0,0,0,0,0
RP23-246H17.6,614,661,670,642,654,673
RP23-246P12.2,0,0,0,0,0,0
RP23-246P12.3,266,292,327,499,421,503
RP23-247A1.1,343,385,345,264,234,240
RP23-247B13.2,2,1,0,5,2,6
RP23-247B13.3,0,1,0,0,0,0
RP23-247G3.1,0,0,0,0,0,0
RP23-247G3.2,0,0,0,0,0,0
RP23-247H18.1,0,0,0,0,0,0
RP23-247I1.6,0,0,0,0,0,0
RP23-247I1.9,15,14,17,8,2,4
RP23-247I15.2,0,0,2,0,0,0
RP23-247I20.1,5,3,5,14,13,17
RP23-247I20.2,1,0,0,5,7,4
RP23-247I20.3,575,693,741,1354,1333,1326
RP23-247J17.1,3,0,3,0,1,1
RP23-247K19.1,0,0,0,0,0,0
RP23-247K19.2,0,0,0,1,0,0
RP23-247O14.1,0,0,0,0,0,1
RP23-248E1.2,1,0,4,1,1,2
RP23-248F16.1,0,0,0,0,0,0
RP23-248F16.2,0,0,0,0,0,0
RP23-248F16.3,0,0,0,0,0,0
RP23-248F18.1,0,0,0,0,0,0
RP23-248F18.2,10,13,10,63,42,71
RP23-248G11.1,4,2,5,17,13,13
RP23-248J10.2,0,0,0,0,0,0
RP23-248J10.3,2,0,0,0,0,0
RP23-248K2.11,9,3,7,1,5,4
RP23-248K2.12,0,0,0,0,0,0
RP23-248K2.2,172,202,164,204,147,173
RP23-248K2.4,0,0,1,0,0,0
RP23-248K2.5,0,0,0,0,0,0
RP23-248K2.6,0,0,0,0,0,0
RP23-248K2.8,0,0,0,1,0,0
RP23-248L2.2,0,0,0,5,2,1
RP23-248L2.3,0,0,0,1,3,2
RP23-248L9.1,0,0,0,0,0,0
RP23-248L9.2,0,0,0,0,0,0
RP23-248L9.3,0,0,0,0,0,0
RP23-249C15.1,259,239,251,519,529,587
RP23-249G3.5,638,757,562,1375,1461,1431
RP23-249M13.2,31,38,18,88,57,88
RP23-249P4.1,3,5,6,6,10,4
RP23-24A13.4,0,0,0,0,0,0
RP23-24A13.6,0,0,0,0,0,0
RP23-24A13.8,0,2,1,1,0,0
RP23-24C24.1,0,0,0,0,0,0
RP23-24D16.1,206,266,334,424,451,335
RP23-24E11.1,0,0,0,0,0,0
RP23-24E11.3,1,1,2,8,4,4
RP23-24E16.1,0,0,0,0,0,0
RP23-24F19.10,0,0,0,0,0,0
RP23-24H2.1,0,0,0,0,0,0
RP23-24H2.2,0,0,0,0,0,0
RP23-24J10.5,5926,7051,6768,10891,9926,9196
RP23-24J10.6,0,0,0,0,0,0
RP23-24K4.1,0,0,0,0,0,0
RP23-24K4.2,0,0,0,0,0,0
RP23-24K4.3,0,0,0,0,0,0
RP23-24L23.3,483,538,564,1616,1547,1233
RP23-24M17.2,1,1,1,4,7,7
RP23-24M22.2,0,0,0,0,0,1
RP23-24M22.3,0,0,0,0,0,1
RP23-24M22.5,5,4,4,6,3,5
RP23-24M22.6,9,6,10,4,0,3
RP23-24M22.8,4,4,4,9,3,6
RP23-24O15.1,0,0,0,0,0,0
RP23-24O5.1,0,0,0,1,0,1
RP23-250A14.1,0,0,1,0,0,2
RP23-250A14.2,420,343,395,577,549,650
RP23-250F8.1,0,0,0,0,0,0
RP23-250F8.4,0,1,0,0,0,0
RP23-250F8.7,0,1,0,0,0,0
RP23-251B16.1,9,9,2,6,3,0
RP23-251I16.1,0,0,0,0,0,0
RP23-251I16.2,9,15,12,3,2,1
RP23-251J15.1,36,38,35,18,19,19
RP23-251M14.3,2,2,1,2,0,9
RP23-252E4.6,2,1,0,0,0,2
RP23-252K7.10,7,6,4,13,6,13
RP23-252K7.2,19,9,9,10,3,10
RP23-252K7.5,16,3,5,13,7,21
RP23-252K7.6,136,178,153,899,592,439
RP23-252K7.7,7,2,6,5,3,3
RP23-252K7.9,0,1,2,4,3,3
RP23-252L9.1,0,0,0,0,0,0
RP23-252L9.2,1,0,0,0,0,0
RP23-252M19.6,176,169,160,648,664,614
RP23-252O5.2,1,0,0,0,0,0
RP23-253D15.1,4,8,6,0,0,0
RP23-253D15.2,0,0,0,1,0,1
RP23-253E9.1,1,0,0,0,0,1
RP23-253E9.2,19,28,25,44,54,56
RP23-254J17.1,0,0,2,0,0,0
RP23-254J18.4,0,0,0,0,0,0
RP23-254K17.1,1192,1232,1086,4805,4379,3960
RP23-254N4.11,0,0,0,2,2,1
RP23-254N4.6,223,219,200,11,14,26
RP23-254N4.8,0,1,0,0,0,0
RP23-254N4.9,0,0,0,0,1,0
RP23-255A6.1,1,2,1,2,0,0
RP23-255E18.1,1,2,1,1,2,1
RP23-255E18.2,38,30,35,4,9,13
RP23-255E18.3,0,0,0,0,0,0
RP23-255E6.1,0,0,0,0,0,0
RP23-255E6.2,1,2,1,1,0,0
RP23-255E6.3,38,33,48,81,41,56
RP23-255H22.1,0,0,0,0,0,0
RP23-255J22.3,116,88,90,67,66,94
RP23-255J22.5,0,0,0,0,0,0
RP23-255K14.1,0,0,0,0,0,0
RP23-255M18.1,0,0,0,0,0,1
RP23-255M6.1,0,0,0,0,0,0
RP23-255N16.4,0,1,0,0,0,0
RP23-255P20.3,0,0,1,0,0,0
RP23-256C7.1,3,2,4,6,4,2
RP23-256C7.3,0,0,0,0,0,0
RP23-256C8.2,46,48,37,75,66,78
RP23-256D19.1,2,0,0,0,0,0
RP23-256D19.2,4,3,2,3,2,2
RP23-256J1.1,1,3,2,2,2,3
RP23-256J17.1,1,0,0,0,0,1
RP23-256L12.2,0,0,0,0,0,0
RP23-256M16.1,13,8,14,8,7,6
RP23-257N12.2,18,17,27,41,27,50
RP23-257N12.3,1,0,0,0,0,0
RP23-257O6.1,0,0,0,0,0,0
RP23-257P3.1,88,91,78,71,65,63
RP23-257P3.2,0,0,0,0,0,0
RP23-257P7.1,0,0,0,0,0,0
RP23-257P7.2,0,0,0,0,0,0
RP23-258B4.1,0,0,0,0,0,1
RP23-258B4.2,208,160,105,265,295,266
RP23-258D11.1,0,0,0,0,0,0
RP23-258L18.1,0,0,0,0,0,0
RP23-258N14.1,0,0,0,0,0,0
RP23-259B18.2,0,0,0,0,0,1
RP23-259J23.1,166,155,229,415,432,399
RP23-259M16.1,0,0,0,0,1,2
RP23-259N17.1,0,0,0,0,0,0
RP23-259N17.2,0,0,0,0,0,0
RP23-259N17.3,5,15,21,168,125,79
RP23-259N17.4,1,0,0,2,1,0
RP23-259P7.1,0,0,0,0,2,4
RP23-25A3.1,0,0,0,0,0,0
RP23-25A3.2,14,28,19,32,33,41
RP23-25A3.3,0,0,0,0,0,0
RP23-25B10.1,0,0,0,0,0,0
RP23-25B10.2,0,0,0,0,1,0
RP23-25C1.9,174,188,278,350,334,283
RP23-25D18.2,1,1,1,1,0,0
RP23-25D18.5,0,0,0,0,0,0
RP23-25E6.2,5,10,10,0,1,3
RP23-25M3.5,744,773,804,1013,831,811
RP23-25M5.2,0,0,0,0,0,0
RP23-25P15.2,450,375,328,546,526,513
RP23-260B13.4,0,0,0,0,0,0
RP23-260B13.7,2,0,0,0,0,0
RP23-260E20.1,0,0,0,0,0,0
RP23-260K2.2,3,2,5,3,4,2
RP23-260N23.1,30,26,20,22,25,28
RP23-260N23.2,0,1,0,1,1,0
RP23-260N23.5,10,4,6,1,3,2
RP23-260N23.7,5,1,1,0,2,0
RP23-260N23.8,4,3,6,2,2,0
RP23-260N23.9,26,18,31,4,8,5
RP23-260P9.1,0,0,0,0,1,0
RP23-260P9.2,2,1,2,3,8,9
RP23-261A9.1,0,0,0,0,0,0
RP23-261A9.2,0,0,0,1,1,2
RP23-261J24.2,1,0,1,2,3,2
RP23-261K17.1,5,3,4,6,4,5
RP23-261L23.4,0,0,0,0,0,0
RP23-261L23.5,0,0,0,0,0,0
RP23-261N18.1,0,0,0,0,0,0
RP23-261N18.2,0,0,0,0,0,0
RP23-261P9.1,0,0,0,0,0,0
RP23-261P9.2,0,0,0,0,0,0
RP23-261P9.3,1,0,0,0,0,0
RP23-261P9.4,1,0,0,0,0,0
RP23-261P9.5,0,0,0,0,0,0
RP23-262C6.2,95,119,123,120,184,170
RP23-262F9.6,0,0,0,0,0,0
RP23-262F9.9,0,0,0,0,0,0
RP23-262J21.5,0,0,0,1,1,0
RP23-262J21.7,1,0,0,0,0,0
RP23-262O4.1,2,8,5,26,16,8
RP23-262P15.3,165,140,113,57,61,80
RP23-263C23.4,0,0,0,0,0,0
RP23-263C23.6,6,3,4,6,11,10
RP23-263D22.5,0,0,0,0,1,0
RP23-263F7.1,0,1,0,8,2,1
RP23-263F7.2,87,127,124,315,380,333
RP23-263M10.3,14,12,9,4,5,8
RP23-263M8.1,0,0,0,0,0,0
RP23-263N6.1,39,37,29,76,58,47
RP23-263O22.1,0,0,0,0,0,0
RP23-263O22.2,0,0,0,0,0,0
RP23-263O22.3,0,0,0,0,0,0
RP23-263O6.1,0,0,0,3,0,0
RP23-263O6.2,0,3,0,0,1,0
RP23-263O6.3,4734,4796,5314,10551,10381,8890
RP23-263O6.4,489,575,545,849,880,758
RP23-264D16.1,0,0,0,0,0,0
RP23-264D16.2,0,1,2,15,7,12
RP23-264D16.3,0,0,0,0,0,0
RP23-264D16.4,198,180,175,109,100,138
RP23-264D16.6,4,6,4,5,4,2
RP23-264D18.2,0,0,0,0,0,0
RP23-264D18.3,0,0,0,0,0,0
RP23-264F10.1,0,2,2,0,0,3
RP23-264F10.2,0,0,0,0,0,0
RP23-264P3.1,0,0,0,0,0,0
RP23-264P3.2,0,0,0,0,0,0
RP23-264P3.3,0,0,0,0,0,0
RP23-265A5.1,0,0,0,0,0,0
RP23-265A5.4,4,1,0,1,1,1
RP23-265A5.5,0,2,5,0,0,0
RP23-265D6.1,46,35,49,174,156,153
RP23-265I19.1,1361,1638,1185,2237,2190,1982
RP23-265N8.1,0,0,0,0,0,0
RP23-265N8.3,0,0,0,0,0,0
RP23-265N8.4,0,2,2,2,2,2
RP23-265O1.1,0,0,0,0,0,0
RP23-265O19.1,0,0,3,1,0,0
RP23-265O19.2,0,0,0,0,0,0
RP23-265P8.1,2739,3032,3092,2104,2346,1982
RP23-266B14.1,0,0,0,0,0,1
RP23-266B14.2,0,0,0,0,0,0
RP23-266C4.1,0,2,2,0,0,0
RP23-266E12.1,2,2,1,4,3,8
RP23-266K3.2,443,557,516,568,553,427
RP23-266L14.1,7,0,3,6,2,2
RP23-267B2.1,0,0,0,0,0,0
RP23-267D10.1,591,596,560,742,741,724
RP23-267D10.2,174,143,166,214,184,213
RP23-267E11.3,646,597,534,563,539,537
RP23-267E14.1,0,0,0,0,0,0
RP23-267E14.2,658,718,923,1268,1079,1262
RP23-267O21.1,0,0,0,0,1,0
RP23-268K22.2,83,85,95,18,20,8
RP23-268K22.5,14,18,10,19,23,27
RP23-268M1.1,0,0,0,0,0,0
RP23-268N22.4,4,4,6,3,2,1
RP23-268N22.5,0,0,0,0,0,0
RP23-268N22.9,0,1,3,1,1,0
RP23-268P6.1,25,16,28,26,10,30
RP23-269B7.1,2,0,0,7,2,2
RP23-269B7.2,2,8,8,4,1,1
RP23-269B7.6,1,4,8,7,2,5
RP23-269B7.7,3,2,4,3,2,0
RP23-269F14.1,0,0,0,0,0,0
RP23-269L6.1,0,1,0,0,0,2
RP23-269N23.5,328,274,382,558,522,430
RP23-269N23.6,116,85,98,10,14,10
RP23-269N5.1,0,0,0,0,0,0
RP23-269O24.1,0,0,0,0,0,5
RP23-269P17.1,0,0,1,0,0,0
RP23-26D22.1,0,0,0,0,0,0
RP23-26D22.5,48,40,55,41,38,57
RP23-26D22.6,106,77,97,292,293,260
RP23-26D22.7,199,177,174,435,372,398
RP23-26D22.9,4,5,4,14,18,23
RP23-26G3.1,0,0,0,0,0,0
RP23-26G8.2,0,0,0,0,0,0
RP23-26G8.3,1,0,0,0,0,0
RP23-26L11.1,0,0,0,0,0,0
RP23-26L11.2,0,0,0,1,4,2
RP23-26L6.11,1,0,0,1,1,5
RP23-26L6.12,2459,2530,2389,1095,1114,1117
RP23-26L6.14,20,21,28,15,12,11
RP23-26M1.1,0,0,0,0,0,0
RP23-26M1.5,1,0,2,0,1,0
RP23-26M1.7,30,54,32,23,21,21
RP23-270A19.1,3,2,2,1,0,1
RP23-270A19.2,1,0,2,0,0,0
RP23-270A19.3,4765,5005,5412,2886,2632,2362
RP23-270A19.4,142,172,145,227,220,248
RP23-270A19.5,2,3,6,1,1,0
RP23-270L8.3,0,0,1,1,1,2
RP23-271A21.2,4,2,1,0,0,1
RP23-271B13.2,0,0,0,0,0,0
RP23-271B15.2,7,7,9,3,7,8
RP23-271B15.3,0,0,0,0,0,0
RP23-271B15.4,9,10,10,1,3,3
RP23-271B15.5,0,0,0,0,0,0
RP23-271B15.6,2,1,0,6,3,4
RP23-271B20.5,6,3,2,7,5,5
RP23-271B20.6,5,3,2,2,2,4
RP23-271J11.1,1,0,0,1,0,0
RP23-271L22.1,12,7,18,3,2,7
RP23-271L22.2,134,122,154,31,38,33
RP23-271L22.4,2,3,1,1,1,0
RP23-272C1.10,0,1,0,0,0,0
RP23-272C1.3,1,0,0,0,0,0
RP23-272C1.9,0,0,0,0,0,0
RP23-272D10.3,15,3,4,17,13,17
RP23-272D10.4,133,136,178,128,192,195
RP23-272G10.2,2,0,0,1,0,0
RP23-272G10.3,1,0,0,0,1,1
RP23-272N19.1,0,0,0,0,0,0
RP23-272N19.2,0,0,0,0,0,0
RP23-272N19.3,479,401,408,1433,1390,1383
RP23-272O14.1,677,975,739,1162,1172,1064
RP23-272O14.2,0,0,0,0,0,0
RP23-272P17.2,0,0,1,0,1,1
RP23-272P17.6,15,18,21,29,22,18
RP23-272P17.7,20,31,20,23,17,16
RP23-272P2.2,0,0,0,0,0,0
RP23-273B19.1,36,52,82,88,78,69
RP23-273C23.1,7041,6519,7237,15717,16964,15388
RP23-273C23.2,0,0,0,0,0,0
RP23-273D6.3,0,1,0,0,0,0
RP23-273E13.1,0,0,0,0,0,0
RP23-273G23.2,5,4,7,6,10,8
RP23-273G23.4,7,13,7,9,4,5
RP23-273I8.1,0,0,0,0,0,0
RP23-273K21.1,19,19,14,21,11,19
RP23-273K21.2,125,148,137,217,186,211
RP23-273M9.1,0,0,0,0,0,0
RP23-273N19.1,28,32,40,28,33,28
RP23-273N4.1,0,0,0,0,0,1
RP23-273N4.2,2,1,0,1,2,1
RP23-273N4.4,552,556,644,528,498,517
RP23-273N4.6,2,0,0,0,0,1
RP23-273O7.3,0,0,0,0,0,0
RP23-273P3.3,121,119,94,139,142,161
RP23-273P3.4,0,0,0,0,0,0
RP23-273P3.5,1,0,0,0,1,1
RP23-274E24.1,0,1,0,0,0,1
RP23-274E24.2,1,1,0,2,1,1
RP23-274H16.2,1538,1810,1739,2989,2906,2411
RP23-274I9.1,0,0,1,1,0,1
RP23-274I9.2,2,3,4,7,9,14
RP23-274K3.1,12,23,22,2,0,2
RP23-275J10.1,4,4,11,0,1,2
RP23-275K20.1,0,1,1,0,1,0
RP23-275K20.2,17,14,13,10,12,17
RP23-275L13.1,4,1,1,0,0,0
RP23-275N2.7,116,96,113,75,88,119
RP23-275N21.1,189,186,159,82,70,119
RP23-275N21.3,1101,1077,1195,2619,2418,1995
RP23-275N21.4,262,251,291,173,145,216
RP23-275N21.5,4,6,4,4,2,7
RP23-275N21.6,7,4,10,7,10,11
RP23-275P20.1,0,0,0,0,0,0
RP23-275P21.2,0,1,2,1,1,0
RP23-275P21.3,17,19,13,40,36,27
RP23-276D17.2,1,0,0,0,0,0
RP23-276D17.3,0,1,0,1,0,0
RP23-276E18.1,0,0,0,0,0,0
RP23-276E19.2,1,0,1,1,1,1
RP23-276I21.1,126,115,136,0,1,1
RP23-276I21.2,0,0,0,0,1,0
RP23-276J8.2,6,2,1,0,0,0
RP23-276J8.3,0,0,0,0,0,0
RP23-276M23.1,0,0,0,0,0,0
RP23-276M23.2,0,1,0,0,1,0
RP23-276M23.3,150,171,239,224,213,165
RP23-277B16.3,0,0,1,0,0,0
RP23-277B16.4,0,0,0,0,0,0
RP23-277B16.5,704,781,1006,2246,2404,2068
RP23-277B9.10,0,0,0,0,0,0
RP23-277B9.2,0,0,0,0,0,0
RP23-277B9.4,0,0,0,0,0,0
RP23-277B9.5,0,0,0,0,0,0
RP23-277B9.8,0,0,0,0,0,0
RP23-277C18.1,0,0,0,0,0,0
RP23-277K12.1,0,0,0,0,0,0
RP23-277K12.2,0,2,2,2,2,2
RP23-277K21.1,1240,1641,1665,2068,2226,1970
RP23-277N22.3,3,2,3,2,2,1
RP23-278I21.1,0,0,0,0,0,0
RP23-278I21.8,217,160,187,100,72,76
RP23-278I21.9,1,1,6,6,6,7
RP23-278I3.2,11,21,20,47,31,37
RP23-278I3.4,196,275,260,674,589,629
RP23-278J5.1,0,0,0,0,0,0
RP23-278L4.5,4,2,2,2,1,0
RP23-279B13.1,3,3,1,0,0,1
RP23-279E14.2,0,0,0,0,0,0
RP23-279E21.1,436,347,296,515,501,492
RP23-279G21.1,0,0,0,0,0,0
RP23-27B20.1,0,0,0,0,0,0
RP23-27B23.4,9,6,2,1,0,0
RP23-27B23.5,10,15,13,8,8,7
RP23-27B23.7,22,30,19,29,19,21
RP23-27C9.2,0,1,0,0,0,0
RP23-27H11.2,1124,945,800,897,925,803
RP23-27H12.1,0,1,0,0,0,0
RP23-27I23.1,0,0,0,0,0,0
RP23-27I6.2,4,7,3,16,10,9
RP23-27I6.4,3,7,2,2,2,1
RP23-27I6.8,7,11,6,18,24,25
RP23-27J1.1,24,26,26,93,67,69
RP23-27J1.3,0,0,0,0,0,1
RP23-27L22.1,0,2,1,0,4,2
RP23-280A12.2,0,0,0,0,0,0
RP23-280A12.3,0,1,0,0,0,4
RP23-280A12.4,0,0,0,0,0,0
RP23-280F9.1,29,25,27,20,30,33
RP23-280G3.2,4,1,2,13,11,10
RP23-280J3.2,3,0,1,0,0,0
RP23-280K4.1,1,4,3,3,2,3
RP23-280L21.3,2,3,4,6,1,2
RP23-280L21.4,1,0,1,3,0,0
RP23-280M4.3,0,0,0,0,0,1
RP23-280M4.5,2,7,4,11,14,14
RP23-280M7.1,0,1,0,0,0,1
RP23-280N11.2,0,1,0,0,1,0
RP23-281C18.13,0,0,0,0,0,0
RP23-281C18.17,0,0,0,0,0,0
RP23-281C18.18,0,0,0,4,2,0
RP23-281C18.9,2,1,1,9,13,4
RP23-281H4.4,1,8,4,2,1,3
RP23-281K21.7,40,28,43,86,66,82
RP23-281K3.1,0,0,0,6,4,3
RP23-281O10.2,0,0,0,0,0,0
RP23-281O10.5,0,0,0,0,0,0
RP23-281O10.6,0,0,0,0,0,0
RP23-281O10.7,0,0,0,0,0,0
RP23-281P6.2,0,0,0,0,0,0
RP23-282C23.2,0,0,0,1,1,1
RP23-282C23.3,3,2,2,2,2,0
RP23-282C23.4,0,0,0,0,1,0
RP23-282C23.5,606,568,488,742,552,726
RP23-282C23.6,55,40,41,65,66,101
RP23-282C23.7,129,65,73,139,101,141
RP23-282C23.8,5,4,2,4,4,5
RP23-282D4.2,0,0,0,0,0,0
RP23-282E10.2,1034,919,800,4094,3654,3855
RP23-282M14.3,0,0,0,0,0,0
RP23-282N17.1,0,0,0,0,0,0
RP23-282N17.2,0,1,1,0,1,0
RP23-282N17.3,1,3,2,4,8,3
RP23-282N17.5,0,0,0,0,1,0
RP23-282N17.6,0,0,0,0,0,0
RP23-282N17.7,4,0,1,0,0,0
RP23-282N6.1,181,200,189,911,701,842
RP23-282O12.1,313,309,271,255,207,300
RP23-282O5.1,3,2,0,1,2,1
RP23-282O5.2,0,0,1,1,1,0
RP23-282O5.4,34,26,27,61,51,48
RP23-283M18.2,2,1,2,1,0,1
RP23-283M18.3,0,0,0,2,0,1
RP23-283M18.4,2,2,0,1,4,4
RP23-283M18.5,2,0,1,0,0,0
RP23-283M2.1,0,0,0,0,0,0
RP23-283M2.2,0,0,0,0,0,0
RP23-283M2.3,0,0,0,0,0,0
RP23-283M22.1,0,0,1,13,12,13
RP23-283N14.1,35,56,39,14,8,12
RP23-283N14.2,1,2,1,10,13,10
RP23-284C20.4,118,148,125,123,96,121
RP23-284C20.6,0,0,0,0,0,0
RP23-284G7.1,0,1,1,0,1,1
RP23-284L12.1,1,1,2,1,2,1
RP23-284L15.2,0,1,3,1,2,1
RP23-284L6.8,0,4,0,0,0,0
RP23-284N18.1,0,0,0,0,0,0
RP23-284N23.1,1,0,2,4,2,4
RP23-285C21.2,6,3,4,1,6,4
RP23-285C21.4,2,4,6,9,7,11
RP23-285C21.5,6,1,7,0,0,0
RP23-285D3.2,16489,16143,14413,9358,9380,10637
RP23-285E22.4,20,15,17,35,28,25
RP23-285F4.2,1,0,0,1,2,0
RP23-285G5.1,445,451,504,230,219,183
RP23-285I7.1,0,0,2,0,0,0
RP23-285J17.1,595,640,579,1126,1009,1183
RP23-285J17.2,0,0,0,0,0,0
RP23-285N14.2,30,41,40,59,45,60
RP23-285N14.3,455,381,345,546,381,546
RP23-285N14.4,1,0,0,0,0,2
RP23-285N14.5,0,0,0,0,0,1
RP23-285N19.1,0,0,0,0,0,0
RP23-285N19.2,0,0,0,0,0,0
RP23-285N19.4,6,8,12,36,31,20
RP23-286B12.1,93,87,57,161,130,150
RP23-286B12.4,53,48,46,30,18,35
RP23-286B12.5,5,4,7,4,3,1
RP23-286C19.1,0,0,0,0,0,0
RP23-286C19.2,2082,2120,1812,2310,2400,2601
RP23-286D7.1,61,59,62,357,374,400
RP23-286G12.3,0,0,1,0,0,0
RP23-286G12.4,535,557,513,394,378,377
RP23-286G19.1,0,0,0,0,0,0
RP23-286G19.3,137,117,127,73,99,101
RP23-286G19.4,103,98,100,146,147,151
RP23-286H11.1,112,71,73,38,26,50
RP23-286H11.2,0,0,0,0,0,0
RP23-286H11.3,0,0,0,0,0,0
RP23-286H14.1,6,3,6,11,19,21
RP23-286H14.4,113,108,122,62,73,74
RP23-286I5.2,95,154,241,639,629,595
RP23-286I5.7,6,11,8,20,24,14
RP23-286I5.8,1,0,0,0,0,2
RP23-286K8.1,10,2,5,5,4,3
RP23-286N14.1,0,0,0,0,0,0
RP23-287B6.1,0,0,0,0,0,0
RP23-287B6.2,0,0,0,0,0,0
RP23-287B6.3,0,0,0,0,0,0
RP23-287B6.4,0,1,0,0,0,0
RP23-287B6.5,1,1,1,0,3,3
RP23-287C12.1,357,341,342,528,483,501
RP23-287C12.2,0,0,1,0,0,0
RP23-287C12.3,0,0,0,0,0,0
RP23-287C21.2,1,2,0,0,1,0
RP23-287C21.3,0,0,0,0,1,0
RP23-287E8.6,0,0,0,0,0,0
RP23-287O8.1,650,775,848,1862,1982,1624
RP23-288K19.2,5,5,3,2,4,3
RP23-288K19.3,4,1,1,1,1,0
RP23-288M21.2,1,0,0,0,0,0
RP23-288M21.3,0,1,0,0,0,0
RP23-288M4.1,1,2,5,3,1,3
RP23-288N2.1,0,1,0,0,0,0
RP23-288N2.2,708,644,642,986,923,857
RP23-289C5.1,0,0,0,0,0,0
RP23-289C5.2,0,0,0,0,0,0
RP23-289H16.3,4,2,1,11,5,7
RP23-289H16.4,0,0,1,0,0,0
RP23-289H16.5,0,0,0,0,0,0
RP23-289L17.1,0,0,1,0,0,0
RP23-289L21.1,0,0,0,0,0,0
RP23-289L21.2,0,0,0,0,0,0
RP23-289L21.4,612,487,522,1090,1046,1104
RP23-289M11.1,0,0,0,0,1,0
RP23-289O16.1,7,6,2,11,6,5
RP23-289P8.1,26,33,24,70,60,51
RP23-289P8.2,0,1,0,0,1,0
RP23-28C17.1,3,6,11,39,49,56
RP23-28C17.4,0,1,0,2,1,3
RP23-28G13.3,514,509,588,1921,1872,1914
RP23-28G13.4,0,0,0,2,0,0
RP23-28I4.2,248,323,295,127,154,186
RP23-28I8.1,101,104,94,810,767,766
RP23-28N5.1,1,0,0,0,0,1
RP23-28O11.1,20,64,37,4,6,3
RP23-28O9.1,0,0,0,0,0,0
RP23-28P17.1,7,1,4,2,1,0
RP23-290B1.1,0,0,0,0,0,0
RP23-290B5.1,0,0,0,0,0,0
RP23-290B5.7,6,6,9,5,7,8
RP23-290B5.9,2,1,2,0,0,0
RP23-290E9.1,1,0,0,0,0,0
RP23-290H11.2,0,0,0,0,0,0
RP23-290O4.1,0,0,1,1,0,0
RP23-290P16.1,0,0,0,0,0,0
RP23-291A3.1,0,0,0,0,0,1
RP23-291A3.2,0,0,0,0,0,0
RP23-291B8.2,210,241,275,448,497,577
RP23-291B8.3,0,0,1,0,0,0
RP23-291C10.1,0,0,0,0,0,0
RP23-291C10.2,0,0,0,0,0,0
RP23-291C10.3,0,0,0,0,0,0
RP23-291C10.4,1,2,1,0,1,2
RP23-291H3.3,0,0,0,0,0,0
RP23-291I12.1,1,0,3,0,0,0
RP23-291I12.2,2366,1933,1654,2147,2470,2348
RP23-291I12.3,455,470,486,418,484,523
RP23-291I12.5,42,50,50,76,57,52
RP23-291K22.3,39,29,41,36,23,29
RP23-291K22.4,11,7,13,1,1,5
RP23-291L24.2,14,21,17,0,1,0
RP23-291L24.3,0,0,0,0,0,0
RP23-291M22.3,3,3,8,0,4,2
RP23-291M22.4,0,0,0,0,0,0
RP23-291N19.1,0,0,0,0,0,0
RP23-291O10.1,0,0,0,0,0,0
RP23-291O10.2,0,0,0,0,0,0
RP23-292E3.12,0,0,0,0,0,0
RP23-292E3.4,0,0,0,0,0,0
RP23-292F11.1,226,225,236,382,317,372
RP23-292J1.2,0,0,0,0,0,0
RP23-292J1.3,0,0,0,0,0,0
RP23-292J1.5,3,1,9,31,25,20
RP23-292J1.6,0,0,0,0,0,0
RP23-292J9.1,30,41,42,160,196,179
RP23-292N18.2,1,0,0,0,1,0
RP23-293E12.1,0,0,0,0,0,0
RP23-293H17.5,0,0,0,0,0,0
RP23-293I3.3,2,3,2,7,5,8
RP23-293I3.5,19,15,17,19,18,18
RP23-293I3.6,0,0,0,4,4,2
RP23-293I3.8,0,0,0,0,0,0
RP23-293J11.1,0,0,0,0,0,0
RP23-293L24.1,0,0,0,0,0,0
RP23-293L24.2,0,0,0,1,0,0
RP23-293L24.4,1,0,2,1,0,0
RP23-293N9.1,4,2,2,0,0,2
RP23-294B13.1,0,0,1,1,0,0
RP23-294B13.2,2,2,3,21,15,12
RP23-294E23.6,5,1,4,1,2,0
RP23-294E23.7,1,0,0,1,0,0
RP23-294E23.8,8,3,13,0,0,0
RP23-294G12.1,0,0,0,0,0,0
RP23-294G7.2,4,2,3,5,10,7
RP23-294G7.3,500,476,420,418,339,486
RP23-294H14.1,0,0,0,0,0,0
RP23-294O1.1,3859,4891,4555,5117,5156,4862
RP23-294O1.2,0,0,0,0,0,0
RP23-294O1.3,0,0,0,0,0,0
RP23-295A1.2,0,0,0,0,0,0
RP23-295A1.3,1,2,2,3,6,1
RP23-295C20.2,6,7,7,2,1,0
RP23-295D9.1,1,0,1,2,2,3
RP23-295E4.2,2,0,1,0,2,1
RP23-295E4.3,2,5,4,64,48,49
RP23-295F17.1,3732,4562,4217,7042,6298,5930
RP23-295F17.2,0,0,0,1,0,0
RP23-295K1.2,274,272,246,147,125,124
RP23-295K1.3,0,0,0,0,0,0
RP23-295M3.1,27,33,66,121,158,141
RP23-296A12.1,0,0,0,0,0,0
RP23-296G23.1,0,0,0,0,0,0
RP23-296I18.1,12,10,9,1,0,1
RP23-296K20.1,11,4,5,5,3,7
RP23-296M12.1,0,0,0,0,0,0
RP23-297I16.1,0,0,0,0,0,0
RP23-297I16.5,17,20,19,4,2,4
RP23-297J14.2,69,54,66,49,21,37
RP23-297J14.4,0,0,0,0,0,0
RP23-297J14.5,264,332,334,464,456,465
RP23-297N24.4,2,2,9,0,0,1
RP23-297N24.6,0,0,0,0,0,0
RP23-297P1.1,0,0,0,0,0,0
RP23-298B23.2,0,0,0,0,0,0
RP23-298D10.1,0,0,0,0,0,0
RP23-298F22.4,3932,4885,4330,2062,2306,1815
RP23-298H6.1,0,0,0,0,0,0
RP23-298K19.1,18,21,32,3,13,14
RP23-298K19.2,0,0,0,0,0,0
RP23-298L23.2,1,2,4,0,1,2
RP23-298M2.10,0,0,0,0,0,0
RP23-298M7.1,0,1,0,0,0,0
RP23-298M7.2,30,29,39,189,160,134
RP23-298M7.3,0,0,0,0,0,0
RP23-299A2.3,4,4,7,7,10,22
RP23-299A2.5,121,136,127,130,105,118
RP23-299A23.1,0,0,0,0,0,0
RP23-299F14.1,0,0,0,0,0,0
RP23-299F14.2,0,0,1,0,0,0
RP23-299H17.1,35,47,68,23,35,21
RP23-29B20.1,0,0,0,0,0,0
RP23-29D15.2,1,1,2,7,11,9
RP23-29D15.4,1437,1478,1758,4132,4364,4233
RP23-29D15.5,0,1,0,0,1,0
RP23-29D15.6,0,0,0,0,0,0
RP23-29H22.1,0,0,0,0,0,0
RP23-29H22.3,7,9,13,18,14,13
RP23-29H22.5,1,3,4,11,5,9
RP23-29H5.2,3,0,8,5,5,3
RP23-29H5.3,222,364,338,327,340,292
RP23-29H5.6,0,0,0,0,0,0
RP23-29H5.7,0,0,0,1,1,1
RP23-29K12.3,681,746,617,1174,1291,1233
RP23-29K12.4,27,16,25,50,58,52
RP23-29K19.1,0,0,0,0,0,0
RP23-29K3.1,0,0,0,0,0,0
RP23-29K3.2,0,0,0,0,0,0
RP23-29O14.2,0,0,0,0,0,0
RP23-29O14.7,24,32,37,38,42,38
RP23-2O18.1,2,2,0,0,0,0
RP23-300B11.1,0,0,0,0,0,0
RP23-300D11.1,39,29,30,23,20,32
RP23-300E5.1,0,0,0,0,0,0
RP23-300F6.2,1762,1376,1450,3119,3469,3329
RP23-300G1.1,0,2,1,5,6,1
RP23-300H23.1,16,22,14,33,31,33
RP23-300I3.1,2,0,2,5,3,5
RP23-300J4.1,0,0,0,0,0,0
RP23-300M3.1,0,0,0,0,0,0
RP23-300M9.2,0,1,0,0,1,1
RP23-300M9.3,5,12,27,13,12,9
RP23-300M9.5,1,0,1,1,6,5
RP23-300N21.2,3,0,1,2,1,2
RP23-300P20.1,2,1,1,6,6,3
RP23-300P20.2,0,0,0,1,1,0
RP23-300P20.3,0,0,0,0,2,0
RP23-301E3.1,0,0,0,0,0,0
RP23-301G2.1,0,0,0,0,0,0
RP23-301G2.2,0,0,0,0,0,0
RP23-301K15.1,0,0,0,0,0,0
RP23-301L16.2,1,0,0,0,0,0
RP23-301M3.1,13,5,2,4,6,2
RP23-301M3.2,0,0,1,0,0,0
RP23-302B23.1,0,0,0,0,0,0
RP23-302B23.2,0,0,0,0,0,0
RP23-302D20.1,0,0,0,0,0,0
RP23-302M17.1,0,0,0,1,0,0
RP23-302O5.1,0,0,0,0,0,0
RP23-303A21.1,0,0,0,0,0,0
RP23-303A21.2,0,0,0,1,0,0
RP23-303A7.1,1,0,0,0,1,0
RP23-303D18.1,0,0,0,0,0,0
RP23-303F24.3,16,23,16,1,0,1
RP23-303F24.5,0,0,0,0,0,0
RP23-303F24.6,331,331,277,454,510,523
RP23-303I9.2,0,0,0,0,0,0
RP23-304D11.2,4,2,8,0,2,2
RP23-304D5.1,1,0,0,1,1,0
RP23-304H5.1,1,2,1,1,1,1
RP23-304H5.2,0,0,0,0,0,0
RP23-304H7.1,39,35,27,55,47,40
RP23-304H7.3,2,1,3,0,1,0
RP23-304I1.1,307,375,374,206,220,221
RP23-304I1.2,315,300,311,126,159,165
RP23-304I1.3,454,654,499,291,305,335
RP23-304I1.4,29,12,16,7,20,11
RP23-304I1.7,283,340,345,183,207,193
RP23-304I1.8,333,376,369,221,231,217
RP23-304I21.1,30,23,14,30,20,31
RP23-304N5.1,0,0,0,0,0,0
RP23-304N5.2,1054,1021,973,1901,2105,2239
RP23-304O12.1,0,0,0,0,0,0
RP23-304O12.2,0,0,0,0,0,0
RP23-305A10.1,0,0,0,0,0,0
RP23-305A10.3,446,413,429,446,445,459
RP23-305C1.1,121,130,110,7,7,11
RP23-305F20.1,4,4,3,0,0,2
RP23-306D20.11,18,17,15,14,5,24
RP23-306D20.13,0,0,0,0,0,0
RP23-306D20.5,16,12,25,19,25,30
RP23-306D20.7,101,125,108,251,283,266
RP23-306F22.2,0,1,2,0,0,1
RP23-306I3.1,52,30,44,106,145,164
RP23-306J24.1,28,12,11,13,3,14
RP23-306J24.3,0,0,0,0,0,0
RP23-307E15.6,1,0,0,5,7,5
RP23-307I20.1,0,1,0,0,0,1
RP23-307M2.2,2552,2715,2447,4724,4653,4656
RP23-307M2.3,6,8,18,3,1,0
RP23-307M2.4,0,0,0,0,0,0
RP23-307O24.1,0,0,1,0,0,0
RP23-308A23.2,0,0,1,0,0,0
RP23-308A23.3,0,0,0,0,0,0
RP23-308E4.6,0,0,0,0,0,0
RP23-308K19.1,198,231,272,286,259,214
RP23-308N2.2,0,0,0,0,0,0
RP23-308N2.3,2,0,1,1,0,2
RP23-308N2.7,0,0,2,0,0,0
RP23-309A11.2,0,0,1,0,0,0
RP23-309D8.1,0,0,0,0,0,0
RP23-309D8.2,0,1,0,0,0,0
RP23-309E11.1,0,0,0,0,1,0
RP23-309E11.2,1,0,0,4,5,1
RP23-309E11.3,11,5,10,18,15,16
RP23-309E11.6,1,9,3,4,2,3
RP23-309E16.2,61,39,52,62,70,68
RP23-309E16.3,0,0,0,0,0,0
RP23-309E16.4,113,152,123,168,156,132
RP23-309E16.7,0,0,0,0,0,0
RP23-309H19.10,0,0,0,0,0,0
RP23-309H19.2,434,509,605,367,413,494
RP23-309H19.5,10,9,5,1,1,2
RP23-309H19.8,0,0,0,0,0,0
RP23-309K20.1,172,137,150,4,4,6
RP23-309M6.3,0,0,0,0,0,0
RP23-309M6.5,0,0,0,0,0,0
RP23-309M8.2,0,0,0,0,0,0
RP23-309M8.3,156,181,148,489,338,424
RP23-309M8.4,25,23,15,23,18,30
RP23-309N11.2,174,128,143,223,237,205
RP23-309O6.1,0,0,0,0,0,1
RP23-30A18.2,26,28,31,19,16,19
RP23-30F6.3,1345,1226,1340,2180,2242,1816
RP23-30J5.1,0,0,2,2,1,1
RP23-30M20.2,0,0,1,0,0,0
RP23-30M5.1,1012,1274,1255,3103,3825,2726
RP23-30M5.3,1019,1279,1263,3116,3846,2740
RP23-310H10.1,0,0,0,0,0,0
RP23-310L11.1,4,1,2,0,0,5
RP23-311A20.1,2,0,1,0,0,0
RP23-311B24.3,0,0,0,7,3,1
RP23-311D24.1,0,0,0,0,0,0
RP23-311G7.2,1,0,0,1,0,0
RP23-311O16.1,0,0,0,0,0,0
RP23-311O16.2,0,0,0,0,0,0
RP23-311O20.1,111,101,96,207,179,171
RP23-311O20.2,2,0,2,0,0,1
RP23-312D15.4,5,7,9,12,10,9
RP23-312D15.5,2,1,0,2,1,1
RP23-312D19.1,3,10,6,1,2,0
RP23-312H15.2,13,22,29,65,64,61
RP23-312H15.3,17,22,9,31,22,18
RP23-312H15.4,0,0,0,0,0,1
RP23-313I15.1,102,55,56,55,67,70
RP23-313I15.2,0,0,0,0,0,0
RP23-313I4.1,0,0,0,0,0,0
RP23-313I4.3,96,92,112,152,135,183
RP23-313J15.11,0,0,0,0,0,0
RP23-313J15.13,1,0,0,0,0,0
RP23-313J15.2,0,1,0,0,0,0
RP23-313J15.3,401,420,353,497,491,476
RP23-313J15.4,0,0,0,0,0,0
RP23-314B7.1,45,58,46,63,62,78
RP23-314B7.2,6,14,9,13,16,8
RP23-314C7.1,0,0,0,0,0,0
RP23-314D24.2,0,0,0,0,0,0
RP23-314D24.3,1,0,0,0,1,1
RP23-314K19.1,255,365,523,280,266,261
RP23-314N8.1,107,58,74,75,61,70
RP23-315C11.2,33,20,31,55,68,50
RP23-315C11.3,2,4,3,2,2,4
RP23-315C15.1,0,1,4,0,0,0
RP23-315E20.1,30,39,18,11,12,17
RP23-315F2.1,0,0,0,0,0,0
RP23-315F2.2,0,0,0,0,0,0
RP23-315F2.3,0,0,0,0,0,0
RP23-316A19.2,20,17,11,88,77,71
RP23-316A19.6,0,1,0,0,0,0
RP23-316B4.1,8,10,16,11,15,23
RP23-316B4.2,178,201,153,102,78,83
RP23-316B4.3,10,7,8,13,4,9
RP23-316C11.2,0,0,0,1,0,0
RP23-316C11.3,0,1,0,0,0,1
RP23-316C11.4,0,0,1,0,0,0
RP23-316C11.7,11,7,12,19,22,11
RP23-316D8.2,27,45,47,31,19,16
RP23-316D8.5,0,0,0,0,0,0
RP23-316J6.1,51,74,65,41,36,35
RP23-316M11.3,0,5,1,0,1,2
RP23-316M14.2,0,0,0,3,1,0
RP23-316M14.3,1,0,0,2,0,3
RP23-316M14.9,34,36,43,27,27,28
RP23-316N16.10,0,0,0,0,0,0
RP23-316N16.12,0,0,0,0,0,0
RP23-316N16.14,0,0,0,0,0,0
RP23-316N16.16,0,0,0,0,0,0
RP23-316N16.4,0,0,0,0,0,0
RP23-316N16.6,0,0,0,0,0,0
RP23-316N16.8,0,0,0,0,0,0
RP23-317B9.1,304,303,256,355,216,315
RP23-317F9.1,0,3,3,1,3,4
RP23-317F9.2,66,53,31,40,62,59
RP23-317F9.4,1,2,2,1,1,1
RP23-317F9.6,4,4,4,2,3,6
RP23-317F9.7,0,2,0,1,0,0
RP23-317M2.1,773,745,733,1558,1572,1421
RP23-317M2.2,0,0,0,0,0,0
RP23-317N1.2,8,7,7,1,2,0
RP23-317N1.7,35,67,37,43,55,40
RP23-317N11.1,592,558,499,473,399,562
RP23-317N11.6,4,2,3,5,10,7
RP23-318H20.2,0,0,0,0,0,0
RP23-318H20.3,0,2,2,1,0,1
RP23-318H22.1,0,0,0,0,0,0
RP23-318H22.2,0,0,0,0,0,0
RP23-318K2.1,0,0,1,0,0,0
RP23-318K2.2,0,0,2,0,0,0
RP23-318L10.1,1,0,0,2,1,0
RP23-319B15.4,102,85,102,217,291,223
RP23-319B15.6,1,1,1,1,2,2
RP23-319D11.1,427,502,505,1279,1046,1077
RP23-319G15.1,1,2,0,0,0,0
RP23-319M16.1,19,10,15,12,23,13
RP23-319N7.2,0,0,0,1,0,2
RP23-31A20.1,0,0,0,1,0,0
RP23-31A20.2,129,136,143,69,60,62
RP23-31A20.4,32,22,25,37,38,39
RP23-31C9.5,1,2,1,2,2,4
RP23-31C9.6,0,0,0,0,0,0
RP23-31D7.1,5,6,7,1,1,2
RP23-31E23.3,824,752,801,411,415,434
RP23-31I2.1,0,0,0,0,0,0
RP23-31I2.2,0,0,0,0,0,0
RP23-31I2.3,0,0,0,0,0,0
RP23-31I2.4,14,23,25,26,25,21
RP23-31I2.5,0,0,0,0,0,0
RP23-31K14.3,1646,1707,1913,5471,5691,5597
RP23-31L20.1,0,0,0,0,0,0
RP23-31N7.1,0,0,0,0,0,0
RP23-31N7.2,0,0,0,0,0,0
RP23-31N7.3,0,0,0,0,1,0
RP23-31O16.1,1,0,1,1,0,1
RP23-31O23.2,0,1,0,2,2,0
RP23-31O23.3,0,0,0,0,2,1
RP23-31O23.5,414,454,405,694,667,579
RP23-31O3.1,0,0,0,0,0,0
RP23-31P9.2,0,0,0,0,1,0
RP23-320E20.2,0,0,0,0,0,0
RP23-320E6.1,0,3,3,1,2,3
RP23-320E6.10,0,0,0,0,0,0
RP23-320E6.11,0,0,0,0,0,0
RP23-320E6.5,1,0,0,2,0,0
RP23-320E6.6,0,0,0,0,0,2
RP23-320E6.9,0,2,6,1,3,3
RP23-320F19.1,0,0,1,1,0,0
RP23-320F19.2,5,3,1,2,2,3
RP23-320H14.2,0,0,0,0,0,0
RP23-320I1.1,0,0,0,0,0,0
RP23-320I1.2,0,0,0,0,0,0
RP23-320I1.3,190,147,94,184,214,284
RP23-320I18.1,30,24,36,107,67,70
RP23-320N1.1,18,16,29,2,8,4
RP23-320N1.2,6,8,10,3,2,7
RP23-320O16.1,0,0,0,0,0,0
RP23-321B15.1,0,0,0,1,1,2
RP23-321B15.2,0,0,0,7,3,4
RP23-321B15.3,0,2,0,0,1,0
RP23-321B15.4,0,0,0,0,0,0
RP23-321B23.1,15,10,12,2,0,0
RP23-321B23.2,524,591,558,511,514,418
RP23-321D1.2,13,19,6,0,1,2
RP23-321D1.4,526,370,336,397,392,445
RP23-321K1.3,0,0,0,0,0,1
RP23-321K16.1,0,1,0,0,1,0
RP23-321M16.1,11,9,7,22,25,29
RP23-321M22.2,55,47,43,17,22,22
RP23-321M9.3,0,1,1,1,0,0
RP23-322E14.1,0,0,0,0,0,0
RP23-322E15.6,0,0,0,0,0,0
RP23-322E15.8,15,10,5,19,8,5
RP23-322G1.3,8,6,8,14,8,6
RP23-322G17.3,0,0,0,0,0,0
RP23-322G9.2,32,27,43,60,58,51
RP23-322G9.3,0,0,0,0,0,0
RP23-322I11.4,1189,1088,1057,646,724,578
RP23-322J11.2,5,5,3,10,7,11
RP23-322J11.3,0,4,0,7,4,1
RP23-322K15.2,2,5,1,1,0,1
RP23-322K17.1,0,0,0,0,0,0
RP23-322K17.3,0,0,0,0,0,0
RP23-322K21.2,0,0,0,0,0,0
RP23-322K21.3,7,2,3,5,6,6
RP23-322K21.4,0,0,0,0,0,0
RP23-322L22.1,0,0,0,0,0,0
RP23-322L22.3,2,1,0,0,1,2
RP23-322L22.4,0,1,0,0,0,0
RP23-322M5.2,14,7,3,3,5,5
RP23-322M6.1,0,0,0,0,0,0
RP23-322M6.2,19,7,12,19,10,11
RP23-322M6.4,0,0,0,0,0,0
RP23-323B12.1,0,0,0,0,0,0
RP23-323B2.1,6,4,5,4,6,6
RP23-323E6.1,0,0,0,0,0,0
RP23-323L8.3,160,136,156,342,272,329
RP23-323L8.5,13,14,13,22,18,35
RP23-323L8.6,1,0,0,1,1,0
RP23-323P11.3,0,0,1,1,1,3
RP23-324A4.2,0,0,1,2,3,1
RP23-324E2.4,5,5,3,19,16,16
RP23-324H1.1,1,1,0,0,0,0
RP23-324H1.2,271,256,316,844,793,579
RP23-324H1.3,0,0,0,0,0,0
RP23-324J18.1,0,0,0,0,0,0
RP23-324J18.2,0,0,0,0,0,0
RP23-324J22.1,1,3,1,0,1,0
RP23-324J22.3,3,2,2,1,4,5
RP23-324J22.4,0,1,0,1,2,1
RP23-324M14.1,6,3,10,3,6,8
RP23-324M14.2,1,0,0,1,0,0
RP23-324M14.3,1,4,2,4,6,9
RP23-325E4.3,0,0,0,0,0,0
RP23-325E4.4,36,35,31,44,39,31
RP23-325E4.5,1074,1227,1244,346,341,349
RP23-325I22.1,0,0,0,0,0,0
RP23-325J22.1,0,0,0,0,0,0
RP23-325J22.2,0,0,0,0,0,0
RP23-325M14.1,3,1,11,1,4,1
RP23-325M14.3,0,0,0,0,0,0
RP23-325M14.7,4,5,11,15,8,13
RP23-325P17.1,152,144,138,295,326,322
RP23-325P17.2,0,0,0,0,0,0
RP23-325P5.1,0,0,0,0,0,0
RP23-326D18.1,0,2,5,0,3,1
RP23-326E10.1,0,0,0,0,0,0
RP23-326E10.2,0,0,0,0,0,0
RP23-326E10.3,0,0,0,0,0,0
RP23-326E10.5,0,0,0,0,0,0
RP23-326E2.1,44,31,30,49,55,45
RP23-326E2.3,9,19,21,33,31,39
RP23-326E2.5,1,1,0,0,1,0
RP23-326E21.1,0,2,3,0,1,2
RP23-326E21.2,0,0,0,0,0,0
RP23-326F22.1,0,0,0,0,1,0
RP23-326F22.3,40,39,52,2,10,6
RP23-326I20.1,0,0,0,0,0,0
RP23-326P7.11,0,1,2,1,0,0
RP23-326P7.12,0,1,1,3,3,1
RP23-326P7.5,29,26,31,28,31,21
RP23-326P8.1,1,0,0,4,8,6
RP23-327A15.1,0,0,0,0,0,0
RP23-327E13.1,0,0,0,0,0,0
RP23-327E13.2,0,0,0,0,0,0
RP23-327E13.3,0,0,0,0,0,0
RP23-327E13.4,0,0,0,0,0,0
RP23-327G1.4,625,629,657,361,325,325
RP23-327I5.1,0,0,0,0,0,0
RP23-327I5.2,120,131,113,545,490,562
RP23-327I5.3,2,2,5,8,10,11
RP23-327K3.1,0,0,0,0,0,0
RP23-327K3.2,1,0,0,0,1,0
RP23-327K3.3,0,0,0,0,0,0
RP23-327M13.1,0,0,1,0,0,1
RP23-327O13.2,0,0,0,1,0,0
RP23-328E6.3,0,0,0,0,0,2
RP23-328E8.1,0,0,0,0,0,0
RP23-328F20.2,4,1,1,1,2,0
RP23-328F3.3,15,8,13,38,42,38
RP23-328F9.1,1,0,0,0,0,0
RP23-328F9.2,0,0,0,0,0,0
RP23-328F9.3,0,0,0,0,0,0
RP23-328F9.4,0,0,0,0,0,0
RP23-328K2.4,0,1,2,0,1,0
RP23-328K2.7,75,101,87,58,92,47
RP23-328O21.2,0,1,0,0,0,1
RP23-328P5.1,51,32,52,38,35,36
RP23-328P5.2,0,0,1,0,0,0
RP23-328P7.1,1093,1124,1149,2263,1933,1882
RP23-329B21.1,1012,1274,1255,3103,3825,2726
RP23-329B21.3,1019,1279,1263,3116,3848,2740
RP23-329L1.1,24,26,20,62,65,66
RP23-329P17.2,0,0,0,0,0,0
RP23-329P17.3,0,0,0,0,0,0
RP23-329P9.9,0,0,0,0,0,0
RP23-32C12.4,1,0,0,3,1,1
RP23-32C16.1,57,66,61,60,62,59
RP23-32C16.3,2,2,2,5,2,4
RP23-32G8.2,0,0,0,0,0,0
RP23-32H12.1,0,0,0,0,0,0
RP23-32H12.2,2,5,4,0,3,4
RP23-32J15.3,0,0,0,0,0,0
RP23-32K12.2,0,0,0,0,0,0
RP23-32K12.4,0,0,0,0,0,0
RP23-32K12.6,0,0,0,0,0,1
RP23-32K12.7,37,32,53,47,45,47
RP23-32L15.5,3,4,5,4,5,3
RP23-32L21.1,0,0,1,0,0,0
RP23-32L21.2,2,0,0,0,2,0
RP23-32L21.3,0,0,0,0,0,0
RP23-32L21.4,84,100,109,166,162,160
RP23-32L21.5,4,1,2,0,2,1
RP23-32L5.1,134,93,99,308,261,333
RP23-32L5.2,23,23,38,105,81,89
RP23-32L6.1,0,0,0,0,0,0
RP23-330A15.1,0,0,0,1,0,0
RP23-330B20.1,59,91,63,136,187,225
RP23-330D1.3,0,0,1,0,0,0
RP23-330D1.4,1,0,0,0,0,0
RP23-330D1.5,0,0,0,1,1,0
RP23-330D1.6,0,0,0,0,0,0
RP23-330D1.7,0,0,0,0,0,0
RP23-330D3.1,28,45,49,17,13,23
RP23-330D3.10,5,3,5,1,0,0
RP23-330D3.11,1,1,2,0,0,1
RP23-330D3.2,200,184,170,157,108,162
RP23-330D3.4,5,2,8,5,9,6
RP23-330D3.5,44,39,38,20,20,32
RP23-330D3.6,973,965,797,617,482,704
RP23-330D3.7,2,1,2,4,4,2
RP23-330D3.8,6,1,4,2,2,4
RP23-330D3.9,140,96,137,77,82,113
RP23-330N10.5,2,2,3,4,5,2
RP23-330N10.7,33,28,46,52,54,50
RP23-330P11.1,0,0,0,0,0,0
RP23-331B22.3,15,18,26,42,67,53
RP23-331C1.1,0,0,1,1,2,3
RP23-331D17.2,0,0,0,0,0,0
RP23-331E5.2,12,16,11,15,6,24
RP23-331I21.10,93,109,114,245,216,208
RP23-331I21.11,0,0,0,0,0,0
RP23-331I21.12,0,0,0,0,0,0
RP23-331I21.13,0,0,0,0,0,0
RP23-331I21.14,94,100,106,220,209,199
RP23-331I21.15,0,0,0,0,0,0
RP23-331I21.16,118,128,130,268,246,233
RP23-331I21.2,118,128,131,268,245,233
RP23-331I21.3,0,1,0,0,0,0
RP23-331I21.4,0,0,0,0,0,0
RP23-331I21.5,0,0,0,0,0,0
RP23-331I21.6,0,0,0,0,0,0
RP23-331I21.7,0,0,0,0,0,0
RP23-331I21.8,0,0,0,0,0,0
RP23-331I21.9,0,0,0,0,0,0
RP23-331L12.6,9,10,8,1,0,0
RP23-331L12.7,10,14,15,0,1,0
RP23-331L13.2,0,0,0,0,0,0
RP23-331P21.2,0,0,1,0,0,0
RP23-331P21.6,4,0,5,0,2,4
RP23-331P21.7,0,0,0,0,0,0
RP23-332E2.2,0,0,0,0,1,0
RP23-332E2.3,26,22,31,52,48,56
RP23-332E2.6,2,1,0,1,3,1
RP23-332J14.3,0,0,0,0,0,0
RP23-332K7.1,6505,6214,6000,5321,6120,5578
RP23-332K7.3,0,0,1,0,0,0
RP23-332L17.4,19,22,19,10,6,2
RP23-332L17.5,8,2,6,5,3,8
RP23-332L17.6,0,0,0,0,0,0
RP23-332L17.8,23,18,25,38,31,21
RP23-332L7.1,0,0,0,0,0,0
RP23-332O3.1,1,0,0,0,0,1
RP23-333J1.2,1,0,0,1,0,0
RP23-333M1.2,14,10,8,24,34,33
RP23-333P16.2,180,168,201,264,220,215
RP23-333P16.4,1806,1350,1167,684,804,886
RP23-333P16.6,0,0,0,2,0,2
RP23-333P17.1,359,334,398,187,163,183
RP23-334A5.3,2,0,2,0,0,1
RP23-334J9.1,367,295,307,502,527,508
RP23-334M3.2,0,0,0,0,0,0
RP23-334M3.3,0,1,1,6,5,3
RP23-334M9.2,4,8,1,4,1,9
RP23-335A11.4,217,196,240,351,389,370
RP23-335A19.1,0,0,0,0,0,0
RP23-335A19.2,0,0,0,0,0,0
RP23-335B9.1,2,0,0,0,1,0
RP23-335B9.2,2,1,0,0,0,0
RP23-335B9.4,160,210,310,508,607,661
RP23-335C3.3,0,0,0,0,0,0
RP23-335E10.1,300,323,294,133,123,119
RP23-335F19.1,0,0,0,0,0,0
RP23-335F19.2,0,0,0,0,0,0
RP23-335L22.1,330,300,446,198,224,176
RP23-335N12.2,2,3,2,2,3,0
RP23-335N12.3,3,4,2,1,2,0
RP23-335N15.1,0,0,0,0,0,0
RP23-335N15.2,0,0,0,0,0,0
RP23-336B11.1,0,0,1,0,0,0
RP23-336B11.2,0,0,0,0,0,0
RP23-336D20.3,3,2,7,5,4,8
RP23-336D20.8,1068,1087,1202,91,120,98
RP23-336F11.17,0,0,0,0,0,0
RP23-336F11.20,0,0,0,0,0,0
RP23-336F11.34,0,0,1,0,3,1
RP23-336F13.3,0,0,0,0,0,0
RP23-336G7.3,5,4,1,3,2,3
RP23-336J1.3,0,0,0,0,0,0
RP23-336J1.6,0,0,0,0,0,0
RP23-336J1.7,0,0,1,0,0,0
RP23-336J1.8,0,0,0,0,0,0
RP23-336L12.1,2176,2241,2288,3354,3449,3109
RP23-336M6.1,0,2,0,0,0,0
RP23-336M6.2,767,501,774,9,8,2
RP23-336M6.3,0,0,0,0,0,0
RP23-337J7.1,1,3,1,0,0,0
RP23-337J7.2,247,221,202,185,166,191
RP23-337L12.3,375,414,471,769,825,924
RP23-337L20.1,0,0,0,0,0,0
RP23-337M17.4,24,21,24,27,35,35
RP23-337N2.2,0,0,0,1,1,0
RP23-337N2.4,0,0,0,1,0,0
RP23-337N2.5,0,0,2,1,1,1
RP23-337N2.7,0,0,2,0,0,0
RP23-337N2.8,0,0,0,0,0,0
RP23-337P24.1,0,0,0,0,0,1
RP23-337P24.2,0,0,0,0,0,0
RP23-337P24.3,0,1,3,0,1,0
RP23-337P9.3,86,89,84,52,51,63
RP23-338A17.4,14,10,9,9,5,5
RP23-338A17.5,0,0,0,0,3,1
RP23-338E5.2,269,283,259,335,350,383
RP23-338J24.1,14,13,13,20,9,14
RP23-338J3.1,0,0,0,0,0,0
RP23-338K15.1,282,304,275,572,523,350
RP23-338K8.1,0,0,1,2,2,0
RP23-338K8.2,0,0,0,0,0,0
RP23-338L13.1,0,0,0,0,0,0
RP23-338M9.4,0,1,1,0,0,0
RP23-338N12.1,0,0,0,0,1,1
RP23-338N12.2,0,0,1,2,1,0
RP23-338N12.3,11,4,7,6,7,9
RP23-338O4.1,0,0,0,0,0,0
RP23-338O4.2,0,0,0,0,0,0
RP23-338O4.6,7586,7852,7649,3833,3557,3267
RP23-339D20.1,0,3,0,13,7,11
RP23-339I5.3,2,0,5,15,12,14
RP23-339I5.5,11,11,15,39,38,44
RP23-339J7.1,5,2,8,6,6,7
RP23-339K2.1,212,274,256,478,490,563
RP23-339K2.2,0,0,0,0,0,0
RP23-339M2.1,0,0,0,0,0,0
RP23-339O19.1,0,0,0,8,5,4
RP23-339O19.2,3,5,1,0,3,7
RP23-339O7.1,2,2,0,0,0,0
RP23-33D23.1,0,0,0,0,1,0
RP23-33J13.1,0,0,0,0,0,0
RP23-33L19.2,11,10,13,1,4,0
RP23-33L19.4,25,19,14,17,16,15
RP23-33N12.1,172,145,141,219,196,200
RP23-33N15.2,8,6,1,5,6,12
RP23-33N15.5,0,0,0,0,1,1
RP23-33P17.1,0,0,0,0,0,0
RP23-33P17.2,0,0,0,0,0,0
RP23-33P17.4,0,0,0,0,0,0
RP23-33P17.5,121,123,91,185,181,128
RP23-33P17.7,0,0,0,0,0,0
RP23-33P17.8,0,0,0,0,0,0
RP23-340A13.2,151,175,259,374,368,284
RP23-340A17.1,55,78,70,79,56,56
RP23-340E1.2,30,17,17,41,21,28
RP23-340E1.4,18,34,22,27,24,22
RP23-340E12.1,0,0,0,0,0,0
RP23-340E18.3,0,1,0,0,0,0
RP23-340F21.1,0,0,0,0,1,0
RP23-340F21.2,0,0,0,0,0,1
RP23-340G24.2,4,4,8,0,0,0
RP23-340G24.3,0,0,0,0,0,0
RP23-340H1.3,0,0,0,1,0,1
RP23-340H1.7,0,0,1,1,1,0
RP23-340M18.3,0,0,1,0,0,0
RP23-340N22.1,2,1,1,4,6,5
RP23-340N6.1,97,73,104,55,71,75
RP23-340O10.1,0,0,0,0,0,1
RP23-341C5.6,0,0,0,1,0,1
RP23-341C5.8,0,4,3,1,2,0
RP23-341J22.1,875,874,1000,599,531,531
RP23-341K9.6,0,0,0,0,0,0
RP23-341K9.7,0,0,0,0,0,0
RP23-341P11.4,0,0,0,0,0,0
RP23-342E4.2,4469,4156,4524,9886,10504,9912
RP23-342E4.3,0,0,0,0,1,0
RP23-342H15.2,0,0,0,1,0,0
RP23-342H16.1,0,0,0,0,0,0
RP23-342H16.3,0,0,0,0,0,0
RP23-342H16.4,0,0,0,2,0,1
RP23-342H16.5,0,0,0,0,0,0
RP23-342H16.6,0,0,0,0,0,0
RP23-342H16.7,0,0,0,0,0,0
RP23-342I1.1,1154,1213,1053,2476,2071,2046
RP23-342I1.2,0,0,0,0,0,0
RP23-342I1.3,1154,1212,1052,2475,2071,2046
RP23-342J11.3,0,0,0,3,0,0
RP23-342J11.4,3,0,0,0,0,0
RP23-342J9.1,743,739,717,1517,1757,1403
RP23-342J9.2,100,68,80,111,85,99
RP23-342L24.1,0,0,0,0,0,0
RP23-343C17.1,5,3,2,0,0,0
RP23-343C17.2,1,0,1,0,0,0
RP23-343F17.1,10,2,6,2,3,3
RP23-343F17.2,1,0,0,2,1,0
RP23-343F17.3,0,0,0,0,2,2
RP23-343K11.1,0,0,0,1,1,1
RP23-343M4.2,0,0,0,0,0,0
RP23-343M4.5,0,0,0,0,0,0
RP23-344B24.1,6,8,9,1,2,1
RP23-344B24.2,0,0,2,3,0,2
RP23-344D18.2,11,7,7,20,14,19
RP23-344D2.1,0,0,0,1,1,0
RP23-344D2.10,0,0,0,0,0,0
RP23-344D2.12,0,1,0,0,1,0
RP23-344D2.3,2,4,6,6,7,4
RP23-344D2.4,30,26,34,11,17,19
RP23-344E9.3,0,3,2,7,6,12
RP23-344G15.1,27,14,13,40,26,52
RP23-344H22.1,49,60,37,47,45,39
RP23-344H23.1,2,2,2,1,4,2
RP23-344I3.1,0,0,0,0,0,0
RP23-344I3.2,0,0,0,0,0,0
RP23-344M13.1,0,0,1,0,0,0
RP23-345D6.2,0,0,0,0,0,0
RP23-345D6.7,107,115,110,61,85,57
RP23-345D6.8,10,10,11,11,9,19
RP23-345F4.2,18,14,12,3,8,2
RP23-345L20.3,10,13,14,11,4,8
RP23-345L20.4,1,0,1,0,1,0
RP23-345M3.1,0,0,0,0,0,0
RP23-345M3.2,47,33,21,37,40,54
RP23-345M3.3,0,0,0,1,0,0
RP23-345N9.2,0,0,0,0,0,0
RP23-345O14.2,0,0,0,0,0,0
RP23-346D16.6,0,0,0,0,0,0
RP23-346D16.7,0,2,0,3,1,4
RP23-346D23.1,0,0,0,0,0,0
RP23-346F2.1,0,0,0,0,0,0
RP23-346F2.2,1,0,0,0,0,0
RP23-346G22.1,6,5,4,2,4,3
RP23-346G8.1,0,1,4,1,1,0
RP23-346G8.2,0,0,0,0,0,0
RP23-346G8.3,0,0,0,0,0,0
RP23-346H6.3,71,93,60,83,84,66
RP23-346L20.2,11,6,18,27,28,30
RP23-346L20.4,2,4,3,5,9,11
RP23-346L20.5,1,3,1,4,3,0
RP23-346N8.2,8676,10465,8919,2560,2180,2010
RP23-346N8.3,0,0,0,0,0,0
RP23-347B4.1,419,452,461,119,147,119
RP23-347B4.2,0,1,1,0,0,0
RP23-347B4.7,0,0,3,7,9,7
RP23-348A6.1,7,12,12,43,49,43
RP23-348D11.1,0,0,4,0,0,0
RP23-348D11.2,0,0,0,0,0,0
RP23-348F1.1,3669,4484,5083,10292,9862,7386
RP23-348F2.1,1,0,0,0,0,0
RP23-348G3.1,26,42,26,42,37,34
RP23-348I7.2,0,0,0,0,0,0
RP23-348L16.1,29,32,20,78,68,69
RP23-348N10.2,1,1,4,4,7,6
RP23-348N2.2,136,116,127,359,332,420
RP23-348N2.4,3,6,5,29,12,25
RP23-349B15.1,0,0,1,1,3,4
RP23-349B4.5,44,37,21,28,25,37
RP23-349B9.1,35,42,46,26,25,24
RP23-349H7.3,41,38,29,75,80,65
RP23-349H7.5,0,0,1,0,1,1
RP23-349I9.2,256,307,362,479,494,412
RP23-349I9.5,2,1,2,2,0,0
RP23-349I9.7,31,25,28,42,41,38
RP23-349I9.8,2,2,4,4,3,2
RP23-349K15.1,11,23,18,16,19,16
RP23-349N21.1,0,0,0,0,0,0
RP23-349N21.2,0,0,1,0,0,0
RP23-349P20.2,7,9,5,1,3,5
RP23-349P20.3,12,5,7,9,8,15
RP23-349P20.4,890,1143,937,2268,2176,1984
RP23-34C18.1,171,235,161,530,482,459
RP23-34C18.2,0,0,0,0,0,0
RP23-34D17.1,2326,2662,3012,5891,5874,4903
RP23-34E4.1,86,80,90,42,41,52
RP23-34E4.3,0,0,0,0,0,0
RP23-34E4.5,4,15,5,0,0,0
RP23-34E4.6,13,9,13,0,0,1
RP23-34H1.1,0,0,0,0,0,0
RP23-34J1.1,0,0,0,0,0,0
RP23-34J1.2,169,152,143,370,323,407
RP23-34J8.4,2,4,4,1,1,1
RP23-350C1.2,0,0,0,0,2,0
RP23-350C1.4,1,2,1,1,0,1
RP23-350D17.1,3,6,13,0,0,0
RP23-350D17.2,0,0,0,0,0,0
RP23-350D17.4,0,0,1,0,0,0
RP23-350D17.5,1,0,0,0,0,0
RP23-350D7.1,0,0,0,0,0,0
RP23-350D7.2,0,0,0,0,0,0
RP23-350G1.2,2,4,3,2,1,3
RP23-350M23.2,0,0,0,0,0,0
RP23-351A10.4,0,0,0,0,0,0
RP23-351B24.1,0,0,0,0,0,0
RP23-351B24.2,0,0,0,0,0,0
RP23-351B24.4,1,4,1,0,0,2
RP23-351B24.5,8,4,7,9,8,15
RP23-351B24.6,0,0,0,0,0,0
RP23-351C7.5,145,138,131,134,177,175
RP23-351G6.1,0,0,0,0,0,0
RP23-351I23.4,1,1,2,1,2,1
RP23-352D3.1,0,0,0,0,0,0
RP23-352D3.2,0,0,0,0,0,0
RP23-352D7.2,0,0,0,0,0,0
RP23-352G15.1,0,0,0,0,0,1
RP23-352K10.8,1,0,0,0,0,0
RP23-352L3.3,1,0,1,1,1,0
RP23-352L3.6,3,0,0,6,3,8
RP23-352L3.7,0,0,3,3,5,5
RP23-353B17.1,0,0,0,0,0,0
RP23-353B17.2,6,7,8,25,30,22
RP23-353C21.3,0,0,0,0,0,0
RP23-353E13.1,10,12,31,12,15,15
RP23-353E13.2,7,6,9,2,4,3
RP23-353E8.3,0,2,3,0,0,0
RP23-353E8.4,0,0,0,0,0,0
RP23-353H5.1,0,0,0,0,0,0
RP23-353H5.3,4,5,3,5,11,4
RP23-353J21.2,5,8,12,13,11,6
RP23-353J21.5,1,3,1,0,1,0
RP23-353J21.6,0,0,0,1,0,1
RP23-353J21.8,1,1,6,7,6,2
RP23-353J21.9,162,178,162,458,493,525
RP23-353O20.2,26,27,37,1,5,1
RP23-354A24.2,145,131,131,198,197,194
RP23-354C15.2,0,0,1,0,0,0
RP23-354D12.4,4,2,2,7,2,2
RP23-354D12.5,1,1,1,0,0,0
RP23-354G20.2,722,995,686,1235,1164,1075
RP23-354G20.4,0,0,0,0,0,0
RP23-354G20.6,0,0,0,0,0,0
RP23-354G20.7,1,0,0,0,0,1
RP23-354H24.2,21,9,16,4,1,0
RP23-354H24.6,1,6,1,1,2,0
RP23-354H3.1,0,0,0,0,0,0
RP23-354I18.3,1,0,0,1,0,0
RP23-354K2.1,1626,1894,1882,3163,3066,2531
RP23-354K2.2,0,0,0,0,0,0
RP23-354L12.1,134,116,128,57,42,42
RP23-354L12.2,0,0,1,0,0,0
RP23-354L19.1,0,0,0,0,0,0
RP23-354L19.2,124,117,167,174,140,130
RP23-354M3.1,0,0,0,1,1,0
RP23-355B12.1,0,0,0,0,1,0
RP23-355G16.1,782,753,619,481,417,598
RP23-355G16.10,4,2,6,4,8,7
RP23-355G16.11,3,2,4,3,9,6
RP23-355G16.12,3,2,4,2,9,5
RP23-355G16.3,1997,2271,2664,5821,5513,4194
RP23-355G16.4,0,0,4,1,0,1
RP23-355G16.6,503,482,411,430,384,519
RP23-355H24.2,4,1,2,2,2,2
RP23-355J14.1,0,0,1,0,0,0
RP23-355L10.10,27,31,22,24,27,14
RP23-355L10.3,72,82,89,20,15,17
RP23-355N20.1,0,0,0,0,0,0
RP23-355N20.2,0,0,0,0,0,0
RP23-355N20.3,0,0,0,0,0,0
RP23-355N20.4,0,0,0,0,0,0
RP23-355N20.7,0,0,0,0,0,0
RP23-355N5.3,0,1,0,0,1,1
RP23-355N5.4,0,0,0,1,0,0
RP23-355P22.1,3,3,3,4,2,9
RP23-355P23.1,1,0,0,0,0,0
RP23-356D13.4,40,38,48,80,97,84
RP23-356F8.1,0,0,0,0,0,0
RP23-356F8.2,0,0,0,0,0,0
RP23-356H10.1,1,0,2,2,1,2
RP23-356H10.2,104,65,93,107,93,119
RP23-356H23.1,0,0,1,1,1,2
RP23-356J2.5,30,36,34,14,17,12
RP23-356J2.8,0,0,0,0,0,0
RP23-356J7.3,0,0,0,0,0,0
RP23-356K2.3,3,0,1,0,0,1
RP23-356N23.1,0,0,0,0,0,0
RP23-357D5.6,0,0,0,0,0,1
RP23-357I14.1,0,1,1,2,3,0
RP23-357I18.1,2,3,1,2,4,3
RP23-357I18.2,0,1,0,0,0,0
RP23-357J7.3,3,2,0,3,1,0
RP23-357J7.4,0,1,0,4,3,4
RP23-357J7.5,6,3,4,4,6,3
RP23-357O2.2,2921,2334,2206,4461,4341,4152
RP23-357O2.3,0,0,0,0,0,0
RP23-357P12.1,1525,1905,1629,909,1038,846
RP23-358C5.1,4,3,4,4,2,1
RP23-358C5.2,0,0,0,0,1,0
RP23-358C5.3,517,504,485,288,349,342
RP23-358C5.4,0,0,0,0,0,0
RP23-358C5.5,0,0,0,1,2,0
RP23-358C5.6,0,0,0,0,0,1
RP23-358C5.7,0,0,0,0,0,0
RP23-358C5.8,2,0,0,0,1,0
RP23-358F6.3,0,0,0,1,0,2
RP23-358G23.2,4,5,1,4,7,7
RP23-358G23.3,0,0,0,0,0,0
RP23-358I19.1,59,83,79,106,95,90
RP23-358I3.1,1,0,0,1,0,0
RP23-358M10.1,28,21,21,44,38,38
RP23-358M10.2,2,1,5,0,0,0
RP23-358M10.3,0,0,0,0,0,0
RP23-358M4.4,7,12,13,13,8,11
RP23-358N13.1,0,0,0,0,0,0
RP23-358N17.1,154,129,103,127,134,135
RP23-359C15.2,0,0,0,1,0,0
RP23-359C15.3,9,10,6,1,0,0
RP23-359C15.4,10,5,9,9,12,15
RP23-359C15.5,1,1,0,0,0,2
RP23-359C15.6,0,2,0,1,1,0
RP23-359F12.2,393,522,373,646,648,572
RP23-359G8.2,0,0,0,0,0,0
RP23-359M23.1,0,0,0,0,0,0
RP23-359M23.2,872,841,914,556,475,460
RP23-359M23.3,0,0,0,0,0,0
RP23-359O12.1,0,0,0,0,0,0
RP23-35A4.1,30,28,55,5,8,6
RP23-35D18.1,0,0,0,1,0,0
RP23-35D18.3,0,0,0,0,0,0
RP23-35D6.1,0,0,0,1,0,0
RP23-35D7.1,652,624,619,1250,1005,1362
RP23-35E16.1,0,2,2,4,10,7
RP23-35E16.3,0,0,0,1,0,0
RP23-35E7.4,0,0,0,0,0,0
RP23-35E7.5,7,4,8,2,3,8
RP23-35F19.4,6,6,6,5,5,2
RP23-35H8.3,0,3,0,0,0,0
RP23-35I10.2,0,0,0,1,3,1
RP23-35I10.4,43,28,40,75,112,116
RP23-35I8.10,17,6,5,4,3,2
RP23-35I8.2,0,0,0,0,0,0
RP23-35I8.6,1,2,2,2,4,4
RP23-35J6.2,1,1,0,7,4,1
RP23-35J6.4,5,19,10,13,16,16
RP23-35K5.1,1,1,0,1,2,3
RP23-35P3.1,0,0,2,4,1,3
RP23-360A2.1,6,2,4,3,2,5
RP23-360A2.10,5,2,4,4,7,4
RP23-360A2.2,257,244,216,177,131,199
RP23-360A2.3,35,30,23,9,11,21
RP23-360A2.4,12,3,6,4,3,3
RP23-360A2.5,23,12,19,9,8,11
RP23-360A2.6,277,243,238,196,158,215
RP23-360A2.7,6,2,7,5,9,7
RP23-360A2.9,107,92,71,61,43,65
RP23-360A7.1,0,0,0,0,0,0
RP23-360H6.1,0,0,1,0,1,2
RP23-360H6.2,1003,1227,1396,1595,1672,1390
RP23-360H6.4,0,0,2,1,0,0
RP23-360J2.1,0,0,0,0,0,0
RP23-360J20.2,73,75,75,109,111,96
RP23-360J20.3,12,18,9,31,11,30
RP23-360J20.4,0,4,2,6,1,11
RP23-360J20.5,1,0,1,1,0,0
RP23-360J20.6,6,9,6,14,7,17
RP23-360J20.7,757,674,597,903,706,909
RP23-360J20.8,1,0,0,0,0,2
RP23-360L8.1,0,0,1,0,0,0
RP23-360N18.1,10,8,6,4,0,0
RP23-360N18.2,0,2,0,0,0,0
RP23-360O1.1,329,327,290,282,188,189
RP23-360O1.2,23,16,28,20,20,12
RP23-360O1.4,0,1,1,3,1,3
RP23-360O17.1,0,0,0,0,0,1
RP23-361B8.1,7,5,8,2,5,2
RP23-361B8.2,18,20,15,27,32,29
RP23-361M22.1,0,0,0,0,0,0
RP23-361N10.1,0,0,0,0,0,0
RP23-361N10.2,0,0,0,0,0,0
RP23-361N10.4,0,0,0,1,3,2
RP23-361O2.1,26,45,49,81,71,81
RP23-362N19.1,3,2,2,2,6,5
RP23-363J15.1,2,0,2,1,3,0
RP23-364B23.1,0,0,0,0,0,0
RP23-364H13.3,2,1,0,0,0,0
RP23-364H13.5,2,4,3,7,1,2
RP23-364J19.1,0,0,0,0,0,0
RP23-364L1.1,0,0,0,0,0,0
RP23-364L1.2,0,1,0,4,0,3
RP23-364M24.2,11,4,5,4,3,0
RP23-365D10.3,0,1,0,0,1,0
RP23-365N15.1,0,0,0,0,0,0
RP23-365N15.2,0,1,0,0,0,0
RP23-365N15.3,0,0,0,0,0,0
RP23-365N15.4,0,0,0,0,0,0
RP23-365N15.5,1,0,0,0,0,0
RP23-365N15.6,1,0,0,0,0,0
RP23-365O18.1,109,135,121,136,123,124
RP23-365O24.2,0,0,0,1,0,1
RP23-365O24.3,14,15,14,60,38,56
RP23-365O6.1,11,23,32,510,410,459
RP23-365O6.2,166,203,147,41,29,39
RP23-366B23.2,382,480,372,343,403,342
RP23-366I14.2,1,2,5,2,2,3
RP23-366K1.2,1,3,0,1,0,1
RP23-366M19.1,3671,4451,5152,10595,10559,8158
RP23-366N13.1,1,0,1,1,0,1
RP23-366P9.2,51,56,57,1,3,2
RP23-366P9.4,1,3,3,6,5,6
RP23-367B2.1,31,29,45,52,61,59
RP23-367C6.1,16,26,13,8,10,10
RP23-367H15.1,4,2,0,2,2,0
RP23-367H15.2,0,1,0,0,0,1
RP23-367K14.1,1,0,0,0,0,1
RP23-367O15.1,3,2,9,6,0,2
RP23-368K3.2,0,0,0,1,0,0
RP23-368M21.4,3,1,3,10,10,4
RP23-368N20.2,1,1,1,0,0,1
RP23-369H9.2,66,55,72,93,97,94
RP23-369H9.3,901,879,777,818,754,826
RP23-369H9.4,0,0,0,0,0,0
RP23-369I8.1,3,8,1,8,3,6
RP23-36B3.1,0,0,0,0,0,0
RP23-36C4.2,0,0,0,0,0,0
RP23-36D21.1,1,0,0,0,1,0
RP23-36D5.2,11,5,12,0,0,1
RP23-36D5.3,0,0,0,1,0,0
RP23-36F14.1,0,0,0,0,0,0
RP23-36G5.2,0,0,0,0,0,0
RP23-36H10.1,35,55,35,55,53,67
RP23-36H10.3,215,240,255,422,369,443
RP23-36H10.5,0,0,0,0,0,0
RP23-36H10.6,0,0,0,0,0,0
RP23-36M9.1,0,0,0,1,0,1
RP23-36P16.2,0,1,0,1,3,0
RP23-36P16.3,0,0,0,1,0,0
RP23-36P21.3,0,1,2,1,2,1
RP23-36P21.4,0,0,0,1,0,0
RP23-36P22.4,0,0,0,0,0,0
RP23-370C18.1,0,0,0,0,0,0
RP23-370F7.3,45,28,25,111,86,104
RP23-370F9.1,0,0,0,0,0,0
RP23-370G8.1,25,10,15,63,73,56
RP23-370G8.3,0,0,1,0,0,0
RP23-370G8.4,0,2,0,0,2,2
RP23-370H21.5,20,19,19,42,49,36
RP23-370I1.1,187,140,153,252,239,251
RP23-371K8.1,1807,2308,2317,6165,5832,4168
RP23-371L4.3,0,0,0,0,0,0
RP23-371L4.4,0,0,0,0,0,0
RP23-372H19.2,0,0,0,0,0,0
RP23-372J10.2,29,28,25,11,14,24
RP23-372J10.3,6,2,1,0,1,1
RP23-372J17.1,5,1,0,0,1,1
RP23-373D16.1,0,0,0,0,0,0
RP23-373D16.2,14,14,22,43,19,48
RP23-373H2.4,0,1,0,7,3,2
RP23-373H2.5,0,1,0,0,0,0
RP23-373I18.2,0,0,0,0,0,0
RP23-373I18.3,1,2,2,0,0,0
RP23-373I18.4,4,4,9,3,4,3
RP23-373N5.1,0,1,0,1,0,0
RP23-373N8.8,16,18,18,42,60,68
RP23-374H24.12,0,0,0,0,0,0
RP23-374H24.14,0,0,0,0,0,0
RP23-374H24.3,0,0,0,0,0,0
RP23-374H24.4,0,0,0,0,0,0
RP23-374H24.5,0,0,0,1,0,0
RP23-374H24.6,0,0,0,0,0,0
RP23-374K2.1,0,0,0,0,0,0
RP23-374K2.2,6,9,4,3,3,1
RP23-374K2.3,4,4,2,0,1,1
RP23-374K9.1,847,818,698,1288,1351,1321
RP23-374M7.2,0,0,0,0,0,0
RP23-374N19.4,8,12,12,4,5,1
RP23-374O23.1,0,0,0,0,0,0
RP23-374O4.3,3,2,3,2,2,5
RP23-374O4.4,0,0,0,0,0,0
RP23-374O4.5,2,3,2,0,0,0
RP23-375G11.2,1,0,4,2,0,0
RP23-375I1.2,78,36,60,168,168,217
RP23-375J5.1,0,0,0,1,0,3
RP23-375J5.2,0,0,0,0,0,0
RP23-375J5.3,1,0,0,0,0,1
RP23-375N21.1,0,0,1,0,1,0
RP23-375N21.2,300,522,271,410,357,280
RP23-375N21.3,10,14,14,18,28,29
RP23-375P22.1,0,0,0,0,0,0
RP23-376B1.1,198,165,212,298,276,296
RP23-376N23.1,1,2,5,3,1,3
RP23-376N23.3,480,459,423,369,269,410
RP23-376N23.5,332,339,276,302,257,360
RP23-376N23.6,3,1,3,3,9,7
RP23-376N23.7,2,1,3,1,6,5
RP23-376P3.1,0,0,1,0,0,0
RP23-377B9.1,16,11,10,8,5,6
RP23-377B9.2,65,89,51,113,97,119
RP23-377G5.1,6,4,6,7,3,4
RP23-377H12.1,1,1,0,2,1,1
RP23-377I1.3,0,2,1,0,0,0
RP23-377K9.1,974,960,937,1073,1167,1014
RP23-377K9.2,0,0,0,0,0,0
RP23-378G22.3,0,0,0,1,0,0
RP23-378H5.5,1,1,2,1,3,3
RP23-378I13.4,1216,1195,1171,2710,2585,2382
RP23-378I13.5,33,31,47,9,5,7
RP23-378L22.2,14,17,8,3,9,4
RP23-378L22.3,3,0,0,1,1,0
RP23-378N18.2,0,2,1,0,4,2
RP23-378N18.3,0,0,0,0,0,1
RP23-379C1.1,0,0,1,0,0,2
RP23-379C1.2,0,1,4,0,3,1
RP23-379C1.3,0,0,1,0,0,0
RP23-379F6.2,54,38,37,38,40,34
RP23-379H6.2,6,4,5,6,0,1
RP23-379H6.3,34,22,20,183,119,150
RP23-379J18.1,0,0,0,0,1,0
RP23-379J18.2,0,0,0,0,0,0
RP23-379L10.1,0,0,0,3,0,3
RP23-379L17.3,11,2,6,15,17,29
RP23-379M5.3,7,2,5,2,1,3
RP23-37B4.1,0,2,2,0,0,0
RP23-37B7.2,51,46,30,12,14,21
RP23-37B7.3,0,0,0,0,0,0
RP23-37J21.5,3,4,2,11,15,6
RP23-37J21.6,68,90,70,217,189,184
RP23-37J21.8,2,1,1,2,2,2
RP23-37J21.9,79,67,95,106,116,109
RP23-37L2.2,25,19,24,24,30,55
RP23-37L2.3,110,116,107,147,166,178
RP23-380B10.5,0,0,0,0,1,2
RP23-380B10.6,4,3,3,6,10,16
RP23-380B14.3,30,21,45,69,58,64
RP23-380H19.1,0,0,0,0,0,0
RP23-380H19.4,1,0,1,0,0,0
RP23-380H19.5,0,0,0,0,0,0
RP23-380H19.6,0,0,0,0,0,0
RP23-380H19.7,43,59,47,154,115,154
RP23-381B19.2,4,2,1,0,1,2
RP23-381B19.3,4,3,1,0,2,2
RP23-381C21.2,4,11,3,5,13,8
RP23-381J6.1,0,0,0,0,0,0
RP23-381K21.2,8,6,7,10,4,2
RP23-382C18.5,349,357,291,282,233,278
RP23-382C19.3,0,0,0,0,0,0
RP23-382C19.4,0,0,0,0,0,0
RP23-382F2.1,0,0,0,0,0,0
RP23-382H2.1,78,99,126,115,115,82
RP23-382O11.2,0,0,0,1,1,0
RP23-382O14.1,0,0,0,0,0,0
RP23-383A22.1,0,0,0,0,0,0
RP23-383C2.2,1,3,3,1,1,4
RP23-383C3.1,0,0,0,0,0,0
RP23-383D12.6,66,54,54,70,88,90
RP23-383I16.3,1,3,1,6,4,4
RP23-383I4.10,7,17,6,11,12,13
RP23-383I4.4,0,0,1,0,0,1
RP23-383I4.5,0,1,0,0,0,0
RP23-383I4.6,39,35,48,912,644,732
RP23-383I4.7,264,294,234,54,46,51
RP23-383I4.9,49,45,56,90,62,67
RP23-383I7.3,9,13,14,4,11,19
RP23-383I7.4,0,0,0,1,0,1
RP23-383I7.5,0,0,0,0,0,0
RP23-383I7.6,0,0,0,0,0,0
RP23-383I7.7,0,0,1,0,0,0
RP23-383L13.2,2,0,1,4,4,1
RP23-383N18.1,0,0,0,0,0,0
RP23-383O14.2,1,3,2,2,2,3
RP23-383O14.3,0,0,0,0,0,0
RP23-383O14.4,0,0,0,0,0,0
RP23-383P24.1,0,0,1,0,0,0
RP23-384C15.1,36,61,41,15,33,16
RP23-384C18.5,0,0,0,0,0,0
RP23-384C18.7,455,379,464,75,96,98
RP23-384C18.9,144,120,91,53,48,46
RP23-384D16.1,0,0,0,0,0,0
RP23-384D6.2,77,62,73,119,97,93
RP23-384D6.3,254,284,226,49,42,52
RP23-384D6.4,47,51,52,1105,774,883
RP23-384D6.5,0,1,1,1,0,0
RP23-384D6.6,2,4,1,6,7,6
RP23-384D6.7,0,3,1,4,5,3
RP23-384D6.8,61,51,37,75,66,85
RP23-384G1.1,51,28,42,10,13,16
RP23-384G12.1,2,0,1,0,0,1
RP23-384K11.1,0,0,0,0,0,0
RP23-384K11.3,361,422,417,333,345,307
RP23-384K11.4,1,0,2,1,0,0
RP23-384K11.6,0,1,0,0,0,0
RP23-384L16.3,0,0,0,0,0,0
RP23-384M14.1,0,0,0,0,1,0
RP23-384M14.2,0,0,0,0,0,0
RP23-384N6.2,1,0,0,0,0,0
RP23-384P3.1,1012,1274,1255,3107,3829,2734
RP23-384P3.3,1019,1279,1263,3118,3848,2741
RP23-385C16.1,361,329,393,253,259,228
RP23-385C16.6,586,505,564,364,360,345
RP23-385D8.1,0,0,0,0,0,0
RP23-385I2.2,0,0,1,0,1,0
RP23-385I6.1,1,0,1,0,0,0
RP23-385I6.2,1,0,0,0,0,0
RP23-385I6.3,0,0,0,0,0,0
RP23-385I6.4,0,0,0,0,0,0
RP23-385I6.5,1,0,1,0,0,0
RP23-385I6.6,1,0,0,0,0,0
RP23-385L14.1,0,0,0,2,3,1
RP23-385M5.1,0,0,0,0,0,0
RP23-385M5.2,4,10,4,4,5,7
RP23-385N7.1,1,3,6,3,11,8
RP23-386C23.1,56,53,50,341,312,339
RP23-386D6.3,1,1,2,1,1,0
RP23-386E10.1,6,0,7,7,8,8
RP23-386E10.10,1,0,0,0,0,0
RP23-386E10.7,620,602,633,137,124,166
RP23-386I18.2,34,45,47,44,43,47
RP23-386I18.3,0,0,0,0,0,0
RP23-386I5.2,0,0,0,0,3,0
RP23-386K17.3,12,15,16,9,8,9
RP23-386N10.4,0,1,5,4,1,2
RP23-386N10.5,16,17,16,13,15,26
RP23-386P10.10,0,0,0,0,0,0
RP23-386P10.2,33,43,50,43,31,44
RP23-387C21.5,0,0,0,0,0,0
RP23-387C21.7,116,133,150,629,634,768
RP23-387C21.8,0,0,0,0,0,0
RP23-387D16.1,43,40,62,70,65,76
RP23-387E5.3,1041,1071,897,550,560,513
RP23-387E5.4,21,9,9,6,9,14
RP23-387F9.2,0,0,0,0,1,0
RP23-387P23.1,5774,6502,6475,2840,3159,2353
RP23-388B5.1,866,973,783,849,842,767
RP23-388B5.2,0,0,0,0,0,0
RP23-388G23.2,0,0,0,0,0,0
RP23-388G23.4,0,0,0,0,0,0
RP23-388H13.4,594,609,592,161,176,169
RP23-388H7.1,0,0,0,0,0,0
RP23-388J21.1,1,0,0,0,0,0
RP23-388P16.1,269,306,284,174,194,160
RP23-388P16.2,211,239,233,144,137,125
RP23-388P16.4,890,1117,977,551,573,520
RP23-388P16.6,12,12,11,7,8,7
RP23-388P16.7,11,15,22,7,5,8
RP23-388P16.8,653,765,741,425,421,422
RP23-388P16.9,10,3,7,0,0,2
RP23-388P2.4,4,1,6,12,9,5
RP23-388P2.5,11,17,14,26,35,25
RP23-389G8.5,0,1,0,0,0,0
RP23-389L22.1,4,2,15,4,3,7
RP23-389M16.1,0,0,0,2,3,2
RP23-389M3.4,0,0,0,0,2,0
RP23-389M3.5,0,0,0,0,0,0
RP23-389M3.6,960,1009,1041,798,789,667
RP23-389M9.2,0,0,0,0,0,0
RP23-38A10.2,0,0,1,0,0,0
RP23-38D3.1,318,351,366,513,500,465
RP23-38D3.2,0,0,0,0,0,0
RP23-38E20.10,0,0,0,0,0,0
RP23-38E20.13,13,13,22,33,33,61
RP23-38E20.14,0,3,0,20,28,32
RP23-38E20.5,95,127,67,182,114,99
RP23-38E20.7,0,0,0,0,0,0
RP23-38E20.8,0,0,0,0,2,1
RP23-38J11.2,1162,1135,1009,1403,1494,1466
RP23-38J2.1,2,0,0,0,0,1
RP23-390B17.2,0,0,0,0,0,0
RP23-390D17.4,4,3,0,8,3,1
RP23-390I1.2,1,3,4,0,0,0
RP23-390I8.1,0,0,0,0,0,0
RP23-390I8.2,1,0,0,0,0,0
RP23-390I8.3,0,0,0,0,0,0
RP23-390M19.1,0,0,0,0,0,0
RP23-390M19.2,0,2,0,0,0,0
RP23-390M19.3,0,0,0,0,0,0
RP23-390P10.1,0,0,0,0,0,0
RP23-390P18.1,98,112,99,131,127,138
RP23-391A14.1,0,1,0,0,0,0
RP23-391A14.2,0,0,0,0,1,0
RP23-391A14.3,0,0,0,0,1,1
RP23-391A14.4,0,0,0,0,0,0
RP23-391A14.6,2,3,2,2,0,3
RP23-391E20.1,0,0,0,0,0,0
RP23-391E6.1,5,7,2,0,1,2
RP23-391E6.6,0,0,0,0,0,0
RP23-391H8.1,0,0,0,0,0,0
RP23-391H8.2,0,2,2,0,1,0
RP23-391I11.2,0,0,0,0,0,0
RP23-391I11.6,0,0,0,0,0,0
RP23-391I11.7,0,0,0,0,0,0
RP23-391M18.4,6,9,10,6,13,3
RP23-391M18.6,0,2,0,0,0,0
RP23-391M19.2,0,0,0,0,0,0
RP23-391P24.1,688,873,1267,620,583,545
RP23-392C8.3,0,0,0,0,0,0
RP23-392D9.1,310,343,421,877,915,812
RP23-392D9.2,0,0,0,0,0,0
RP23-392H19.5,0,0,0,0,0,0
RP23-392H19.8,2,0,1,0,1,2
RP23-392I13.12,1,1,1,0,1,4
RP23-392I13.4,1,0,0,0,0,0
RP23-392I13.6,0,1,2,3,6,5
RP23-392I13.8,1201,1486,1305,2323,2413,2186
RP23-392I3.3,0,0,0,1,0,1
RP23-392I3.5,0,0,0,0,0,0
RP23-392J14.2,3,4,1,2,2,4
RP23-392J14.3,68,56,60,172,138,139
RP23-392K10.5,0,0,0,0,2,0
RP23-392O16.1,0,0,0,0,0,0
RP23-392O2.1,0,1,4,2,0,0
RP23-392O2.2,70,69,76,79,72,78
RP23-392P11.3,7,7,6,13,8,7
RP23-392P11.4,178,244,236,1107,854,953
RP23-392P11.6,0,1,1,0,1,3
RP23-393B19.1,108,90,95,43,37,23
RP23-393B19.2,2,0,2,0,0,0
RP23-393E8.2,1,0,1,1,2,1
RP23-393F23.3,1,1,1,1,2,0
RP23-393F23.6,0,0,0,0,1,0
RP23-393F9.1,30,37,34,18,14,12
RP23-393F9.3,1403,1205,1117,2405,2277,2103
RP23-393G10.3,0,0,0,0,0,0
RP23-394B8.4,8,4,4,23,12,18
RP23-394K13.1,0,0,0,0,0,0
RP23-394K13.2,11,20,13,14,14,16
RP23-394K13.3,5,6,6,21,21,20
RP23-395E10.3,2,0,2,0,2,1
RP23-395E10.9,62,65,50,103,76,97
RP23-395E18.7,1,0,0,0,0,0
RP23-395G1.1,0,0,0,0,0,0
RP23-395G1.2,0,0,0,0,0,1
RP23-395G1.3,0,0,0,0,0,0
RP23-395G1.4,0,0,0,0,0,0
RP23-395J7.2,0,0,0,0,0,0
RP23-395K13.2,2,1,1,1,2,2
RP23-395N7.1,39,37,48,939,676,755
RP23-395N7.2,225,254,197,42,38,40
RP23-395N7.3,0,0,0,0,0,0
RP23-395N7.4,94,93,105,164,133,128
RP23-395N7.5,150,99,115,170,140,186
RP23-395N7.6,14,24,16,31,23,29
RP23-395N7.7,0,4,2,6,3,11
RP23-395P1.1,0,0,0,0,0,0
RP23-395P16.2,0,0,1,2,0,1
RP23-395P6.4,6,3,8,19,19,24
RP23-396F8.1,1,0,0,2,2,0
RP23-396K15.2,57,40,51,25,19,27
RP23-396N4.1,0,0,0,0,0,0
RP23-396N4.2,3,3,3,0,1,1
RP23-396N6.3,22,14,13,0,0,0
RP23-396N6.5,24,23,6,45,23,38
RP23-396N8.2,249,266,201,1151,1141,1065
RP23-396N8.4,47,72,61,22,16,14
RP23-397A11.1,21,18,12,11,8,8
RP23-397A11.2,0,0,1,0,1,0
RP23-397A17.1,1,1,4,1,1,4
RP23-397A17.2,3,1,2,2,5,5
RP23-397A17.3,407,537,380,660,668,586
RP23-397C22.1,0,0,0,0,0,0
RP23-397E13.1,0,1,0,0,1,0
RP23-397E13.2,0,0,0,0,0,0
RP23-397E2.2,6,4,3,2,1,1
RP23-397G5.1,229,251,245,420,406,413
RP23-397H18.2,3,1,1,2,0,1
RP23-397J5.2,1,1,5,1,1,2
RP23-397K10.1,0,0,0,8,5,5
RP23-397K12.1,2,1,1,1,0,1
RP23-398D18.1,0,0,0,0,1,1
RP23-398D18.2,0,0,0,0,0,0
RP23-398D18.3,60,74,68,23,40,31
RP23-398D18.4,12372,15548,12943,36838,33425,34084
RP23-398F7.1,0,1,1,0,0,0
RP23-398F7.11,0,0,0,0,0,0
RP23-398F7.12,66,56,92,201,203,192
RP23-398F7.14,0,0,0,0,0,0
RP23-398F7.6,2,0,1,1,0,1
RP23-398G11.1,0,1,0,0,2,0
RP23-398I1.1,0,0,0,0,0,0
RP23-399D3.3,0,0,0,1,2,1
RP23-399D3.4,15,38,56,6,3,3
RP23-399H17.2,1,1,2,0,0,0
RP23-399H3.3,0,0,0,0,0,0
RP23-399H5.10,0,1,1,0,0,0
RP23-399H5.12,173,185,190,202,249,203
RP23-399K8.2,2,1,2,2,0,0
RP23-399K8.4,3,10,9,52,44,51
RP23-399N2.1,8,6,8,22,1,15
RP23-39E21.1,5,10,8,25,14,21
RP23-39H1.2,3,2,2,9,8,5
RP23-39H1.3,2072,1939,2025,4426,4724,4521
RP23-39H12.1,141,169,185,151,117,116
RP23-39H12.2,2,0,1,0,1,1
RP23-39H12.3,344,384,251,421,418,363
RP23-39I7.1,0,0,0,0,0,1
RP23-39I7.4,56,50,42,36,48,40
RP23-39I7.5,191,254,270,267,296,225
RP23-39N20.1,3,2,9,3,1,1
RP23-39O1.3,0,0,0,0,0,0
RP23-39O1.4,0,0,0,0,0,0
RP23-39O1.5,0,0,0,0,0,0
RP23-3A4.1,3,3,4,0,0,0
RP23-3D2.1,0,0,0,0,0,0
RP23-3D2.2,0,0,0,0,0,0
RP23-3E2.1,26,21,8,59,32,47
RP23-3E2.2,0,0,0,0,0,0
RP23-3F1.4,261,274,300,621,665,679
RP23-3G8.1,3,2,3,0,1,1
RP23-3G8.3,0,0,0,0,0,0
RP23-3G8.4,87,103,82,147,98,86
RP23-3G8.5,0,0,0,0,0,0
RP23-3G8.6,0,0,0,0,0,0
RP23-3G8.7,1,0,0,0,0,0
RP23-3J16.1,0,0,1,0,0,0
RP23-3J16.2,0,0,0,0,1,0
RP23-3L4.2,0,0,0,0,0,0
RP23-3M10.8,4,3,8,4,5,2
RP23-3N21.2,1,2,3,1,0,2
RP23-3N21.3,0,0,0,0,0,0
RP23-3N21.4,0,0,0,0,0,0
RP23-3N21.5,0,0,0,0,0,0
RP23-3N21.6,0,0,0,0,0,0
RP23-3N21.7,0,0,0,0,0,0
RP23-3N21.8,0,0,0,0,0,0
RP23-400A17.1,0,0,0,1,0,0
RP23-400D4.1,0,0,0,0,0,0
RP23-400F8.2,1,2,5,1,0,1
RP23-400K22.1,1,2,0,5,3,7
RP23-400K22.2,7,5,8,23,21,31
RP23-400L4.1,67,61,90,33,37,59
RP23-400L4.3,7,25,23,3,1,1
RP23-400L4.4,10,8,4,0,0,1
RP23-400M20.2,0,0,0,0,0,0
RP23-400O10.4,1,0,0,1,0,0
RP23-400O10.5,0,0,0,0,0,0
RP23-400O10.6,21,16,19,48,34,42
RP23-400P11.2,0,0,0,0,0,0
RP23-400P17.2,0,0,1,0,0,0
RP23-400P17.5,0,0,0,0,0,0
RP23-400P17.6,1,0,0,0,0,0
RP23-400P17.7,227,244,196,563,539,615
RP23-401E12.1,0,0,0,0,0,0
RP23-401E12.2,1,0,0,0,1,1
RP23-401G21.1,2,3,0,7,8,2
RP23-401G21.3,227,189,213,368,239,453
RP23-401G6.2,0,0,0,3,3,1
RP23-401H23.2,6,7,5,141,70,87
RP23-401H23.3,17,39,30,109,94,87
RP23-401J24.3,54,56,44,13,15,11
RP23-401J24.4,0,0,0,0,0,0
RP23-401J24.5,3,1,2,1,0,5
RP23-401L13.1,0,1,1,7,3,2
RP23-401L13.2,0,0,0,0,0,0
RP23-401L13.3,2,0,0,0,0,0
RP23-401M24.1,1360,1124,1132,2703,2837,2800
RP23-401M24.5,83,102,111,55,42,58
RP23-402C17.1,2,2,2,6,5,6
RP23-402E14.1,0,0,0,0,0,0
RP23-402H11.1,1617,1649,1316,1956,1841,2578
RP23-402I8.2,0,0,0,0,1,0
RP23-402I8.3,0,0,0,0,0,0
RP23-402I8.4,1,1,3,2,1,1
RP23-402J24.1,0,0,0,0,0,0
RP23-402K10.1,29,27,21,7,5,7
RP23-402K11.1,25,17,15,56,48,75
RP23-402K12.2,167,170,181,1,2,1
RP23-402L5.1,0,0,0,0,0,0
RP23-402M7.1,8,2,13,0,2,5
RP23-402M7.2,5,10,11,5,8,13
RP23-402M7.4,1,0,2,1,2,1
RP23-402M7.6,1,2,0,0,1,0
RP23-402O17.1,0,0,0,0,0,0
RP23-403A4.1,4,3,4,2,4,3
RP23-403C12.1,0,0,0,0,0,0
RP23-403E20.1,11,15,21,15,23,22
RP23-403E20.2,0,0,0,0,0,0
RP23-403H17.1,0,0,0,0,0,0
RP23-403H9.1,0,0,0,0,0,0
RP23-403O11.10,0,0,0,0,0,0
RP23-403O11.11,0,0,0,0,0,0
RP23-403O11.12,0,0,0,0,0,0
RP23-403O11.13,62,76,83,189,163,215
RP23-403O11.14,0,0,0,0,0,0
RP23-403O11.15,2,0,1,0,4,2
RP23-403O11.16,0,0,0,0,0,0
RP23-403O11.17,0,0,0,0,0,0
RP23-403O11.2,2,0,2,3,3,12
RP23-403O11.3,0,0,0,0,0,0
RP23-403O11.4,73,81,88,193,167,226
RP23-403O11.5,0,0,0,0,0,0
RP23-403O11.7,0,0,0,0,0,0
RP23-403O11.8,0,0,0,0,0,0
RP23-403O15.2,0,0,0,0,0,0
RP23-404B19.1,0,0,1,2,3,1
RP23-404C20.2,0,0,1,0,0,0
RP23-404I18.1,235,219,232,92,62,77
RP23-404M22.3,0,0,0,0,0,0
RP23-404M22.4,790,700,746,1234,1286,1271
RP23-404M22.5,0,0,0,0,0,0
RP23-404M22.6,0,0,0,0,0,0
RP23-404O10.2,10,10,6,5,9,6
RP23-405B8.1,4,1,11,4,11,10
RP23-405D18.1,0,0,0,0,0,0
RP23-405D18.2,0,0,0,1,1,1
RP23-405G17.1,0,0,0,0,0,0
RP23-405I23.1,1,6,2,6,3,5
RP23-405I23.2,0,0,0,0,0,0
RP23-405K7.1,2514,2474,2550,3590,3628,3407
RP23-405K7.2,1319,1213,1139,449,407,485
RP23-406A14.1,0,0,0,0,0,0
RP23-406B13.2,3,0,2,1,3,1
RP23-406B13.3,1,3,1,10,13,17
RP23-406B13.6,11,15,11,30,25,23
RP23-406N5.1,434,351,396,1059,1092,765
RP23-406N5.5,2,2,1,2,4,3
RP23-406P12.1,0,0,0,3,3,3
RP23-406P12.2,0,0,0,0,0,0
RP23-407G17.1,0,0,0,0,0,0
RP23-407H16.2,0,0,0,0,2,0
RP23-407H16.5,138,184,211,607,627,590
RP23-407I21.3,0,0,1,0,3,1
RP23-407I21.6,0,0,0,2,2,2
RP23-407K8.2,7887,3464,2758,969,901,1377
RP23-407K8.3,56040,37988,44201,15529,12372,16703
RP23-407K8.4,23674,19898,21122,8890,8880,12007
RP23-407K8.6,64,53,38,31,23,33
RP23-408A13.1,0,0,0,0,0,0
RP23-408A13.2,0,0,0,0,0,0
RP23-408A13.3,0,0,0,0,0,0
RP23-408D7.1,0,0,0,0,0,0
RP23-408E16.1,2,3,8,5,4,7
RP23-408E16.2,77,94,95,379,328,318
RP23-408H17.1,0,0,0,0,0,0
RP23-408K4.4,0,1,0,0,0,0
RP23-408K4.5,6,4,4,3,5,3
RP23-408L15.2,2,0,2,5,6,5
RP23-408L15.3,247,311,473,1145,1072,831
RP23-408L15.4,1009,838,774,1787,1683,1698
RP23-408N4.1,0,0,0,0,0,0
RP23-409B1.1,1,1,2,93,58,88
RP23-409B1.2,0,0,0,0,0,0
RP23-409H23.1,0,0,0,0,0,0
RP23-409N18.1,0,0,0,0,0,0
RP23-409P4.1,32,26,30,138,117,124
RP23-40C8.1,368,508,366,1581,1361,1319
RP23-40G2.5,0,0,1,0,0,0
RP23-40P1.1,13,10,5,1,0,1
RP23-410E7.1,11,3,2,6,1,1
RP23-411B7.3,13,4,12,3,7,4
RP23-411B7.5,342,349,367,198,195,205
RP23-411B7.6,201,188,206,75,103,103
RP23-411G8.1,10,15,15,24,19,14
RP23-411G8.2,155,114,152,313,341,349
RP23-411H13.1,2,2,0,0,0,0
RP23-411H13.2,2,2,0,0,0,0
RP23-411H13.3,2,0,0,0,0,0
RP23-412B2.1,1,1,3,3,5,1
RP23-412B2.2,0,0,3,0,0,0
RP23-412B2.4,5,3,5,11,13,13
RP23-412C22.2,15,2,12,14,10,9
RP23-412C22.3,0,0,0,0,0,0
RP23-412C22.4,0,0,1,0,0,0
RP23-412H3.2,0,0,1,0,0,0
RP23-412I17.1,0,0,0,0,0,0
RP23-412I17.4,0,0,0,0,0,0
RP23-412I2.1,0,0,0,0,0,0
RP23-412O4.2,8,0,3,0,0,1
RP23-413D8.2,42,37,41,13,9,23
RP23-413D8.3,0,0,0,0,0,0
RP23-413G24.1,5,1,2,6,5,4
RP23-413G24.2,3,1,2,4,0,3
RP23-413G6.1,0,0,0,0,0,0
RP23-413G6.2,2,4,2,4,6,5
RP23-413I21.1,0,0,0,0,1,0
RP23-413I21.2,0,0,0,0,0,0
RP23-413I21.3,0,0,0,0,0,0
RP23-413I9.3,0,0,0,0,0,0
RP23-413K16.2,0,1,0,0,0,0
RP23-413M16.1,385,404,311,355,341,332
RP23-413M22.1,0,0,0,0,0,0
RP23-413M3.2,51,81,84,94,100,69
RP23-413O19.1,564,618,514,1379,1443,1255
RP23-413O19.2,0,0,0,0,0,0
RP23-414F19.3,0,0,0,0,0,0
RP23-414F8.5,0,0,1,0,1,1
RP23-414F9.1,0,0,0,0,0,0
RP23-414J20.2,0,0,0,1,0,0
RP23-414J22.1,0,0,0,0,0,0
RP23-414J22.2,0,0,0,0,0,0
RP23-414J22.3,0,2,0,0,1,0
RP23-414O19.1,0,0,0,0,0,0
RP23-415B4.3,19,21,19,25,30,44
RP23-415F19.1,1,0,0,0,0,0
RP23-415F19.2,0,0,0,0,0,0
RP23-415F19.3,0,0,0,0,0,0
RP23-415G1.2,0,0,0,0,0,0
RP23-415G1.4,0,0,0,0,0,1
RP23-415G15.1,0,0,0,0,0,0
RP23-415G15.2,89,95,76,79,73,83
RP23-415J12.1,0,0,0,0,0,0
RP23-416G5.1,0,0,0,0,0,0
RP23-416G5.3,4,6,7,14,8,15
RP23-416H10.1,6,3,9,17,17,31
RP23-416H10.2,2,1,0,8,5,6
RP23-416H10.4,7,5,6,26,21,25
RP23-416J8.1,0,0,1,0,0,1
RP23-416K12.2,157,149,184,243,265,163
RP23-416K12.3,338,376,290,728,707,630
RP23-416N9.1,0,0,0,0,0,0
RP23-417C21.1,0,1,2,0,1,1
RP23-417D2.1,0,0,0,0,0,0
RP23-417D2.2,0,0,0,0,0,0
RP23-417K16.1,0,1,2,4,2,5
RP23-417K16.2,4,5,2,3,4,6
RP23-417N12.1,0,0,0,0,0,0
RP23-417N12.2,0,0,0,0,0,0
RP23-417P22.2,0,0,0,0,0,0
RP23-418C19.4,0,0,0,0,0,0
RP23-418D21.1,132,162,171,131,116,113
RP23-418D21.2,763,684,622,1440,1344,1140
RP23-418E2.1,0,0,0,0,0,0
RP23-418H15.1,0,0,0,0,0,0
RP23-418K7.1,502,482,397,610,639,580
RP23-418L18.1,0,0,0,0,0,0
RP23-418N2.3,236,206,215,659,471,680
RP23-418O17.1,0,1,1,0,0,0
RP23-418O17.2,0,0,0,0,0,0
RP23-418P21.1,1114,1069,1047,2714,2907,2423
RP23-418P21.2,0,0,0,0,0,0
RP23-418P21.3,0,0,0,0,0,0
RP23-418P21.4,0,0,0,0,0,0
RP23-419D6.2,0,0,0,2,1,1
RP23-419D6.5,21,28,24,49,54,43
RP23-419D6.6,0,0,0,0,0,0
RP23-419G21.1,10078,12553,10124,55173,54548,50205
RP23-419G21.3,0,0,0,0,0,0
RP23-419G21.6,1,3,4,4,0,1
RP23-419G22.1,70,109,190,102,104,96
RP23-419G22.5,426,350,290,313,309,409
RP23-419G22.6,0,0,0,0,0,0
RP23-419J18.2,149,266,195,87,83,59
RP23-419J18.4,0,0,0,0,0,0
RP23-419P16.11,0,2,2,1,1,0
RP23-419P16.12,0,0,0,0,0,0
RP23-419P16.7,115,115,120,243,204,198
RP23-419P16.8,1,0,0,1,1,5
RP23-41A24.1,1,4,0,1,0,1
RP23-41A24.2,0,0,0,0,0,0
RP23-41B10.1,0,2,1,0,0,0
RP23-41E14.2,4,2,5,0,0,0
RP23-41E14.3,0,0,0,0,0,0
RP23-41E14.4,220,206,238,240,234,211
RP23-41E14.6,7,4,7,0,0,0
RP23-41E14.8,2,4,4,1,2,1
RP23-41F14.2,3,1,1,1,2,1
RP23-41H11.1,0,0,0,0,0,0
RP23-41H11.2,0,0,0,0,0,0
RP23-41H11.3,0,0,1,1,3,0
RP23-41I11.3,0,0,0,0,0,1
RP23-41I11.6,14,20,23,48,73,60
RP23-41I11.8,8,11,5,4,7,8
RP23-41I11.9,33,48,29,54,69,54
RP23-41L21.1,0,0,0,0,0,0
RP23-41L21.2,0,0,0,0,0,0
RP23-41L21.4,0,0,0,0,0,0
RP23-421C7.2,2,4,1,5,0,2
RP23-421E12.13,13,15,11,12,8,5
RP23-421E12.15,3,9,8,2,0,0
RP23-421E12.16,9,6,12,2,3,4
RP23-421E12.5,0,0,0,0,0,0
RP23-421I14.1,0,0,0,0,0,0
RP23-421J13.1,2506,2724,2435,7379,6845,6522
RP23-421J13.2,0,0,0,0,0,0
RP23-421L7.2,1,0,0,22,21,36
RP23-422H14.1,0,0,1,2,4,1
RP23-422L16.13,8,9,6,8,8,7
RP23-422L16.14,0,0,0,0,0,0
RP23-422L16.7,0,0,1,0,2,0
RP23-422L16.9,1,0,1,0,1,0
RP23-423B1.1,1,2,0,2,1,3
RP23-423B1.2,682,543,787,334,320,446
RP23-423B1.4,0,0,1,0,0,4
RP23-423G13.10,5,8,3,0,1,3
RP23-423G13.2,0,0,0,0,0,0
RP23-423G13.8,2,0,0,0,0,0
RP23-423G13.9,0,0,0,0,0,0
RP23-423L11.4,333,357,227,258,230,248
RP23-423L11.5,0,0,1,0,0,0
RP23-423L11.6,0,3,2,1,3,1
RP23-423L11.7,0,1,0,4,2,4
RP23-423L9.3,15,22,30,22,26,40
RP23-423N6.3,1,0,2,1,0,0
RP23-423N6.7,3,0,0,1,0,4
RP23-423O7.2,422,424,393,300,280,313
RP23-423O7.3,54,43,35,67,64,94
RP23-423O7.4,18,11,7,1,1,0
RP23-423O7.5,286,229,193,367,326,350
RP23-424C4.2,0,1,0,5,1,7
RP23-424F12.1,0,0,0,0,0,0
RP23-424F12.2,0,0,0,0,0,0
RP23-424G19.2,0,0,0,0,0,0
RP23-424K9.3,0,0,0,0,0,0
RP23-424N5.1,0,0,0,0,0,0
RP23-424N5.2,0,0,1,3,0,1
RP23-425E23.2,0,0,0,0,0,0
RP23-425E23.3,0,0,0,0,0,0
RP23-425H11.1,3,1,6,3,2,4
RP23-425K3.1,8644,7781,8572,19576,20641,19783
RP23-425K3.2,0,0,0,0,0,0
RP23-426D2.4,0,0,0,0,0,0
RP23-426D2.5,0,2,0,1,2,0
RP23-426D2.6,0,0,0,0,0,0
RP23-426M5.1,1466,1595,1677,3351,3613,3117
RP23-426M5.2,0,0,0,0,0,0
RP23-426N4.3,0,3,0,4,3,0
RP23-426N4.4,2,2,5,2,3,5
RP23-426N4.6,1,0,2,3,0,1
RP23-427I15.2,1,1,2,3,3,2
RP23-427I15.3,26,16,25,74,77,73
RP23-427I15.4,18,15,16,31,20,27
RP23-428B12.1,0,0,0,0,0,0
RP23-428B12.2,0,0,0,0,0,0
RP23-428B12.3,0,0,0,0,0,0
RP23-428E5.1,0,0,0,0,2,0
RP23-428E5.2,1,0,0,0,3,4
RP23-428E5.3,2,1,1,0,0,0
RP23-428E5.4,2,0,0,0,0,0
RP23-428G7.4,1,7,7,16,20,23
RP23-428I4.3,12,17,25,40,38,32
RP23-428I5.4,3,3,3,4,1,3
RP23-428I5.5,0,0,1,0,0,0
RP23-428J22.1,0,0,0,0,0,0
RP23-428M13.2,0,0,0,0,0,0
RP23-428M13.4,2,5,4,0,0,0
RP23-428M4.1,684,752,1099,623,566,588
RP23-428M4.2,0,0,0,0,0,0
RP23-428N4.10,0,0,0,0,0,0
RP23-428N4.2,0,0,0,0,0,3
RP23-428N4.5,19,27,40,83,99,66
RP23-428N4.7,1,1,2,0,3,4
RP23-429E18.1,0,0,0,0,0,0
RP23-429E18.2,0,0,0,1,0,0
RP23-42C15.1,1856,1260,1686,433,504,566
RP23-42C15.2,1077,529,743,171,148,142
RP23-42C15.3,3,9,18,8,9,7
RP23-42G2.1,3,0,0,0,0,1
RP23-42G2.2,2,1,0,0,1,0
RP23-42H18.1,3,4,4,10,3,4
RP23-42H18.2,3,3,0,14,16,8
RP23-42M7.1,0,0,0,0,0,0
RP23-42N14.4,55,45,41,44,31,39
RP23-42P20.3,282,220,296,77,78,69
RP23-42P20.5,0,0,0,0,0,0
RP23-42P20.6,0,0,0,0,0,0
RP23-42P24.2,0,0,1,2,1,0
RP23-42P24.3,0,0,0,0,0,0
RP23-42P24.6,26,22,26,188,149,152
RP23-42P24.7,9,3,7,22,16,18
RP23-430F24.3,0,0,0,0,0,0
RP23-430G15.2,2,3,1,0,0,1
RP23-430H1.4,1062,1086,1047,2650,2632,2446
RP23-430I21.3,0,0,0,0,0,0
RP23-430I21.4,0,0,0,0,0,1
RP23-430K13.1,0,0,1,0,0,0
RP23-430M12.2,29,18,32,7,4,2
RP23-430N15.2,46,50,62,39,29,44
RP23-430N5.1,1,3,2,2,2,3
RP23-430P1.1,11,13,13,40,25,31
RP23-431C3.2,1,1,0,2,0,1
RP23-431C5.1,677,540,524,522,564,601
RP23-431J22.2,1,1,2,3,2,3
RP23-431M5.2,0,0,0,0,0,0
RP23-431O5.1,42,52,71,78,59,54
RP23-432B19.1,0,0,0,0,0,0
RP23-432D24.2,0,1,1,1,1,1
RP23-432E14.2,20,19,29,55,68,65
RP23-432E14.3,3,2,2,0,0,0
RP23-432G17.1,70,60,33,92,85,91
RP23-432M19.1,0,0,0,0,0,0
RP23-432M23.5,1,0,1,0,0,0
RP23-432N1.2,1,5,5,0,0,0
RP23-432O2.2,13,25,26,15,17,20
RP23-432O2.3,154,151,164,96,93,104
RP23-432P18.2,1,1,0,1,0,0
RP23-433M8.1,0,0,0,0,1,0
RP23-433P19.14,230,249,293,257,241,208
RP23-433P19.6,1,11,8,14,14,19
RP23-433P19.7,0,1,1,1,2,2
RP23-433P3.1,0,0,0,0,0,0
RP23-433P3.2,0,0,0,0,0,0
RP23-434A2.1,0,0,0,0,0,0
RP23-434B7.2,45,38,43,60,73,64
RP23-434D24.1,0,0,0,0,0,0
RP23-434F13.3,0,0,0,0,0,0
RP23-434F13.4,121,84,67,188,185,229
RP23-434K11.1,0,1,1,1,0,4
RP23-434K11.2,0,0,0,0,0,0
RP23-434L7.1,15,24,13,25,19,20
RP23-434L7.2,0,0,0,3,0,1
RP23-434L7.3,0,0,0,0,0,0
RP23-434M18.1,1,0,0,2,0,0
RP23-434N14.2,0,0,0,0,0,0
RP23-434O7.1,0,0,0,0,0,0
RP23-435F21.1,0,0,0,0,0,0
RP23-435G20.1,0,0,0,0,0,0
RP23-435G20.2,0,0,0,0,0,0
RP23-435G20.3,10,5,15,6,3,10
RP23-435G20.5,0,2,3,0,0,1
RP23-435H13.1,0,0,0,0,0,0
RP23-435H13.3,0,0,0,0,0,0
RP23-435J15.1,39,26,24,41,53,40
RP23-435P19.1,0,0,0,0,0,0
RP23-435P19.2,0,0,0,0,0,0
RP23-436D9.1,0,0,0,0,0,0
RP23-436D9.2,41,29,46,37,27,64
RP23-436F2.3,9,7,10,11,10,15
RP23-436F2.4,0,0,0,0,0,0
RP23-436G18.2,1,1,1,2,0,1
RP23-436I3.3,0,0,0,0,0,0
RP23-436I3.4,100,67,59,61,58,103
RP23-436I3.5,27,10,21,5,4,10
RP23-436J19.2,0,2,1,1,0,3
RP23-436K3.19,0,0,0,2,1,0
RP23-436K3.3,0,0,0,0,0,0
RP23-437A4.1,0,0,0,0,0,0
RP23-437A4.2,0,1,0,1,1,5
RP23-437L13.3,1,4,2,1,1,0
RP23-438D7.3,0,0,0,0,0,0
RP23-438D7.4,384,427,307,1214,1128,1304
RP23-438H3.1,0,0,0,2,0,0
RP23-438H3.2,0,0,0,2,0,0
RP23-438L23.2,158,145,146,11,9,19
RP23-438O3.1,0,2,0,6,2,11
RP23-438P13.1,35,41,41,62,71,104
RP23-438P13.2,0,0,0,0,2,0
RP23-43C21.3,0,0,0,0,0,0
RP23-43E4.2,29,16,34,26,14,19
RP23-43E4.3,4,4,1,7,4,3
RP23-43J1.2,4,10,7,14,15,9
RP23-43J11.3,2,5,7,3,0,5
RP23-43M17.1,0,0,0,0,0,0
RP23-43M4.1,8,11,7,55,45,47
RP23-440B21.2,0,0,0,0,0,0
RP23-440D19.2,393,354,406,347,414,375
RP23-440I12.2,94,118,130,405,487,343
RP23-440J5.5,17,18,16,47,30,40
RP23-440J5.7,0,0,0,0,0,0
RP23-440J5.8,2,1,0,0,0,0
RP23-441C8.1,1,0,0,0,1,0
RP23-441D9.4,22,28,11,72,37,47
RP23-441I8.13,6,11,16,1,1,0
RP23-441I8.7,4,6,4,7,5,8
RP23-441I8.8,58,69,59,101,93,70
RP23-441P15.1,0,0,0,0,0,0
RP23-442C5.1,0,0,0,0,0,0
RP23-442C5.2,0,0,0,0,0,0
RP23-442C5.3,1,3,3,17,16,14
RP23-442G9.3,0,0,0,0,0,0
RP23-442G9.5,0,2,0,4,2,1
RP23-442G9.7,0,0,0,0,0,0
RP23-442I10.1,325,277,294,217,200,242
RP23-442I10.3,3,2,4,3,9,6
RP23-442K11.3,11,12,16,0,1,0
RP23-442K11.4,0,0,2,1,0,0
RP23-442K5.3,112,156,128,194,187,180
RP23-443L17.1,85,115,149,213,290,333
RP23-443L17.2,0,0,0,0,0,0
RP23-443L17.3,0,0,0,0,0,0
RP23-443L17.4,308,345,393,476,457,459
RP23-443O18.1,0,0,0,0,0,0
RP23-443O18.2,0,0,0,0,0,0
RP23-443O18.3,0,0,0,0,0,0
RP23-444B8.2,0,1,0,3,0,0
RP23-444H3.2,0,1,1,0,0,0
RP23-444M11.1,0,0,0,0,0,0
RP23-445A22.1,0,0,0,0,0,0
RP23-445A5.1,1,2,1,0,0,1
RP23-445C3.1,0,0,0,0,0,0
RP23-445C3.2,1,0,0,3,2,3
RP23-445E3.1,0,0,0,0,1,2
RP23-445E3.2,0,0,0,0,0,0
RP23-445J15.1,0,0,2,2,0,0
RP23-445J18.1,0,0,0,0,0,0
RP23-445P15.1,0,0,0,0,0,0
RP23-445P15.2,0,0,0,0,0,0
RP23-445P15.3,0,0,0,0,0,0
RP23-445P15.4,1,0,0,0,0,0
RP23-445P15.5,0,0,0,0,0,0
RP23-446D4.1,1,1,2,0,1,1
RP23-446D4.2,2,1,1,0,0,0
RP23-446D4.3,11,3,3,3,11,8
RP23-446D4.4,0,0,0,0,0,0
RP23-446D4.5,8,12,28,13,11,10
RP23-446D4.6,66,76,66,110,109,132
RP23-446F20.1,0,0,2,2,3,1
RP23-446K7.2,11,16,12,7,19,9
RP23-446K8.2,0,0,1,4,0,1
RP23-446N16.4,5,3,0,3,0,6
RP23-446O17.2,0,0,1,0,2,0
RP23-446O17.4,1,2,3,0,2,1
RP23-446O7.3,0,0,0,0,0,0
RP23-446O7.4,0,0,0,0,0,0
RP23-447J12.2,0,0,1,0,1,2
RP23-447J12.3,0,1,0,2,1,2
RP23-448A16.1,0,0,0,3,3,0
RP23-448C18.5,0,0,0,0,2,0
RP23-448C18.7,8,19,14,33,35,52
RP23-448C18.9,0,2,0,5,12,2
RP23-448G18.2,880,937,811,1123,1159,1345
RP23-449F16.6,1,0,1,0,0,0
RP23-449F16.7,0,0,0,0,0,0
RP23-449F16.8,21,25,20,14,18,16
RP23-449M10.3,0,0,0,0,0,0
RP23-449M10.4,3,0,2,2,4,3
RP23-449M10.8,3,2,2,0,2,1
RP23-449P23.3,3,6,4,0,0,0
RP23-449P23.6,0,0,0,0,0,1
RP23-44A17.1,0,0,0,0,0,0
RP23-44A17.2,0,0,0,0,0,0
RP23-44L6.2,0,0,0,0,0,0
RP23-450F9.1,0,0,0,0,1,0
RP23-450H23.1,3,2,1,0,2,1
RP23-450K9.1,0,0,0,0,0,0
RP23-450N9.1,0,0,0,0,0,2
RP23-450O1.1,6,8,8,4,1,1
RP23-450P9.4,0,0,6,0,0,0
RP23-451C8.1,32,45,62,22,31,23
RP23-451C8.4,0,0,0,0,0,0
RP23-451C8.5,1,0,0,0,0,0
RP23-451D4.1,0,0,0,0,0,0
RP23-451D4.10,0,0,0,0,1,0
RP23-451D4.11,0,0,0,0,0,0
RP23-451D4.2,238,199,173,93,83,111
RP23-451D4.4,0,0,0,0,0,0
RP23-451D4.5,0,0,0,0,0,0
RP23-451D4.6,2627,2567,2387,995,855,1068
RP23-451D4.9,0,0,0,0,0,0
RP23-451E1.1,0,0,0,0,0,0
RP23-451E1.2,0,0,1,0,1,0
RP23-451F7.3,0,0,0,0,0,0
RP23-451J17.2,0,4,1,3,1,2
RP23-451K12.2,4,3,2,4,3,1
RP23-451K12.3,207,220,181,124,150,134
RP23-451K23.1,0,0,0,0,0,0
RP23-451K23.2,0,0,0,0,0,0
RP23-451M16.3,0,0,0,0,0,0
RP23-452C10.1,0,0,0,0,0,0
RP23-452C10.2,1,3,0,2,2,0
RP23-452C23.2,19,13,10,45,34,28
RP23-452D3.2,1050,911,983,3229,3180,3235
RP23-452F17.1,0,0,0,0,0,0
RP23-452F17.2,0,0,0,0,0,0
RP23-452F17.3,0,0,0,0,0,0
RP23-452F3.1,0,0,0,0,0,0
RP23-452K12.1,0,0,0,0,0,0
RP23-452K12.2,0,0,0,0,0,0
RP23-452O23.1,0,0,0,0,0,0
RP23-453B22.7,1,0,0,0,0,0
RP23-453K8.2,3,2,2,0,0,1
RP23-453K8.3,0,0,0,0,0,0
RP23-453L9.1,601,729,785,1716,1834,1497
RP23-454A14.1,5,6,1,18,26,13
RP23-454A14.2,0,0,2,3,9,2
RP23-454A14.9,624,650,582,1306,1271,1100
RP23-454F13.1,1,2,4,0,1,1
RP23-454J20.3,2,4,7,79,61,71
RP23-454N16.1,1,1,1,1,2,1
RP23-454N16.3,0,0,0,0,0,0
RP23-454N16.4,0,0,0,0,2,1
RP23-454N16.5,93,93,136,106,89,74
RP23-454P14.1,8,8,12,17,19,16
RP23-454P19.1,0,0,1,0,2,0
RP23-455B19.2,1,1,2,3,1,7
RP23-455B19.3,1,1,8,9,10,14
RP23-455G15.5,0,2,1,6,3,6
RP23-455J6.2,8,15,7,3,1,7
RP23-455J6.3,2,1,2,2,0,0
RP23-455J6.4,2,0,1,0,1,0
RP23-456B18.1,0,0,0,0,0,0
RP23-456B18.2,25,23,24,23,16,23
RP23-456B18.4,0,1,1,0,0,0
RP23-456B2.1,0,0,0,0,0,0
RP23-456B8.1,3,5,1,3,3,4
RP23-456B8.2,3,10,3,8,3,10
RP23-456B9.5,0,0,0,0,1,0
RP23-456D8.1,0,0,0,0,0,0
RP23-456L5.1,0,0,0,0,0,0
RP23-456M3.1,34,36,25,27,30,25
RP23-456O1.1,0,0,0,1,0,0
RP23-456O18.2,3,0,4,1,1,2
RP23-456P8.3,459,423,460,164,183,218
RP23-457B5.1,3160,3363,3356,1361,1540,1796
RP23-457I6.1,0,0,1,0,0,0
RP23-457N24.12,0,0,0,0,0,0
RP23-457N24.13,0,0,0,0,0,0
RP23-457P12.2,724,772,764,842,756,617
RP23-458A23.3,0,4,0,0,0,0
RP23-458A23.4,0,0,0,2,1,4
RP23-458D19.1,41,38,27,306,328,293
RP23-459F14.1,9331,11519,10377,3575,3809,3451
RP23-459G6.1,0,0,0,0,0,1
RP23-459H14.1,10,19,17,41,36,57
RP23-459H14.3,0,0,0,0,0,0
RP23-459H16.2,0,1,1,2,0,0
RP23-459K15.10,0,0,0,0,0,0
RP23-459K15.11,1,4,0,9,9,12
RP23-459K15.13,169,126,132,88,84,120
RP23-459K15.14,0,0,0,0,0,0
RP23-459K15.2,0,0,0,0,0,0
RP23-459K15.4,0,0,0,0,0,0
RP23-459K15.5,0,0,0,0,0,0
RP23-459K15.6,0,0,0,0,0,0
RP23-459K15.7,4,7,9,0,2,0
RP23-459K15.8,0,0,0,0,0,0
RP23-459K15.9,12,13,16,1,5,1
RP23-459L15.1,1,0,0,0,0,0
RP23-459L15.2,4,4,2,0,0,0
RP23-459L15.3,1598,1533,1562,2051,2314,2418
RP23-459P8.2,0,0,0,0,0,0
RP23-45A18.1,0,3,4,7,3,3
RP23-45G5.2,0,0,0,1,0,0
RP23-45H23.1,30,23,37,139,137,118
RP23-45M23.1,1,2,0,3,2,3
RP23-45M23.2,224,233,281,261,267,245
RP23-45N17.1,0,0,0,0,0,0
RP23-45N17.2,0,1,0,0,0,0
RP23-45N17.3,0,1,0,0,0,0
RP23-45N17.4,0,0,0,0,0,0
RP23-460B8.2,0,0,0,0,0,0
RP23-460B8.5,0,0,0,0,0,0
RP23-460B8.6,0,0,0,0,0,0
RP23-460G5.1,0,0,0,0,0,0
RP23-460M19.1,2359,2116,2268,2832,2702,3103
RP23-461P10.1,0,0,1,0,0,1
RP23-461P10.2,0,1,1,2,2,4
RP23-461P20.1,0,0,0,0,0,0
RP23-461P20.2,0,0,0,1,0,0
RP23-462J6.1,0,0,6,1,5,5
RP23-462P2.8,0,0,0,1,0,0
RP23-463E7.8,3,9,14,23,36,33
RP23-463G15.12,0,0,0,0,0,0
RP23-463G15.2,470,719,506,791,803,721
RP23-463G15.3,22,25,33,30,21,27
RP23-463G15.4,85,67,72,91,84,99
RP23-463G15.9,0,0,0,0,0,0
RP23-463H24.2,0,0,0,0,0,0
RP23-463K8.5,1,1,13,4,4,8
RP23-463K8.6,3,6,8,4,1,1
RP23-463K8.7,4,3,3,4,3,1
RP23-463K8.8,1,3,2,3,2,3
RP23-463M17.1,0,0,0,0,0,0
RP23-463M17.2,3,0,1,1,3,0
RP23-463M17.3,182,194,176,125,137,124
RP23-463M4.1,1,3,2,2,2,3
RP23-463M4.3,0,0,0,0,0,0
RP23-463M4.4,0,0,0,0,0,0
RP23-463M4.5,0,0,0,0,0,0
RP23-463N9.1,1,4,4,12,5,4
RP23-463P13.2,2,2,5,8,4,4
RP23-464B2.1,0,0,0,0,0,0
RP23-464C2.12,17,17,21,9,5,13
RP23-464C2.2,60,47,81,46,51,48
RP23-464C2.3,0,2,2,1,2,2
RP23-464H11.1,0,0,1,0,0,0
RP23-464H11.2,1,2,1,0,0,0
RP23-464J2.2,19,32,17,29,27,41
RP23-464L12.1,61,58,36,57,86,66
RP23-464L12.4,17,23,16,15,14,8
RP23-464N8.1,0,0,0,1,0,0
RP23-465A12.7,0,0,0,0,0,0
RP23-465A17.2,774,468,619,434,249,131
RP23-465A17.3,0,0,1,0,1,1
RP23-465A17.4,227,222,188,209,249,237
RP23-465B20.1,0,0,0,0,0,0
RP23-465D7.1,0,0,0,0,0,0
RP23-465E7.1,117,122,122,241,206,182
RP23-465I4.2,0,0,0,0,0,0
RP23-465K20.11,1345,1436,1269,2577,2548,2083
RP23-465K20.13,0,0,0,0,0,0
RP23-465K20.3,1436,1477,1373,860,804,763
RP23-465K20.4,0,0,0,0,1,1
RP23-465K20.6,0,0,0,0,0,0
RP23-466A17.1,0,0,0,0,3,0
RP23-466D3.1,3,3,13,0,1,0
RP23-466J17.2,0,0,0,0,0,0
RP23-466O21.1,2,2,5,1,2,2
RP23-467C11.1,61,50,86,66,78,44
RP23-467E8.1,2,2,3,4,2,1
RP23-467E8.2,2,0,4,3,7,2
RP23-467L21.2,25,24,20,0,1,0
RP23-467L21.3,1,0,2,0,0,0
RP23-467M8.2,0,1,0,0,0,0
RP23-467O2.1,14,15,23,35,26,29
RP23-467O2.2,0,0,0,0,0,0
RP23-467O2.3,0,2,0,4,2,2
RP23-467O2.4,14,18,17,12,15,13
RP23-467O2.5,0,0,0,0,0,0
RP23-467O2.6,2,1,2,0,0,0
RP23-467P7.2,0,0,0,0,0,0
RP23-468A19.1,5,1,2,3,2,0
RP23-468A19.2,13,1,5,3,7,6
RP23-468B9.1,0,1,1,4,2,2
RP23-468C6.2,0,0,0,0,0,0
RP23-468C6.3,0,0,0,0,0,0
RP23-468C6.4,1,1,0,1,2,2
RP23-468C6.5,0,0,0,0,0,0
RP23-468C6.6,0,0,0,0,0,0
RP23-468D17.1,323,264,306,470,451,405
RP23-468M24.4,175,211,173,288,269,279
RP23-468M24.6,99,90,68,139,131,81
RP23-468M24.7,0,0,0,0,0,0
RP23-469C2.1,13,9,4,4,3,3
RP23-469G19.2,1,0,0,0,0,0
RP23-469G4.1,0,0,0,0,0,0
RP23-469I15.2,24,18,24,9,5,11
RP23-46I13.2,2,1,1,1,0,1
RP23-46I13.3,0,0,1,2,0,0
RP23-46J2.1,0,0,0,0,0,0
RP23-46M23.1,0,0,0,0,0,0
RP23-46M23.2,0,0,0,0,0,0
RP23-46M23.6,0,0,0,0,0,0
RP23-46N12.1,0,0,0,0,0,0
RP23-46N12.2,0,0,0,0,0,0
RP23-46O18.1,0,0,0,0,0,1
RP23-46P4.5,0,0,0,1,0,1
RP23-46P4.7,2,4,3,12,11,6
RP23-470C18.1,0,0,1,0,0,0
RP23-470G3.2,4,13,10,18,17,16
RP23-471B6.2,253,240,226,352,411,403
RP23-471B6.3,99,77,68,334,269,305
RP23-471F3.1,0,0,0,0,0,0
RP23-471H19.1,0,0,0,0,0,0
RP23-471H23.2,10,3,7,7,9,12
RP23-471M13.2,0,0,0,0,0,0
RP23-471M13.3,0,0,0,0,0,0
RP23-471M20.1,0,0,0,0,0,0
RP23-471M20.3,0,0,0,0,0,0
RP23-471O23.1,0,0,0,0,0,0
RP23-471O23.2,151,137,216,89,85,106
RP23-471O23.3,0,0,0,0,0,0
RP23-472A8.1,3,1,0,2,3,2
RP23-472I18.1,0,0,0,0,0,0
RP23-472I18.2,0,0,0,0,0,0
RP23-472I18.3,0,0,1,0,3,1
RP23-472K10.1,0,0,0,0,0,0
RP23-473C10.1,46,36,41,39,52,38
RP23-474J7.2,72,65,60,18,34,31
RP23-474J7.3,8,3,5,0,3,2
RP23-474L1.1,0,0,0,0,0,0
RP23-475B13.3,8,2,9,1,2,7
RP23-475B13.4,0,0,1,0,0,0
RP23-475F22.1,2,2,4,3,0,1
RP23-475H18.1,0,0,0,0,0,0
RP23-475J16.2,0,0,0,0,0,0
RP23-475L14.1,0,0,0,0,1,1
RP23-475N16.1,0,0,0,0,0,0
RP23-475N16.2,1,2,13,6,18,13
RP23-475N16.5,0,0,1,0,1,2
RP23-475N16.6,0,0,0,0,0,0
RP23-476B1.1,0,0,1,0,0,0
RP23-476D16.2,0,0,0,0,0,0
RP23-476D16.4,0,0,0,0,0,0
RP23-476E22.1,0,0,0,0,0,0
RP23-476F6.1,0,0,0,1,0,0
RP23-476F6.2,0,0,0,0,0,0
RP23-476N23.1,4,1,2,2,4,6
RP23-477F4.1,1231,1291,999,670,750,629
RP23-477F4.2,89,74,77,60,54,74
RP23-477P12.2,116,143,82,225,173,164
RP23-477P14.1,0,0,0,0,1,0
RP23-478A2.1,0,3,0,0,1,1
RP23-478B14.1,565,511,464,320,317,350
RP23-478B14.2,5,2,2,2,1,3
RP23-478H15.1,0,0,0,1,0,1
RP23-478H15.2,1,0,0,5,3,3
RP23-478H15.3,3,2,1,5,7,5
RP23-478H15.4,1,1,0,0,2,1
RP23-478H15.5,1,1,0,2,0,1
RP23-478M17.1,0,0,0,0,0,0
RP23-479D16.2,1,1,1,1,0,1
RP23-479D16.3,1,1,0,1,2,2
RP23-479D16.6,6,2,2,0,3,7
RP23-479J7.2,18,17,16,16,21,22
RP23-479J7.4,10,14,12,15,12,13
RP23-47A6.3,0,0,1,0,0,0
RP23-47N17.1,0,0,0,0,0,0
RP23-47N17.2,0,0,1,0,0,1
RP23-47N17.3,0,0,0,0,0,0
RP23-47N2.2,0,2,0,2,0,0
RP23-47N2.3,0,0,1,0,2,1
RP23-47N2.4,0,0,1,2,3,1
RP23-480B19.12,58,83,47,114,83,76
RP23-480B19.16,1,0,0,0,0,0
RP23-480B19.17,0,0,0,0,0,0
RP23-480B19.18,4,6,3,1,5,4
RP23-480D17.1,0,0,0,0,0,0
RP23-480D17.2,0,0,0,0,0,0
RP23-480G5.2,0,0,0,2,1,0
RP23-480H10.1,0,0,0,0,0,0
RP23-480H2.1,2,0,3,3,3,2
RP23-480H2.2,0,1,0,0,0,0
RP23-480M17.1,0,0,0,1,0,0
RP23-480M17.2,0,0,1,1,1,0
RP23-480M17.3,0,0,0,0,0,0
RP23-480O11.1,4,1,5,1,0,0
RP23-480O11.2,2,1,2,0,0,0
RP23-480P16.2,2,1,0,3,4,3
RP23-480P16.3,0,0,1,0,2,2
RP23-48A2.6,461,520,294,1001,964,865
RP23-48A7.1,0,0,0,0,0,0
RP23-48B17.1,0,0,0,0,0,0
RP23-48E15.1,0,0,1,0,0,0
RP23-48E15.2,1,0,0,3,2,6
RP23-48G20.1,88,79,97,185,175,210
RP23-48I14.1,0,0,0,0,0,0
RP23-48I14.3,0,0,0,0,0,0
RP23-48I14.4,0,0,0,0,0,0
RP23-48J15.1,0,0,0,0,0,0
RP23-48J15.2,86,99,106,172,154,123
RP23-48J18.1,0,0,0,0,0,0
RP23-48J18.2,11,15,4,10,3,10
RP23-48K5.3,0,0,1,0,0,0
RP23-48K5.4,0,0,0,0,0,0
RP23-49A12.1,0,0,0,0,0,0
RP23-49C8.11,0,0,0,0,0,0
RP23-49C8.2,99,83,68,39,40,54
RP23-49C8.3,1,0,0,2,2,4
RP23-49C8.5,3505,3863,3587,9561,9892,10036
RP23-49C8.6,0,1,3,3,4,2
RP23-49C8.7,5,3,10,0,0,0
RP23-49C8.8,0,1,2,3,4,2
RP23-49C8.9,4,11,12,0,0,0
RP23-49E16.2,0,0,1,4,3,0
RP23-49G18.1,1,1,1,0,1,0
RP23-49P10.1,0,0,0,0,0,0
RP23-4F16.3,1,5,5,1,2,0
RP23-4F16.4,7,5,13,3,3,0
RP23-4K22.1,5,1,2,1,5,3
RP23-50A5.1,0,0,0,0,0,0
RP23-50A5.2,0,0,2,0,0,0
RP23-50B22.1,0,0,0,0,0,0
RP23-50E4.1,258,250,215,573,573,573
RP23-50E4.4,185,217,222,147,195,210
RP23-50F19.1,506,398,343,363,363,485
RP23-50H13.2,442,506,322,207,233,189
RP23-50H13.3,67,63,54,53,43,51
RP23-50H15.2,0,0,0,0,0,0
RP23-50H23.1,0,1,1,0,1,1
RP23-50H4.1,98,97,112,306,297,230
RP23-50I19.6,0,0,0,0,0,0
RP23-50L5.1,0,0,0,0,0,0
RP23-50L5.2,0,0,0,0,0,0
RP23-50L5.3,0,0,0,0,0,0
RP23-51A12.1,254,300,343,596,682,754
RP23-51G7.2,0,0,0,0,2,1
RP23-52D18.1,0,0,0,0,0,0
RP23-52D18.2,0,1,0,0,0,0
RP23-52D18.4,0,0,0,0,0,0
RP23-52D18.5,0,0,0,0,0,0
RP23-52F6.1,103,117,54,163,153,130
RP23-53E2.1,0,0,0,0,0,0
RP23-53E2.2,0,0,0,0,0,0
RP23-53E2.3,0,0,0,0,0,0
RP23-53I18.1,0,0,0,0,0,0
RP23-53L16.1,0,0,0,0,0,0
RP23-53P10.2,0,0,0,0,0,0
RP23-54C14.5,67,93,83,28,27,30
RP23-54C14.9,1,0,0,0,0,0
RP23-54E16.1,11,12,17,10,14,14
RP23-54E16.3,408,348,365,485,499,503
RP23-54E4.1,3,1,4,0,7,1
RP23-54E4.4,0,0,2,0,0,0
RP23-54E4.8,0,0,0,0,1,0
RP23-54G12.5,97,98,117,81,74,73
RP23-54L24.1,3,4,10,9,4,7
RP23-54N20.4,1,1,0,0,0,0
RP23-54N20.5,0,0,0,0,0,0
RP23-55A17.1,0,0,0,0,0,1
RP23-55A17.2,0,0,0,0,0,0
RP23-55C8.3,38,44,41,62,88,65
RP23-55C8.4,3,0,2,9,7,4
RP23-55I14.3,2,3,0,4,1,3
RP23-55I14.5,2,2,3,0,2,1
RP23-55I14.6,1,3,5,7,12,7
RP23-55I14.7,5,3,4,6,3,6
RP23-55I2.4,0,0,0,0,0,0
RP23-55I2.6,668,513,499,1112,1251,1001
RP23-55O12.2,2,1,1,0,0,0
RP23-56A7.1,0,0,0,0,0,0
RP23-56A7.3,102,68,79,150,143,156
RP23-56C2.1,0,0,0,0,0,0
RP23-56L5.1,13,18,17,9,9,7
RP23-56L5.2,0,0,0,0,0,0
RP23-57A16.1,0,0,1,1,1,2
RP23-57A16.3,0,0,0,1,0,1
RP23-57F11.1,88,30,71,51,27,29
RP23-57F11.10,9,10,8,3,2,3
RP23-57F11.3,3,5,6,0,0,0
RP23-57F11.4,1,2,0,0,0,0
RP23-57F11.9,8,15,16,3,2,0
RP23-57I15.1,1,0,0,0,0,0
RP23-57I15.2,0,1,0,0,0,0
RP23-57I15.3,0,0,0,0,0,0
RP23-57I15.4,0,0,0,0,0,0
RP23-57I15.5,0,0,0,0,0,0
RP23-57I15.6,0,0,0,2,0,0
RP23-57L17.1,1598,1564,1577,3146,3213,3153
RP23-57N22.1,0,0,0,0,0,0
RP23-57N22.2,0,0,0,0,0,0
RP23-57N22.3,344,461,396,1074,1132,812
RP23-57N22.5,0,0,0,0,2,1
RP23-58C21.1,0,0,1,0,0,0
RP23-58C21.2,199,226,214,243,244,230
RP23-58E13.10,0,0,0,0,0,0
RP23-58H16.1,91,69,94,101,77,51
RP23-58H5.12,0,0,0,0,0,0
RP23-58H5.13,297,321,282,500,441,390
RP23-58H5.2,0,0,0,0,0,0
RP23-58H5.5,90,122,140,251,240,158
RP23-58H5.6,0,0,0,0,0,0
RP23-58H5.7,0,0,0,0,0,0
RP23-58H5.8,0,0,0,0,0,0
RP23-58M18.1,122,114,93,84,59,45
RP23-58M18.2,1,0,0,1,0,0
RP23-59B16.2,22,34,12,25,31,29
RP23-59B16.4,1029,1028,876,617,607,567
RP23-59B16.6,2,0,2,0,0,1
RP23-59B16.7,1,0,0,1,1,0
RP23-59E24.1,24,27,13,10,9,12
RP23-59E24.2,0,0,0,0,0,0
RP23-59F2.1,70,75,72,193,174,174
RP23-59L23.1,10,17,2,12,9,7
RP23-59L23.2,0,0,0,0,0,0
RP23-59L24.11,0,2,3,1,0,1
RP23-59L24.4,1,3,4,3,1,2
RP23-59L24.7,109,158,86,68,95,57
RP23-5A21.1,23,27,22,14,14,17
RP23-5D6.5,96,112,142,90,67,69
RP23-5F14.1,0,0,1,0,0,0
RP23-5F14.2,0,0,0,0,0,0
RP23-5F24.2,23,18,9,21,16,22
RP23-5K9.1,0,6,1,1,2,6
RP23-5K9.2,1,0,1,2,2,0
RP23-5K9.3,0,0,0,0,0,1
RP23-5K9.6,0,0,0,0,0,0
RP23-5M21.2,0,0,0,0,0,0
RP23-5M21.3,0,0,0,0,0,0
RP23-5N19.1,0,0,0,0,0,0
RP23-5O23.6,9,17,17,90,87,70
RP23-5O23.9,4,1,0,4,5,5
RP23-5P1.2,0,0,0,0,0,0
RP23-60A1.1,1,3,2,18,8,7
RP23-60A1.2,4,2,2,2,4,2
RP23-60A1.3,0,0,0,0,0,0
RP23-60A1.4,0,0,1,1,0,0
RP23-60A1.6,7,5,5,14,9,17
RP23-60A13.1,0,0,0,0,0,0
RP23-60A13.2,639,714,694,1695,1488,1122
RP23-60A13.3,0,0,0,0,0,0
RP23-60A20.1,18,26,32,12,11,9
RP23-60A20.2,0,0,0,0,0,0
RP23-60B2.1,0,0,0,0,0,0
RP23-60B2.2,0,0,0,0,0,0
RP23-60F20.3,4,6,3,13,6,7
RP23-60M5.5,125,143,169,380,386,331
RP23-61E13.1,1,3,2,2,2,3
RP23-61E13.2,0,0,0,0,0,0
RP23-61E13.3,0,0,0,0,0,0
RP23-61E13.4,0,0,0,0,0,0
RP23-61O18.1,0,0,2,1,0,0
RP23-61O3.11,3,4,3,6,7,5
RP23-61O3.9,53,36,43,29,57,46
RP23-62D21.2,38,48,37,74,84,90
RP23-62L9.1,0,0,0,0,0,0
RP23-62L9.2,0,0,0,0,0,0
RP23-62L9.3,0,0,0,0,0,0
RP23-62N18.1,0,0,0,0,0,0
RP23-62O13.4,45,31,28,62,48,65
RP23-62O13.5,84,104,81,133,156,123
RP23-62O13.7,31,31,29,324,290,218
RP23-62O17.1,3,1,6,2,9,11
RP23-62O17.2,0,3,2,3,0,2
RP23-63A9.2,1,0,1,0,0,0
RP23-63A9.3,0,0,0,0,0,0
RP23-63A9.4,0,0,0,0,0,0
RP23-63D8.4,1,1,1,0,0,0
RP23-63D8.6,0,0,0,0,0,0
RP23-64E17.5,4,1,6,22,16,29
RP23-64F17.5,0,0,0,0,0,0
RP23-64F21.1,82,83,66,46,44,33
RP23-64F21.2,0,0,0,0,0,0
RP23-64F21.3,24,23,23,0,0,0
RP23-64F21.4,1,2,0,0,0,0
RP23-64M1.2,0,0,0,0,0,0
RP23-64N1.1,0,0,0,0,0,0
RP23-65A22.1,0,0,0,0,0,0
RP23-65A22.4,32,25,13,9,11,20
RP23-65C22.2,0,0,0,0,0,0
RP23-65C22.4,0,0,0,0,0,0
RP23-65G6.2,11,13,18,0,0,0
RP23-65G6.4,36,9,2,1,0,0
RP23-65G6.5,98,104,62,400,373,512
RP23-65G6.6,2,5,3,0,0,0
RP23-65J9.1,0,0,0,0,0,0
RP23-65N19.1,2,0,0,0,0,0
RP23-65N20.2,0,0,0,0,0,0
RP23-65P13.2,9,11,11,19,18,16
RP23-65P17.3,68,62,71,42,56,42
RP23-65P18.1,0,0,0,0,0,0
RP23-66B21.2,0,0,0,0,0,0
RP23-66B21.3,0,0,0,0,0,0
RP23-66B21.4,0,0,0,0,0,0
RP23-66B21.5,0,0,0,0,0,0
RP23-66B21.6,0,0,0,0,0,0
RP23-66B21.7,0,0,0,0,0,0
RP23-66F6.1,0,0,1,0,0,1
RP23-66H6.3,0,0,0,1,1,3
RP23-66H6.5,254,222,184,268,254,306
RP23-66M24.1,0,0,0,0,0,0
RP23-66N12.10,0,0,0,0,0,1
RP23-66N12.2,0,0,0,0,0,0
RP23-66N12.3,0,0,0,0,0,0
RP23-66N12.4,0,0,0,0,0,0
RP23-66N12.5,0,0,0,0,0,0
RP23-66N12.6,0,0,0,0,0,0
RP23-66N12.7,0,0,0,0,0,0
RP23-66N12.8,0,0,0,0,0,0
RP23-66N12.9,0,0,0,0,0,0
RP23-66O9.1,0,3,0,2,0,1
RP23-67C1.8,0,0,0,0,0,0
RP23-67E18.4,0,0,0,1,0,0
RP23-67E6.1,101,136,95,68,36,105
RP23-67E6.2,124,113,105,23,17,31
RP23-67E6.3,263,249,255,131,105,170
RP23-67E6.4,1,1,6,1,1,4
RP23-67E6.6,1791,2053,2424,5139,4914,3738
RP23-67E6.7,51,47,24,40,29,35
RP23-67J22.2,0,0,0,0,0,0
RP23-67J22.3,15,16,14,0,1,0
RP23-67J22.4,0,0,0,1,1,0
RP23-67J22.5,0,0,0,0,0,0
RP23-67M20.1,0,1,0,0,0,0
RP23-67O11.1,4,12,8,26,21,29
RP23-67O11.3,0,0,0,0,0,0
RP23-67P9.1,0,0,0,5,2,1
RP23-68E1.1,85,86,89,4,5,6
RP23-68E1.2,0,0,0,0,0,0
RP23-69A6.1,0,0,0,0,0,0
RP23-69A6.2,62,47,62,48,41,56
RP23-69B14.2,4,4,2,1,3,1
RP23-69G24.3,0,0,0,0,0,0
RP23-69M9.2,0,0,0,0,0,0
RP23-69M9.3,0,0,0,0,0,0
RP23-69M9.5,0,0,0,1,0,1
RP23-69M9.6,0,0,0,0,0,0
RP23-69M9.7,0,0,0,0,0,0
RP23-69M9.8,0,0,0,0,0,0
RP23-69M9.9,0,0,0,0,0,0
RP23-69P8.2,26,32,48,69,67,71
RP23-69P8.4,0,1,2,3,6,3
RP23-6C3.2,0,0,0,0,0,1
RP23-6C3.3,26,35,31,74,77,76
RP23-6C3.4,0,0,0,1,0,0
RP23-6C3.5,49,68,45,34,25,23
RP23-6I12.3,0,0,0,0,0,0
RP23-6I12.4,0,0,0,1,0,0
RP23-6K20.2,1,0,0,1,1,1
RP23-6M16.2,0,0,0,0,0,0
RP23-6N18.2,0,0,0,0,0,0
RP23-6N18.3,0,0,0,0,0,0
RP23-70A15.2,386,353,354,241,267,264
RP23-70A15.4,0,0,0,0,0,0
RP23-70A22.1,0,0,0,0,0,0
RP23-70A7.2,1,1,1,1,0,1
RP23-70E1.1,5,7,5,0,2,0
RP23-70E1.2,0,1,0,1,0,1
RP23-70J9.6,32,22,37,16,24,20
RP23-70K10.1,2,4,4,2,0,1
RP23-70K10.3,1,1,1,0,1,0
RP23-70K18.1,0,1,0,1,0,0
RP23-70L9.2,5,14,3,8,13,16
RP23-70N3.3,0,1,0,0,0,0
RP23-70N3.6,2,1,3,0,0,0
RP23-71A1.2,3,1,2,24,16,25
RP23-71A1.3,0,0,0,1,2,1
RP23-71A1.4,0,0,0,0,0,1
RP23-71A13.1,0,0,0,0,0,0
RP23-71A13.2,0,0,0,0,0,0
RP23-71E4.2,7,5,4,3,4,4
RP23-71E4.3,2,2,2,1,0,2
RP23-71F1.1,0,0,0,0,0,0
RP23-71F1.3,0,0,0,0,0,0
RP23-71G18.3,5,7,7,75,75,90
RP23-71H9.1,205,323,396,764,791,470
RP23-71H9.2,2,8,7,7,6,1
RP23-71K8.1,2,1,2,2,3,1
RP23-71K8.2,0,0,0,0,0,0
RP23-71K8.5,0,0,0,1,2,0
RP23-72B15.1,0,0,0,0,0,0
RP23-72B15.2,108,111,73,28,47,33
RP23-72P19.1,0,0,0,0,0,1
RP23-72P20.1,0,2,0,1,0,0
RP23-72P20.4,1,0,0,0,0,0
RP23-72P20.5,2,0,0,0,0,2
RP23-72P20.6,0,0,0,0,0,0
RP23-73A4.3,0,0,1,1,0,1
RP23-73B23.5,1190,1377,1309,2264,2123,1634
RP23-73C1.1,2,1,4,0,0,0
RP23-73K21.2,0,0,0,0,0,0
RP23-73K21.3,3,3,3,0,2,2
RP23-73K21.6,1,2,3,0,0,0
RP23-73M10.2,1,0,1,2,0,0
RP23-73N16.2,0,1,1,0,0,0
RP23-73N16.3,0,0,0,0,0,0
RP23-73N16.5,16,7,8,4,1,2
RP23-73N16.7,0,0,1,0,0,0
RP23-73N16.9,2593,2583,2662,3720,3758,3527
RP23-74A1.1,125,156,176,175,197,176
RP23-74B12.1,4,2,2,0,0,0
RP23-74B12.2,287,264,311,844,862,820
RP23-74F20.1,1,2,1,6,6,13
RP23-74G1.2,0,0,0,0,0,0
RP23-74G9.1,1,0,1,1,0,0
RP23-74G9.2,0,0,0,0,0,0
RP23-74L11.1,6,14,5,25,19,22
RP23-74L11.2,0,1,5,0,0,1
RP23-74L11.4,0,0,0,0,0,0
RP23-74L17.1,0,0,0,0,0,0
RP23-74L9.3,2,4,4,10,10,9
RP23-74L9.4,365,264,224,421,428,476
RP23-74L9.5,0,1,0,2,1,2
RP23-74L9.6,3,1,0,1,0,1
RP23-74P16.1,1,0,0,0,0,0
RP23-74P23.1,1,1,1,1,0,1
RP23-75A23.1,49,56,34,54,31,42
RP23-75B12.1,0,0,0,0,0,0
RP23-75B12.2,33,33,50,97,116,114
RP23-75D10.1,0,0,0,0,0,0
RP23-75E19.1,1,3,0,4,3,6
RP23-75F12.1,0,2,2,1,0,4
RP23-75H1.1,0,0,0,0,0,0
RP23-75H1.2,0,0,0,0,0,0
RP23-75H1.3,0,0,0,0,0,0
RP23-75H1.4,0,0,0,0,1,1
RP23-75H1.5,0,0,0,0,0,0
RP23-75H1.7,0,0,0,0,0,0
RP23-75H1.9,0,0,0,0,0,0
RP23-75J13.3,2,2,4,16,11,9
RP23-76A20.1,0,0,0,0,0,0
RP23-76A20.10,4,1,2,0,0,0
RP23-76A20.3,0,0,0,0,0,0
RP23-76A20.4,0,0,0,0,0,0
RP23-76A20.8,0,0,0,0,0,0
RP23-76F22.1,0,0,0,0,0,0
RP23-76I24.2,3,7,2,0,0,0
RP23-76I24.6,0,0,0,0,0,0
RP23-76M24.1,0,0,0,0,0,0
RP23-76M24.3,9,14,9,0,2,7
RP23-76M8.1,0,0,0,0,0,0
RP23-76M8.3,0,0,1,1,0,0
RP23-76M8.4,0,0,0,0,0,0
RP23-76P19.1,0,0,0,0,0,0
RP23-76P19.2,38,52,68,47,50,34
RP23-76P22.3,178,338,436,1188,1356,1227
RP23-76P22.4,3,1,0,0,0,1
RP23-77F19.1,0,0,0,0,0,0
RP23-77F19.2,0,0,0,0,0,0
RP23-77H16.5,3,2,2,1,3,2
RP23-77I17.1,17,18,19,21,19,32
RP23-77I17.2,1,0,0,0,1,0
RP23-77I17.3,0,1,0,0,0,0
RP23-78D16.2,1,2,2,2,2,1
RP23-78D16.3,0,0,0,1,1,1
RP23-78E1.1,33,27,35,50,41,45
RP23-78F6.3,31,26,14,142,153,195
RP23-78F6.4,0,0,0,0,0,0
RP23-78H18.2,148,116,105,120,126,130
RP23-78H18.3,8,13,8,12,15,14
RP23-78H18.4,2,0,0,4,1,2
RP23-78H4.3,6,2,10,1,1,3
RP23-78H4.5,7,14,8,1,1,0
RP23-78N12.1,0,0,0,0,0,3
RP23-78N12.2,0,0,0,0,0,0
RP23-78N5.1,38,42,28,884,728,912
RP23-79C10.1,0,0,0,0,0,0
RP23-79H8.1,1,1,0,1,0,0
RP23-79J21.1,36,29,40,73,42,54
RP23-79L4.1,0,0,0,0,0,0
RP23-7J19.3,12,4,12,2,1,3
RP23-80B16.3,35,35,44,31,23,29
RP23-80C18.4,0,0,0,0,0,0
RP23-80C18.5,0,0,0,0,0,0
RP23-80H12.1,1270,1380,1468,144,150,102
RP23-80H12.2,0,0,0,1,0,0
RP23-80H12.3,0,0,0,0,0,0
RP23-80H12.4,0,0,0,0,0,0
RP23-80I4.1,1,0,0,0,0,1
RP23-80I4.2,0,0,0,0,0,0
RP23-80I4.3,0,0,0,0,0,0
RP23-80J21.1,0,0,0,1,0,0
RP23-80N18.1,2,0,0,1,0,0
RP23-80N18.2,10,17,13,10,11,12
RP23-80N18.4,0,0,0,0,0,0
RP23-81A18.2,1,1,0,47,23,34
RP23-81D2.1,0,0,0,0,0,0
RP23-81D2.4,0,0,0,0,0,0
RP23-81D2.6,3,6,3,1,1,1
RP23-81D2.7,0,1,2,6,5,6
RP23-81D2.8,6,4,3,3,2,4
RP23-81D5.1,0,1,1,5,3,9
RP23-81G14.13,11,10,9,11,11,14
RP23-81G14.3,10,11,7,9,9,14
RP23-81G14.6,4,0,2,1,3,0
RP23-81N12.1,3,4,2,0,0,0
RP23-81P12.11,370,502,361,604,622,523
RP23-81P12.12,15,16,13,59,40,47
RP23-81P12.3,18,39,65,32,32,25
RP23-81P12.6,62,71,39,52,53,65
RP23-82A12.2,60,60,45,70,65,72
RP23-82A12.3,28,15,24,14,11,15
RP23-82A12.4,1346,1374,1397,2933,3140,2845
RP23-82A14.1,0,0,0,0,0,0
RP23-82A14.2,0,0,0,0,0,0
RP23-82B4.1,0,0,0,0,0,0
RP23-82F10.2,4,3,3,1,1,0
RP23-82I13.4,85,85,120,851,827,729
RP23-82I5.15,0,0,0,2,3,2
RP23-82I5.17,0,0,0,0,0,0
RP23-82J18.1,49,44,43,77,100,116
RP23-82L23.5,0,0,0,0,0,0
RP23-83D8.1,0,0,0,0,0,0
RP23-83I13.10,3480,4040,3690,4790,5050,4624
RP23-83I13.11,32,45,61,71,67,73
RP23-83I13.13,0,0,0,0,0,0
RP23-83I13.6,4,2,3,15,10,21
RP23-83I13.7,0,1,1,3,1,0
RP23-83J23.1,0,0,0,1,0,0
RP23-83K15.10,2,2,1,0,0,0
RP23-83K15.3,0,0,0,0,0,0
RP23-83K15.4,30,21,18,30,17,27
RP23-83K15.7,0,1,0,0,0,1
RP23-83K15.9,0,0,0,0,0,0
RP23-83N10.2,0,0,0,0,0,0
RP23-83O23.1,203,169,169,130,118,154
RP23-83O23.2,1392,1390,1266,673,629,912
RP23-83O23.3,3,2,4,4,3,5
RP23-83O23.4,1,1,4,2,1,1
RP23-83O23.6,172,147,137,109,90,131
RP23-83P7.2,0,0,0,0,0,0
RP23-83P7.3,47,43,79,138,177,179
RP23-84C12.13,5,4,5,2,4,2
RP23-84C12.14,12,19,4,3,2,3
RP23-84C18.1,0,0,0,0,0,1
RP23-84E16.1,0,0,0,0,0,0
RP23-84O5.1,6,6,5,23,9,23
RP23-84O5.2,0,0,0,0,0,0
RP23-84O5.3,0,0,0,0,0,0
RP23-84O5.4,1550,1784,1758,3024,2918,2426
RP23-85A17.2,0,0,0,0,0,0
RP23-85A17.3,789,851,671,2247,2108,1518
RP23-85A17.4,0,0,0,0,0,0
RP23-85A17.8,0,0,0,0,0,0
RP23-85A8.1,2,3,2,0,1,1
RP23-85B20.1,0,0,0,0,0,0
RP23-85G19.3,0,0,0,0,0,0
RP23-85H5.1,0,0,0,0,0,0
RP23-85H5.2,1,0,2,0,1,1
RP23-86B3.1,0,0,0,0,0,0
RP23-86E8.1,0,0,0,0,0,0
RP23-86F17.1,0,0,0,2,0,0
RP23-86F8.3,1484,1435,1307,779,597,989
RP23-86J22.3,0,1,1,0,0,0
RP23-86O13.1,0,0,0,0,0,0
RP23-87G8.3,0,0,0,0,0,0
RP23-87H19.1,0,0,0,0,0,0
RP23-87H19.3,1,2,1,0,0,0
RP23-87H19.4,0,0,0,0,0,0
RP23-87H19.5,0,0,0,0,0,0
RP23-87I3.2,486,516,553,399,433,406
RP23-87I3.3,0,2,2,0,0,0
RP23-87L24.2,53,46,42,59,57,65
RP23-87P16.1,7,10,15,8,4,7
RP23-87P16.2,0,0,0,0,0,0
RP23-88A13.2,978,795,842,5246,4769,5573
RP23-88C15.3,0,0,0,0,0,0
RP23-88C4.1,0,0,0,0,0,0
RP23-88C4.2,0,0,0,0,0,0
RP23-88E13.1,16,5,8,0,0,0
RP23-88O15.1,151,133,145,347,342,337
RP23-88O15.2,0,0,0,0,0,0
RP23-89D4.1,1,3,1,3,6,3
RP23-89D4.10,0,0,0,0,0,0
RP23-89D4.11,38,46,30,16,23,20
RP23-89D4.2,124,99,133,44,57,50
RP23-89D4.3,0,0,0,0,0,0
RP23-89D4.4,0,0,0,0,0,0
RP23-89D4.5,0,0,0,0,0,0
RP23-89D4.6,0,0,0,3,1,4
RP23-89D4.7,0,0,0,0,0,0
RP23-89D4.9,0,0,0,0,0,0
RP23-89H14.2,0,0,0,0,0,0
RP23-89L15.1,0,0,0,0,0,0
RP23-89L15.3,0,0,2,0,0,2
RP23-89M14.1,79,61,57,37,35,38
RP23-89M14.2,18,21,21,23,22,23
RP23-89M14.3,113,100,122,93,78,108
RP23-89M14.4,0,1,1,0,1,0
RP23-89M14.5,0,0,0,0,0,0
RP23-89M15.10,1,0,1,0,2,5
RP23-89M15.11,0,0,0,0,0,0
RP23-89M15.12,0,2,3,3,2,3
RP23-8L8.1,4,6,1,3,1,4
RP23-8O24.1,0,0,2,0,1,1
RP23-90C6.2,1,1,4,2,1,1
RP23-90C6.3,1199,1116,1022,593,483,760
RP23-90D4.1,94,90,115,128,88,95
RP23-90D4.2,0,0,0,0,0,0
RP23-90D4.3,3,0,0,1,1,6
RP23-90D4.4,2,0,0,0,0,0
RP23-90D4.5,0,0,1,0,0,0
RP23-90D6.1,86,45,52,134,116,134
RP23-90O18.2,17,33,21,27,33,24
RP23-91C19.1,0,0,0,0,0,0
RP23-91C19.2,31,24,19,54,34,33
RP23-91C19.3,0,1,0,0,0,0
RP23-91C19.4,846,848,830,592,645,618
RP23-91C19.7,0,0,0,0,0,0
RP23-91C19.8,0,0,0,0,0,0
RP23-91G19.3,38,33,33,61,56,45
RP23-91I20.2,1353,1274,1079,2261,1980,1998
RP23-91K11.2,18,15,14,17,12,19
RP23-91K11.4,4,5,1,0,3,4
RP23-92B18.4,2,1,3,12,4,8
RP23-92B18.6,1,2,1,5,4,3
RP23-92B18.8,0,0,0,2,0,1
RP23-92G13.12,64,55,72,30,10,29
RP23-92G13.3,0,1,3,1,1,0
RP23-92G13.8,50,42,56,40,36,35
RP23-92H5.1,0,0,0,0,0,0
RP23-92H5.2,0,0,0,0,0,0
RP23-92L12.1,0,1,0,0,1,1
RP23-92P11.1,0,0,0,0,0,0
RP23-93M14.1,5,4,0,3,1,1
RP23-93M3.2,42,70,81,70,82,65
RP23-93O11.2,1,0,0,1,0,2
RP23-93O11.3,1,1,1,11,8,9
RP23-93O11.4,0,0,0,0,0,0
RP23-93O11.6,37,32,27,27,24,36
RP23-94F11.2,0,0,0,0,0,0
RP23-94F11.4,1,0,0,0,0,1
RP23-94F11.5,0,0,1,2,1,1
RP23-94F11.6,280,251,261,321,273,352
RP23-94F6.1,0,0,0,0,0,0
RP23-94F6.2,1,0,0,0,0,0
RP23-94L5.1,0,0,0,0,0,0
RP23-94L5.3,0,0,0,0,0,0
RP23-94N18.1,0,1,1,2,2,0
RP23-94N18.2,0,2,0,0,1,0
RP23-94N18.4,237,226,234,22,23,23
RP23-94O16.1,0,0,0,0,0,0
RP23-94O22.1,0,0,0,0,0,0
RP23-94P17.2,35,25,19,13,15,19
RP23-95E13.2,22,19,27,17,19,18
RP23-95I19.1,6,7,10,16,15,15
RP23-95K12.2,25,28,28,8,7,4
RP23-95K12.8,0,0,0,0,0,0
RP23-95M14.2,299,376,316,810,755,754
RP23-95M4.1,0,0,0,0,0,0
RP23-95O1.1,0,0,0,0,0,0
RP23-95O1.4,2,2,2,3,2,7
RP23-95O23.2,0,0,0,0,0,0
RP23-95O23.3,0,0,0,0,0,0
RP23-95O23.4,2,3,4,0,0,0
RP23-96B14.1,0,0,0,0,0,0
RP23-96D6.1,0,0,0,0,0,0
RP23-96E23.1,0,0,0,1,0,0
RP23-96E23.2,0,1,0,0,0,0
RP23-96E23.4,1,1,2,3,3,2
RP23-96E5.1,1,0,0,0,0,0
RP23-96E5.3,0,0,0,0,0,0
RP23-96E5.4,0,0,0,0,0,0
RP23-96E5.5,0,0,0,2,0,0
RP23-96M8.1,3,0,3,3,5,2
RP23-97B15.2,43,42,30,0,2,0
RP23-97B15.3,0,0,0,0,0,0
RP23-97B2.1,0,0,0,0,0,0
RP23-97B2.2,0,0,0,0,0,0
RP23-97B23.1,0,0,0,0,0,0
RP23-97D20.2,6,0,4,1,0,3
RP23-97H1.1,0,0,1,4,1,0
RP23-97H1.2,0,0,0,0,0,0
RP23-97J2.2,0,4,1,94,59,71
RP23-97O7.11,0,0,0,0,0,0
RP23-97O7.12,0,0,0,0,0,0
RP23-97O7.6,147,128,183,15,10,15
RP23-97P13.1,2,0,0,0,1,0
RP23-98F14.2,547,654,729,608,559,515
RP23-98K7.2,3,8,1,0,0,0
RP23-98M14.1,0,0,0,0,0,0
RP23-98M14.3,0,0,1,0,0,0
RP23-98M4.1,0,0,0,0,0,0
RP23-98P15.1,3,1,4,2,5,8
RP23-98P15.2,0,0,0,0,1,0
RP23-99A5.1,0,0,0,0,0,0
RP23-99A5.2,0,0,0,0,0,0
RP23-99A5.3,1,0,0,0,0,1
RP23-99A5.4,0,0,0,0,0,0
RP23-99C16.1,5,9,6,6,8,8
RP23-99E24.1,1,0,1,1,2,0
RP23-99E6.1,68,59,59,41,29,34
RP23-99E6.2,0,0,0,0,0,0
RP23-99E6.4,130,140,103,77,111,70
RP23-99G18.1,298,443,407,712,765,721
RP23-99G18.2,0,0,1,0,0,2
RP23-99G21.3,4,6,6,14,9,8
RP23-99G21.4,0,0,0,0,0,0
RP23-99G21.5,854,894,884,967,931,828
RP23-99G21.7,0,0,0,0,0,0
RP23-99K18.2,0,0,2,0,0,0
RP23-99M13.2,0,1,6,0,1,0
RP23-99M13.8,0,0,2,3,3,2
RP23-99O13.4,61,43,53,133,138,170
RP23-99O16.3,0,0,0,0,0,0
RP23-9A5.1,0,0,0,0,0,0
RP23-9A5.3,502,378,377,302,262,387
RP23-9A5.5,0,0,0,0,0,0
RP23-9F18.1,2,2,3,1,1,1
RP23-9F18.5,7,3,2,1,5,6
RP23-9F23.4,38,51,33,23,41,46
RP23-9G13.6,216,113,82,133,151,221
RP23-9G13.7,2,2,1,0,0,0
RP23-9G13.9,0,0,0,0,0,0
RP23-9K14.2,254,270,254,315,299,294
RP23-9K14.3,31,40,42,12,6,3
RP23-9K14.4,3,3,2,1,3,2
RP23-9N11.4,0,1,0,0,1,0
RP23-9N11.5,0,0,0,0,0,0
RP23-9N7.3,0,0,0,0,0,0
RP23-9N9.3,3,5,15,46,43,26
RP23-9N9.4,2,4,2,5,7,9
RP23-9O13.10,0,0,0,1,0,0
RP23-9O13.2,0,0,0,0,0,0
RP23-9O13.3,0,0,0,0,0,0
RP23-9O13.4,0,1,0,0,0,0
RP23-9O13.5,0,0,0,2,0,0
RP23-9O13.6,1,0,0,0,1,0
RP23-9O13.7,0,0,0,0,0,0
RP23-9O13.8,0,0,0,0,0,0
RP23-9O16.13,0,0,0,0,0,0
RP23-9O16.14,0,0,1,3,3,3
RP23-9O16.16,0,0,0,0,0,0
RP23-9O16.18,0,0,0,0,0,0
RP23-9O16.19,0,0,0,0,0,0
RP23-9O16.22,11,11,10,19,14,27
RP23-9O16.23,0,0,0,0,0,0
RP23-9O16.24,0,0,0,0,0,0
RP23-9O16.3,0,0,0,0,0,0
RP23-9O16.4,0,0,0,0,0,0
RP23-9O16.5,0,0,0,0,0,1
RP23-9P6.2,10,9,16,67,57,72
RP24-100B13.3,1,0,0,1,1,1
RP24-103E20.2,1757,1871,2129,3048,3063,2486
RP24-103E20.3,0,0,0,0,0,0
RP24-103E20.4,0,0,0,0,0,0
RP24-103K4.2,27,16,22,20,19,25
RP24-104I20.4,4,2,7,4,3,5
RP24-104I20.5,43,17,24,56,49,81
RP24-104I20.6,2,1,2,0,0,1
RP24-104L2.1,3,0,3,6,5,10
RP24-106D8.1,0,0,1,0,0,0
RP24-106O24.1,0,0,0,0,0,0
RP24-106O24.2,0,0,0,0,0,0
RP24-107M14.1,0,0,0,0,0,0
RP24-111G24.1,3,1,0,1,4,2
RP24-112H7.1,511,456,511,382,462,436
RP24-112H7.2,17,12,14,11,15,8
RP24-113B3.2,168,171,136,522,470,473
RP24-113B3.3,1,3,2,0,3,2
RP24-113P16.1,0,0,0,0,0,0
RP24-114E18.1,0,0,1,2,1,1
RP24-114E18.2,0,0,0,1,0,0
RP24-114E18.3,529,609,691,1410,1391,925
RP24-114E18.4,0,2,1,4,4,3
RP24-114E18.6,434,349,326,237,205,317
RP24-114J8.1,3,2,4,3,10,6
RP24-114K21.2,0,1,0,0,0,0
RP24-114K21.4,2,4,2,0,0,3
RP24-114K21.5,0,0,0,0,0,0
RP24-114K21.6,0,0,0,0,0,0
RP24-114K21.7,0,0,0,0,0,1
RP24-114M8.2,1385,1302,1110,1245,1261,1501
RP24-115D19.2,90,92,68,6,6,3
RP24-116A18.4,6,6,19,54,44,44
RP24-117E16.1,0,0,0,0,0,0
RP24-117E16.7,0,0,0,0,0,0
RP24-117E16.9,1,1,1,0,0,0
RP24-118H2.2,0,0,0,0,0,0
RP24-122N23.2,0,0,0,0,0,0
RP24-124B23.2,2595,2586,2663,3726,3762,3527
RP24-124B23.4,425,583,645,240,305,316
RP24-127M20.2,11,17,16,6,4,4
RP24-128I18.1,0,0,0,0,0,0
RP24-129J15.2,172,183,174,94,128,94
RP24-129J15.3,147,167,210,379,391,274
RP24-132K7.1,7,5,2,6,1,2
RP24-132K7.2,0,0,0,0,0,0
RP24-132L16.5,0,0,0,0,0,0
RP24-132L16.6,4,2,4,2,3,4
RP24-133C15.1,27,19,25,16,11,19
RP24-133E1.1,1,0,0,0,0,1
RP24-135N15.1,0,0,0,0,0,0
RP24-141A7.1,0,0,0,0,0,0
RP24-141G14.1,0,0,0,0,0,0
RP24-142A19.1,0,0,0,0,0,0
RP24-142A19.2,0,0,0,0,0,0
RP24-142K18.3,0,0,0,0,0,0
RP24-144E2.1,1,1,1,2,5,6
RP24-144E2.2,1,0,0,0,0,0
RP24-144H23.1,4,1,11,6,5,1
RP24-144L11.3,1,1,0,0,0,0
RP24-146O4.1,3,4,8,14,9,13
RP24-149O16.2,649,649,585,732,754,722
RP24-151H6.2,6,0,0,0,1,0
RP24-151H6.3,5,3,3,1,0,3
RP24-151H6.4,10,2,7,3,2,1
RP24-151H6.5,0,0,0,0,0,0
RP24-151H6.6,0,0,0,1,0,0
RP24-151L11.1,0,1,0,0,0,0
RP24-151L11.2,0,1,0,0,0,1
RP24-155O13.2,35,27,23,14,26,18
RP24-156K24.1,0,0,0,0,0,0
RP24-158J4.2,0,0,0,0,0,0
RP24-160H16.4,0,0,0,0,0,0
RP24-161L16.1,1,0,2,4,3,0
RP24-162K15.2,0,0,0,0,1,0
RP24-162K15.3,2,2,4,6,11,5
RP24-163G22.1,13,15,9,6,8,10
RP24-163G22.2,0,1,0,4,3,2
RP24-163K10.5,4,7,12,11,9,19
RP24-163K10.7,0,1,0,0,1,1
RP24-164C21.1,0,0,0,0,0,0
RP24-164C21.2,0,0,0,0,0,0
RP24-164C21.4,0,0,0,0,0,0
RP24-164C21.5,0,0,0,0,0,0
RP24-164C21.6,0,0,0,0,0,0
RP24-164C21.7,0,0,0,0,0,0
RP24-164P4.3,113,151,144,163,167,187
RP24-166B2.1,0,0,0,0,0,0
RP24-168J7.1,1,0,1,0,0,0
RP24-168J7.2,0,0,1,0,0,0
RP24-16C11.1,37,66,48,158,171,160
RP24-170J19.2,0,0,0,0,0,0
RP24-174M12.1,4,0,4,0,3,1
RP24-175C20.1,345,329,319,132,130,115
RP24-176F12.4,88,72,86,66,61,60
RP24-179D17.2,1,0,0,1,2,0
RP24-179I4.2,70,73,83,127,135,145
RP24-179M18.3,0,0,0,5,3,2
RP24-180B11.7,31,37,21,67,70,99
RP24-180F1.3,523,970,595,277,305,253
RP24-180M2.2,20,20,22,67,81,70
RP24-182L3.1,13,4,10,2,4,3
RP24-183G19.4,7,1,1,4,4,6
RP24-186K6.1,3,2,2,2,1,1
RP24-188M1.2,97,80,78,184,166,180
RP24-188M1.3,2652,3281,3475,4976,5172,4205
RP24-189E15.2,2,0,0,1,1,3
RP24-192B24.3,1,0,0,2,2,1
RP24-192B24.4,2,4,3,1,4,10
RP24-192F16.1,33,21,19,6,9,4
RP24-192I21.1,5,10,6,12,7,10
RP24-193H8.3,3,1,1,1,1,0
RP24-196O13.5,9,13,10,19,17,17
RP24-196P11.12,0,0,0,0,0,0
RP24-196P11.9,0,0,0,0,0,0
RP24-199N10.1,0,1,0,0,0,0
RP24-199N10.2,0,0,0,0,0,1
RP24-200D20.2,1769,1902,2062,2178,2057,1853
RP24-200F10.2,0,0,0,0,0,0
RP24-200P20.2,2,3,6,7,5,7
RP24-201D17.1,0,0,0,0,0,0
RP24-201L14.1,2957,3648,3881,9951,9829,10474
RP24-204J8.2,2,0,1,2,2,2
RP24-208K8.1,1,0,2,4,1,2
RP24-211G11.2,0,0,0,0,0,0
RP24-212E3.2,0,0,0,0,0,2
RP24-212E3.3,1,3,5,5,2,4
RP24-212K8.1,1019,1279,1262,3113,3845,2739
RP24-215D6.1,152,168,173,367,317,303
RP24-215D6.2,183,183,176,402,343,342
RP24-215D6.3,47,47,49,54,52,70
RP24-216F23.1,0,0,0,0,0,0
RP24-216F23.2,0,0,0,0,0,0
RP24-216F23.3,0,0,0,0,1,0
RP24-216F23.5,0,0,0,0,0,0
RP24-216F23.6,0,0,0,0,0,0
RP24-216M19.2,0,0,0,0,0,0
RP24-217J7.2,581,662,715,1462,1587,1369
RP24-219E4.1,0,0,0,2,3,0
RP24-221D22.1,0,0,0,0,0,0
RP24-222N4.1,1,0,0,0,0,0
RP24-225G11.1,1,0,3,1,3,0
RP24-225K18.2,0,2,0,0,0,0
RP24-225K18.3,6,4,6,8,5,6
RP24-225K18.5,88,81,121,106,109,91
RP24-225K18.6,23,30,37,20,28,30
RP24-228F21.2,9,4,9,21,15,12
RP24-228N8.1,493,518,443,931,896,754
RP24-230A23.1,0,0,0,0,0,0
RP24-230A23.3,3,2,4,3,10,5
RP24-230A23.4,1,0,1,1,3,1
RP24-230J5.2,206,160,195,376,283,426
RP24-231D14.1,2,3,2,11,4,4
RP24-231P11.3,1,1,0,1,1,4
RP24-234E11.1,2,0,1,3,1,1
RP24-235B14.1,7,5,4,4,6,7
RP24-235B14.2,49,40,26,5,3,3
RP24-235K10.1,26,21,48,17,10,18
RP24-238B3.2,14,12,6,18,21,12
RP24-238C11.3,2,0,0,1,0,1
RP24-239D8.2,0,0,0,0,0,0
RP24-239D8.4,0,0,0,0,0,0
RP24-239N23.1,0,0,0,0,0,0
RP24-240E9.1,977,996,1099,1002,944,692
RP24-241C15.1,2162,2109,1930,4297,4140,3731
RP24-242M17.3,0,0,0,0,0,0
RP24-243L17.1,0,0,0,3,0,1
RP24-246G10.1,5,4,4,0,2,1
RP24-249N9.1,1,0,1,1,1,2
RP24-249N9.2,0,0,0,0,0,0
RP24-249N9.3,0,0,1,0,0,0
RP24-249N9.5,89,107,124,222,230,222
RP24-252K15.1,670,542,692,1308,1288,1702
RP24-255G1.2,2,3,8,7,9,6
RP24-255G1.8,966,1085,1035,2511,2310,2463
RP24-257N14.2,0,0,0,0,0,0
RP24-258K6.2,28,28,30,11,7,7
RP24-258P4.2,49,53,54,18,15,24
RP24-258P4.3,4,5,10,6,3,7
RP24-260G16.4,0,0,0,0,0,0
RP24-261H7.4,30,20,25,32,18,24
RP24-261H7.5,20,6,14,35,35,36
RP24-261H7.7,102,122,123,187,166,120
RP24-262M23.1,0,0,0,0,1,0
RP24-262N5.2,1583,1450,1406,1430,1649,1417
RP24-263C12.1,0,0,0,0,0,0
RP24-264L21.1,203,198,195,168,151,108
RP24-266J20.1,8,4,5,2,7,9
RP24-266P11.1,1,0,0,0,0,0
RP24-266P11.2,0,0,0,0,1,0
RP24-267I24.2,67,52,59,36,45,51
RP24-267I24.3,0,0,0,0,0,0
RP24-271F24.1,8,4,5,13,18,5
RP24-271F24.2,368,450,392,1204,1095,1224
RP24-272L6.1,6,1,5,6,4,7
RP24-272N4.1,48,29,46,73,90,86
RP24-273K21.3,133,126,171,181,158,177
RP24-280G18.2,164,184,165,416,340,378
RP24-280G18.4,3,1,2,1,1,2
RP24-281J6.1,0,0,0,0,0,0
RP24-281J6.2,0,0,0,0,0,0
RP24-281J6.3,0,0,0,0,0,0
RP24-285J23.2,60,36,33,24,17,15
RP24-287N8.1,0,0,0,0,1,1
RP24-287O1.2,1,1,2,2,2,4
RP24-291I7.2,0,2,1,0,0,0
RP24-291I7.6,0,0,0,0,0,0
RP24-293E17.2,5,4,4,2,4,0
RP24-293N14.2,2,1,4,0,0,0
RP24-297C1.9,19,24,33,32,39,34
RP24-297H17.11,0,0,0,0,0,0
RP24-297H17.13,0,0,0,0,0,0
RP24-297H17.4,6,5,13,8,15,11
RP24-297H17.6,0,0,0,0,0,1
RP24-297N9.1,187,208,230,359,357,288
RP24-297N9.10,0,0,0,0,0,0
RP24-297N9.2,0,0,0,2,1,0
RP24-297N9.4,0,0,0,0,0,0
RP24-297N9.6,0,0,0,0,0,0
RP24-298A20.1,2,2,2,1,2,2
RP24-299O19.1,159,230,230,215,221,227
RP24-300H23.3,0,1,1,0,0,1
RP24-300H23.4,5,0,2,0,1,0
RP24-300H23.5,3,4,1,1,0,0
RP24-302M3.2,0,0,0,0,0,0
RP24-312B5.2,1227,1121,1007,1678,1684,1734
RP24-313C24.1,231,230,227,452,464,466
RP24-313J18.4,1,0,0,0,0,1
RP24-313J18.5,0,0,0,0,1,0
RP24-315E7.1,0,0,0,0,0,0
RP24-318B2.1,0,0,2,0,2,2
RP24-318I24.2,0,0,0,0,0,0
RP24-321G8.1,0,0,0,0,0,0
RP24-323B22.1,0,0,0,0,1,0
RP24-323G18.2,94,119,133,193,206,176
RP24-325M3.2,13,10,15,13,18,15
RP24-325P20.3,3,1,1,40,28,46
RP24-325P20.5,43,23,24,66,66,79
RP24-326B24.1,0,0,0,1,2,1
RP24-326B24.2,2,1,1,16,11,7
RP24-326P8.3,0,0,0,0,0,0
RP24-326P8.4,9,19,10,9,9,12
RP24-329J6.7,0,0,0,0,0,0
RP24-330H24.1,225,215,184,305,236,366
RP24-333C3.1,0,0,0,0,2,0
RP24-334D12.1,0,0,0,0,0,0
RP24-334D12.2,1,0,0,0,1,0
RP24-334D12.3,8,8,8,10,3,5
RP24-335A2.3,1,0,1,1,0,0
RP24-336O24.1,0,0,0,0,0,0
RP24-340J19.1,8,6,4,4,6,8
RP24-347A16.2,2,4,4,4,2,2
RP24-347B7.1,0,0,0,0,0,0
RP24-349B2.2,4,8,12,13,4,12
RP24-349B2.3,6,6,1,5,11,7
RP24-349B2.4,1,0,0,0,0,1
RP24-350B12.1,0,0,0,0,0,0
RP24-350B12.3,0,0,1,0,0,0
RP24-350P11.2,518,587,647,605,591,506
RP24-350P11.3,745,705,582,1431,1262,1528
RP24-354B8.1,0,0,0,0,0,0
RP24-355K5.1,86,104,114,63,49,59
RP24-358A14.1,0,0,2,1,4,1
RP24-359O2.3,84,72,69,86,112,144
RP24-359O2.4,1427,1091,1098,1797,1894,2091
RP24-359O2.5,2,1,1,0,0,1
RP24-361I15.1,0,0,0,0,0,0
RP24-363G9.1,1,4,8,12,12,13
RP24-363L9.3,19,20,38,52,36,30
RP24-364H2.1,24,10,14,11,9,6
RP24-364I17.1,129,149,117,84,103,113
RP24-364I17.2,84,56,86,54,68,80
RP24-364I17.3,0,0,0,0,0,0
RP24-364O14.1,12497,14095,12529,5430,5464,4623
RP24-364O14.2,1,0,1,3,4,2
RP24-364O14.3,0,0,0,0,0,0
RP24-364O14.4,0,0,0,0,1,0
RP24-369B4.1,47,25,32,2,3,1
RP24-371A24.1,1348,1358,1353,2633,2589,2667
RP24-372O13.2,2,0,2,5,1,3
RP24-374N16.5,20,17,10,91,96,91
RP24-374N16.6,2,0,0,3,1,2
RP24-377D18.2,38,20,27,40,44,51
RP24-380E10.1,2,0,0,0,1,1
RP24-383F13.2,0,0,0,0,0,0
RP24-385A10.3,0,0,0,0,0,0
RP24-385A10.4,128,160,185,14,29,12
RP24-386D3.2,2,0,0,1,0,1
RP24-386K1.4,0,0,0,0,0,0
RP24-387A5.1,0,0,0,0,0,0
RP24-387B13.4,11,3,6,11,9,10
RP24-388A9.10,16,14,16,13,14,24
RP24-388A9.14,0,0,0,0,0,0
RP24-388A9.2,113,129,175,154,86,84
RP24-388A9.5,0,0,0,0,0,0
RP24-388A9.6,0,0,0,0,0,0
RP24-388A9.8,0,0,0,0,0,0
RP24-388B10.1,0,0,0,0,0,0
RP24-388B10.11,0,0,0,0,0,0
RP24-388B10.5,3,0,0,0,0,0
RP24-388E17.1,142,170,163,34,27,44
RP24-388M1.2,1,1,2,1,1,1
RP24-388N11.3,6,3,4,0,0,0
RP24-388N11.4,1079,1002,878,519,492,533
RP24-392J24.2,173,185,163,330,304,318
RP24-392J24.3,0,1,0,2,3,1
RP24-392J24.7,0,3,0,4,4,4
RP24-398G2.1,0,0,1,1,0,2
RP24-399H1.1,0,0,0,0,0,0
RP24-401C17.4,7,3,3,5,7,5
RP24-401O6.2,22,13,12,3,8,9
RP24-406I15.1,13,14,10,14,18,21
RP24-406J12.2,203,304,318,1449,1085,747
RP24-406J8.1,95,131,87,79,66,93
RP24-407J14.1,3,1,7,17,16,16
RP24-409L6.2,0,0,0,0,0,0
RP24-410N21.2,42,51,33,117,119,100
RP24-410N21.3,56,76,62,40,37,35
RP24-414A19.1,2,5,3,0,0,0
RP24-414G20.1,3,2,1,0,1,1
RP24-414G20.2,4,7,3,2,0,0
RP24-414G20.3,6,3,12,0,0,0
RP24-417N21.2,1449,1689,1511,3756,3600,3102
RP24-419N8.2,0,2,3,3,2,3
RP24-420A20.1,77,113,67,104,87,83
RP24-421D7.2,0,0,1,2,2,1
RP24-422J16.3,11,14,9,20,13,20
RP24-422L8.1,0,0,0,0,0,0
RP24-422L8.2,0,0,0,0,0,0
RP24-423N4.1,0,0,0,0,0,0
RP24-424A15.2,0,0,0,0,0,0
RP24-424A15.3,0,0,0,0,0,0
RP24-424A15.4,0,0,0,0,0,0
RP24-425F2.2,284,244,267,645,649,630
RP24-427A22.1,645,750,715,410,413,416
RP24-430N21.3,5,6,5,6,11,11
RP24-441E15.2,14,17,9,28,32,22
RP24-446O20.2,0,0,0,1,0,3
RP24-447D15.2,1,1,1,0,0,0
RP24-448F1.2,19,13,14,0,0,0
RP24-449F13.3,0,0,0,18,19,12
RP24-450M24.3,3,9,6,0,0,0
RP24-455C11.2,231,268,196,358,328,321
RP24-456I14.1,84,73,47,95,83,113
RP24-456J10.1,2,2,1,2,4,5
RP24-457L7.2,8,7,5,8,3,5
RP24-459E13.1,0,0,5,1,0,0
RP24-459O21.3,1,3,2,1,1,0
RP24-460H24.2,1,1,0,0,0,0
RP24-462N21.2,0,0,0,0,0,0
RP24-465A20.1,505,874,771,3852,4203,3597
RP24-468P16.1,126,195,196,570,560,361
RP24-473H20.2,3,0,7,4,3,4
RP24-478I22.3,71,49,78,133,94,111
RP24-478I22.4,84,62,78,151,118,149
RP24-478I22.5,65,85,100,0,0,0
RP24-478I22.6,40,48,73,0,0,0
RP24-478I6.1,0,0,0,0,0,0
RP24-478I6.16,0,0,0,0,0,0
RP24-478I6.4,1,0,0,0,0,0
RP24-482A24.10,370,366,374,111,108,104
RP24-482A24.2,139,204,196,315,324,218
RP24-482A24.3,6,0,5,27,22,32
RP24-482A24.7,11,11,17,15,2,4
RP24-482A24.8,2,2,0,0,0,0
RP24-483E18.1,3,4,6,15,15,17
RP24-483E18.2,1,0,1,1,1,1
RP24-483K3.1,1642,1775,2241,4452,4880,4458
RP24-483K3.5,0,0,0,0,0,0
RP24-483K3.6,125,94,121,61,74,63
RP24-483K3.7,0,0,0,0,0,1
RP24-486D21.1,1740,1687,2006,368,487,490
RP24-486F14.1,6,2,6,1,3,4
RP24-488O12.5,26,21,19,82,58,73
RP24-490H13.2,145,96,117,563,505,607
RP24-491A6.1,320,393,337,2033,1446,1314
RP24-492D11.3,6,6,4,1,1,2
RP24-492D11.5,0,3,3,1,1,2
RP24-492P10.1,0,0,1,0,0,0
RP24-494I18.1,0,1,5,1,0,0
RP24-497G20.1,1,0,0,0,0,1
RP24-497G20.2,0,0,3,0,0,0
RP24-498C9.1,0,0,0,0,0,0
RP24-498C9.2,1,1,0,1,2,2
RP24-498C9.3,0,0,0,2,0,3
RP24-499A8.3,6,4,3,1,2,2
RP24-499M12.1,23,23,36,6,8,5
RP24-499N24.2,1,3,0,1,0,0
RP24-500B8.1,1,1,0,1,0,0
RP24-500L4.1,11,18,14,3,1,11
RP24-501J23.1,7,3,5,3,2,6
RP24-501J23.2,1,0,2,1,2,2
RP24-502J8.1,0,0,0,0,0,0
RP24-502K6.2,6,4,8,1,2,2
RP24-510A3.1,0,0,0,0,0,1
RP24-510A3.2,0,0,0,1,0,0
RP24-528G7.4,1,0,0,0,1,0
RP24-528H20.1,0,2,1,2,2,2
RP24-528H20.2,1,0,0,0,0,1
RP24-530O2.1,0,1,0,1,0,0
RP24-530O2.2,14,17,13,16,6,17
RP24-531M17.1,0,0,0,0,0,0
RP24-534P19.2,2,1,2,2,2,2
RP24-535C14.4,7,5,16,9,6,6
RP24-535G5.2,1,3,1,0,0,0
RP24-535M24.2,0,0,2,0,0,1
RP24-535M24.3,73,70,87,92,89,99
RP24-535N4.1,0,3,1,3,1,2
RP24-535N4.3,149,112,122,193,211,198
RP24-535O17.2,0,1,2,1,2,1
RP24-538P5.1,0,0,0,0,0,0
RP24-541E15.1,7,5,5,7,3,2
RP24-542G7.2,3,2,6,10,4,7
RP24-544H3.1,63,69,69,108,100,142
RP24-544H3.2,48,39,65,16,12,10
RP24-548D19.1,13,14,18,39,35,40
RP24-548D9.1,0,0,0,0,0,0
RP24-548P4.1,14,20,18,12,16,28
RP24-553B2.1,82,82,95,97,80,108
RP24-556H22.1,1,2,0,0,0,0
RP24-558L5.1,0,0,0,0,1,0
RP24-562D24.1,6,7,5,5,6,9
RP24-562O19.1,4,2,3,5,10,7
RP24-562O19.3,561,552,486,450,330,500
RP24-567O8.2,0,0,0,0,0,0
RP24-573J17.1,0,0,0,0,0,0
RP24-573J17.2,0,0,0,0,0,0
RP24-573J17.3,2,0,1,0,0,0
RP24-573N21.1,20,19,17,46,23,30
RP24-574J13.5,2,2,3,2,7,5
RP24-574J13.6,1,2,7,3,1,5
RP24-576M16.1,0,0,0,0,0,0
RP24-62G2.1,1,0,0,0,0,0
RP24-63F2.2,25,32,37,12,7,17
RP24-66E22.1,227,295,262,273,240,232
RP24-66I20.1,4,9,2,7,6,4
RP24-67F19.2,0,0,2,3,1,1
RP24-67F19.3,6,5,3,2,0,0
RP24-67F19.4,0,0,0,0,0,0
RP24-67F19.5,0,0,0,0,0,0
RP24-67I3.3,0,0,0,0,0,0
RP24-67I3.8,0,0,0,0,1,0
RP24-67N3.2,1,0,1,0,0,0
RP24-68H1.1,36866,39594,38743,40619,38145,36184
RP24-68J3.1,1,1,0,0,0,0
RP24-69E21.1,182,189,154,106,109,114
RP24-69E21.3,0,0,0,0,0,0
RP24-69K11.1,1282,1180,938,3172,2846,3122
RP24-69M4.1,1,3,3,2,4,2
RP24-69M4.2,4,1,3,7,2,4
RP24-69M4.3,0,0,0,0,0,0
RP24-70F15.1,0,0,0,0,0,0
RP24-70H3.1,0,1,0,0,0,0
RP24-70L20.2,0,0,0,0,0,0
RP24-72P18.2,6,6,10,0,0,0
RP24-73A23.1,0,0,0,0,0,0
RP24-73H24.2,0,0,2,0,0,0
RP24-74G10.1,1,1,1,2,6,2
RP24-76E2.3,87,80,93,125,160,169
RP24-76O19.1,0,0,0,0,0,0
RP24-76O19.2,0,0,0,0,0,0
RP24-76O19.3,14,8,12,3,2,3
RP24-78I22.1,1,0,0,0,0,0
RP24-79A6.1,0,0,0,0,0,0
RP24-79A6.2,0,0,0,0,0,0
RP24-79A6.3,1,3,1,10,4,5
RP24-79A6.4,0,1,0,1,0,0
RP24-79A6.7,79,77,75,391,325,421
RP24-79L6.1,8,1,2,1,4,1
RP24-80C21.1,0,0,0,0,0,0
RP24-80F17.2,6,9,10,6,3,8
RP24-83D14.2,0,0,0,0,0,0
RP24-83D23.1,521,604,444,1369,1487,1513
RP24-83P13.2,35,23,40,23,20,20
RP24-84B10.1,1304,1268,1206,1532,1450,1479
RP24-84L18.2,5,3,8,9,10,10
RP24-84L18.3,0,0,0,0,0,0
RP24-84L18.6,409,290,303,723,732,860
RP24-85F23.3,2,3,5,5,6,5
RP24-85F23.4,9,8,8,15,18,21
RP24-85M20.1,0,2,2,2,0,0
RP24-85M20.2,0,2,0,3,0,0
RP24-87C23.1,0,0,0,0,0,0
RP24-87G15.1,152,158,265,117,117,107
RP24-87G15.2,1,0,0,7,10,5
RP24-87L14.3,0,0,0,0,0,1
RP24-88L6.1,0,0,0,0,0,1
RP24-89C4.2,0,1,3,2,4,2
RP24-89C4.3,1,1,2,4,3,0
RP24-89M24.1,0,0,0,0,0,0
RP24-89M24.2,0,0,0,0,0,0
RP24-89M24.3,0,0,1,0,0,0
RP24-90K1.4,18,18,15,21,25,26
RP24-90M24.1,0,0,0,0,0,0
RP24-90P24.1,0,0,0,0,0,0
RP24-90P24.2,0,0,0,0,0,0
RP24-91B1.1,2302,2750,2961,3687,3785,3145
RP24-92D11.2,2,1,1,0,0,0
RP24-92K17.3,18,15,14,11,11,10
RP24-92L16.2,989,970,1153,2782,2824,2336
RP24-93B5.1,401,362,359,478,331,427
RP24-93B5.2,0,0,0,0,0,0
RP24-93B5.3,0,0,0,0,0,1
RP24-93B5.5,0,0,1,0,0,1
RP24-93H15.2,461,453,450,1124,1169,1021
RP24-94A19.3,1,0,3,0,0,0
RP24-94E17.2,44,31,26,70,62,77
RP24-96D14.1,0,0,0,0,0,0
RP24-96D14.2,3,2,1,0,2,0
Rab1,4754,4955,4300,4373,4054,4575
Rab10,1770,2003,1678,2456,2210,2622
Rab11a,1284,1355,1140,1502,1339,1772
Rab11b,3653,3830,3574,4083,3831,3803
Rab11fip1,96,98,86,42,33,31
Rab11fip2,1568,1338,1206,1024,864,1235
Rab11fip3,3631,4025,4007,3747,3257,3311
Rab11fip4,10713,11338,11869,6403,6531,5798
Rab11fip5,2533,2600,2451,1235,1253,1182
Rab12,1776,1646,1507,1689,1617,1925
Rab13,84,161,149,185,169,126
Rab14,5165,4788,4458,3907,3512,4350
Rab15,6022,6285,6861,980,1131,1024
Rab17,0,0,1,2,7,1
Rab18,2403,2201,2150,2027,2021,2299
Rab19,6,3,3,2,2,2
Rab1b,2221,2559,2461,2054,1944,1713
Rab20,19,25,17,3,2,1
Rab21,1489,1559,1390,789,815,739
Rab22a,1580,1528,1457,1457,1250,1369
Rab23,676,681,634,929,886,946
Rab24,969,1307,1259,1023,1065,919
Rab25,1,3,2,5,5,9
Rab26,706,828,912,54,66,38
Rab27a,202,174,174,43,41,29
Rab27b,972,754,717,69,83,86
Rab28,681,754,552,361,323,376
Rab2a,5983,5707,5731,4500,5053,5018
Rab2b,709,756,679,957,1012,1102
Rab30,289,289,291,332,265,335
Rab31,2034,2039,2083,1462,1573,1467
Rab32,40,40,36,20,8,18
Rab33a,423,507,548,763,843,743
Rab33b,606,544,476,491,494,640
Rab34,274,244,268,676,589,586
Rab35,1957,2077,2028,2358,2278,1952
Rab36,623,664,654,336,293,296
Rab37,237,170,177,17,10,6
Rab38,4,7,8,3,4,4
Rab39,26,18,24,58,40,57
Rab39b,892,844,685,428,449,475
Rab3a,11839,12648,11680,3931,4331,4049
Rab3b,1030,1208,1021,500,641,564
Rab3c,3531,3109,2309,1496,1454,1569
Rab3d,209,265,221,902,856,781
Rab3gap1,2224,2180,2339,794,820,878
Rab3gap2,1725,1717,1661,1458,1328,1428
Rab3il1,173,183,199,183,151,168
Rab3ip,686,694,634,629,616,599
Rab40b,787,682,706,80,75,87
Rab40c,837,983,867,934,891,911
Rab42,0,0,0,0,0,0
Rab43,485,564,496,413,384,440
Rab44,5,4,3,0,0,0
Rab4a,898,998,935,645,685,641
Rab4b,130,151,111,101,97,123
Rab5a,2571,2298,1971,1335,1198,1419
Rab5b,2673,2784,2844,2208,2121,2175
Rab5c,3343,3490,3281,3496,3259,3209
Rab6,7569,6480,7050,2940,2911,3278
Rab6b,22847,23841,23456,6363,6479,6443
Rab7,4583,4911,4640,3406,3305,3301
Rab7l1,74,75,68,27,31,26
Rab8a,812,908,805,1209,1218,1073
Rab8b,1064,958,1008,1609,1286,1560
Rab9,493,455,392,384,396,415
Rab9b,700,700,538,421,497,622
Rabac1,1773,2097,1853,989,1057,810
Rabep1,3665,3394,3272,3291,3465,3742
Rabep2,252,261,233,317,364,339
Rabepk,514,556,680,369,342,293
Rabgap1,2217,2217,2157,3400,3171,3566
Rabgap1l,3340,2788,2652,3793,3009,4132
Rabgef1,880,857,848,673,615,606
Rabggta,676,780,752,650,694,622
Rabggtb,703,732,694,654,659,631
Rabif,631,706,579,662,714,791
Rabl2a,412,471,539,765,738,797
Rabl3,177,196,163,195,195,215
Rabl5,922,992,903,495,508,471
Rac1,4175,4120,3940,3844,3446,3822
Rac2,41,43,52,12,12,9
Rac3,306,423,287,1717,2039,1707
Racgap1,129,177,152,1063,781,778
Rad1,134,130,130,186,169,208
Rad17,317,308,242,346,384,408
Rad18,153,127,125,196,175,216
Rad21,2778,2439,2561,4491,3560,4435
Rad23a,1132,1106,951,648,563,554
Rad23b,4213,3791,3724,4101,4381,4517
Rad50,468,437,445,595,602,512
Rad51,21,27,22,250,192,201
Rad51ap1,25,24,34,154,130,137
Rad51c,73,78,85,142,113,125
Rad51l1,1,1,2,6,7,8
Rad51l3,346,352,310,324,294,269
Rad52,301,234,300,359,316,387
Rad54b,26,18,28,142,85,119
Rad54l,30,27,51,293,215,235
Rad54l2,907,880,908,2608,2191,2341
Rad9,141,173,124,252,239,246
Rad9b,45,68,85,126,139,149
Radil,277,350,292,276,300,311
Rae1,584,644,629,1158,1078,1204
Raet1d,0,2,5,8,4,7
Raet1e,0,1,3,4,1,6
Raf1,1504,1615,1638,4749,4524,4737
Rag1,5,2,5,6,6,7
Rag1ap1,397,351,466,246,259,232
Rag2,0,0,0,0,0,2
Rai1,2138,2634,1994,3356,2475,2720
Rai12,862,909,876,1004,1060,953
Rai14,372,320,286,1805,1276,1489
Rai2,229,164,225,285,235,239
Rala,1655,1527,1331,3592,4037,3944
Ralb,390,418,307,388,400,370
Ralbp1,1963,2023,1871,1319,1245,1121
Ralgapa1,4004,3230,3374,2399,2022,2924
Ralgapa2,683,580,706,1844,1530,1792
Ralgapb,3752,3243,3308,3298,2679,3422
Ralgds,2120,2393,2088,3389,3103,3179
Ralgps1,1677,1675,1725,3796,3341,4063
Ralgps2,442,440,346,1539,1265,1516
Raly,1417,2015,1918,3982,3677,3052
Ralyl,761,858,771,486,628,513
Ramp1,1118,1245,1178,47,64,63
Ramp2,280,189,257,150,170,171
Ramp3,380,372,306,94,105,101
Ran,3134,3302,3218,4796,4322,4330
Ranbp1,818,823,629,1469,1449,1301
Ranbp10,944,920,1065,1609,1434,1323
Ranbp17,106,99,107,235,181,219
Ranbp2,4314,3423,3401,3006,2551,3393
Ranbp3,1616,2056,2049,2816,2653,2385
Ranbp3l,114,108,88,6,7,8
Ranbp6,721,702,689,683,540,772
Ranbp9,1582,1423,1483,996,863,1009
Rangap1,5443,6567,6367,3850,3725,3254
Rangrf,1,4,4,3,0,0
Rap1a,342,368,281,238,294,332
Rap1a-ps2,0,1,0,1,2,1
Rap1b,1155,1349,1129,1406,1302,1598
Rap1gap,6505,6566,6383,1168,1314,1119
Rap1gap2,6049,6465,6034,1049,1069,1022
Rap1gds1,7041,6964,7086,1769,1723,1946
Rap2a,3039,3246,2758,2186,2128,2297
Rap2b,2017,1688,1664,1079,1049,1064
Rap2c,745,662,641,1059,916,1112
Rapgef1,3249,3772,3364,5882,5026,4818
Rapgef2,4281,3756,4381,1988,1730,2016
Rapgef3,719,673,768,171,134,102
Rapgef4,9759,8430,9912,476,462,537
Rapgef5,1702,1340,1722,942,817,1079
Rapgef6,1184,922,1022,1252,1042,1273
Rapgefl1,4050,3979,3846,837,970,849
Raph1,391,378,304,475,420,494
Rapsn,14,15,12,8,8,9
Rara,247,347,251,364,322,274
Rarb,505,472,506,302,266,326
Rarg,210,200,217,187,177,179
Rarres1,15,17,16,3,5,4
Rarres2,51,68,52,5,8,4
Rars,794,832,779,969,1110,1049
Rars2,374,325,362,433,398,397
Rasa1,1226,1008,951,2354,1863,2625
Rasa2,590,591,517,635,570,779
Rasa3,1708,2108,1828,959,945,928
Rasa4,134,156,171,118,131,91
Rasal1,1781,1901,1629,171,189,140
Rasal2,1318,1041,1118,1114,834,1168
Rasal3,50,59,54,4,7,8
Rasd1,416,344,302,7,10,6
Rasd2,3590,4266,4896,50,54,56
Rasef,1,1,3,8,5,3
Rasgef1a,5817,5688,5986,268,351,327
Rasgef1b,1384,1255,1445,1825,1495,1568
Rasgef1c,165,226,197,61,68,62
Rasgrf1,9054,8211,8338,263,204,220
Rasgrf2,4005,3264,4126,276,364,421
Rasgrp1,11397,10460,10935,159,202,258
Rasgrp2,933,1116,1064,591,824,685
Rasgrp3,270,326,329,120,113,126
Rasgrp4,31,39,33,36,56,48
Rasip1,278,276,290,553,524,497
Rasl10a,438,747,502,7,12,7
Rasl10b,7695,9499,7862,1997,2076,1849
Rasl11a,78,107,68,53,44,52
Rasl11b,1271,1483,1688,429,516,430
Rasl12,43,63,51,83,64,75
Rasl2-9,18,31,7,20,20,19
Rassf1,224,355,276,450,413,428
Rassf2,1840,1836,1795,2374,2140,2081
Rassf3,1115,1085,1030,197,175,152
Rassf4,233,224,214,207,143,171
Rassf5,450,513,421,96,94,98
Rassf6,20,10,8,4,2,6
Rassf7,20,18,19,150,127,106
Rassf8,469,525,368,128,99,118
Rassf9,23,28,25,47,45,53
Raver1,695,658,621,1193,927,1021
Raver2,561,552,532,239,180,192
Rax,2,0,0,0,0,0
Rb1,762,732,672,1335,967,1504
Rb1cc1,2411,1917,1958,1470,1326,1839
Rbak,233,186,272,611,594,612
Rbbp4,2254,2226,2318,5099,4839,4769
Rbbp5,733,660,773,815,664,711
Rbbp6,2366,2254,2008,3276,2791,3215
Rbbp7,1868,1719,1866,1408,1473,1481
Rbbp8,88,79,64,219,177,262
Rbbp9,629,580,604,636,589,639
Rbck1,1947,2157,2006,2108,1957,1917
Rbks,31,49,41,13,10,18
Rbl1,49,58,31,337,232,317
Rbl2,1239,1068,1147,812,813,895
Rbm10,777,884,832,1259,1119,983
Rbm11,107,102,95,25,34,46
Rbm12,234,207,194,659,484,684
Rbm12b,559,538,532,945,903,1070
Rbm14,629,745,587,1320,1121,1180
Rbm15,289,329,272,357,225,307
Rbm15b,959,983,960,2213,1921,2008
Rbm16,1314,1349,1290,1994,1892,2009
Rbm17,867,914,960,1525,1697,1507
Rbm18,907,903,933,1554,1389,1464
Rbm19,304,408,369,538,472,482
Rbm20,162,119,120,145,103,92
Rbm22,683,647,656,1364,1182,1339
Rbm24,438,431,364,528,478,529
Rbm25,3269,2979,3272,5135,4749,5108
Rbm26,1092,1034,947,1888,1336,1918
Rbm27,1077,957,877,1286,963,1256
Rbm28,766,809,851,1242,1319,1229
Rbm3,949,697,821,2737,2373,2431
Rbm31y,0,0,0,0,0,0
Rbm34,492,436,412,466,515,536
Rbm38,40,56,48,275,208,231
Rbm39,4085,3588,3817,5306,4754,5817
Rbm4,535,596,518,1645,1441,1314
Rbm41,152,137,128,335,213,309
Rbm42,28,20,16,28,26,30
Rbm43,294,333,306,72,84,96
Rbm44,0,1,0,3,3,7
Rbm45,562,621,576,855,918,908
Rbm46,5,9,5,4,3,7
Rbm47,55,58,46,2,5,4
Rbm4b,427,518,493,2017,1814,1785
Rbm5,2322,2538,2912,5894,5488,5309
Rbm6,906,873,933,2269,2350,2319
Rbm7,465,441,402,587,507,605
Rbm8a,477,401,391,808,768,711
Rbm9,3035,2928,3128,8833,7964,8306
Rbms1,618,552,626,407,408,424
Rbms2,324,347,370,461,422,346
Rbms3,231,168,158,134,111,156
Rbmx,1171,984,1114,5492,5178,5860
Rbmx2,125,132,123,269,227,211
Rbmxl2,0,0,0,0,0,0
Rbmxrt,860,831,821,2380,2167,2262
Rbmy1a1,0,0,0,0,0,0
Rbp1,396,318,358,585,419,403
Rbp2,1,1,0,1,1,0
Rbp3,6,2,20,0,0,0
Rbp4,204,233,238,2,2,6
Rbp7,3,3,4,2,1,2
Rbpj,895,814,795,2044,1649,1901
Rbpjl,19,23,26,3,1,3
Rbpms,55,52,59,45,45,50
Rbpms2,41,29,44,24,15,19
Rbpsuh-ps1,3,5,2,11,6,7
Rbx1,1382,1276,1172,1690,1703,1818
Rc3h1,1177,1131,998,1557,1232,1640
Rc3h2,2065,1786,1804,3448,2622,3867
Rcan1,970,1207,1174,1082,1042,955
Rcan2,8028,5547,6995,630,722,683
Rcan3,942,1180,986,1376,1256,1266
Rcbtb1,1124,1187,1004,2219,1967,2173
Rcbtb2,407,439,388,1246,1047,1152
Rcc1,187,222,232,574,506,432
Rcc2,2327,2809,2253,4589,3597,3602
Rccd1,163,219,234,541,427,429
Rce1,174,205,143,216,202,182
Rchy1,556,681,655,839,711,819
Rcl1,286,307,351,370,345,312
Rcn1,652,750,544,610,569,557
Rcn2,2350,2413,1959,1583,1344,1718
Rcn3,118,145,131,326,255,223
Rcor1,556,634,541,1150,838,1118
Rcor2,204,322,252,2831,2304,2130
Rcor3,269,300,290,400,281,387
Rcsd1,183,151,146,69,65,56
Rcvrn,6,10,5,7,9,4
Rd3,11,29,18,7,7,9
Rdbp,517,563,454,642,501,453
Rdh1,4,8,4,12,2,5
Rdh10,206,227,198,226,182,255
Rdh11,474,519,450,747,833,805
Rdh12,43,33,42,10,12,16
Rdh13,380,474,512,791,833,846
Rdh14,505,476,451,232,269,270
Rdh16,8,2,6,7,3,3
Rdh18,1,2,3,0,0,1
Rdh19,1,0,4,1,0,2
Rdh5,108,82,77,48,40,39
Rdh7,0,0,2,0,0,1
Rdh8,0,1,0,0,0,0
Rdh9,28,15,22,17,19,19
Rdm1,59,59,80,78,86,59
Rdx,2262,2739,2100,3739,2984,3424
Rec8,90,84,70,178,189,202
Reck,297,205,313,225,186,249
Recql,359,348,308,565,558,606
Recql4,37,52,53,174,137,145
Recql5,470,442,535,590,516,576
Reep1,2798,3064,2499,5607,5539,6630
Reep2,2475,3242,2325,1675,1615,1551
Reep3,158,191,188,303,196,248
Reep4,48,42,45,121,79,90
Reep5,8110,7428,7267,3323,3659,3765
Reep6,214,292,203,109,102,95
Refbp2,114,101,107,325,332,256
Reg1,0,0,0,0,0,0
Reg2,0,0,0,0,0,0
Reg3a,0,0,1,0,0,0
Reg3b,0,0,0,0,0,0
Reg3d,0,0,0,0,0,0
Reg3g,0,0,0,0,0,0
Reg4,0,0,0,0,0,0
Rel,40,47,38,13,6,15
Rela,513,597,464,689,586,598
Relb,93,133,79,33,34,39
Rell1,352,471,329,322,275,276
Rell2,923,1077,956,357,348,305
Reln,2126,2460,2570,7630,6808,8406
Relt,336,314,350,92,90,93
Rem1,9,14,16,2,6,1
Rem2,248,309,258,190,214,167
Ren1,2,0,2,0,2,0
Renbp,72,73,73,33,22,34
Rep15,12,13,10,9,10,8
Repin1,816,870,813,460,374,368
Reps1,903,793,798,1229,1169,1168
Reps2,5644,4687,4796,1290,1306,1794
Rer1,1186,1239,1020,1004,977,1102
Rere,4232,4090,4087,5178,4486,4430
Rerg,316,319,329,65,71,61
Resp18,1125,1176,1013,100,116,90
Rest,170,195,133,466,350,463
Ret,337,363,177,91,79,76
Retn,2,6,11,1,8,1
Retnla,2,2,0,1,0,0
Retnlb,1,0,2,0,0,0
Retnlg,2,0,1,1,4,6
Retsat,380,290,372,39,65,45
Rev1,439,401,425,665,641,708
Rev3l,1065,1080,993,4498,3833,5348
Rex2,5,1,2,4,7,4
Rexo1,1132,1357,1154,1943,1623,1588
Rexo2,903,1029,901,458,505,422
Rexo4,1101,1238,1333,1010,1080,890
Rfc1,923,973,923,845,823,822
Rfc2,519,670,606,1058,981,884
Rfc3,123,101,100,599,587,594
Rfc4,30,37,32,189,179,203
Rfc5,238,204,218,318,318,289
Rfesd,220,189,170,162,135,218
Rffl,218,323,282,123,81,94
Rfk,1138,1065,1004,714,722,792
Rfng,1542,1575,1379,1915,1921,1733
Rfpl4,0,0,0,1,1,1
Rft1,197,186,171,134,130,129
Rftn1,210,317,176,234,236,247
Rftn2,588,697,513,296,201,206
Rfwd2,730,642,615,1018,989,1171
Rfwd3,573,553,610,764,666,781
Rfx1,556,659,686,1026,904,915
Rfx2,53,79,64,87,55,50
Rfx3,370,353,335,587,370,643
Rfx4,316,347,341,201,148,158
Rfx5,342,318,381,342,280,348
Rfx6,0,0,0,0,0,0
Rfx7,1079,1087,1001,3089,2564,3305
Rfxank,95,116,102,111,87,66
Rfxap,652,755,564,625,692,604
Rg9mtd1,291,262,196,323,302,368
Rg9mtd2,138,149,147,137,133,120
Rg9mtd3,221,250,253,312,319,296
Rgag1,34,28,34,26,40,37
Rgag4,600,844,643,1215,1127,1080
Rgl1,2930,2738,3191,817,891,864
Rgl2,839,979,1033,1394,1337,1189
Rgl3,73,56,60,11,7,10
Rgma,1122,1364,1026,2761,2413,2635
Rgmb,1751,1706,1603,2494,2327,2618
Rgn,4,0,2,3,1,4
Rgnef,1069,993,913,413,484,410
Rgp1,1093,1244,1184,1345,1168,1161
Rgr,1,0,0,0,0,0
Rgs1,2,4,2,0,1,0
Rgs10,417,447,449,120,94,106
Rgs11,706,779,853,114,175,150
Rgs12,1169,1199,1160,2713,2282,2123
Rgs13,8,1,3,0,3,3
Rgs14,1049,1001,1009,14,23,14
Rgs16,547,615,361,426,451,369
Rgs17,2190,1942,1963,639,628,715
Rgs18,3,4,1,1,0,0
Rgs19,325,337,331,421,371,349
Rgs2,1253,1468,1221,628,553,597
Rgs20,587,718,662,220,183,239
Rgs3,768,733,600,794,667,621
Rgs4,8400,9191,9071,839,937,917
Rgs5,2350,2708,2081,1711,1543,1829
Rgs6,488,534,414,340,374,322
Rgs7,1609,1460,1497,388,451,447
Rgs7bp,6891,5778,5600,411,364,487
Rgs8,3237,3208,3300,1447,1210,1236
Rgs9,1644,1998,1906,421,382,354
Rgs9bp,0,1,0,2,2,4
Rgsl1,34,37,76,24,33,35
Rhag,0,0,1,0,0,0
Rhbdd1,170,186,141,89,61,75
Rhbdd2,1471,1589,1476,761,701,802
Rhbdd3,304,301,287,316,304,290
Rhbdf1,255,307,298,451,351,354
Rhbdf2,31,41,27,25,17,16
Rhbdl1,1017,1391,1120,627,597,570
Rhbdl2,2,10,8,2,10,6
Rhbdl3,720,772,667,657,482,488
Rhbg,0,0,2,1,0,2
Rhcg,13,20,14,26,26,19
Rhd,3,3,1,2,3,4
Rheb,1770,1531,1696,1308,1262,1313
Rhebl1,117,105,160,522,512,504
Rho,7,5,11,8,5,11
Rhoa,2529,2469,2127,2227,2278,2239
Rhob,3028,3483,2779,1602,1474,1487
Rhobtb1,116,169,133,394,389,371
Rhobtb2,2909,3369,2964,1628,1612,1478
Rhobtb3,678,639,501,1977,1495,1952
Rhoc,271,325,296,302,251,218
Rhod,15,12,18,23,13,12
Rhof,691,772,778,303,379,325
Rhog,527,625,486,127,112,104
Rhoh,17,16,19,4,5,2
Rhoj,96,83,93,120,80,86
Rhoq,815,786,766,339,270,404
Rhot1,1699,1470,1602,1411,1343,1547
Rhot2,1696,2011,1998,1133,1161,984
Rhou,1608,1144,1360,1023,1170,1073
Rhov,210,229,185,262,311,230
Rhox1,0,1,0,0,0,0
Rhox10,0,0,0,0,0,0
Rhox11,0,0,0,0,0,0
Rhox12,0,0,0,0,0,0
Rhox13,0,0,0,0,0,0
Rhox2a,0,0,0,0,1,0
Rhox2b,0,0,0,0,1,0
Rhox2c,0,0,0,1,1,0
Rhox2d,0,0,0,0,0,0
Rhox2e,0,0,0,0,1,0
Rhox2f,0,0,0,0,0,0
Rhox2g,0,0,0,0,0,0
Rhox2h,0,0,0,0,0,0
Rhox3-ps,0,0,0,0,0,0
Rhox3a,0,0,0,0,0,0
Rhox3c,0,0,0,0,0,0
Rhox3e,0,0,0,0,0,0
Rhox3f,0,0,0,0,0,0
Rhox3g,0,0,0,0,0,0
Rhox3h,0,0,0,0,0,0
Rhox4a,0,0,0,0,0,0
Rhox4b,1,0,0,0,0,0
Rhox4c,0,0,0,0,0,0
Rhox4d,1,0,0,0,0,0
Rhox4e,1,0,0,0,0,0
Rhox4f,0,0,0,0,0,0
Rhox4g,1,0,0,0,0,0
Rhox6,0,0,0,0,0,0
Rhox7,0,0,0,0,0,0
Rhox8,0,0,0,0,0,0
Rhox9,0,0,0,0,0,0
Rhpn1,199,276,220,128,96,87
Rhpn2,257,172,201,19,19,21
Ribc1,19,10,13,24,11,18
Ribc2,6,3,5,3,3,3
Ric3,2085,1875,1919,954,902,1117
Ric8,1046,1238,1087,1357,1488,1196
Ric8b,1108,1154,1116,1106,1049,1075
Rictor,1509,1373,1396,1826,1329,2017
Rif1,746,715,577,1350,1049,1468
Rilp,30,26,18,14,15,13
Rilpl1,1544,1503,1583,294,266,218
Rilpl2,225,285,215,227,226,209
Rimbp2,2141,2932,2517,744,724,857
Rimbp3,59,63,73,96,73,91
Rimkla,363,413,341,792,745,836
Rimklb,1047,1285,1004,6361,6414,6617
Rims1,6254,7456,6539,1621,1563,1617
Rims2,2299,1984,2011,796,704,887
Rims3,3618,3322,3762,1202,1203,1177
Rims4,2483,3410,2594,913,1142,933
Rin1,1530,1264,1665,53,51,47
Rin2,1092,714,966,198,140,176
Rin3,97,79,95,67,57,66
Ring1,723,720,681,399,432,410
Rinl,64,57,48,10,17,16
Rint1,456,452,415,425,449,523
Riok1,307,293,328,651,647,709
Riok2,417,380,437,516,518,559
Riok3,1236,1135,1282,1917,1695,1882
Ripk1,135,159,137,179,152,151
Ripk2,124,101,126,78,65,103
Ripk3,2,7,4,6,9,4
Ripk4,18,24,15,25,21,25
Ripply1,1,0,0,0,1,0
Ripply2,28,31,27,14,14,16
Ripply3,1,1,4,3,5,3
Rit1,365,470,433,282,298,285
Rit2,1641,1468,1410,153,214,212
Rlbp1,270,382,297,1519,1433,1282
Rlbp1l1,367,312,332,387,343,384
Rlbp1l2,598,520,582,184,221,243
Rlf,913,816,796,1595,1437,1747
Rlim,1950,1587,1412,1942,1567,2156
Rln1,13,7,5,11,19,21
Rln3,8,5,1,0,0,1
Rltpr,1351,1714,1415,522,578,484
Rmi1,437,379,357,399,376,453
Rmnd1,409,508,504,403,406,413
Rmnd5a,3822,3646,3904,1759,1544,1925
Rmnd5b,737,837,887,726,761,721
Rnase1,6,9,5,0,0,0
Rnase10,1,1,0,0,1,0
Rnase11,0,0,0,0,0,0
Rnase12,0,0,1,0,1,1
Rnase13,0,1,2,0,0,0
Rnase4,257,240,311,73,60,63
Rnase6,9,0,4,2,0,1
Rnase9,0,0,0,0,0,0
Rnaseh1,182,252,269,378,333,305
Rnaseh2a,315,341,348,475,445,412
Rnaseh2b,101,121,119,405,308,324
Rnaseh2c,373,502,365,404,387,324
Rnasek,2091,2150,1941,687,721,620
Rnasel,164,147,202,1351,1236,1256
Rnasen,3176,3426,3522,4939,5224,4460
Rnaset2a,1,3,1,0,1,0
Rnaset2b,497,541,499,306,294,264
Rnd1,440,561,463,315,450,314
Rnd2,1627,2442,2128,1854,1421,1283
Rnd3,318,416,286,1764,1282,1542
Rnf10,4960,5328,5138,6245,6184,5605
Rnf103,1168,1118,1034,744,671,827
Rnf11,4122,3681,3543,1740,1502,1945
Rnf111,841,860,903,1527,1106,1356
Rnf112,6653,7141,8657,1615,1851,1546
Rnf113a1,123,135,114,86,103,94
Rnf114,1117,1402,1262,1650,1425,1427
Rnf115,1255,1037,1042,625,585,619
Rnf121,664,711,752,856,819,744
Rnf122,136,272,117,588,528,490
Rnf123,1246,1381,1323,1471,1342,1260
Rnf125,22,20,20,2,5,5
Rnf126,1055,1222,1007,1045,953,920
Rnf128,424,381,319,34,31,38
Rnf13,2025,1910,1660,509,414,600
Rnf130,1027,1133,876,1029,911,1065
Rnf133,0,0,2,0,0,0
Rnf135,82,71,74,18,5,21
Rnf138,177,166,141,495,397,531
Rnf139,546,591,589,623,545,709
Rnf14,5612,5532,5556,2971,2690,3269
Rnf141,1441,1433,1316,966,1015,1146
Rnf144a,859,885,758,1913,1505,1848
Rnf144b,477,345,428,40,21,38
Rnf145,2244,2284,2324,3033,2852,2869
Rnf146,1179,1265,1426,1726,1716,1758
Rnf148,0,0,0,0,0,0
Rnf149,441,434,477,325,271,323
Rnf150,706,650,770,366,293,323
Rnf151,0,0,0,3,3,0
Rnf152,398,373,297,615,602,687
Rnf157,7698,8351,8380,4568,4512,4297
Rnf160,1454,1429,1326,1437,1258,1613
Rnf165,388,445,344,1182,967,957
Rnf166,558,582,566,450,384,369
Rnf167,1236,1228,1142,1010,1138,979
Rnf168,816,804,743,948,893,946
Rnf169,1432,1219,1499,889,779,903
Rnf17,17,13,12,4,2,6
Rnf170,839,781,792,454,467,485
Rnf180,423,442,352,790,748,774
Rnf181,1013,999,841,725,714,698
Rnf182,298,263,287,971,959,1077
Rnf183,2,1,0,3,1,6
Rnf185,548,608,574,666,618,703
Rnf186,0,0,0,0,0,0
Rnf187,7633,9154,7746,6536,6416,5783
Rnf19a,945,936,1004,1130,1158,1113
Rnf19b,911,1102,1102,1390,1328,1207
Rnf2,686,518,545,1644,1330,1679
Rnf20,1820,2007,1972,3245,2979,3004
Rnf207,200,137,217,34,38,26
Rnf208,2238,2677,2279,939,1000,852
Rnf212,0,0,0,0,0,0
Rnf213,342,366,389,215,128,223
Rnf214,1187,1236,1176,1704,1589,1745
Rnf215,379,485,452,897,852,808
Rnf216,1217,1127,1047,1192,1000,1065
Rnf219,322,328,281,709,706,717
Rnf220,3261,3715,3882,2910,2788,2440
Rnf222,3,4,1,0,1,0
Rnf24,864,812,744,1598,1427,1796
Rnf25,733,747,740,788,836,763
Rnf26,711,730,695,686,668,590
Rnf31,593,582,690,910,790,735
Rnf32,171,197,191,181,189,250
Rnf34,1047,1006,978,744,671,712
Rnf38,1281,1263,1348,4922,4122,4743
Rnf39,62,104,64,12,11,9
Rnf4,1310,1498,1536,1867,1652,1792
Rnf40,1735,2014,1757,2432,2421,2023
Rnf41,1379,1670,1336,1785,1744,1675
Rnf43,113,83,76,9,11,7
Rnf44,3760,4275,3641,4065,3219,3240
Rnf5,943,1122,941,1265,1233,983
Rnf6,1626,1632,1729,497,433,414
Rnf7,894,899,899,757,652,681
Rnf8,861,930,968,1137,1142,1025
Rnft1,404,364,330,179,192,232
Rnft2,2316,2798,2600,2043,2111,1952
Rngtt,579,522,475,782,803,778
Rnh1,601,626,653,418,392,316
Rnls,45,43,34,44,35,49
Rnmt,1618,1351,1383,2265,2123,2407
Rnmtl1,177,218,215,154,177,137
Rnpc3,737,515,653,894,708,962
Rnpep,561,597,623,652,693,617
Rnpepl1,499,676,563,956,860,853
Rnps1,1854,1891,1688,3053,3001,3056
Robld3,750,888,798,804,895,675
Robo1,1356,1621,1167,8540,6433,8191
Robo2,3057,2866,2753,8361,6246,8092
Robo3,450,594,776,58,37,43
Robo4,161,174,177,102,105,96
Rock1,693,581,535,1115,728,1202
Rock2,6537,5381,5682,2106,1745,2100
Rod1,702,526,513,587,462,623
Rogdi,2213,2276,2591,592,658,568
Rom1,116,116,115,35,23,20
Romo1,410,623,687,733,805,644
Ropn1,2,0,1,0,0,0
Ropn1l,6,8,8,5,2,4
Ror1,65,46,51,5,6,12
Ror2,34,30,30,112,83,91
Rora,3650,2704,2532,136,151,178
Rorb,1472,1177,1189,929,1071,1118
Rorc,40,26,43,5,6,4
Ros1,0,0,0,0,0,1
Rp1,1,0,2,0,2,1
Rp1l1,4,1,2,0,0,0
Rp2h,288,225,211,347,262,414
Rpa1,1085,1140,952,1021,995,965
Rpa2,220,219,210,482,422,361
Rpa3,51,61,43,115,98,104
Rpain,261,237,297,322,372,291
Rpap1,489,549,549,762,617,679
Rpap2,357,326,321,274,250,260
Rpap3,489,466,393,599,574,613
Rpe,460,333,322,263,201,237
Rpe65,10,5,12,0,0,0
Rpf1,223,197,178,415,383,395
Rpf2,220,161,153,235,310,336
Rpgr,466,377,341,871,776,979
Rpgrip1,14,14,5,21,20,29
Rpgrip1l,658,596,603,505,496,586
Rph3a,10066,12037,11224,1983,2318,2074
Rph3al,47,51,32,10,15,18
Rpia,238,271,271,579,587,502
Rpl10,2402,2083,2131,4687,5018,4806
Rpl10a,1681,1637,1418,3265,3358,3248
Rpl11,1672,1821,1864,4144,4221,3577
Rpl12,753,816,809,1484,1557,1620
Rpl13,1939,2004,1783,3646,3611,3280
Rpl13a,2320,2903,2730,4997,4822,4310
Rpl14,1664,1492,1301,2052,2096,1956
Rpl15,3107,3018,2819,7042,7208,7286
Rpl17,1336,1302,1320,2329,2267,2100
Rpl18,1097,1188,920,3011,2731,1876
Rpl18-rs8,1665,1842,1407,3329,3494,3265
Rpl18a,2449,2578,2200,5316,5516,4798
Rpl19,2569,2971,2869,4078,4243,3429
Rpl21,1782,1653,1463,2293,2401,1884
Rpl22,1306,1272,1281,3804,4032,3796
Rpl22l1,145,173,193,177,178,198
Rpl23,997,941,1135,2562,2735,2386
Rpl23a,2531,3195,2696,7214,7393,6217
Rpl24,735,597,607,1182,1190,1122
Rpl26,2105,2765,3127,4909,4772,3925
Rpl26-ps1,0,0,0,0,0,0
Rpl27,617,525,460,1137,1021,1001
Rpl27a,2155,2280,2306,3451,3711,3397
Rpl28,1505,1687,1451,2938,2824,2239
Rpl29,2372,2406,1887,3662,3373,3085
Rpl3,4690,4749,4946,6572,6364,5612
Rpl30,875,866,964,1891,2052,1750
Rpl30-ps1,666,554,561,1043,1198,1172
Rpl30-ps3,860,795,694,1193,1370,1446
Rpl30-ps5,0,0,0,1,1,2
Rpl31,988,1017,1251,2614,2585,2000
Rpl32,1390,1604,1670,4595,4457,3741
Rpl32-ps,39,44,48,125,156,126
Rpl34,357,368,441,878,957,818
Rpl35,1322,1481,1276,3063,3190,2607
Rpl35a,1299,1383,1449,2038,2062,1683
Rpl36,815,1096,786,1387,1466,1313
Rpl36a,713,725,626,1346,1452,1358
Rpl36al,889,1070,1242,1571,1615,1100
Rpl37,616,798,800,1160,1133,1125
Rpl37a,1040,1152,1033,2211,2356,1694
Rpl38,876,993,986,1384,1355,1296
Rpl39,408,540,768,2072,1987,2018
Rpl39l,0,1,1,1,0,0
Rpl3l,5,4,10,0,0,0
Rpl4,5932,5325,5084,9304,9130,8375
Rpl41,4033,4726,4904,8656,8405,7192
Rpl5,2151,2304,2859,6911,6961,6340
Rpl6,3132,3356,3149,6107,6081,5149
Rpl7,1556,1695,1887,5544,5289,5100
Rpl7a,1281,1376,1188,3500,3279,2892
Rpl7l1,507,539,502,812,760,654
Rpl8,4696,5909,4987,10601,9931,8829
Rpl9,1188,1104,1258,1647,1769,1533
Rplp0,2800,3565,3020,14018,14079,13147
Rplp1,3887,4995,3696,4038,4252,4606
Rplp2,759,922,660,1224,1254,1170
Rpn1,2461,2705,2317,1986,2064,1946
Rpn2,2213,2512,2217,2325,2175,2240
Rpp14,604,512,535,499,531,526
Rpp21,216,182,173,208,198,178
Rpp25,277,344,329,288,407,292
Rpp30,169,140,133,250,269,291
Rpp38,82,61,67,77,67,70
Rpp40,43,55,48,36,42,36
Rprd1a,2871,2651,2764,1620,1545,1837
Rprd1b,621,674,608,848,651,785
Rprd2,1451,1378,1352,1699,1632,1683
Rprm,1147,1495,1145,3197,3517,2984
Rprml,1155,1094,994,58,105,77
Rps10,1034,1137,1042,2236,2211,1941
Rps11,1376,1475,1681,3706,3691,3196
Rps12,684,761,903,2409,2503,2157
Rps13,2986,2730,2623,5716,6348,6047
Rps14,1285,1433,1973,3891,3617,2741
Rps15,4035,4363,3489,4582,4451,3966
Rps15a,941,864,985,2079,2225,2289
Rps16,1148,1147,911,2285,2110,2001
Rps17,1119,1253,1176,2497,2539,2327
Rps18,1109,1626,1930,4887,4563,3190
Rps19,692,757,723,1688,1720,1405
Rps19bp1,296,346,270,411,396,374
Rps2,2681,2949,2414,5087,4907,4599
Rps20,1204,1264,1136,2865,3022,3010
Rps21,307,327,288,368,321,330
Rps23,1546,1516,1697,3435,3506,3452
Rps24,1504,1471,1357,2785,2839,2850
Rps25,1639,1478,1331,2666,2735,2478
Rps26,1006,1160,691,2407,2420,2351
Rps27,1979,1847,2045,3763,3791,3411
Rps27a,811,962,1264,2572,2840,2568
Rps27l,128,130,86,219,197,221
Rps28,483,495,513,1319,1252,981
Rps29,515,640,543,720,784,759
Rps3,3805,3713,4275,8708,8751,7092
Rps3a,2683,2559,2579,4923,5298,5063
Rps4x,1742,1650,1788,4717,5050,4406
Rps4y2,331,296,314,329,398,525
Rps5,2270,2895,2984,10488,10276,8155
Rps6,3335,3548,3988,7900,7780,6269
Rps6ka1,284,290,243,238,207,210
Rps6ka2,1885,1852,2197,1443,1195,1266
Rps6ka3,1513,1347,1352,1442,1327,1689
Rps6ka4,978,940,823,133,156,171
Rps6ka5,698,584,621,908,766,1015
Rps6ka6,124,129,84,764,522,827
Rps6kb1,1264,1047,1058,1558,1391,1738
Rps6kb2,495,539,648,753,738,684
Rps6kc1,447,469,429,416,449,407
Rps6kl1,779,887,755,617,716,625
Rps7,1344,1028,1092,2929,2772,2680
Rps8,1916,2134,1829,3966,3827,3629
Rps9,2613,2877,2368,7336,7066,5564
Rpsa,3248,3814,3302,8211,8539,7372
Rptn,0,1,0,0,0,0
Rptor,1971,2095,2162,1881,1620,1677
Rpusd1,922,1061,970,269,311,263
Rpusd2,118,147,144,186,157,184
Rpusd3,126,127,146,78,85,67
Rpusd4,150,151,142,218,194,187
Rqcd1,679,745,701,1365,1311,1364
Rrad,34,53,26,17,13,11
Rraga,2019,2198,1937,1518,1295,1527
Rragb,1493,1459,1240,677,700,796
Rragc,1353,1385,1351,1011,956,1143
Rragd,3119,2946,3498,1262,1154,1281
Rras,187,188,194,69,74,65
Rras2,308,332,283,562,630,711
Rrbp1,2044,2743,1912,1283,1288,1112
Rreb1,1357,1151,1494,159,132,117
Rrh,8,0,6,7,3,7
Rrm1,378,352,336,1917,1458,1574
Rrm2,29,41,31,958,683,958
Rrm2-ps1,0,1,0,4,4,9
Rrm2b,829,681,662,302,242,336
Rrn3,1483,1465,1626,2418,2211,2288
Rrp1,7998,9816,11817,8198,8781,6642
Rrp12,944,1175,1048,808,808,763
Rrp15,180,192,238,367,401,318
Rrp1b,309,365,352,792,702,739
Rrp7a,1014,1191,1213,794,816,664
Rrp8,232,166,218,287,234,225
Rrp9,505,577,557,815,876,659
Rrs1,522,569,430,576,533,555
Rs1,12,5,18,6,5,5
Rsad1,319,320,331,243,236,290
Rsad2,40,24,36,5,3,1
Rsbn1,552,486,460,1135,637,1157
Rsbn1l,636,527,596,718,492,739
Rsc1a1,0,0,0,0,0,0
Rsf1,2028,1766,1747,3342,2367,3043
Rshl1,10,10,14,2,2,4
Rsl1,35,52,35,70,64,65
Rsl1d1,825,726,712,1219,1176,1307
Rsl24d1,923,824,960,1362,1294,1228
Rsph1,132,179,126,10,8,9
Rsph10b2,28,30,46,36,42,38
Rsph3a,712,837,766,863,812,706
Rsph3b,761,889,782,837,811,721
Rsph4a,93,120,77,23,13,6
Rsph9,203,254,189,227,247,224
Rspo1,130,136,162,6,6,12
Rspo2,379,402,319,136,213,235
Rspo3,256,200,208,312,243,285
Rspo4,6,10,1,3,3,3
Rspry1,567,593,529,884,846,934
Rsrc1,849,788,722,643,574,673
Rsrc2,1663,1633,1662,2361,2303,2559
Rsu1,348,407,320,294,270,255
Rtbdn,48,58,55,84,101,103
Rtcd1,792,840,967,916,898,920
Rtdr1,7,8,6,3,1,0
Rtel1,306,338,400,1109,963,1043
Rtf1,2649,2528,2433,3324,3272,3185
Rtkn,531,611,509,58,27,34
Rtkn2,93,68,50,142,68,97
Rtl1,151,182,202,160,156,137
Rtn1,22066,23427,23220,18204,18194,18245
Rtn2,1474,1557,1266,1806,1783,1707
Rtn3,22527,22118,20139,10228,10114,11238
Rtn4,15409,13890,14117,11904,11103,14210
Rtn4ip1,255,324,295,297,240,209
Rtn4r,1199,1605,1244,434,480,507
Rtn4rl1,1858,1762,1805,237,268,223
Rtn4rl2,565,793,571,465,453,411
Rtp1,78,13,65,2,7,2
Rtp2,5,7,1,1,0,1
Rtp3,3,3,2,0,0,0
Rtp4,45,39,39,19,26,19
Rttn,90,70,86,260,188,278
Rufy1,769,909,868,718,755,624
Rufy2,1898,1763,1823,1812,1725,1833
Rufy3,4920,4605,4594,7391,7430,7457
Rufy4,0,1,4,9,2,7
Rundc1,831,1040,860,668,643,674
Rundc3a,8671,10292,8749,4708,4671,4081
Rundc3b,835,894,869,1190,1231,1488
Runx1,34,20,31,11,10,10
Runx1t1,685,732,684,3851,3777,4135
Runx2,195,189,164,43,50,53
Runx3,0,1,1,0,0,1
Rusc1,3388,3954,3090,2608,2568,2387
Rusc2,3473,4128,3117,4467,4218,4312
Ruvbl1,442,552,591,790,784,648
Ruvbl2,554,617,517,1795,1656,1450
Rwdd1,465,485,447,521,557,512
Rwdd2a,362,361,311,49,56,56
Rwdd2b,189,192,159,116,139,145
Rwdd3,104,97,103,285,315,254
Rwdd4a,249,250,191,244,186,221
Rxfp1,135,178,145,24,24,27
Rxfp2,7,24,26,2,2,0
Rxfp3,31,32,21,17,13,12
Rxfp4,0,0,0,1,1,2
Rxra,917,919,942,478,364,339
Rxrb,1323,1613,1415,1456,1419,1207
Rxrg,291,431,333,478,430,332
Rya3,0,0,1,0,0,0
Rybp,1270,1433,1263,2160,1949,2191
Ryk,486,533,465,1207,1061,1011
Ryr1,599,749,861,1688,1476,1391
Ryr2,6289,5440,7183,601,582,745
Ryr3,1405,1555,1818,1777,1680,1852
S100a1,785,847,805,45,41,21
S100a10,364,336,336,364,477,486
S100a11,76,53,33,61,75,87
S100a13,255,291,266,35,31,22
S100a14,3,2,2,0,1,0
S100a16,703,1139,592,149,130,132
S100a3,12,10,13,0,0,2
S100a4,12,34,20,1,0,1
S100a5,0,0,0,0,0,0
S100a6,187,206,183,14,15,24
S100a7a,2,6,4,0,0,0
S100a8,16,1,17,0,2,0
S100a9,22,8,22,4,4,6
S100b,2748,2683,2584,7,16,10
S100g,0,1,0,0,1,0
S100pbp,889,798,889,757,670,781
S100z,0,0,0,0,0,0
S1pr1,2371,3367,2318,419,317,358
S1pr2,48,62,37,77,80,54
S1pr3,201,288,217,212,175,153
S1pr4,6,8,7,4,4,4
S1pr5,349,535,387,44,48,48
SCARNA1,1,4,4,4,6,5
SCARNA11,3,5,4,3,8,11
SCARNA13,4,6,8,12,4,8
SCARNA14,2,2,2,1,2,1
SCARNA15,14,11,6,21,19,25
SCARNA16,0,0,0,0,0,0
SCARNA17,44,56,44,72,84,60
SCARNA18,20,29,26,50,39,32
SCARNA20,6,9,12,16,14,13
SCARNA21,8,18,12,24,15,19
SCARNA23,4,0,3,4,5,7
SCARNA24,0,0,0,0,0,0
SCARNA3,3,3,1,4,4,5
SCARNA4,8,9,9,21,18,29
SCARNA6,4,5,8,5,5,13
SCARNA8,0,0,0,1,1,2
SNORA1,2,1,4,7,7,10
SNORA11,3,1,1,2,5,6
SNORA12,0,2,1,0,2,1
SNORA13,2,0,1,5,10,2
SNORA14,5,6,12,9,6,13
SNORA16,3,1,5,11,6,14
SNORA17,42,43,57,74,76,94
SNORA18,12,14,14,17,17,21
SNORA19,6,8,6,15,20,15
SNORA2,10,14,14,31,31,49
SNORA20,6,2,3,1,1,4
SNORA21,3,0,2,3,8,2
SNORA22,3,0,0,1,1,3
SNORA23,9,3,3,1,1,2
SNORA24,7,4,6,6,10,9
SNORA25,36,23,33,60,49,60
SNORA26,1,0,1,1,0,1
SNORA27,1,0,1,1,0,0
SNORA28,7,7,13,15,13,12
SNORA29,1,0,1,1,1,1
SNORA3,4,14,10,32,23,18
SNORA30,0,2,0,3,1,3
SNORA31,2,8,9,24,28,28
SNORA32,21,11,23,36,40,58
SNORA33,10,5,2,14,15,16
SNORA35,1,3,3,10,4,10
SNORA36,1,1,3,1,1,2
SNORA38,3,2,3,1,5,3
SNORA4,11,11,6,23,12,29
SNORA40,97,66,48,41,32,57
SNORA41,3,4,3,10,11,8
SNORA42,22,19,21,39,31,36
SNORA43,5,5,13,23,43,17
SNORA44,10,4,4,2,0,0
SNORA46,0,2,8,7,3,6
SNORA47,2,0,1,4,4,5
SNORA48,16,19,27,36,17,26
SNORA49,0,0,0,0,0,0
SNORA5,9,8,4,5,8,4
SNORA50,0,0,0,1,0,0
SNORA51,1,2,1,2,3,4
SNORA52,0,0,0,0,0,0
SNORA53,3,2,10,10,15,9
SNORA54,2,0,0,1,4,4
SNORA55,3,2,1,1,2,2
SNORA57,18,16,12,35,30,18
SNORA58,6,3,5,9,6,8
SNORA61,3,2,3,3,5,6
SNORA62,3,3,7,19,8,5
SNORA63,6,0,1,1,3,4
SNORA64,0,0,0,0,0,0
SNORA65,2,0,1,1,0,0
SNORA66,16,15,15,32,38,39
SNORA67,8,9,4,18,19,16
SNORA68,9,4,2,10,10,11
SNORA69,1,1,3,3,1,2
SNORA7,12,13,14,22,26,15
SNORA70,7,3,8,11,13,4
SNORA71,23,22,42,15,15,9
SNORA72,0,0,1,0,0,0
SNORA73,27,31,32,47,35,49
SNORA74,3,3,6,12,12,7
SNORA75,3,1,3,4,7,7
SNORA76,0,3,4,2,2,2
SNORA77,4,4,8,8,15,12
SNORA79,2,4,3,8,1,2
SNORA8,18,3,9,20,26,28
SNORA81,1,2,1,3,3,1
SNORA84,0,1,0,2,0,0
SNORA9,0,0,0,0,0,0
SNORD100,8,5,9,23,23,16
SNORD101,6,7,14,25,27,37
SNORD102,0,0,0,0,0,0
SNORD103,2,2,0,27,16,25
SNORD105,0,0,0,0,0,0
SNORD107,16,7,13,8,2,7
SNORD11,0,1,0,2,2,2
SNORD110,0,2,1,1,1,4
SNORD111,1,1,0,0,1,0
SNORD112,3,0,0,0,1,2
SNORD113,1036,1179,1318,998,1004,1037
SNORD115,56,30,68,28,62,44
SNORD116,395,273,275,139,190,386
SNORD12,7,4,7,12,16,25
SNORD121A,1,0,1,11,4,8
SNORD123,0,0,0,0,1,3
SNORD124,1,0,1,0,1,2
SNORD125,1,3,3,4,5,3
SNORD127,0,0,0,0,1,2
SNORD14,2,2,1,9,2,4
SNORD15,1,2,3,0,1,3
SNORD16,5,2,2,6,7,5
SNORD17,6,2,3,9,5,4
SNORD18,2,3,5,9,11,14
SNORD19,4,6,6,9,7,9
SNORD19B,0,2,0,4,1,5
SNORD20,3,1,1,1,3,0
SNORD21,0,0,0,0,0,0
SNORD22,9,7,9,43,46,44
SNORD23,0,1,0,2,0,4
SNORD24,4,5,8,25,20,13
SNORD25,3,4,5,24,23,25
SNORD26,7,4,2,17,27,17
SNORD27,6,5,7,41,40,55
SNORD28,1,1,1,6,8,10
SNORD29,10,2,5,18,28,37
SNORD30,7,14,16,63,58,51
SNORD31,4,3,4,6,16,8
SNORD33,0,0,5,4,6,3
SNORD34,0,0,0,0,0,0
SNORD35,9,18,12,18,13,6
SNORD36,0,0,0,0,0,0
SNORD37,4,7,4,9,4,8
SNORD38,1,1,0,9,5,4
SNORD41,0,1,1,0,1,2
SNORD42,13,8,9,12,5,7
SNORD43,3,1,0,0,0,2
SNORD44,0,0,0,0,0,0
SNORD45,14,2,9,20,21,16
SNORD46,0,0,0,0,0,0
SNORD47,0,0,0,0,0,0
SNORD48,18,23,18,119,130,100
SNORD49,11,11,14,49,34,42
SNORD5,7,5,5,32,16,26
SNORD50,22,22,43,187,152,182
SNORD51,0,1,0,2,6,7
SNORD52,1,2,1,21,26,22
SNORD56,0,0,0,0,0,0
SNORD57,0,0,0,0,0,0
SNORD58,14,17,16,65,60,50
SNORD59,5,7,11,12,11,9
SNORD60,1,0,1,3,0,4
SNORD62,3,1,3,10,9,16
SNORD63,2,1,3,5,5,7
SNORD64,34,21,12,23,15,41
SNORD65,1,8,7,21,12,24
SNORD66,2,1,0,6,6,3
SNORD67,0,0,0,0,0,0
SNORD69,10,4,6,13,18,18
SNORD70,0,0,0,1,1,3
SNORD71,1,3,9,8,6,10
SNORD72,13,7,5,19,16,18
SNORD73,6,4,5,22,20,38
SNORD74,0,0,0,0,0,0
SNORD75,0,0,0,0,0,0
SNORD77,0,0,0,0,0,0
SNORD78,0,0,0,0,0,0
SNORD79,0,0,0,0,0,0
SNORD81,0,0,0,0,0,0
SNORD82,2,0,0,0,2,0
SNORD83,1,1,0,7,6,5
SNORD86,1,0,1,7,7,7
SNORD87,2,0,2,10,9,12
SNORD88,9,7,5,15,33,24
SNORD89,11,8,4,1,2,11
SNORD90,0,0,0,0,0,0
SNORD91,80,79,76,37,46,60
SNORD93,0,0,0,3,0,4
SNORD94,4,0,7,12,14,5
SNORD95,0,0,0,0,0,0
SNORD96,0,0,0,0,0,0
SNORD98,1,2,1,8,10,11
SNORD99,0,0,0,0,0,0
SNORND104,61,71,59,168,183,128
Saa1,0,2,4,0,0,0
Saa2,1,0,5,0,0,0
Saa3,0,0,0,1,0,0
Saa4,0,0,0,0,0,0
Saal1,237,219,243,675,675,659
Sac3d1,255,281,237,258,282,300
Sacm1l,1800,1649,1554,936,842,1033
Sacs,3032,2600,2683,3456,2647,3812
Sae1,1798,1912,1858,2445,2458,2181
Safb2,3192,3760,3799,4920,4893,3912
Sag,56,30,51,20,15,12
Sall1,621,704,588,1088,677,758
Sall2,1561,1903,1497,2002,1706,1701
Sall3,180,257,184,655,399,499
Sall4,7,6,1,12,5,7
Samd1,461,613,441,1032,1029,853
Samd10,322,347,316,929,857,892
Samd12,143,145,167,97,82,135
Samd13,0,2,1,0,1,0
Samd14,1078,1396,977,6585,6186,5373
Samd3,27,35,27,13,7,14
Samd4,906,1021,734,241,172,249
Samd4b,1289,1621,1322,1632,1310,1452
Samd5,194,186,160,80,48,75
Samd7,1,1,1,0,1,0
Samd8,2240,2071,2133,1876,1730,2067
Samd9l,150,129,103,28,40,47
Samhd1,386,412,429,524,501,515
Samm50,1625,1700,1608,1350,1446,1205
Samsn1,30,23,34,19,10,10
Sap130,1006,1133,1131,1840,1826,1733
Sap18,1382,1350,1245,949,979,971
Sap25,238,266,251,354,334,303
Sap30,154,133,112,585,447,546
Sap30bp,1170,1416,1221,1751,1877,1602
Sap30l,564,681,506,473,470,435
Saps1,3930,4805,4417,2964,2579,2519
Saps2,1997,2002,2106,2511,2383,2255
Saps3,1878,1862,1886,3364,2922,3314
Sar1a,717,670,589,753,696,758
Sar1b,809,765,817,719,760,728
Sardh,335,420,358,90,88,92
Sarm1,716,738,628,1642,1603,1566
Sarnp,827,563,579,1071,1058,1060
Sars,4183,4262,4006,4066,4246,3412
Sars2,222,197,157,195,208,198
Sart1,1843,1945,1889,2384,2419,2015
Sart3,1134,1273,1228,2257,2084,1829
Sash1,1908,2379,1602,348,266,314
Sash3,37,41,38,13,10,9
Sass6,128,85,95,307,242,283
Sat1,599,802,695,158,172,167
Sat2,157,127,120,122,114,114
Satb1,2610,2728,2659,2955,2642,3300
Satb2,1465,1362,1356,9792,9644,10191
Satl1,0,1,2,0,1,0
Sav1,417,458,494,706,621,723
Sbds,1289,1490,1423,645,615,575
Sbf1,4853,6077,5241,4061,3538,3594
Sbf2,1111,1090,1070,3866,3309,3874
Sbk1,1742,2494,1713,20230,17312,17537
Sbno1,4747,4394,4803,4184,3891,4360
Sbno2,427,477,493,843,707,718
Sbp,1,0,1,0,0,0
Sbpl,1,0,1,0,0,0
Sbsn,209,234,301,353,403,297
Sc4mol,1191,1630,950,987,1211,1237
Sc5d,887,1123,849,861,830,1046
Scaf1,5146,6416,5038,4915,4705,4316
Scai,1690,1182,1262,1734,1042,1993
Scamp1,5640,5265,5204,2780,2681,2775
Scamp2,334,395,361,517,416,449
Scamp3,781,889,762,886,824,811
Scamp4,44,45,43,46,46,30
Scamp5,8800,10860,10469,4576,4763,4046
Scand1,379,483,241,229,233,188
Scand3,1037,1232,971,1071,928,1030
Scap,2242,2672,2504,2285,2348,2159
Scaper,1013,1054,756,1787,1974,1983
Scara3,660,625,630,155,127,165
Scara5,30,44,31,0,1,0
Scarb1,502,581,502,492,526,487
Scarb2,1464,1625,1467,1659,1580,1738
Scarf1,62,74,60,52,43,46
Scarf2,76,97,65,30,21,36
Sccpdh,1359,1557,1194,865,993,1116
Scd1,4848,5727,4353,865,754,819
Scd2,32497,36463,27149,17435,15631,17470
Scd3,400,383,283,155,124,154
Scd4,180,178,92,41,36,64
Scel,40,40,52,2,7,4
Scfd1,556,533,519,507,461,510
Scfd2,415,372,378,372,407,407
Scg2,5852,5684,6175,701,825,816
Scg3,6038,6105,5090,2864,2985,3050
Scg5,4105,4030,4012,1435,1526,1441
Scgb1a1,0,0,0,0,0,0
Scgb1c1,3,1,1,4,0,0
Scgb2b1,0,0,0,0,0,0
Scgb3a1,0,0,6,4,3,1
Scgb3a2,0,0,0,0,0,0
Scgn,9,6,5,11,2,13
Schip1,3287,3442,3392,2174,2190,2037
Scin,3,4,5,0,0,1
Sclt1,197,205,202,376,336,416
Scly,303,353,314,141,98,104
Scmh1,822,1011,850,1325,1272,1234
Scml1,0,0,0,0,0,0
Scml2,62,91,22,385,406,307
Scml4,90,78,69,325,243,239
Scn10a,14,6,19,16,12,8
Scn11a,1,7,2,9,6,5
Scn1a,4296,3794,4185,912,803,1038
Scn1b,9714,11646,14279,163,242,168
Scn2a1,9987,9010,8793,3022,2838,3617
Scn2b,7592,8182,8116,286,356,284
Scn3a,1574,1431,1576,3765,2984,3923
Scn3b,2809,2700,2808,3698,4330,4415
Scn4a,3,2,0,2,1,1
Scn4b,5178,5673,6784,8,3,2
Scn5a,190,245,185,196,177,158
Scn7a,147,124,92,1,3,5
Scn8a,9327,9583,10019,3368,2777,2899
Scn9a,258,231,228,482,400,636
Scnm1,473,466,511,630,653,580
Scnn1a,83,96,134,10,5,10
Scnn1b,5,2,0,8,2,1
Scnn1g,6,2,4,0,0,0
Sco1,200,184,191,280,234,263
Scoc,2896,2177,2021,1033,1136,1306
Scp2,1521,1372,1500,870,807,816
Scpep1,276,246,294,324,327,295
Scrg1,382,267,411,56,60,62
Scrib,1091,1333,1096,2944,2370,2543
Scrn1,6721,7587,7104,6543,6014,6014
Scrn2,59,74,61,112,89,103
Scrn3,802,627,734,111,115,101
Scrt1,3379,4097,3191,2676,2186,1971
Scrt2,587,589,598,3513,2665,2556
Sct,2,3,0,3,0,1
Sctr,8,11,6,9,7,4
Scube1,1360,1474,1449,2424,2099,2263
Scube2,57,22,32,16,13,15
Scube3,239,266,254,1333,1126,1144
Scx,28,50,47,19,17,22
Scyl1,1611,1689,1545,1382,1382,1152
Scyl2,715,723,691,1373,1238,1406
Scyl3,522,473,570,633,489,592
Sdad1,544,576,553,1030,949,1042
Sdc1,36,37,16,376,402,367
Sdc2,990,868,723,179,173,214
Sdc3,5553,6839,5101,9556,9997,9313
Sdc4,2657,1359,2294,36,27,30
Sdcbp,3238,2742,3156,1663,1343,1673
Sdcbp2,54,41,64,24,20,23
Sdccag1,1319,1202,1306,1363,1511,1641
Sdccag10,342,359,335,433,471,402
Sdccag3,1532,1558,1700,2147,2093,2281
Sdccag8,683,779,708,954,1100,1091
Sdf2,672,916,947,803,817,631
Sdf2l1,224,279,213,144,143,127
Sdf4,6230,5807,6382,2362,2424,2226
Sdha,8749,9110,9953,3949,3791,3756
Sdhaf1,4,7,12,14,3,14
Sdhaf2,459,435,460,372,389,392
Sdhb,2490,2673,2456,1859,1785,1580
Sdhc,1185,1292,1177,1055,1037,939
Sdhd,1356,1455,1452,1076,1095,1026
Sdk1,271,346,304,555,529,535
Sdk2,929,1011,773,660,490,575
Sdpr,302,218,255,40,29,38
Sdr16c5,0,0,0,0,0,0
Sdr16c6,0,0,0,0,0,0
Sdr39u1,973,914,884,549,505,484
Sdr42e1,148,166,194,34,34,59
Sdr9c7,3,2,6,0,0,0
Sds,22,11,14,10,14,12
Sdsl,75,85,67,16,9,8
Sebox,40,38,42,0,0,1
Sec1,25,25,44,2,1,2
Sec11a,523,556,539,1108,1125,1033
Sec11c,994,999,924,439,504,509
Sec13,703,794,823,1382,1206,1327
Sec14l1,5611,5394,6112,3666,3408,3076
Sec14l2,1083,1203,1303,68,55,73
Sec14l3,15,20,22,9,12,15
Sec14l4,24,14,8,0,0,0
Sec16a,1586,1589,1526,2564,2271,2414
Sec16b,24,19,36,26,18,26
Sec22a,235,224,265,315,290,321
Sec22b,1347,1260,1337,1005,913,1029
Sec22c,511,530,438,745,706,720
Sec23a,2480,2256,2022,2541,2335,2847
Sec23b,865,816,771,677,574,627
Sec23ip,966,942,935,1129,1044,1075
Sec24a,457,400,438,695,444,742
Sec24b,1341,1351,1412,1946,1824,2138
Sec24c,1824,1955,2178,3702,3433,3298
Sec24d,366,308,349,480,479,536
Sec31a,2249,2346,2058,2326,2303,2261
Sec31b,5,4,2,1,3,2
Sec61a1,1269,1604,1363,2598,2366,2318
Sec61a2,803,894,971,1135,1073,1145
Sec61b,145,171,137,255,255,296
Sec61g,255,182,187,264,271,284
Sec62,4361,4761,4123,1926,2015,1947
Sec63,2612,2349,2451,2966,2638,2943
Secisbp2,387,475,471,632,525,541
Secisbp2l,4501,4586,3709,2796,2245,2975
Sectm1a,1,0,0,0,0,0
Sectm1b,0,0,0,0,0,0
Seh1l,524,459,475,642,542,574
Sel1l,4741,4577,4400,3409,2814,3677
Sel1l2,1,0,0,0,0,0
Sel1l3,1405,1615,1552,1247,1260,1274
Sele,0,0,3,1,0,0
Selenbp1,246,171,227,63,49,53
Selenbp2,84,74,104,17,22,21
Selk,731,875,931,820,814,689
Sell,4,0,3,0,0,0
Selm,1367,1475,1281,196,252,167
Selp,0,0,3,1,0,0
Selplg,598,723,534,8,12,12
Sema3a,639,564,619,1174,1079,1384
Sema3b,134,122,117,26,23,26
Sema3c,637,616,601,1552,1170,1888
Sema3d,187,178,131,27,30,47
Sema3e,925,836,965,104,105,122
Sema3f,208,300,253,1126,983,1025
Sema3g,207,188,191,63,42,59
Sema4a,828,1217,859,679,682,625
Sema4b,417,432,416,844,738,757
Sema4c,345,472,387,2886,2840,2663
Sema4d,1198,1653,1107,941,791,906
Sema4f,1115,1160,1189,978,1003,869
Sema4g,637,800,705,4540,4198,4088
Sema5a,1564,1632,1376,1981,1092,1734
Sema5b,288,426,361,1244,981,1057
Sema6a,852,1367,877,1507,1562,1473
Sema6b,3620,4456,3286,1926,1921,1714
Sema6c,404,500,410,3328,3025,2779
Sema6d,1686,2080,1635,2507,1708,2323
Sema7a,3106,3535,3720,1752,1705,1593
Semg1,0,0,0,0,0,0
Senp1,213,220,206,622,546,640
Senp2,1880,1726,1798,1212,1026,1307
Senp3,1311,1435,1303,1822,1843,1759
Senp5,855,738,733,752,576,736
Senp6,1801,1783,1487,2587,2362,2903
Senp7,660,624,623,1263,911,1359
Senp8,134,130,132,120,104,146
Sep15,2729,2421,2231,1759,1733,1881
Sephs1,630,569,582,2207,1973,2063
Sephs2,431,453,531,326,351,352
Sepn1,466,486,476,1117,932,1010
Sepp1,7251,5475,6577,576,465,523
Sepsecs,340,318,386,406,384,475
Sept1,21,18,20,39,26,33
Sept10,101,113,73,265,205,235
Sept11,2037,2357,2254,2543,2335,2122
Sept12,0,0,0,0,0,0
Sept14,297,315,263,103,73,95
Sept2,1458,1687,1531,2861,2823,2805
Sept3,11902,11387,12579,21824,19833,18805
Sept4,3701,5165,3908,244,263,227
Sept5,18814,21411,19670,8868,9486,8597
Sept6,1619,1759,1509,1654,1837,1769
Sept7,9035,8691,7791,3024,2866,3606
Sept8,7948,9331,8444,1678,1553,1541
Sept9,1913,1783,1793,2990,2680,2402
Sepw1,10265,11847,10005,4706,5177,5652
Sepx1,400,382,413,275,288,237
Serac1,741,790,837,1010,1020,1028
Serbp1,4035,4281,3502,6661,6537,6148
Serf1,138,167,108,1367,1674,1525
Serf2,1691,1802,1687,1692,1555,1336
Sergef,344,399,391,289,307,267
Serhl,73,78,78,53,46,36
Serinc1,18881,18379,17849,7111,6725,8532
Serinc2,75,104,76,937,739,674
Serinc3,5599,4977,5323,1532,1548,1741
Serinc4,0,1,0,0,0,0
Serinc5,1951,2527,2164,1417,1139,1388
Serp1,1063,1004,793,993,913,1074
Serp2,1012,1100,1085,628,674,631
Serpina10,3,2,0,1,0,1
Serpina11,0,0,0,0,0,0
Serpina12,2,0,4,0,0,0
Serpina1a,1,0,1,0,0,0
Serpina1b,0,1,1,0,0,0
Serpina1c,1,0,1,0,0,0
Serpina1d,0,0,1,0,0,0
Serpina1e,0,0,0,0,0,0
Serpina1f,0,0,0,0,0,0
Serpina3a,0,0,0,0,0,0
Serpina3b,0,0,0,1,0,0
Serpina3c,2,2,3,0,0,0
Serpina3f,2,1,3,0,0,2
Serpina3g,11,17,8,1,0,0
Serpina3h,3,2,2,0,0,0
Serpina3k,0,0,0,0,0,0
Serpina3m,0,0,0,0,0,0
Serpina3n,353,276,390,2,2,3
Serpina5,0,0,0,0,0,0
Serpina6,0,1,0,0,1,1
Serpina7,0,0,0,0,0,0
Serpina9,92,107,108,1,1,0
Serpinb1-ps1,0,0,0,0,0,1
Serpinb10,0,0,0,0,0,0
Serpinb11,3,1,1,0,0,0
Serpinb12,1,0,0,0,0,0
Serpinb13,0,0,0,0,0,0
Serpinb1a,122,194,86,7,2,4
Serpinb1b,33,29,24,4,1,3
Serpinb1c,0,0,0,0,1,1
Serpinb2,1,2,2,1,0,2
Serpinb3a,0,0,0,0,0,0
Serpinb3b,0,0,0,0,0,0
Serpinb3c,1,0,0,0,0,0
Serpinb3d,0,0,0,0,0,0
Serpinb5,0,2,0,2,3,0
Serpinb6a,525,544,505,274,304,248
Serpinb6b,38,30,37,17,11,10
Serpinb6c,4,3,5,2,4,4
Serpinb6d,0,0,0,0,0,0
Serpinb7,0,0,0,0,0,0
Serpinb8,243,138,265,0,1,1
Serpinb9,140,174,127,18,12,15
Serpinb9b,0,0,0,2,1,2
Serpinb9c,0,0,0,0,0,0
Serpinb9d,0,0,0,0,0,0
Serpinb9e,0,0,0,0,0,0
Serpinb9f,0,0,0,0,0,0
Serpinb9g,0,0,0,0,0,0
Serpinc1,7,2,4,4,10,6
Serpind1,65,59,78,13,1,5
Serpine1,25,25,23,18,24,19
Serpine2,3835,3700,3493,496,532,596
Serpinf1,178,218,150,29,12,29
Serpinf2,1,5,6,1,2,1
Serping1,148,99,139,107,72,101
Serpinh1,355,629,343,1127,1021,978
Serpini1,5602,4253,4935,2076,1952,2421
Serpini2,1,0,0,0,0,0
Sertad1,126,219,147,11,21,18
Sertad2,720,635,709,755,649,744
Sertad3,47,43,43,69,65,44
Sertad4,390,421,437,1416,1252,1385
Sesn1,1501,1223,1626,1178,1019,1060
Sesn2,295,289,219,75,77,58
Sesn3,961,1088,909,405,249,372
Sestd1,1740,1662,1591,5594,4874,6155
Set,3666,3586,3348,7358,7475,7278
Setbp1,1010,981,962,5766,3619,5137
Setd1a,524,591,509,711,584,619
Setd1b,926,1156,945,1983,1663,1685
Setd2,2057,1974,1883,4237,3620,4325
Setd3,2881,2704,2858,1899,1977,1818
Setd4,143,158,214,253,295,261
Setd5,2871,2942,2913,4863,4260,4659
Setd6,243,253,281,433,444,439
Setd7,6017,6012,5841,1826,1394,1506
Setd8,809,813,684,1273,1161,1068
Setdb1,1027,1121,1181,2974,2711,2871
Setdb2,103,83,92,108,95,119
Setmar,95,89,113,77,65,68
Setx,2134,2020,1927,4008,3389,4445
Sez6,4519,5266,4617,10184,9302,9766
Sez6l,6503,6474,6226,3897,3538,3674
Sez6l2,10080,8800,8782,3074,3033,2888
Sf1,3512,3653,3342,5662,4932,5130
Sf3a1,1862,2179,2046,3816,3315,3247
Sf3a2,774,812,698,1324,1188,1043
Sf3a3,559,616,596,1179,1066,947
Sf3b1,6505,5930,6562,10624,10004,12175
Sf3b2,5753,6030,5341,7448,7055,6612
Sf3b3,1826,1776,1906,4010,3790,3736
Sf3b4,502,499,425,800,770,733
Sf3b5,516,646,505,604,545,615
Sf4,1168,1134,1259,1361,1257,1189
Sfi1,919,976,1083,1366,1465,1454
Sfmbt1,898,774,773,869,738,851
Sfmbt2,91,105,64,85,60,84
Sfn,50,53,54,58,44,43
Sfpi1,77,77,63,12,13,6
Sfpq,4019,4212,4042,13524,11349,13211
Sfrp1,268,254,214,2868,2198,2315
Sfrp2,52,63,33,407,311,361
Sfrp4,14,17,33,13,14,8
Sfrp5,73,55,32,15,15,11
Sfrs1,3269,2733,2780,7012,6311,7305
Sfrs11,1914,1670,2189,3372,2811,3576
Sfrs12,1652,1532,1742,2999,2697,3003
Sfrs12ip1,296,273,277,255,254,304
Sfrs13a,1175,1120,1061,2714,2196,2840
Sfrs13b,430,360,326,535,518,566
Sfrs14,2247,2519,2469,3619,3670,3593
Sfrs15,955,947,948,1710,1375,1527
Sfrs16,1045,1227,1217,1499,1550,1181
Sfrs17b,593,588,523,386,372,445
Sfrs18,5370,4628,5650,7661,6645,7500
Sfrs2,2384,2153,2007,5429,5140,5397
Sfrs2ip,1863,1686,1635,2005,1691,1853
Sfrs3,1931,1989,1699,6098,5529,6402
Sfrs4,584,644,618,1166,1046,985
Sfrs5,4159,3808,5000,5981,5552,5230
Sfrs6,2323,2164,2294,5930,5264,5933
Sfrs7,831,945,835,2674,2166,2402
Sfrs8,1365,1424,1315,3105,2893,2820
Sfrs9,594,809,902,954,868,828
Sft2d1,323,548,439,729,668,777
Sft2d2,834,763,971,195,178,187
Sft2d3,29,51,43,47,41,44
Sftpa1,0,0,0,0,0,0
Sftpb,0,1,4,4,2,2
Sftpc,11,10,14,1,0,0
Sftpd,0,0,0,0,0,0
Sfxn1,498,530,586,723,698,695
Sfxn2,141,121,167,401,396,437
Sfxn3,2200,2210,2586,2241,2259,2084
Sfxn4,214,219,195,113,138,114
Sfxn5,4037,4512,4048,636,592,567
Sgca,3,4,5,1,0,1
Sgcb,651,853,866,384,327,336
Sgcd,56,41,26,45,34,41
Sgce,529,491,452,474,492,471
Sgcg,1,5,0,0,1,2
Sgcz,56,54,39,18,12,14
Sgip1,3588,3284,3027,1492,1453,1676
Sgk1,3235,1105,2098,330,367,390
Sgk2,40,48,15,0,0,0
Sgk3,370,224,297,74,74,92
Sgms1,1027,774,936,205,192,238
Sgms2,174,101,108,11,16,20
Sgol1,9,4,6,153,99,139
Sgol2,16,11,18,146,68,111
Sgpl1,630,747,677,1847,1466,1739
Sgpp1,778,728,629,380,310,390
Sgpp2,578,535,468,24,21,30
Sgsh,177,225,182,62,57,53
Sgsm1,2742,3106,2720,1027,913,865
Sgsm2,2731,3123,3051,1678,1725,1585
Sgsm3,1293,1334,1300,994,1013,905
Sgta,2657,2985,2599,3257,3279,3101
Sgtb,3409,2869,3121,901,872,884
Sh2b1,1641,1671,1414,1789,1584,1495
Sh2b2,119,138,95,936,806,797
Sh2b3,438,502,501,249,219,203
Sh2d1a,2,0,0,2,1,1
Sh2d1b1,1,1,2,0,3,0
Sh2d1b2,0,0,1,0,1,0
Sh2d2a,4,0,5,1,0,1
Sh2d3c,548,564,549,652,575,580
Sh2d4a,3,1,4,1,1,0
Sh2d4b,26,25,38,217,172,206
Sh2d5,2273,2175,2491,249,324,283
Sh2d6,12,6,10,5,2,7
Sh2d7,0,0,1,6,1,5
Sh3bgr,12,26,17,11,12,6
Sh3bgrl,1587,1385,1168,4114,3481,4676
Sh3bgrl2,509,433,461,285,194,235
Sh3bgrl3,1536,1617,1890,951,1062,852
Sh3bp1,313,272,329,107,61,49
Sh3bp2,92,98,78,1263,1231,1138
Sh3bp4,650,778,585,922,760,762
Sh3bp5,1266,1453,1365,3939,3923,3760
Sh3bp5l,1139,1409,1162,1158,1022,964
Sh3d19,705,718,587,788,870,919
Sh3d2c-ps1,100,109,64,47,68,54
Sh3gl1,675,837,744,1078,1037,914
Sh3gl2,5480,5582,5263,1746,1729,2053
Sh3gl3,697,927,580,519,561,571
Sh3glb1,859,814,698,1327,1087,1347
Sh3glb2,3691,4198,4471,2225,2188,1927
Sh3kbp1,915,1041,868,1609,1557,1532
Sh3pxd2a,606,710,574,413,310,372
Sh3pxd2b,429,558,355,2565,2024,2171
Sh3rf1,1132,1102,940,1831,1606,1610
Sh3rf2,174,189,198,1,0,0
Sh3rf3,760,1043,880,2802,2468,2674
Sh3tc1,45,65,42,18,27,30
Sh3tc2,70,81,54,15,13,18
Sh3yl1,194,173,133,394,477,384
Shank1,17726,18262,15704,7029,7222,6988
Shank2,5541,5801,5336,3020,3019,2931
Shank3,7320,8340,6289,1519,1412,1487
Sharpin,598,545,561,609,596,582
Shb,265,349,316,867,721,749
Shbg,1,1,0,0,0,0
Shc1,268,247,294,233,197,185
Shc2,678,840,713,438,470,405
Shc3,1093,1148,972,463,427,448
Shc4,165,150,183,78,66,87
Shcbp1,16,13,16,199,134,160
Shd,463,464,402,960,907,762
She,110,133,120,69,56,79
Shf,683,788,644,706,608,540
Shfm1,613,812,880,1636,1598,1392
Shh,102,107,67,28,17,17
Shisa2,57,77,55,383,307,386
Shisa3,14,24,17,4,6,16
Shisa4,3186,3530,2927,763,732,748
Shisa5,732,806,928,312,363,264
Shisa6,1004,757,829,692,717,886
Shisa7,3545,3405,4162,3571,3607,3955
Shisa9,222,285,170,96,78,103
Shkbp1,223,239,252,1181,1015,903
Shmt1,103,54,72,218,192,176
Shmt2,338,400,338,876,704,691
Shoc2,1449,1297,1177,1634,1652,1747
Shox2,307,239,95,0,1,1
Shpk,81,84,106,24,31,35
Shprh,409,385,416,717,650,775
Shq1,77,64,63,113,120,124
Shroom1,207,213,168,56,39,54
Shroom2,2044,2398,2092,1508,1647,1788
Shroom3,130,141,118,303,176,181
Shroom4,70,105,77,100,108,120
Si,9,10,12,3,4,0
Siae,389,413,420,170,164,189
Siah1a,537,454,528,1190,1082,1172
Siah1b,134,120,117,232,220,251
Siah2,268,380,272,259,261,275
Sidt1,1213,1062,1288,24,35,26
Sidt2,1492,1807,1670,1443,1407,1337
Sigirr,25,28,17,20,15,7
Siglec1,16,14,14,3,2,3
Siglec5,5,7,5,0,1,1
Siglece,15,16,24,0,2,2
Siglecg,1,2,3,0,1,0
Siglech,247,325,215,19,16,13
Sigmar1,666,830,826,463,484,454
Sik1,386,798,304,1081,868,1074
Sik2,409,437,376,622,526,588
Sik3,4098,4016,4318,1321,1032,1136
Sike1,479,550,417,947,866,959
Sil1,408,506,472,200,208,205
Sim1,8,16,4,31,19,32
Sim2,4,7,3,0,1,0
Sin3a,1008,1067,1071,2244,1898,2043
Sin3b,1817,2286,2152,2806,2696,2345
Sip1,95,72,104,95,94,92
Sipa1,358,415,372,377,330,309
Sipa1l1,10895,9802,12196,2511,2377,2361
Sipa1l2,1476,1801,1580,3019,2519,2563
Sipa1l3,1905,2028,1924,1458,1230,1306
Sirpa,9433,9629,9491,1240,1288,1187
Sirpb1a,5,3,1,0,0,0
Sirpb1b,6,0,0,0,0,0
Sirpb1c,5,2,0,0,0,0
Sirt1,349,317,332,513,423,606
Sirt2,2620,3352,2526,1600,1518,1395
Sirt3,1172,1400,1356,359,314,269
Sirt4,335,321,284,327,288,326
Sirt5,177,163,156,221,192,164
Sirt6,413,466,405,911,819,756
Sirt7,661,688,698,668,616,592
Sis,2,0,4,0,1,0
Sit1,1,0,3,0,0,0
Siva1,68,66,66,189,139,147
Six1,5,5,4,0,0,0
Six2,21,11,5,2,0,0
Six3,401,403,406,444,229,277
Six3os1,110,125,102,321,110,177
Six4,42,33,29,22,7,14
Six5,63,51,31,64,59,44
Six6,0,4,0,0,0,0
Six6os1,247,136,224,46,34,91
Ska1,2,1,0,55,41,39
Skap1,38,43,33,15,18,16
Skap2,197,243,220,61,64,72
Ski,3886,4125,3512,3900,3550,3679
Skil,2258,2032,2196,1652,1207,1639
Skint1,2,0,0,0,0,0
Skint10,0,0,0,0,0,0
Skint11,1,0,0,0,0,0
Skint2,0,0,0,0,0,0
Skint3,1,0,2,0,0,0
Skint4,0,0,0,0,0,0
Skint5,2,0,0,0,0,0
Skint6,0,0,0,0,0,0
Skint7,0,0,0,0,0,0
Skint8,0,0,0,0,0,1
Skint9,0,0,0,0,0,0
Skiv2l,1657,1841,1848,1933,1829,1728
Skiv2l2,1460,1311,1285,1777,1534,1760
Skp1a,4866,4389,4319,3761,4075,4308
Skp2,189,180,153,731,545,648
Sla,181,181,181,3025,3256,3371
Sla2,24,25,25,16,22,23
Slain1,994,1363,869,1744,1509,1608
Slain2,607,564,517,1536,1306,1605
Slamf1,3,4,3,1,3,2
Slamf6,5,2,7,0,1,1
Slamf7,3,2,5,0,0,0
Slamf8,2,9,4,0,2,0
Slamf9,13,6,10,1,3,1
Slbp,309,274,264,458,448,488
Slc10a1,7,9,7,12,7,7
Slc10a2,0,0,0,0,0,1
Slc10a3,33,40,41,46,37,36
Slc10a4,94,149,86,191,84,162
Slc10a5,0,1,1,0,0,2
Slc10a6,1,0,4,1,1,1
Slc10a7,112,133,124,228,218,186
Slc11a1,62,61,61,10,9,6
Slc11a2,966,927,1126,1010,882,864
Slc12a1,5,4,4,4,2,5
Slc12a2,2641,2940,2582,1604,1256,1656
Slc12a3,3,6,3,3,0,1
Slc12a4,540,687,560,285,305,297
Slc12a5,14815,16645,15986,1712,1662,1603
Slc12a6,3302,3223,3616,2367,2180,2322
Slc12a7,161,144,160,692,444,498
Slc12a8,15,30,27,12,24,18
Slc12a9,667,800,712,575,552,536
Slc13a1,5,3,5,0,0,1
Slc13a2,0,0,1,0,0,0
Slc13a3,424,516,363,70,52,58
Slc13a4,411,329,326,5,5,2
Slc13a5,188,244,205,21,21,11
Slc14a1,204,253,158,45,44,21
Slc14a2,6,13,8,114,66,70
Slc15a1,2,0,1,0,0,1
Slc15a2,486,347,459,463,436,437
Slc15a3,28,70,64,16,31,15
Slc15a4,393,452,455,438,383,345
Slc15a5,0,1,1,0,1,2
Slc16a1,689,1141,685,473,345,503
Slc16a10,26,22,29,15,7,14
Slc16a11,317,356,384,84,82,75
Slc16a12,85,61,61,12,13,20
Slc16a13,123,102,104,236,200,197
Slc16a14,166,164,166,190,195,204
Slc16a2,988,1100,886,1404,1554,1486
Slc16a3,111,156,118,60,41,27
Slc16a4,98,98,85,95,98,130
Slc16a5,29,39,24,0,0,3
Slc16a6,303,371,369,167,138,159
Slc16a7,352,337,284,282,300,404
Slc16a8,32,33,31,49,31,37
Slc16a9,108,75,67,10,8,18
Slc17a1,0,0,0,1,0,0
Slc17a2,1,0,2,0,0,0
Slc17a3,1,0,0,1,0,1
Slc17a4,1,0,0,0,0,0
Slc17a5,482,446,475,331,314,321
Slc17a6,1609,1592,859,1387,1158,1372
Slc17a7,29291,32629,28983,982,1322,1098
Slc17a8,140,125,134,15,16,22
Slc17a9,7,10,7,17,11,11
Slc18a1,8,1,9,6,4,0
Slc18a2,167,171,125,301,152,222
Slc19a1,318,327,282,441,395,417
Slc19a2,359,301,345,155,120,126
Slc19a3,73,60,77,13,13,16
Slc1a1,2844,2611,2618,1090,1316,1311
Slc1a2,95520,80022,94969,2668,2330,2628
Slc1a3,12793,11415,12168,3021,2650,3008
Slc1a4,1333,1511,1313,1820,1873,1984
Slc1a5,99,72,86,135,123,106
Slc1a6,136,230,210,113,128,119
Slc1a7,2,0,2,1,1,3
Slc20a1,2620,3094,3032,2182,2314,2128
Slc20a2,1127,1270,1227,414,363,389
Slc22a1,6,3,3,0,1,0
Slc22a12,21,16,18,40,35,21
Slc22a13,9,6,6,15,13,10
Slc22a14,0,0,0,0,0,1
Slc22a15,114,126,108,164,168,194
Slc22a16,0,0,0,0,0,0
Slc22a17,13307,15973,13540,5013,4769,4070
Slc22a18,5,8,7,2,5,1
Slc22a2,11,14,11,0,1,0
Slc22a20,0,0,0,0,0,0
Slc22a21,80,75,91,112,134,120
Slc22a23,1639,2216,1764,1923,1780,1767
Slc22a3,60,84,54,9,16,15
Slc22a4,120,173,157,39,29,33
Slc22a5,216,233,276,409,400,397
Slc22a6,129,116,104,0,0,0
Slc22a7,12,7,7,6,5,8
Slc22a8,287,388,251,175,180,150
Slc22a9,0,2,0,0,0,0
Slc23a1,11,3,11,43,18,39
Slc23a2,4405,4257,4347,1754,1583,1681
Slc23a3,18,9,20,0,0,0
Slc24a1,9,9,9,11,4,5
Slc24a2,15590,12264,14365,174,180,222
Slc24a3,3583,3967,3706,484,667,588
Slc24a4,917,673,1088,80,58,74
Slc24a5,77,72,85,142,142,150
Slc24a6,92,122,108,34,19,29
Slc25a1,616,819,665,1411,1535,1272
Slc25a10,305,365,309,341,260,272
Slc25a11,1682,1737,1840,1170,1126,1082
Slc25a12,3350,3448,3113,1618,1560,1571
Slc25a13,111,64,56,112,69,91
Slc25a14,1003,873,853,427,468,457
Slc25a15,241,270,224,174,183,166
Slc25a16,853,792,814,416,316,420
Slc25a17,735,537,649,1160,1123,1171
Slc25a18,1123,1651,1096,48,33,39
Slc25a19,778,833,858,708,705,615
Slc25a2,6,3,4,10,16,19
Slc25a20,205,186,199,353,326,306
Slc25a21,7,10,5,1,0,0
Slc25a22,4628,5685,4135,1814,1734,1751
Slc25a23,9064,9587,9591,3927,4008,3715
Slc25a24,75,63,44,81,70,76
Slc25a25,1434,1738,1344,1134,972,938
Slc25a26,216,199,200,74,76,90
Slc25a27,844,850,1144,1895,1741,1745
Slc25a28,632,783,685,666,660,548
Slc25a29,266,284,278,255,252,235
Slc25a3,6071,6433,6388,3689,3281,3319
Slc25a30,183,133,166,353,312,402
Slc25a31,2,1,1,2,1,0
Slc25a32,258,220,152,141,135,191
Slc25a33,542,590,550,175,152,164
Slc25a34,277,114,331,6,13,5
Slc25a35,118,126,124,26,25,29
Slc25a36,1374,1188,1365,2061,1847,2451
Slc25a37,724,717,722,145,150,142
Slc25a38,387,470,373,446,393,389
Slc25a39,1170,1415,1154,969,867,752
Slc25a4,12608,12898,13098,7802,8209,7239
Slc25a40,124,89,83,94,76,107
Slc25a41,0,3,3,0,0,0
Slc25a42,635,694,792,335,385,346
Slc25a43,3,2,3,1,4,2
Slc25a44,2268,2277,2210,1237,1259,1137
Slc25a45,85,90,92,18,16,15
Slc25a46,1930,1632,1711,1139,1083,1378
Slc25a5,3623,3585,3439,2507,2285,2284
Slc26a1,34,52,62,79,73,83
Slc26a10,137,128,179,65,68,67
Slc26a11,95,105,103,68,60,67
Slc26a2,300,287,225,267,192,286
Slc26a3,2,4,3,1,2,2
Slc26a4,97,88,97,3,2,3
Slc26a5,12,6,4,3,3,4
Slc26a6,91,130,134,105,99,85
Slc26a7,59,22,24,155,188,252
Slc26a8,52,60,49,65,59,51
Slc26a9,1,3,3,9,10,13
Slc27a1,2146,2024,2312,1429,1345,1197
Slc27a2,155,125,139,65,55,72
Slc27a3,99,134,104,469,450,398
Slc27a4,2307,2931,2526,1991,1983,1699
Slc27a5,1,4,6,14,17,24
Slc27a6,6,7,2,16,15,19
Slc28a1,4,10,4,0,0,0
Slc28a2,1,4,4,2,1,0
Slc28a3,61,43,33,78,68,91
Slc29a1,366,415,354,693,792,606
Slc29a2,212,263,254,414,403,368
Slc29a3,558,613,501,562,578,668
Slc29a4,374,504,351,2737,2638,2404
Slc2a1,2854,2072,2814,1270,1045,954
Slc2a10,29,33,30,40,18,21
Slc2a12,149,134,130,17,9,23
Slc2a13,3680,3054,3140,254,285,352
Slc2a2,7,4,5,1,3,3
Slc2a3,3069,3399,3121,913,965,914
Slc2a4,34,25,20,65,37,50
Slc2a5,68,99,74,21,21,24
Slc2a6,436,595,582,101,126,99
Slc2a7,0,0,0,0,0,0
Slc2a8,329,354,411,232,193,193
Slc2a9,17,32,19,9,17,5
Slc30a1,1003,971,885,391,322,435
Slc30a10,361,511,400,1158,952,1068
Slc30a2,67,86,88,6,13,12
Slc30a3,2369,2492,2922,27,38,30
Slc30a4,1721,1413,1414,830,832,1077
Slc30a5,987,910,871,685,643,813
Slc30a6,203,189,210,191,207,246
Slc30a7,129,122,87,239,168,235
Slc30a8,0,1,0,1,0,0
Slc30a9,3696,3360,3329,1863,1892,2020
Slc31a1,592,661,595,829,768,878
Slc31a2,189,185,181,237,231,230
Slc32a1,2544,3296,3092,904,785,705
Slc33a1,619,562,533,320,266,306
Slc34a1,1,2,0,0,0,1
Slc34a2,0,2,1,1,0,0
Slc34a3,0,6,0,1,1,0
Slc35a1,332,318,360,633,590,714
Slc35a2,529,569,511,433,408,358
Slc35a3,433,346,349,311,266,348
Slc35a4,719,870,772,776,718,714
Slc35a5,889,756,708,578,488,682
Slc35b1,651,590,653,932,950,915
Slc35b2,403,437,354,556,485,482
Slc35b3,157,159,197,268,220,228
Slc35b4,1312,1351,1497,1121,1024,1132
Slc35c1,365,398,384,266,274,231
Slc35c2,728,783,797,519,511,454
Slc35d1,245,304,268,297,250,247
Slc35d2,10,4,6,5,3,9
Slc35d3,175,208,185,37,25,40
Slc35e1,1373,1413,1384,875,817,919
Slc35e2,1219,1172,1140,1007,940,1131
Slc35e3,770,762,733,1020,952,993
Slc35e4,500,615,597,250,268,225
Slc35f1,1678,1679,1548,3050,3147,3641
Slc35f2,77,78,110,244,280,326
Slc35f3,689,715,754,68,88,73
Slc35f4,253,230,292,75,90,95
Slc35f5,344,346,327,369,366,422
Slc36a1,1756,2058,1946,713,722,662
Slc36a2,8,27,17,3,1,3
Slc36a3,0,0,0,0,0,0
Slc36a4,1587,1475,1448,1517,1216,1548
Slc37a1,112,90,89,207,163,158
Slc37a2,115,86,65,45,34,31
Slc37a3,1147,1194,1211,1540,1585,1515
Slc37a4,342,394,389,392,433,407
Slc38a1,2391,2454,1970,3343,2816,3106
Slc38a10,1942,2221,1882,2487,2325,2112
Slc38a11,23,30,20,14,8,21
Slc38a2,3404,2665,3108,5976,4440,5751
Slc38a3,1062,1538,1387,532,496,484
Slc38a4,27,30,23,16,19,12
Slc38a5,17,58,35,204,212,202
Slc38a6,170,192,187,259,255,271
Slc38a7,666,691,658,838,827,792
Slc38a8,7,17,8,0,0,0
Slc38a9,276,237,285,368,305,375
Slc39a1,675,950,736,572,581,494
Slc39a1-ps,83,146,76,73,62,64
Slc39a10,5914,5139,5631,2699,2313,2858
Slc39a11,374,390,318,555,587,526
Slc39a12,1008,891,858,4,9,7
Slc39a13,450,538,430,370,411,396
Slc39a14,818,804,760,477,450,481
Slc39a2,117,189,198,239,294,264
Slc39a3,1767,2276,2133,2017,1774,1689
Slc39a4,26,19,18,3,1,3
Slc39a5,7,9,7,5,7,11
Slc39a6,1215,1211,1071,2791,2678,3120
Slc39a7,2119,2459,2454,2344,2264,1936
Slc39a8,82,113,69,218,181,182
Slc39a9,1083,1149,1026,1073,950,1085
Slc3a1,5,2,4,18,13,20
Slc3a2,2509,2714,2358,1733,1708,1726
Slc40a1,167,243,183,190,177,255
Slc41a1,1704,1897,1726,618,514,538
Slc41a2,499,497,395,180,187,211
Slc41a3,114,148,115,37,35,40
Slc43a1,12,5,11,33,22,27
Slc43a2,1829,2297,2046,1236,1012,898
Slc43a3,14,11,16,44,32,29
Slc44a1,2076,2427,2170,675,595,732
Slc44a2,804,860,851,1329,1202,1193
Slc44a3,4,6,3,0,6,1
Slc44a4,9,10,4,0,0,1
Slc44a5,355,292,309,603,623,753
Slc45a1,1184,1319,1270,577,602,547
Slc45a2,4,1,3,6,5,8
Slc45a3,22,61,16,58,50,67
Slc45a4,398,428,424,246,247,248
Slc46a1,244,347,293,406,469,380
Slc46a2,0,1,0,0,1,0
Slc46a3,109,117,136,52,43,44
Slc47a1,78,70,41,0,2,1
Slc47a2,2,3,1,0,0,0
Slc48a1,15,28,11,11,7,5
Slc4a1,10,4,4,15,4,12
Slc4a10,6017,5147,5345,751,733,1019
Slc4a11,55,20,76,33,26,25
Slc4a1ap,770,717,709,672,676,661
Slc4a2,996,1226,897,526,444,367
Slc4a3,3570,4607,3568,1957,2030,1876
Slc4a4,4725,5001,4468,633,521,673
Slc4a5,167,123,135,4,1,5
Slc4a7,611,492,558,1637,1185,1922
Slc4a8,3107,3298,3081,2225,1963,2147
Slc4a9,4,2,4,1,0,1
Slc5a1,5,2,4,1,1,0
Slc5a10,2,2,4,0,0,0
Slc5a11,5,12,22,1,0,1
Slc5a12,6,1,0,0,0,0
Slc5a2,0,1,1,1,1,6
Slc5a3,868,929,803,788,721,923
Slc5a4a,0,0,0,0,1,2
Slc5a4b,2,1,3,1,1,1
Slc5a5,470,411,358,22,13,13
Slc5a6,343,389,394,244,303,261
Slc5a7,155,166,161,22,10,30
Slc5a8,2,0,4,0,2,3
Slc5a9,0,1,0,0,0,0
Slc6a1,9153,9241,9006,2975,2683,2762
Slc6a11,4347,5564,4049,950,1102,1115
Slc6a12,25,29,20,2,0,1
Slc6a13,200,210,228,0,1,0
Slc6a14,2,0,0,0,0,0
Slc6a15,1179,1184,1233,2035,1982,2219
Slc6a17,14076,14880,16034,3844,3918,3538
Slc6a18,0,0,1,0,0,0
Slc6a19,7,6,8,3,5,3
Slc6a2,5,3,1,1,0,0
Slc6a20a,414,336,447,11,15,15
Slc6a20b,82,76,87,4,2,3
Slc6a3,119,151,5,4,6,2
Slc6a4,3,1,5,17,16,21
Slc6a5,8,12,6,0,0,0
Slc6a6,3326,3152,3769,4184,3702,3703
Slc6a7,1934,2303,2110,250,331,263
Slc6a8,2663,2683,2828,1421,1168,1243
Slc6a9,949,1274,914,335,365,330
Slc7a1,986,1279,912,2250,2046,2244
Slc7a10,488,733,518,58,52,56
Slc7a11,1575,2039,1451,3315,3271,3613
Slc7a12,0,0,0,0,0,0
Slc7a13,0,0,0,0,0,0
Slc7a14,3618,3015,3224,638,671,780
Slc7a15,0,1,0,1,0,1
Slc7a2,866,868,723,331,290,370
Slc7a3,114,185,134,56,44,61
Slc7a4,1296,1313,1505,424,438,397
Slc7a5,1786,1675,1690,2501,2344,2319
Slc7a6,516,478,537,1179,1059,1175
Slc7a6os,360,389,357,606,589,586
Slc7a7,53,42,67,82,79,80
Slc7a8,1784,1935,1838,608,665,544
Slc7a9,0,0,0,0,0,1
Slc8a1,6589,5732,5527,7293,6438,8338
Slc8a2,7953,9698,9372,1979,1918,1802
Slc8a3,20,13,6,12,6,8
Slc9a1,1648,1796,1641,1100,960,852
Slc9a10,0,0,2,0,0,0
Slc9a2,218,204,167,10,25,18
Slc9a3,15,7,12,4,4,1
Slc9a3r1,1153,1172,1004,521,419,426
Slc9a3r2,970,1015,922,350,399,333
Slc9a4,74,59,60,6,8,9
Slc9a5,862,767,998,942,954,792
Slc9a6,3029,2839,2657,1796,1610,1906
Slc9a7,439,474,424,130,125,184
Slc9a8,731,784,823,883,806,949
Slc9a9,378,320,353,58,63,58
Slco1a1,7,11,15,0,0,0
Slco1a4,1167,969,1039,1,7,3
Slco1a5,14,15,19,0,0,2
Slco1a6,3,4,5,0,0,1
Slco1b2,4,1,10,0,2,2
Slco1c1,893,1134,932,541,634,688
Slco2a1,75,60,57,139,140,115
Slco2b1,401,523,405,186,154,155
Slco3a1,901,952,795,798,816,832
Slco4a1,85,54,64,35,33,49
Slco4c1,48,52,44,20,29,27
Slco5a1,90,91,117,2173,1867,2398
Slco6b1,0,1,2,0,0,0
Slco6c1,2,0,0,0,0,1
Slco6d1,0,0,0,0,0,0
Slfn1,2,0,1,0,1,0
Slfn10,0,1,4,1,1,2
Slfn14,0,0,1,0,0,0
Slfn2,70,33,45,1,2,1
Slfn3,5,11,7,7,2,6
Slfn4,2,2,4,1,1,2
Slfn5,98,157,112,28,37,28
Slfn8,37,28,33,6,8,10
Slfn9,20,13,19,180,104,153
Slfnl1,1,3,1,1,0,0
Slit1,2153,2035,1954,2164,1625,1774
Slit2,643,708,582,534,500,565
Slit3,1068,1102,1204,190,230,211
Slitrk1,1272,981,989,538,531,620
Slitrk2,460,426,504,501,528,526
Slitrk3,1256,1075,1212,637,617,667
Slitrk4,1415,936,1137,252,265,397
Slitrk5,1877,1646,1694,1020,1065,998
Slitrk6,137,89,53,15,6,17
Slk,3212,3290,3107,1981,1776,1803
Slmap,3723,3070,3099,1085,960,1230
Slmo1,436,449,504,527,473,419
Slmo2,880,889,818,855,769,754
Sln,5,7,13,5,4,3
Slpi,0,4,1,1,0,0
Sltm,1794,1795,1776,3356,3531,3358
Slu7,1370,1422,1492,1472,1531,1335
Slurp1,9,5,9,2,0,0
Slx,0,0,0,0,0,0
Slxl1,0,0,0,0,0,0
Sly,0,0,0,0,0,0
Smad1,550,562,448,1340,1199,1160
Smad2,522,596,551,1281,1027,1186
Smad3,1742,1646,1824,544,565,526
Smad4,926,910,910,2517,1895,2224
Smad5,809,955,885,4003,3243,3720
Smad6,73,57,59,49,21,29
Smad7,739,800,678,278,308,248
Smad9,429,363,393,12,17,11
Smagp,12,18,19,5,3,9
Smap1,1043,1050,796,779,747,867
Smap2,3970,3884,4032,2343,2429,2301
Smarca1,775,752,673,1078,1000,1239
Smarca2,8967,8842,9355,9333,9408,8967
Smarca4,4565,5296,5118,15272,13491,13088
Smarca5,1111,1022,920,1288,981,1400
Smarcad1,692,618,566,2371,1985,2720
Smarcal1,1181,1109,1091,1063,1034,1013
Smarcb1,1139,1339,1235,3119,2797,2698
Smarcc1,1566,1706,1616,4866,4155,4509
Smarcc2,8603,9638,8996,16339,14809,13591
Smarcd1,3295,3190,2900,3853,3429,3312
Smarcd2,388,275,343,310,302,282
Smarcd3,837,805,703,1563,1494,1383
Smarce1,970,1277,1129,4918,4497,4204
Smc1a,2384,2515,2440,4847,4966,4554
Smc1b,8,1,3,8,3,4
Smc2,254,202,167,1034,751,876
Smc3,1743,1655,1389,3391,3164,3342
Smc4,261,161,166,1389,1047,1275
Smc5,612,565,578,1126,884,1295
Smc6,1124,939,883,1551,1387,1605
Smchd1,1029,900,848,2002,1761,2323
Smcp,0,0,0,0,0,0
Smcr7,320,387,329,391,408,348
Smcr7l,595,589,542,836,739,860
Smcr8,751,735,716,673,551,580
Smek1,895,771,754,1315,1102,1440
Smek2,1319,1231,1000,1599,1377,1805
Smek3,0,0,0,0,0,0
Smg1,3752,3689,4066,6282,4861,6540
Smg5,1939,2330,2212,2254,2248,2117
Smg6,1074,1171,1133,1627,1573,1501
Smg7,2519,2442,2271,2391,2299,2491
Smgc,0,0,0,0,0,0
Smn1,275,268,286,535,585,612
Smndc1,583,529,443,714,605,735
Smo,334,374,284,882,632,604
Smoc1,353,382,306,453,406,355
Smoc2,281,238,372,14,22,14
Smok2a,1,1,0,0,1,3
Smok2b,0,0,0,1,1,1
Smok3a,0,0,2,0,0,0
Smok3b,0,0,2,0,0,0
Smok3c,0,0,2,0,0,0
Smok4a,3,10,12,58,34,32
Smox,1427,1179,1687,1020,963,848
Smpd1,2044,2113,1815,665,710,687
Smpd2,237,269,252,330,357,309
Smpd3,2317,2729,2336,2908,2923,2806
Smpd4,1180,1120,1393,1356,1309,1362
Smpdl3a,426,494,433,171,172,202
Smpdl3b,52,72,57,13,3,5
Smpx,3,0,7,0,0,1
Smr2,0,0,0,0,0,0
Smr3a,0,1,0,1,0,3
Sms,2433,2004,1975,2316,2671,2741
Smt3h1-ps,221,252,372,412,418,284
Smt3h2-ps2,76,60,79,160,136,181
Smt3h2-ps4,1821,1727,1596,3510,3356,2918
Smtn,192,215,181,327,245,222
Smtnl1,0,0,0,0,0,0
Smtnl2,18,47,20,83,80,102
Smu1,1280,1225,1234,1618,1603,1711
Smug1,295,302,263,506,433,502
Smurf1,1153,1457,1126,2194,2024,2083
Smurf2,820,876,816,1745,1507,1729
Smyd1,58,87,49,13,27,23
Smyd2,1063,1151,1141,1174,1234,1006
Smyd3,677,702,698,645,626,584
Smyd4,264,254,241,315,316,290
Smyd5,805,897,964,950,1053,948
Snai1,11,5,13,2,6,5
Snai2,11,8,7,9,3,4
Snai3,3,7,10,0,0,0
Snap23,234,283,276,335,272,363
Snap25,55240,50228,55688,4396,4870,4909
Snap29,495,644,569,1022,1008,1053
Snap47,6757,7160,7124,3932,4187,3857
Snap91,6311,6588,5408,2706,2544,2966
Snapc1,594,614,549,602,580,644
Snapc2,411,410,448,479,442,455
Snapc3,617,530,516,1123,929,1308
Snapc4,821,807,905,1140,1129,1129
Snapc5,379,400,421,346,370,375
Snapin,764,620,583,427,400,438
Snca,4506,5786,5369,928,1447,1201
Sncaip,102,138,116,1809,1589,1509
Sncb,10269,11184,9404,1052,1326,1097
Sncg,96,132,96,4,3,1
Snd1,1987,2079,2196,2823,2431,2193
Sned1,225,284,240,48,35,48
Snf8,734,705,788,615,651,588
Snhg11,32687,31587,45894,6748,7150,6304
Snhg3,101,80,100,95,88,100
Snhg9,1,4,4,3,4,2
Snip1,269,327,254,473,449,460
Snn,4973,5124,5349,8036,8099,8126
Snph,7516,7130,7933,710,699,706
Snrk,2546,2973,2413,2339,2145,2241
Snrnp200,2870,2968,3404,6140,5074,5577
Snrnp25,260,325,287,290,279,253
Snrnp27,636,511,404,481,478,454
Snrnp35,288,334,302,372,402,316
Snrnp40,382,368,364,1143,996,868
Snrnp48,211,210,225,290,306,316
Snrnp70,7589,8184,9003,11895,11710,9523
Snrp1c-ps2,0,0,0,0,0,0
Snrpa,834,962,835,1564,1520,1356
Snrpa1,444,487,470,1047,1045,901
Snrpb,598,783,811,1401,1261,1226
Snrpb2,338,303,285,677,620,687
Snrpc,173,196,139,360,359,351
Snrpd1,384,371,335,933,965,974
Snrpd2,779,1018,1076,2122,2023,1345
Snrpd3,711,808,903,2036,2142,1743
Snrpf,91,112,90,277,211,180
Snrpg,165,219,276,1131,1131,930
Snrpn,7040,8651,9084,2517,2757,2521
Snta1,674,787,716,178,221,162
Sntb1,66,94,42,5,14,5
Sntb2,235,258,244,96,74,96
Sntg1,634,517,486,122,126,198
Sntg2,67,48,52,12,32,19
Sntn,6,6,9,0,0,0
Snupn,219,205,203,188,213,168
Snurf,172,152,197,64,72,68
Snw1,827,702,675,846,842,740
Snx1,1297,1190,1299,1108,981,926
Snx10,2069,1790,1644,574,653,679
Snx11,520,589,647,823,779,746
Snx12,897,948,843,1321,1299,1182
Snx13,1488,1255,1199,739,559,839
Snx14,1215,1047,980,466,468,521
Snx15,540,665,530,406,378,363
Snx16,395,394,366,400,405,485
Snx17,1221,1346,1335,1166,1129,1033
Snx18,667,712,575,578,510,609
Snx19,1909,1802,1963,988,921,956
Snx2,1027,1036,943,767,786,819
Snx20,27,25,25,7,8,7
Snx21,484,532,407,345,389,337
Snx22,295,247,290,212,234,187
Snx24,152,125,125,93,113,112
Snx25,1215,1132,1236,477,550,537
Snx27,3305,3376,3362,3303,3203,3375
Snx29,160,200,165,351,295,376
Snx3,2116,2345,2217,1458,1441,1408
Snx30,1291,1452,1145,834,707,772
Snx31,8,6,10,1,3,3
Snx32,1478,1379,1693,1290,1359,1108
Snx33,332,335,314,124,66,61
Snx4,544,602,484,881,824,859
Snx5,1844,1642,1547,973,957,1058
Snx6,752,746,601,1080,993,1188
Snx7,313,284,294,179,251,242
Snx8,294,431,293,407,374,339
Snx9,345,293,334,141,132,157
Soat1,528,544,471,342,241,301
Soat2,2,0,2,0,0,0
Sobp,2190,2388,1789,3112,3357,3221
Socs1,25,14,18,9,7,11
Socs2,390,394,393,976,963,1052
Socs3,52,75,69,170,149,152
Socs4,375,352,311,701,461,628
Socs5,2739,2714,2615,821,757,830
Socs6,611,522,448,752,528,750
Socs7,3466,3941,4176,4161,3999,3778
Sod1,1756,2170,2344,1645,1855,1413
Sod2,1773,1873,1669,778,716,687
Sod3,256,373,265,18,15,16
Sohlh1,2,1,0,0,0,0
Sohlh2,0,0,0,0,1,0
Solh,695,889,723,738,596,690
Son,8044,7289,8419,13345,10602,14024
Sorbs1,4288,3287,3849,3292,2832,3394
Sorbs2,4606,3976,4097,3612,2680,3429
Sorbs3,710,688,576,185,122,127
Sorcs1,655,660,700,359,323,374
Sorcs2,1510,1713,1822,439,410,398
Sorcs3,1410,956,1619,330,262,317
Sord,317,265,291,151,179,162
Sorl1,9880,8898,10120,3700,2784,3366
Sort1,13694,11979,12713,4746,4103,4543
Sos1,1713,1556,1477,2214,1829,2423
Sos2,957,880,807,814,717,864
Sost,2,2,7,0,0,0
Sostdc1,68,79,51,22,9,17
Sox1,180,238,117,516,302,329
Sox10,859,1609,967,106,114,76
Sox11,691,676,498,37867,30121,35645
Sox12,648,682,573,5595,5286,4502
Sox13,214,256,195,160,141,137
Sox14,2,3,3,0,0,0
Sox15,2,1,2,5,1,0
Sox17,141,98,98,69,63,50
Sox18,130,103,86,71,62,83
Sox2,1194,1449,877,1937,1338,1418
Sox21,237,388,182,493,273,299
Sox3,37,82,25,307,217,191
Sox30,2,6,3,5,5,8
Sox4,769,834,482,21970,16049,20240
Sox5,998,1009,913,5106,4211,4968
Sox6,599,618,536,1669,1159,1498
Sox7,23,34,29,62,48,51
Sox8,1114,1386,940,465,378,344
Sox9,743,834,633,779,578,657
Sp1,683,632,648,1345,1039,1269
Sp100,64,79,67,0,1,2
Sp110,27,27,35,8,6,4
Sp140,234,202,208,183,190,192
Sp2,375,376,388,446,334,397
Sp3,1065,966,935,1638,1153,1810
Sp4,553,485,518,1338,913,1174
Sp5,3,8,9,6,5,2
Sp6,0,0,0,0,0,0
Sp7,38,59,34,4,4,0
Sp8,50,60,58,373,243,261
Sp9,221,324,258,854,530,519
Spa17,38,47,45,36,28,36
Spaca1,1,3,2,3,1,2
Spaca3,0,0,0,0,0,0
Spaca4,0,1,0,2,1,3
Spaca5,3,5,0,0,1,0
Spag1,295,336,299,255,219,225
Spag11a,0,0,0,0,0,0
Spag11b,0,0,0,0,0,0
Spag16,23,27,13,8,6,9
Spag17,9,18,7,5,12,5
Spag4,65,68,78,136,123,123
Spag4l,0,0,0,0,0,0
Spag5,257,248,334,607,439,462
Spag6,131,138,137,81,58,93
Spag7,916,995,828,961,914,863
Spag8,24,28,33,21,39,30
Spag9,11183,10141,10359,10263,7806,9950
Spam1,0,0,0,0,0,0
Sparc,7952,10446,6864,2160,1995,1712
Sparcl1,48472,54102,52554,3972,4642,4003
Spast,1333,1235,1091,4260,3673,4840
Spata1,38,40,48,62,68,87
Spata13,462,535,545,1231,714,906
Spata16,0,1,1,0,1,1
Spata17,11,13,9,4,1,1
Spata18,37,33,27,1,0,0
Spata19,3,3,6,0,1,2
Spata2,1561,1858,1535,1273,1133,1074
Spata20,3,1,0,10,5,10
Spata21,8,15,7,1,3,2
Spata22,0,0,0,0,0,0
Spata24,61,81,74,63,70,71
Spata2L,838,1203,829,83,96,84
Spata3,9,13,16,8,1,4
Spata4,5,7,3,7,6,8
Spata5,245,266,247,335,396,420
Spata5l1,55,81,61,146,137,129
Spata6,86,75,60,72,67,55
Spata7,405,354,360,288,274,368
Spata9,16,16,17,16,29,32
Spatc1,0,1,1,3,1,3
Spats1,46,33,27,11,7,13
Spats2,759,755,719,1364,1270,1098
Spats2l,555,572,513,328,313,361
Spc24,10,19,18,142,117,94
Spc25,11,13,8,326,247,284
Spcs1,953,863,808,573,665,672
Spcs2,908,908,870,968,938,934
Spcs3,2088,1862,2005,1114,1004,1246
Spdef,5,3,6,16,17,13
Spdya,21,19,10,9,31,19
Spdyb,0,0,0,0,0,0
Speer2,0,1,0,0,0,0
Speer3,0,0,0,0,0,0
Speer4a,10,6,8,1,0,1
Speer4b,4,3,16,7,5,2
Speer4c,4,0,5,0,0,0
Speer4d,2,0,0,0,0,0
Speer4f,0,0,0,0,0,0
Speer7-ps1,4,1,2,0,0,1
Spef1,193,223,200,1013,1136,880
Spef2,51,35,42,4,3,4
Speg,3580,4604,4075,939,1046,900
Spem1,2,1,1,21,25,17
Spen,2609,3070,2394,5947,4667,4883
Spert,0,0,0,0,0,0
Spesp1,3,0,1,0,1,0
Spg11,500,519,506,960,794,988
Spg20,863,1072,819,534,440,435
Spg21,582,480,470,948,919,934
Spg7,1150,1186,1228,1348,1361,1267
Sphk1,41,45,35,4,4,1
Sphk2,615,728,609,673,632,552
Sphkap,4880,4076,4621,1171,1298,1608
Spib,3,1,4,0,0,0
Spic,0,1,0,0,0,0
Spin1,4884,4800,4892,6863,6332,7262
Spin2,134,98,102,132,114,123
Spin4,18,10,19,52,31,49
Spink10,32,15,25,26,22,37
Spink11,0,0,0,0,0,0
Spink12,0,0,0,0,0,0
Spink14,0,0,0,0,0,0
Spink2,0,0,0,1,1,2
Spink3,0,0,0,0,0,0
Spink4,2,1,1,2,1,1
Spink5,0,0,0,0,0,0
Spink6,0,0,0,0,0,0
Spink7,0,1,1,0,0,0
Spink8,73,42,113,1,5,4
Spinlw1,0,0,0,0,0,1
Spint1,89,65,81,7,1,6
Spint2,406,428,359,308,267,272
Spint3,0,0,0,0,0,0
Spint4,0,0,0,0,0,0
Spire1,4757,3701,4729,3118,2634,2976
Spire2,409,524,394,740,724,642
Spn,16,4,6,2,0,2
Spna1,4,4,0,1,1,0
Spna2,29189,29884,31296,34304,35251,32925
Spnb1,6511,6673,6974,762,794,709
Spnb2,30543,32363,31054,16358,16323,17715
Spnb3,31648,35715,33800,13292,12873,12054
Spnb4,6023,7137,6667,2154,2500,2256
Spnb5,48,62,80,8,5,5
Spns1,1260,1412,1246,1174,1064,978
Spns2,1047,952,1259,875,822,696
Spns3,6,9,10,2,0,0
Spo11,9,4,8,0,1,1
Spocd1,7,7,19,0,2,1
Spock1,7277,6181,5626,2110,2109,2433
Spock2,28834,32914,28323,7336,7842,7106
Spock3,2630,2592,2516,208,197,284
Spon1,2131,2351,1974,663,734,667
Spon2,1,7,2,22,10,4
Spop,5735,6106,6055,4157,4012,3507
Spopl,1122,1059,1122,1400,1210,1365
Spp1,302,194,234,48,59,44
Spp2,2,2,3,1,0,1
Sppl3,1153,1108,1071,1626,1465,1537
Spr,575,663,624,447,445,377
Spred1,4983,4159,4453,1769,1590,1895
Spred2,2025,2254,1935,1489,1248,1411
Spred3,1088,1209,1204,925,979,951
Sprn,3319,3425,3247,442,621,558
Sprr1a,0,0,3,0,0,0
Sprr1b,0,0,0,0,0,0
Sprr2a1,0,0,3,0,0,0
Sprr2b,0,0,0,0,0,0
Sprr2d,0,0,0,0,0,0
Sprr2e,0,0,0,0,0,0
Sprr2f,0,0,0,0,0,0
Sprr2h,0,0,0,0,0,0
Sprr2i,0,0,0,0,0,0
Sprr2j-ps,0,0,0,0,0,0
Sprr2k,0,0,0,0,0,0
Sprr3,0,0,0,0,0,0
Sprr4,0,0,0,0,0,0
Spry1,189,205,157,183,152,166
Spry2,1017,1143,1119,542,556,558
Spry3,0,0,0,0,0,0
Spry4,346,419,303,166,183,173
Spryd3,3745,4383,4389,1288,1470,1288
Spryd4,101,112,123,107,115,106
Spsb1,473,471,443,162,138,159
Spsb2,55,54,46,23,23,12
Spsb3,244,241,184,153,199,161
Spsb4,81,78,52,183,190,179
Spt1,0,0,0,0,0,0
Sptlc1,685,693,657,586,643,572
Sptlc2,410,495,409,776,720,817
Sptlc3,3,3,2,1,1,1
Spty2d1,539,615,486,371,257,346
Spz1,0,0,0,0,0,0
Sqle,1118,1617,812,3000,3002,3133
Sqrdl,126,112,100,17,10,16
Sqstm1,8638,9262,9119,3357,3299,3018
Sra1,543,575,560,543,518,551
Srbd1,262,276,257,706,666,650
Src,3276,4050,3770,3785,3532,3274
Srcap,3905,4041,4203,7275,6213,6618
Srcrb4d,21,32,23,12,16,10
Srd5a1,237,301,203,252,254,243
Srd5a2,2,0,0,0,4,0
Srd5a3,264,278,250,116,116,134
Srebf1,1356,1196,1226,1195,756,885
Srebf2,4955,6571,4679,6557,6120,5726
Srf,989,1399,882,832,736,701
Srfbp1,246,260,242,261,226,259
Srgap1,769,945,724,5001,4175,4591
Srgap2,2018,2302,2007,5384,5197,5558
Srgap3,9304,9634,9987,11197,10199,9996
Srgn,117,75,85,19,28,19
Sri,1185,1195,1118,661,648,611
Srl,197,198,201,1007,957,895
Srm,766,910,770,1144,1124,1072
Srms,6,6,10,1,2,3
Srp14,1518,1536,1347,1419,1424,1364
Srp19,612,686,615,681,684,729
Srp54a,3737,5998,3397,3046,3025,3245
Srp54c,4221,6847,3995,3586,3575,3731
Srp68,1636,1741,1608,1559,1468,1277
Srp72,2060,1967,1902,2301,2274,2522
Srp9,1242,1109,1180,806,805,879
Srpk1,1543,1573,1466,2724,2757,2701
Srpk2,6122,5261,5263,3815,3736,4288
Srpk3,73,116,124,6,7,2
Srpr,989,1029,966,533,483,523
Srprb,789,979,805,993,867,833
Srpx,4,12,3,20,21,19
Srpx2,20,37,31,1,0,1
Srr,1483,1392,1348,820,812,966
Srrd,133,166,137,173,162,155
Srrm1,2883,2645,2632,3660,3416,3386
Srrm2,12425,12164,14267,18804,15918,16943
Srrm3,1539,1753,1430,1259,1298,1239
Srrm4,1182,1081,1089,4899,4156,4385
Srrt,2509,2821,3061,4167,4050,3446
Srxn1,2030,1861,2437,194,173,190
Sry,0,0,0,0,0,0
Ss18,540,624,549,834,727,812
Ss18l1,1302,1271,1400,3646,3384,3600
Ssb,2197,1901,1681,2555,2486,2729
Ssbp1,201,166,193,398,349,395
Ssbp2,1001,937,993,2599,2385,2902
Ssbp3,3003,2919,2402,5315,4560,4414
Ssbp4,1880,2348,1635,947,901,844
Ssfa2,1247,1074,1223,440,291,361
Ssh1,869,753,746,1436,1244,1264
Ssh2,1052,1017,989,2477,2091,2462
Ssh3,645,727,791,366,335,343
Ssna1,467,546,489,618,569,549
Sspn,299,313,272,63,75,85
Sspo,70,121,113,10,3,8
Ssr1,1710,1595,1398,1412,1269,1567
Ssr2,876,867,776,931,970,833
Ssr3,2613,2063,2123,2988,2605,3182
Ssr4,538,687,696,665,650,619
Ssrp1,1900,2041,2161,4922,4602,4077
Sssca1,392,451,346,530,524,511
Sst,4232,4518,3699,1462,1657,1605
Sstr1,561,700,538,332,421,450
Sstr2,314,618,418,1103,766,836
Sstr3,670,943,970,143,115,84
Sstr4,440,500,464,28,33,32
Sstr5,16,16,13,7,6,4
Ssty1,0,0,0,0,0,0
Ssty2,0,0,0,0,0,0
Ssu72,1148,1262,1236,894,831,781
Ssx2ip,2311,2137,2071,839,803,875
Ssx9,2,2,1,1,0,1
Ssxa1,0,0,0,0,0,0
Ssxb1,1,0,0,0,0,1
Ssxb10,1,2,0,3,1,2
Ssxb2,1,0,0,0,1,1
Ssxb3,0,3,2,1,3,0
Ssxb5,2,2,2,4,1,7
Ssxb6,0,1,0,1,0,1
Ssxb8,1,0,0,0,1,1
Ssxb9,1,0,1,1,0,3
St13,2218,2357,2185,2702,2874,2675
St14,27,21,31,3,3,3
St18,226,280,215,362,191,210
St3gal1,475,657,523,1716,1942,1791
St3gal2,3043,3145,2843,1715,1747,1598
St3gal3,970,1113,1004,702,719,685
St3gal4,360,385,399,196,218,207
St3gal5,4175,3987,3579,1089,1116,973
St3gal6,260,242,235,43,45,40
St5,377,370,330,215,179,178
St6gal1,508,482,491,1934,1731,1740
St6gal2,1152,929,1025,2257,2071,3055
St6galnac1,1,1,1,4,0,0
St6galnac2,135,109,135,32,33,37
St6galnac3,204,217,205,254,223,275
St6galnac4,557,686,642,393,378,353
St6galnac5,1821,2160,1955,1266,1521,1615
St6galnac6,2297,2366,2178,430,480,367
St7,315,270,296,891,978,1005
St7l,382,373,339,343,335,392
St8sia1,1650,1345,1380,2390,2176,2388
St8sia2,91,170,106,6738,6276,6575
St8sia3,3338,3001,2945,1296,1488,1641
St8sia4,384,374,300,1268,965,1456
St8sia5,805,953,897,67,58,66
St8sia6,134,79,84,16,9,18
Stab1,445,492,486,267,193,220
Stab2,39,19,47,23,17,19
Stac,29,35,27,96,101,117
Stac2,1946,1750,2138,494,494,459
Stac3,38,76,55,119,120,115
Stag1,926,857,827,1828,1664,2026
Stag2,1938,1728,1621,2449,1678,2613
Stag3,18,20,13,190,245,258
Stam,1242,1247,1097,1400,1098,1459
Stam2,573,542,530,1144,935,1128
Stambp,577,487,441,528,574,586
Stambpl1,328,318,311,111,132,142
Stap1,4,1,6,0,2,4
Stap2,29,38,39,48,42,24
Star,97,100,96,151,158,183
Stard10,984,1080,1086,131,150,131
Stard13,382,315,319,80,93,86
Stard3,552,658,633,677,560,452
Stard3nl,472,445,487,660,624,636
Stard4,727,788,615,711,642,809
Stard5,142,138,167,70,70,62
Stard6,21,20,19,9,12,9
Stard7,2090,2101,2083,2546,2416,2569
Stard8,766,649,776,108,110,96
Stard9,566,695,615,800,653,766
Stat1,537,457,499,161,173,177
Stat2,542,572,614,764,762,658
Stat3,1200,1225,1125,573,450,444
Stat4,25,33,22,5,8,11
Stat5a,111,140,121,34,22,33
Stat5b,938,932,800,355,273,262
Stat6,237,224,257,73,42,52
Stau1,1671,1588,1550,2934,2805,2823
Stau2,3123,2916,2770,2002,2158,2211
Stbd1,35,33,25,39,42,25
Stc1,29,34,28,44,51,39
Stc2,53,60,56,105,90,119
Steap1,30,34,22,10,10,9
Steap2,414,454,388,276,231,295
Steap3,99,148,97,25,12,25
Steap4,16,12,9,0,0,2
Stfa1,0,0,1,2,3,1
Stfa2,0,0,0,0,1,0
Stfa2l1,0,0,0,1,0,2
Stfa3,0,0,0,1,0,1
Stil,21,19,16,212,148,197
Stim1,2119,2173,2207,471,390,417
Stim2,1917,1551,1693,943,904,969
Stip1,4503,5035,4219,3674,3704,3218
Stk10,186,245,200,261,244,215
Stk11,1802,1946,1843,2422,2350,2025
Stk11ip,729,788,770,724,682,653
Stk16,2479,2627,2612,1253,1220,1197
Stk17b,154,170,149,44,38,33
Stk19,500,598,557,556,598,557
Stk24,992,915,799,707,616,669
Stk25,4673,5111,5498,4649,4745,4262
Stk3,411,309,364,323,268,300
Stk30,183,182,208,210,205,233
Stk31,0,0,0,2,0,2
Stk32a,173,153,205,171,163,159
Stk32b,93,106,91,1994,1875,1907
Stk32c,3412,3700,4290,533,593,427
Stk33,24,34,19,45,43,34
Stk35,807,824,797,886,730,725
Stk36,93,128,123,707,632,712
Stk38,757,765,775,2282,2111,2159
Stk38l,605,530,604,308,277,305
Stk39,1839,1722,1553,699,732,698
Stk4,1213,1155,1112,1511,1519,1674
Stk40,735,937,714,893,724,698
Stmn1,9241,10342,8857,43597,48212,38108
Stmn2,6667,7931,7100,19699,23336,20788
Stmn3,8651,9838,7908,6710,7488,6484
Stmn4,6307,7241,6600,7600,9442,7224
Stom,259,230,239,122,97,79
Stoml1,1153,1295,1147,1238,1242,1082
Stoml2,620,612,640,678,629,539
Stoml3,11,13,9,15,12,12
Ston1,126,79,81,160,126,103
Ston2,233,291,218,179,123,115
Stox1,81,90,64,48,50,48
Stox2,1223,1226,881,2133,1474,1880
Stra13,139,169,193,275,281,235
Stra6,136,94,122,125,71,77
Stra8,0,0,0,0,1,0
Strada,634,580,631,700,727,701
Stradb,705,676,561,906,905,1020
Strap,2137,1960,2053,2514,2347,2525
Strbp,2150,2019,1936,3197,2959,3299
Strc,8,17,10,2,2,1
Strm,9,6,12,1,0,4
Strn,3491,3751,3291,1383,1396,1503
Strn3,1586,1448,1409,1830,1409,2000
Strn4,4730,5025,5306,4729,4354,3952
Stt3a,855,792,766,999,994,1095
Stt3b,1496,1611,1542,2175,1821,2215
Stub1,1302,1509,1183,921,863,790
Stx11,5,1,4,11,15,20
Stx12,2497,2338,2106,2985,2850,3091
Stx16,1993,2016,2337,2782,2691,2783
Stx17,619,597,574,459,449,501
Stx18,542,515,511,434,409,388
Stx19,6,3,6,8,9,17
Stx1a,5008,6746,5511,1769,2134,1731
Stx1b,17430,20485,21384,6413,6608,5987
Stx2,387,479,486,598,551,536
Stx3,772,631,835,419,407,453
Stx4a,1182,1618,1307,517,504,413
Stx5a,842,845,965,1264,1256,1219
Stx6,1577,1833,1669,2026,1819,1641
Stx7,2138,2437,2083,3027,2921,3229
Stx8,444,431,464,344,391,340
Stxbp1,24318,26416,26262,9522,9860,8700
Stxbp2,759,751,1053,1140,1169,1052
Stxbp3a,395,361,321,101,79,115
Stxbp3b,106,82,79,17,28,22
Stxbp4,552,457,475,458,349,397
Stxbp5,3133,2821,3091,1228,1044,1324
Stxbp5l,1225,1001,995,138,91,155
Stxbp6,1845,1453,1392,388,341,407
Styk1,4,14,6,59,71,68
Styx,307,276,260,586,533,785
Styxl1,2,5,3,1,1,0
Sub1,4306,3361,3589,2337,2356,2524
Sucla2,3239,2893,2876,1072,1034,1223
Suclg1,1978,1926,1813,894,899,885
Suclg2,297,222,269,120,81,105
Sucnr1,0,0,0,0,0,0
Suds3,2176,2414,2304,1989,2041,1734
Sufu,421,435,425,985,755,755
Sugt1,738,741,749,848,752,792
Sulf1,475,554,501,223,231,243
Sulf2,1467,3198,2957,994,1833,1811
Sult1a1,518,171,446,43,43,38
Sult1b1,0,0,0,0,0,0
Sult1c1,0,0,0,0,0,0
Sult1c2,6,1,1,0,0,0
Sult1d1,0,0,0,0,0,0
Sult1e1,0,0,0,0,0,0
Sult2a2,0,0,0,0,0,0
Sult2a6,0,0,0,0,0,0
Sult2b1,124,144,138,9,17,11
Sult3a1,0,0,0,0,0,0
Sult4a1,5369,5473,5178,1115,1098,1019
Sult5a1,7,2,12,2,5,2
Sult6b1,6,5,2,1,0,2
Sumf1,509,484,531,173,203,233
Sumf2,202,244,236,180,190,149
Sumo1,1483,1373,1226,1239,1382,1367
Sumo2,2561,1985,1853,3755,4026,4435
Sumo3,2210,2228,2408,2752,2755,2481
Sunc1,0,1,0,0,0,1
Suox,285,255,293,216,195,201
Supt16h,1594,1600,1498,3466,3397,3380
Supt3h,180,192,117,238,266,250
Supt4h1,424,434,459,369,402,392
Supt5h,3815,4087,4294,4486,4469,3813
Supt6h,6077,6594,6775,5543,5481,5033
Supt7l,360,334,299,501,423,445
Supv3l1,499,408,457,506,455,476
Surf1,880,885,923,471,561,458
Surf2,495,586,586,709,681,640
Surf4,1241,1542,1342,1549,1478,1428
Surf6,515,668,498,836,767,743
Susd1,228,213,239,32,32,19
Susd2,236,274,268,22,25,24
Susd3,26,41,22,5,5,2
Susd4,2902,3260,3184,836,883,787
Suv39h1,488,503,438,640,615,612
Suv39h2,102,92,100,247,194,223
Suv420h1,1472,1345,1418,3452,3207,3625
Suv420h2,234,317,276,1108,929,840
Suz12,854,750,753,1537,1145,1613
Sv2a,10938,12883,12854,4125,4423,3844
Sv2b,12079,9889,10880,559,799,836
Sv2c,747,634,770,114,131,139
Sva,0,0,0,0,0,0
Sval1,0,0,0,0,0,0
Sval2,0,0,0,0,0,0
Sval3,0,0,0,0,0,0
Svep1,27,32,32,6,6,7
Svil,329,315,292,282,221,197
Svip,1255,1161,1162,451,419,562
Svop,4084,4354,4189,2119,2192,1693
Svopl,1,1,0,10,10,4
Svs1,0,0,0,0,0,0
Svs3a,0,0,1,0,0,0
Svs3b,0,0,0,0,0,0
Svs4,0,0,0,0,0,0
Svs5,0,1,0,0,0,0
Svs6,0,0,0,0,0,0
Swap70,324,440,363,267,188,194
Syap1,669,554,456,469,389,498
Syce1,1,1,1,2,1,1
Syce1l,6,0,2,10,10,3
Syce2,46,45,52,297,296,295
Sycn,1,0,0,0,0,0
Sycp1,1,0,0,0,0,0
Sycp2,43,27,34,26,29,37
Sycp2l,2,4,2,0,0,2
Sycp3,14,3,12,2,2,3
Syde1,229,247,193,95,91,85
Syde2,112,86,110,177,151,157
Syf2,1083,1042,971,909,822,646
Syk,95,137,144,113,115,89
Sympk,3298,3966,3603,3550,3186,3021
Syn1,11397,12243,11218,2346,2708,2553
Syn2,4664,5237,4758,571,629,622
Syn3,326,224,320,678,520,639
Sync,25,27,17,3,5,4
Syncrip,2175,1933,1769,4979,4274,5533
Syne1,17685,14581,18510,1156,1078,1220
Syne2,697,774,681,7020,4319,5437
Syngr1,13987,16422,14202,2216,2589,2146
Syngr2,173,153,148,54,45,39
Syngr3,2311,2882,2276,992,1045,1050
Syngr4,3,3,4,3,1,3
Synj1,9876,8301,8676,2931,2375,3326
Synj2,2021,2026,2055,77,94,103
Synj2bp,866,871,732,623,591,666
Synm,1224,1337,1271,332,421,383
Synpo,4832,5478,4877,119,189,132
Synpo2,917,654,617,61,105,77
Synpo2l,16,14,13,6,2,10
Synpr,2010,1796,2049,209,199,225
Synrg,2016,1926,1975,2847,2434,2631
Syp,21429,25156,23348,3036,3576,2864
Sypl,843,794,783,512,422,529
Sypl2,60,70,69,84,64,89
Sys1,573,702,628,564,575,513
Syt1,33917,34618,35380,4413,4767,5325
Syt10,213,191,155,16,11,23
Syt11,18577,22380,19542,7314,6764,6524
Syt12,692,704,832,25,22,20
Syt13,5810,6475,6057,392,378,370
Syt14,129,92,133,233,174,240
Syt15,17,19,21,10,7,9
Syt16,2001,1850,1669,1681,1826,1953
Syt17,1018,1228,1093,79,122,107
Syt2,1743,1809,1818,83,70,67
Syt3,1089,1389,1131,523,548,466
Syt4,4665,3745,3634,5246,6863,6980
Syt5,2649,3200,2577,1655,1801,1614
Syt6,575,668,633,959,919,1121
Syt7,2994,3162,3115,1234,1249,1280
Syt8,0,0,0,0,0,0
Syt9,459,441,380,257,312,311
Sytl1,15,16,17,11,15,9
Sytl2,1222,1419,1400,38,59,53
Sytl3,11,4,3,5,1,5
Sytl4,28,31,30,7,8,9
Sytl5,106,100,73,30,30,22
Syvn1,991,1116,1046,909,843,865
Szt2,1084,1211,1378,2611,1839,2394
T,0,2,3,6,5,11
T2,15,18,16,22,18,10
TRADV13,0,0,0,0,0,0
TRADV15D-1,1,1,3,0,1,1
TRADV21,0,0,0,0,0,0
TRADV4-4,0,1,2,0,0,0
TRAV1,0,0,0,0,0,0
TRAV11,0,0,0,0,0,0
TRAV12-3,0,0,0,0,0,0
TRAV13-2,0,0,0,0,0,0
TRAV13D-1,2,0,0,0,0,0
TRAV14,0,0,0,0,0,0
TRAV14-2,0,0,0,0,0,0
TRAV14D-1,0,0,0,0,0,0
TRAV16,0,0,0,0,0,0
TRAV18,0,0,0,0,0,0
TRAV19,0,0,0,0,0,0
TRAV3-3,3,2,2,0,1,2
TRAV3-4,0,4,1,0,1,1
TRAV4-2,0,0,0,0,0,0
TRAV6,0,0,0,0,0,0
TRAV6-3,0,0,0,0,0,0
TRAV6-4,0,0,0,0,0,0
TRAV6-6,0,0,0,0,0,0
TRAV6-7,1,1,0,0,0,0
TRAV6D-4,0,0,0,0,0,0
TRAV6D-5,0,0,0,0,0,0
TRAV7-6,0,0,0,0,0,0
TRAV7D-2,0,0,0,0,0,0
TRAV7D-3,0,0,0,0,0,0
TRAV7D-4,0,0,0,0,0,0
TRAV7D-5,0,0,0,0,0,0
TRAV8-1,0,0,0,0,0,0
TRAV8D-1,0,0,0,0,0,0
TRAV9-1,0,0,0,0,0,0
TRAV9-4,3,6,3,0,0,0
TRDV1,0,0,0,0,1,0
TRDV15-2,0,0,0,0,0,0
Taar1,0,0,0,0,0,0
Taar2,0,0,0,0,0,2
Taar3,0,0,0,0,0,0
Taar4,0,0,0,0,1,0
Taar5,0,0,0,0,1,0
Taar6,0,0,0,0,0,0
Taar7a,0,0,0,0,0,0
Taar7b,0,0,0,0,0,0
Taar7c-ps,0,0,0,0,0,0
Taar7d,0,0,0,0,0,0
Taar7e,0,0,0,0,0,0
Taar7f,0,0,0,0,0,0
Taar8a,0,0,0,0,0,0
Taar8b,0,0,0,0,0,0
Taar8c,0,0,0,0,0,0
Taar9,0,0,0,0,0,0
Tab1,469,582,584,887,880,833
Tac1,708,591,761,173,141,178
Tac2,171,159,169,15,15,14
Tac4,0,0,3,1,1,1
Tacc1,6023,5429,5626,859,777,836
Tacc2,1749,1773,1549,2749,2548,2540
Tacc3,132,148,117,770,572,574
Tacr1,133,193,161,80,76,92
Tacr2,6,10,3,0,0,0
Tacr3,69,111,58,32,24,27
Tacstd2,4,6,2,1,1,2
Tada1l,694,832,758,1274,1121,1222
Tada2l,651,629,600,883,878,871
Tada3l,682,713,611,991,940,889
Taf1,2278,2216,2143,2934,2636,3117
Taf10,500,585,542,597,604,597
Taf11,734,789,703,647,683,558
Taf12,342,302,312,385,366,364
Taf13,440,414,338,321,294,360
Taf15,1506,1805,2099,3815,4192,3483
Taf1a,0,0,0,0,0,0
Taf1b,395,288,333,504,474,533
Taf1c,168,265,184,422,353,355
Taf1d,178,158,126,328,343,327
Taf2,829,836,821,1508,1244,1418
Taf3,477,464,380,426,372,432
Taf4a,570,641,553,1251,945,1170
Taf4b,59,56,49,10,8,15
Taf5,121,152,99,350,282,353
Taf5l,346,426,446,627,585,618
Taf6,724,851,837,1349,1323,1178
Taf6l,189,212,167,301,294,295
Taf7,125,184,128,317,250,316
Taf7l,5,8,8,6,5,8
Taf8,346,345,378,540,441,404
Taf9,969,1042,1061,1896,1713,1785
Taf9b,574,522,525,161,173,187
Tagap,286,249,315,243,242,259
Tagap1,605,572,563,480,475,494
Tagln,102,129,122,36,29,26
Tagln2,165,179,134,350,332,271
Tagln3,5560,6415,6627,5448,5246,4249
Tal1,69,61,50,32,43,37
Tal2,2,1,9,9,5,9
Taldo1,1312,1655,1095,1690,1651,1544
Tanc1,1697,1220,1522,362,256,303
Tanc2,4900,4657,4971,4993,4083,5407
Tank,521,467,484,346,259,356
Taok1,5355,4489,4313,4963,3834,5756
Taok2,4267,5187,4483,4606,4485,4123
Taok3,1616,1828,1624,1900,1859,1601
Tap1,44,69,70,32,25,26
Tap2,181,165,190,18,19,16
Tapbp,631,720,645,402,403,377
Tapbpl,206,178,184,37,36,34
Tapt1,1044,884,903,755,742,909
Tarbp2,306,344,396,1010,1079,943
Tardbp,3879,3229,3633,6978,6856,6840
Tars,755,774,649,1122,1166,1092
Tars2,544,560,495,598,656,570
Tarsl2,991,982,806,444,516,543
Tas1r1,99,113,104,101,129,103
Tas1r2,1,0,0,0,0,1
Tas1r3,19,24,22,61,55,42
Tas2r102,0,0,0,0,0,0
Tas2r103,0,0,0,0,0,0
Tas2r104,0,0,0,0,0,0
Tas2r105,0,0,0,0,0,0
Tas2r106,0,0,0,0,0,0
Tas2r107,0,0,0,0,0,0
Tas2r108,0,1,0,1,3,4
Tas2r109,0,0,0,0,0,0
Tas2r110,0,0,0,0,0,0
Tas2r113,0,0,0,0,0,0
Tas2r114,0,0,0,0,0,0
Tas2r115,0,0,0,0,0,0
Tas2r116,0,0,0,0,0,0
Tas2r117,0,0,0,0,0,0
Tas2r118,0,0,0,0,0,0
Tas2r119,0,0,0,0,0,0
Tas2r120,0,0,0,0,0,0
Tas2r121,0,0,0,0,0,0
Tas2r122,0,0,0,0,0,0
Tas2r123,0,0,0,0,0,0
Tas2r124,0,0,0,0,0,0
Tas2r125,0,0,0,0,0,0
Tas2r126,0,0,0,1,0,0
Tas2r129,0,0,0,0,0,0
Tas2r130,0,0,0,0,0,0
Tas2r131,0,0,0,0,0,0
Tas2r134,0,0,0,0,0,0
Tas2r135,0,0,0,0,0,0
Tas2r136,0,0,0,0,0,0
Tas2r137,0,0,0,1,3,2
Tas2r138,0,0,0,0,0,0
Tas2r139,0,0,0,0,0,0
Tas2r140,0,0,0,0,0,0
Tas2r143,0,0,1,0,1,1
Tas2r144,0,0,0,0,0,0
Tasp1,382,440,476,194,214,235
Tat,1,0,0,0,0,0
Tatdn1,130,110,119,166,158,222
Tatdn2,883,1013,963,1014,1041,998
Tatdn3,375,327,402,181,182,195
Tax1bp1,3464,3326,3091,2546,2334,2669
Tax1bp3,107,133,86,571,489,531
Taz,716,759,984,1128,1017,1027
Tbata,50,65,51,6,11,2
Tbc1d1,542,505,442,668,543,658
Tbc1d10a,514,556,519,312,304,302
Tbc1d10b,2030,2572,2282,2168,2033,1685
Tbc1d10c,13,25,17,13,12,9
Tbc1d12,423,374,278,472,363,525
Tbc1d13,1139,1408,1260,2347,2302,1986
Tbc1d14,1754,1861,1865,4116,3745,3864
Tbc1d15,690,626,708,652,555,594
Tbc1d16,1789,1836,1680,8849,8399,7890
Tbc1d17,784,838,809,928,898,767
Tbc1d19,516,491,394,483,457,555
Tbc1d2,118,136,106,31,34,17
Tbc1d20,1284,1266,1197,1082,997,976
Tbc1d21,0,0,0,0,0,0
Tbc1d22a,734,817,865,354,305,304
Tbc1d22b,1348,1518,1346,1346,1394,1231
Tbc1d23,760,668,699,1184,1020,1220
Tbc1d24,1980,2263,2147,3121,3118,3242
Tbc1d25,271,299,299,545,503,474
Tbc1d2b,424,411,405,512,501,499
Tbc1d30,2492,2458,2489,1615,1637,1622
Tbc1d4,414,320,410,323,245,338
Tbc1d5,948,813,878,432,407,459
Tbc1d7,220,283,280,346,303,330
Tbc1d8,753,690,802,631,634,689
Tbc1d8b,175,165,146,82,51,72
Tbc1d9,3210,3305,2916,3361,3243,3516
Tbc1d9b,6082,6673,6418,1736,1664,1624
Tbca,283,303,284,724,787,730
Tbcb,1094,1311,1091,1821,1901,1495
Tbcc,382,476,377,340,294,285
Tbccd1,213,235,241,218,202,218
Tbcd,951,1033,1112,2054,1859,1735
Tbce,776,728,879,1125,1068,1258
Tbcel,1302,1357,1125,792,734,765
Tbck,326,317,304,451,469,512
Tbk1,1195,1077,1069,880,806,876
Tbkbp1,1365,1498,1247,1196,1150,960
Tbl1x,1617,1783,1813,3068,2627,3148
Tbl1xr1,921,824,778,884,732,995
Tbl2,728,702,724,735,656,647
Tbl3,493,620,692,1076,992,907
Tbp,444,450,535,973,941,1070
Tbpl1,1187,987,953,1319,1360,1432
Tbpl2,0,0,0,0,0,0
Tbr1,2505,2090,2160,5633,5276,6321
Tbrg1,719,725,761,633,619,609
Tbrg4,637,674,750,800,881,813
Tbx1,20,32,26,15,12,7
Tbx10,1,2,0,0,0,0
Tbx15,27,15,15,10,9,9
Tbx18,46,32,32,8,12,13
Tbx19,0,3,0,0,0,0
Tbx2,49,60,64,69,77,59
Tbx20,0,0,1,1,0,1
Tbx21,8,2,2,7,5,3
Tbx22,0,0,2,1,2,0
Tbx3,86,96,84,42,41,34
Tbx4,6,4,9,5,6,3
Tbx5,0,0,1,1,0,0
Tbx6,17,20,14,17,18,9
Tbxa2r,12,16,16,18,27,25
Tbxas1,43,44,57,21,14,20
Tc2n,30,9,22,1,4,2
Tcam1,3,5,6,2,3,6
Tcap,68,79,88,5,4,2
Tcea1,1007,803,814,993,907,1134
Tcea1-ps1,864,722,637,937,765,968
Tcea2,672,761,859,704,721,602
Tcea3,22,15,14,0,2,0
Tceal1,383,359,298,248,265,286
Tceal3,3815,4821,4433,963,1202,843
Tceal5,3209,3922,3686,739,914,593
Tceal6,3083,3451,3190,647,758,543
Tceal7,29,36,40,63,79,58
Tceal8,744,677,562,687,705,648
Tceanc,50,46,41,97,73,88
Tceb1,1150,998,985,962,1076,1199
Tceb2,1113,1216,817,1047,1010,1031
Tceb3,731,788,725,1087,923,941
Tcerg1,1741,1606,1623,3316,3149,3393
Tcerg1l,1,0,0,0,0,0
Tcf12,746,853,757,2357,1593,1902
Tcf15,13,14,12,10,9,13
Tcf19,81,90,93,207,140,172
Tcf20,2845,3403,3073,5216,4563,4679
Tcf21,1,3,1,0,0,0
Tcf23,19,4,16,1,1,1
Tcf25,11461,12456,12192,5503,5696,5065
Tcf3,512,694,505,2258,1679,1797
Tcf4,7200,6600,6591,19137,15639,20733
Tcf7,97,100,74,96,71,79
Tcf7l1,93,113,85,136,71,65
Tcf7l2,841,715,421,229,158,226
Tcfap2a,7,7,3,1,0,3
Tcfap2b,23,23,13,1,1,2
Tcfap2c,2,5,4,363,270,286
Tcfap2d,14,11,15,215,150,173
Tcfap2e,2,0,2,5,1,6
Tcfap4,98,77,96,462,431,369
Tcfcp2,433,414,428,517,538,504
Tcfcp2l1,158,98,195,21,27,26
Tcfe3,859,865,885,588,520,510
Tcfeb,189,317,222,26,21,16
Tcfec,1,0,1,1,0,2
Tcfl5,9,24,14,20,19,21
Tchh,338,275,325,40,60,45
Tchhl1,0,0,0,0,0,0
Tchp,326,388,403,561,507,424
Tcirg1,210,300,275,186,152,140
Tcl1,0,0,0,0,0,0
Tcl1b1,0,0,0,0,0,0
Tcl1b2,0,0,0,0,0,2
Tcl1b3,0,0,0,0,0,1
Tcl1b4,0,0,0,0,0,0
Tcl1b5,0,0,0,0,0,0
Tcn2,502,407,492,93,72,110
Tcof1,613,639,594,1187,1080,1069
Tcp1,2775,2658,2574,3950,3919,4460
Tcp1-ps1,51,49,47,69,59,87
Tcp10b,3,3,7,5,7,7
Tcp10c,9,8,14,6,11,7
Tcp11,7,16,9,39,26,38
Tcp11l1,577,488,447,744,617,810
Tcp11l2,470,465,450,450,476,433
Tcra,3,6,6,1,1,0
Tcra-V13.1,0,0,1,0,1,0
Tcra-V22.4,0,0,0,0,0,0
Tcra-V8,0,0,0,0,0,0
Tcrg-V2,3,0,0,0,0,0
Tcta,414,470,507,267,263,238
Tcte1,43,64,72,26,32,21
Tcte2,127,129,139,372,378,350
Tcte3,21,21,26,28,27,25
Tctex1d1,1,0,2,0,0,2
Tctex1d2,144,121,169,148,174,158
Tctex1d4,9,20,14,1,0,0
Tctn1,186,166,216,264,239,273
Tctn2,484,602,515,293,280,297
Tctn3,497,481,503,352,325,397
Tdg,773,951,757,2858,2721,2756
Tdgf1,10,14,10,1,0,0
Tdh,1,1,2,0,1,1
Tdo2,30,20,15,6,9,7
Tdp1,284,318,342,1015,805,745
Tdpoz1,0,0,0,0,0,0
Tdpoz2,0,0,0,0,0,0
Tdpoz3,0,0,0,0,0,0
Tdpoz4,0,0,0,0,0,0
Tdpoz5,0,0,0,0,0,0
Tdrd1,9,11,19,39,39,36
Tdrd12,6,7,7,7,4,7
Tdrd3,434,405,401,1193,1173,1187
Tdrd5,55,53,55,24,32,24
Tdrd6,27,25,33,53,43,52
Tdrd7,826,890,817,549,543,543
Tdrd9,9,8,8,18,13,7
Tdrkh,607,646,593,927,904,941
Tead1,140,131,123,437,251,360
Tead2,61,94,43,1413,892,920
Tead3,59,38,58,232,146,168
Tead4,13,12,6,8,9,11
Tec,34,46,48,30,37,40
Tecpr1,3116,3420,3122,2154,1823,1863
Tecpr2,2349,2473,2497,1456,1405,1369
Tecr,3934,4725,3717,3331,3646,2945
Tecrl,5,1,5,0,2,2
Tecta,4,11,6,50,38,55
Tectb,9,11,10,2,0,1
Teddm1,2,2,0,1,4,1
Tef,7507,6604,7482,1087,1081,1038
Tek,233,359,291,228,197,239
Tekt1,56,52,48,66,64,63
Tekt2,41,33,39,127,127,80
Tekt3,3,1,4,0,0,1
Tekt4,81,19,66,5,8,5
Tekt5,216,216,159,27,27,23
Telo2,394,475,409,1213,1147,1162
Telomerase-vert,4,6,1,2,1,4
Tenc1,548,425,520,148,118,112
Tep1,134,131,151,96,65,70
Tepp,0,0,0,0,0,0
Terf1,215,248,235,249,244,287
Terf2,905,964,906,1395,1363,1226
Terf2ip,1094,1129,899,1258,1322,1268
Tert,34,41,54,554,484,478
Tes,42,47,60,574,592,591
Tesb,41,28,37,68,65,40
Tesc,783,963,1060,23,36,29
Tesk1,1188,1193,1015,1335,1297,1133
Tesk2,94,118,103,94,63,71
Tesp2,0,0,0,0,0,0
Tet1,90,125,107,504,290,448
Tet2,1062,1148,1408,2308,1789,2189
Tet3,477,695,433,1554,1141,1277
Tex10,329,320,291,591,547,705
Tex101,0,0,0,0,0,0
Tex11,1,1,5,0,0,1
Tex12,1,1,1,1,0,2
Tex13,0,0,0,0,1,0
Tex13a,2,0,1,0,0,0
Tex14,6,5,4,5,8,7
Tex15,53,35,33,62,74,73
Tex16,0,0,0,3,0,2
Tex18,1,0,0,0,0,0
Tex19.1,0,0,0,0,0,0
Tex19.2,0,0,0,0,0,0
Tex2,2905,3170,2596,1033,1004,980
Tex21,1,0,0,0,1,0
Tex22,0,0,1,3,1,3
Tex24,0,0,0,0,0,0
Tex261,775,863,800,947,883,781
Tex264,1089,1355,1165,413,527,447
Tex28,0,0,0,0,0,0
Tex9,99,116,107,240,198,225
Tfam,644,599,628,796,709,792
Tfb1m,95,94,91,119,116,137
Tfb2m,381,324,336,369,385,492
Tfdp1,682,657,708,1433,1187,1256
Tfdp2,395,310,351,367,268,284
Tff1,0,0,0,0,0,0
Tff2,0,0,0,0,0,0
Tff3,0,0,0,0,0,0
Tfg,1031,1031,929,1167,1095,1223
Tfip11,1241,1367,1315,1162,1005,986
Tfpi,64,86,61,68,55,59
Tfpi2,1,0,0,1,0,0
Tfpt,429,501,537,406,444,347
Tfrc,3261,2340,2902,1857,1329,1783
Tg,7,3,1,1,2,7
Tgds,58,54,69,127,83,126
Tgfa,699,830,764,558,577,657
Tgfb1,109,119,78,34,36,40
Tgfb1i1,196,243,159,122,126,132
Tgfb2,341,314,247,264,228,313
Tgfb3,295,285,308,146,151,141
Tgfbi,111,87,76,17,21,18
Tgfbr1,811,844,735,2905,2387,3102
Tgfbr2,509,491,527,169,137,148
Tgfbr3,380,302,283,26,33,31
Tgfbrap1,1393,1505,1405,1693,1540,1637
Tgif1,25,27,35,55,41,60
Tgif2,59,64,71,507,362,370
Tgif2lx1,0,0,1,0,0,0
Tgif2lx2,0,0,1,0,0,0
Tgm1,3,4,9,8,8,10
Tgm2,362,303,374,49,42,46
Tgm3,61,83,74,11,15,9
Tgm4,11,13,15,11,6,13
Tgm5,0,0,0,0,0,1
Tgm6,2,6,1,4,13,5
Tgm7,7,5,9,1,0,0
Tgoln1,4393,4151,3764,1016,837,1020
Tgs1,640,638,627,1172,948,1238
Tgtp1,52,28,53,1,0,0
Tgtp2,55,27,66,0,0,0
Th,99,133,49,11,5,12
Th1l,1010,1100,1074,1324,1345,1137
Tha1,81,102,105,75,83,76
Thada,259,194,209,419,314,369
Thap1,122,133,116,157,128,119
Thap11,545,604,653,753,717,640
Thap2,249,217,210,415,399,498
Thap3,184,231,216,315,282,260
Thap4,298,350,295,343,360,345
Thap7,358,401,387,322,315,281
Thap8,0,0,0,4,1,1
Thbd,406,293,295,37,40,32
Thbs1,96,119,61,946,769,999
Thbs2,135,151,149,15,19,18
Thbs3,281,424,417,2061,2118,1808
Thbs4,350,264,441,10,7,8
Theg,6,11,6,1,0,0
Them4,318,332,281,270,316,299
Them5,1,0,0,4,2,3
Themis,1,1,2,1,2,0
Thg1l,158,186,191,249,247,239
Thnsl1,483,447,444,390,386,525
Thnsl2,54,76,55,13,25,25
Thoc1,1072,1027,1047,1375,1533,1685
Thoc2,1345,1002,1130,2735,2272,3117
Thoc3,610,611,590,658,666,614
Thoc4,433,529,558,1407,1333,1084
Thoc5,605,732,604,1641,1543,1415
Thoc6,106,135,88,364,342,320
Thoc7,550,587,480,732,677,695
Thop1,903,1250,993,1115,1068,1026
Thpo,123,84,149,32,29,22
Thra,15916,18441,17662,21311,23219,19562
Thrap3,3277,3199,3097,5035,4925,4430
Thrb,1369,1110,1243,60,64,72
Thrsp,443,449,489,36,45,49
Thsd1,77,99,92,112,107,124
Thsd4,414,423,404,277,185,216
Thsd7a,662,709,666,635,460,620
Thsd7b,190,235,195,247,246,286
Thtpa,566,597,617,1118,1138,1079
Thumpd1,1110,1123,1155,1646,1795,1622
Thumpd2,96,75,91,162,125,123
Thumpd3,446,419,409,579,556,656
Thy1,15665,16536,15320,379,593,495
Thyn1,619,500,540,679,736,713
Tia1,2179,1717,2144,6530,5221,7374
Tial1,1962,1648,1931,2789,2432,2982
Tiam1,4010,3553,3211,1739,1539,1439
Tiam2,1227,1177,1173,6383,5235,6098
Ticam1,136,134,146,113,74,68
Ticam2,16,13,14,8,5,7
Tie1,225,316,237,379,297,292
Tifa,177,148,139,36,28,31
Tifab,62,78,65,14,5,7
Tigd2,290,254,205,120,131,133
Tigd3,73,58,68,222,197,184
Tigd4,2,1,3,2,2,2
Tigit,1,0,0,2,1,0
Timd2,0,0,0,2,0,0
Timd4,1,3,0,0,0,0
Timeless,84,131,108,615,500,549
Timm10,312,394,435,381,395,318
Timm13,1232,1553,1095,986,1041,855
Timm17a,644,561,587,235,212,217
Timm17b,253,270,243,563,570,403
Timm22,468,563,486,434,463,420
Timm23,456,439,439,367,413,414
Timm44,1035,1149,1287,1113,1017,957
Timm50,514,630,507,1001,918,833
Timm8a1,286,260,251,240,267,264
Timm8a2,1,2,2,1,3,2
Timm8b,931,873,875,724,685,685
Timm9,246,201,183,161,191,174
Timp1,21,12,18,12,9,13
Timp2,7365,7847,6038,3018,3342,3286
Timp3,2011,1449,1556,234,239,268
Timp4,629,604,829,46,45,42
Tinag,0,0,2,0,0,0
Tinagl1,219,187,199,7,10,6
Tinf2,198,182,236,292,281,258
Tiparp,355,415,256,389,339,486
Tipin,165,169,183,424,370,432
Tiprl,791,823,760,1179,1181,1275
Tirap,34,25,34,24,22,18
Tjap1,353,498,392,517,422,362
Tjp1,2646,2735,2306,1508,1205,1540
Tjp2,865,1033,678,505,382,391
Tjp3,16,17,14,113,128,116
Tk1,40,30,30,259,168,176
Tk2,877,793,762,750,782,764
Tkt,2900,3543,2579,5018,5045,4702
Tktl1,1,1,0,19,15,11
Tktl2,0,0,1,0,0,1
Tlcd1,288,401,309,60,55,70
Tlcd2,6,11,5,5,4,4
Tle1,1116,1034,1050,1660,1421,1504
Tle2,456,499,635,873,757,783
Tle3,1175,1270,1182,4063,3623,3488
Tle4,1373,1352,1252,2588,2078,2767
Tle6,60,58,69,24,17,20
Tlk1,2354,2163,2059,1375,1310,1572
Tlk2,1225,1115,1163,1572,1580,1560
Tll1,73,74,81,66,55,63
Tll2,35,39,24,49,33,46
Tln1,1380,1764,1484,1387,1072,1179
Tln2,3419,4031,3476,1254,1267,1367
Tlr1,10,12,17,6,0,6
Tlr11,0,0,2,0,0,1
Tlr12,15,24,16,45,40,38
Tlr13,69,34,51,5,5,13
Tlr2,30,26,30,7,4,13
Tlr3,244,230,198,23,14,19
Tlr4,27,38,28,2,5,5
Tlr5,10,7,6,2,0,2
Tlr6,8,9,19,3,5,8
Tlr7,101,47,63,8,5,13
Tlr8,1,6,2,1,0,1
Tlr9,62,41,66,2,1,3
Tlx1,0,0,0,0,0,0
Tlx2,0,0,0,0,1,0
Tlx3,0,0,0,2,0,3
Tm2d1,199,191,181,157,148,154
Tm2d2,826,865,883,708,701,629
Tm2d3,465,529,513,407,413,357
Tm4sf1,154,162,146,13,14,20
Tm4sf19,0,0,0,0,0,0
Tm4sf20,0,0,0,1,0,0
Tm4sf4,1,0,0,0,0,0
Tm4sf5,3,9,3,2,3,0
Tm6sf1,277,300,296,82,55,79
Tm6sf2,18,30,33,38,36,26
Tm7sf2,247,327,283,678,690,620
Tm7sf3,816,847,768,504,495,490
Tm7sf4,4,5,2,0,0,0
Tm9sf1,485,552,502,559,523,465
Tm9sf2,2573,2189,1965,1148,1054,1381
Tm9sf3,2658,2836,2353,2281,1803,2412
Tm9sf4,1787,1970,1853,1605,1578,1538
Tmbim1,712,868,778,83,60,66
Tmbim4,488,614,521,338,305,302
Tmbim6,7610,8176,6728,2943,3133,2794
Tmc1,3,4,4,1,0,3
Tmc2,2,0,0,1,3,6
Tmc3,177,151,196,99,95,89
Tmc4,49,72,72,73,71,81
Tmc5,5,2,1,5,10,7
Tmc6,86,112,118,45,24,30
Tmc7,413,421,441,337,286,289
Tmc8,11,11,16,15,22,8
Tmcc1,1864,1695,1755,1916,1837,1860
Tmcc2,5654,7019,5423,2883,3032,2607
Tmcc3,1276,1495,1158,200,195,200
Tmco1,547,546,486,379,354,454
Tmco2,1,0,1,2,1,0
Tmco3,891,1136,997,715,608,593
Tmco4,54,54,57,17,13,13
Tmco5,44,29,29,0,3,1
Tmco5b,1,1,2,0,0,0
Tmco6,169,190,162,260,285,234
Tmco7,159,141,152,137,98,141
Tmed1,191,228,186,256,287,249
Tmed10,1122,1089,937,817,657,727
Tmed11,0,0,0,0,0,0
Tmed2,1770,1539,1403,1702,1530,1716
Tmed3,372,433,432,266,318,241
Tmed4,1446,1696,1631,1555,1275,1278
Tmed5,522,431,409,235,165,265
Tmed6,0,0,1,0,1,0
Tmed7,2193,1738,1649,1429,1117,1643
Tmed8,1411,1424,1461,901,738,945
Tmed9,2053,2307,2525,1778,1901,1587
Tmeff1,1908,2275,1874,5234,4490,5043
Tmeff2,1452,1974,1439,531,584,622
Tmem100,194,242,169,40,34,28
Tmem101,410,506,404,428,464,416
Tmem102,0,0,0,1,7,4
Tmem104,409,512,398,247,222,198
Tmem106a,29,11,15,7,7,5
Tmem106b,4194,3659,4087,1604,1406,1872
Tmem106c,461,562,492,569,530,394
Tmem107,133,114,91,116,110,107
Tmem108,393,365,286,944,791,884
Tmem109,635,837,606,376,380,339
Tmem11,515,574,529,561,631,527
Tmem110,246,250,208,220,195,222
Tmem111,1302,1380,1316,891,879,868
Tmem114,50,71,50,2,1,0
Tmem115,607,672,598,492,476,443
Tmem116,57,78,78,44,48,53
Tmem117,169,150,123,34,41,50
Tmem119,440,512,358,15,14,13
Tmem120a,217,278,232,594,612,492
Tmem120b,141,141,144,164,184,182
Tmem121,311,431,357,427,432,408
Tmem123,310,333,264,289,204,241
Tmem125,135,249,176,0,0,0
Tmem126a,230,221,229,275,282,306
Tmem126b,514,447,550,247,214,268
Tmem127,2600,2878,2586,2315,2422,2431
Tmem128,231,288,277,387,343,432
Tmem129,401,432,446,271,260,231
Tmem130,4462,6425,5050,3263,3739,3094
Tmem131,2123,2159,1932,3244,2755,3281
Tmem132a,3094,4575,3311,4046,3851,3599
Tmem132b,471,479,487,287,180,245
Tmem132c,254,236,232,119,140,148
Tmem132d,732,689,698,67,77,87
Tmem132e,453,554,405,176,177,140
Tmem134,413,470,351,301,291,282
Tmem135,1217,1208,1081,515,501,623
Tmem136,487,520,484,616,620,661
Tmem138,110,133,151,153,162,180
Tmem139,0,1,0,2,0,4
Tmem140,23,17,20,32,30,24
Tmem141,237,317,258,126,152,130
Tmem143,380,441,337,199,214,202
Tmem144,160,137,164,18,19,16
Tmem145,676,816,867,1081,1150,1027
Tmem146,10,12,18,46,60,47
Tmem147,713,831,967,907,922,821
Tmem149,127,154,178,358,370,333
Tmem14a,593,534,589,125,121,117
Tmem14c,404,421,400,343,396,330
Tmem150,141,184,161,530,561,500
Tmem150c,1288,1385,1345,1328,1655,1405
Tmem151a,4195,5253,4091,246,317,261
Tmem151b,2750,3954,3242,2827,2673,2414
Tmem154,7,8,4,18,21,21
Tmem158,359,512,327,131,137,163
Tmem159,243,244,228,40,37,37
Tmem160,545,622,466,289,275,223
Tmem161a,485,527,548,693,619,579
Tmem161b,342,259,273,371,331,443
Tmem162,0,5,5,2,2,0
Tmem163,441,557,421,230,258,246
Tmem164,939,874,818,988,843,852
Tmem165,580,540,448,538,467,567
Tmem167,1043,989,1019,1467,1162,1515
Tmem167b,1106,1008,1036,1133,1220,1306
Tmem168,347,323,250,524,459,603
Tmem169,355,392,336,641,617,651
Tmem17,109,103,115,97,114,104
Tmem170,43,76,60,65,46,40
Tmem171,2,0,3,2,0,0
Tmem173,32,69,47,10,17,11
Tmem174,5,3,7,0,0,0
Tmem175,492,498,566,278,285,324
Tmem176a,220,243,239,34,31,30
Tmem176b,509,503,521,317,259,246
Tmem177,162,201,189,380,315,350
Tmem178,1375,1356,1602,675,526,567
Tmem179,2618,3301,2881,757,947,751
Tmem179b,70,74,75,75,99,93
Tmem18,801,777,767,461,467,529
Tmem180,544,632,546,212,277,253
Tmem181a,2856,2725,4317,2588,3160,3028
Tmem181b-ps,4960,4645,7517,5056,6185,5904
Tmem182,1,0,0,0,0,0
Tmem183a,1255,1273,1204,2233,2179,2200
Tmem184a,9,11,11,4,4,6
Tmem184b,1509,1752,1510,849,703,725
Tmem184c,1447,1397,1211,971,887,1100
Tmem185b,218,238,184,191,154,181
Tmem186,398,481,539,715,676,648
Tmem188,451,421,464,653,543,712
Tmem189,679,844,666,416,392,337
Tmem19,871,877,854,700,684,733
Tmem190,5,10,8,4,3,2
Tmem191c,1574,1951,1827,311,333,307
Tmem192,298,273,235,113,109,117
Tmem194,129,102,126,380,326,345
Tmem194b,76,49,88,351,278,317
Tmem195,117,81,97,6,0,4
Tmem198,1235,1491,1118,598,607,531
Tmem199,597,610,588,433,447,423
Tmem2,470,433,412,1980,1346,1841
Tmem20,43,54,57,42,35,34
Tmem200a,339,298,283,315,329,420
Tmem201,1795,2130,1903,1608,1428,1450
Tmem202,47,20,33,1,4,3
Tmem203,166,142,130,136,120,111
Tmem204,188,185,205,66,47,55
Tmem205,340,364,325,181,200,143
Tmem206,222,222,217,706,523,593
Tmem208,277,329,301,396,426,382
Tmem209,570,550,521,671,623,736
Tmem210,13,13,21,6,7,6
Tmem211,1,1,0,0,2,1
Tmem212,31,22,23,0,0,0
Tmem213,1,0,0,0,0,1
Tmem214,1052,1239,1174,1100,938,926
Tmem215,223,232,189,6,9,11
Tmem216,122,101,122,181,205,182
Tmem217,1,1,0,0,0,0
Tmem218,242,273,267,180,152,121
Tmem219,149,156,169,186,159,172
Tmem220,23,43,25,17,15,23
Tmem221,2,4,4,1,1,0
Tmem222,1170,1380,1409,943,1105,923
Tmem223,433,398,343,657,571,586
Tmem224,126,122,125,95,86,98
Tmem225,0,0,0,0,0,0
Tmem229a,1506,1523,1206,113,112,134
Tmem229b,650,812,715,2888,2753,2785
Tmem231,100,103,85,84,91,95
Tmem232,37,44,37,1,2,4
Tmem25,1087,1048,1116,193,179,178
Tmem26,1,3,1,14,12,17
Tmem27,1,0,1,0,0,0
Tmem28,563,591,535,379,325,315
Tmem29,314,338,285,458,382,486
Tmem30a,9112,7913,7306,2225,1939,2860
Tmem30b,1,0,0,0,0,0
Tmem30c,4,5,8,19,27,33
Tmem33,2428,2128,2029,1838,1624,2067
Tmem35,996,1063,1054,1914,2031,2021
Tmem37,14,10,18,7,3,2
Tmem38a,1962,2441,2415,415,415,393
Tmem38b,245,263,241,186,163,174
Tmem39a,156,175,174,295,215,255
Tmem39b,149,179,147,462,386,396
Tmem40,26,33,19,1,3,0
Tmem41a,259,252,297,201,223,172
Tmem41b,556,601,510,528,512,550
Tmem42,178,224,190,76,123,102
Tmem43,720,713,668,1131,1084,1045
Tmem44,1764,2433,2119,5476,5519,5300
Tmem45a,8,23,8,10,8,10
Tmem45b,0,1,1,9,2,5
Tmem47,2980,2691,1996,469,329,427
Tmem48,483,399,387,683,593,701
Tmem49,1969,1768,1682,604,689,702
Tmem5,511,454,396,274,336,320
Tmem50a,1679,1612,1574,1203,1301,1046
Tmem50b,2055,2027,1877,1057,1133,1148
Tmem51,65,111,82,49,39,20
Tmem52,28,5,26,1,0,1
Tmem53,42,51,44,35,25,25
Tmem54,2,1,1,0,0,0
Tmem55a,836,821,687,626,558,666
Tmem55b,1047,1159,1262,954,876,867
Tmem56,1620,1398,1283,290,218,333
Tmem57,1607,1613,1547,3956,3703,3976
Tmem59,2778,2776,2438,1359,1258,1388
Tmem59l,3859,4076,3891,486,609,586
Tmem60,295,260,271,182,187,186
Tmem61,0,3,1,0,0,0
Tmem62,475,544,530,221,283,265
Tmem63a,661,931,758,33,17,16
Tmem63b,2703,3257,3150,4258,4195,3689
Tmem63c,775,965,981,441,510,526
Tmem64,1179,1221,1076,218,179,198
Tmem65,2015,2110,2016,1721,1517,1806
Tmem66,4122,4582,4524,1801,1818,1762
Tmem67,297,284,311,555,454,580
Tmem68,728,602,646,532,465,678
Tmem69,109,55,68,110,124,142
Tmem70,707,739,665,471,475,499
Tmem71,8,11,9,5,5,3
Tmem72,98,94,74,1,1,2
Tmem74,287,248,189,980,902,1161
Tmem79,28,22,17,30,32,22
Tmem8,280,358,413,92,101,102
Tmem80,420,506,515,506,476,474
Tmem81,51,63,70,45,44,42
Tmem82,48,5,48,3,4,2
Tmem85,1730,1973,1952,870,898,850
Tmem86a,218,267,259,164,128,138
Tmem86b,76,101,95,225,198,170
Tmem87a,715,684,682,615,615,660
Tmem87b,935,827,890,988,956,1063
Tmem88,53,29,40,13,17,12
Tmem88b,926,1344,766,9,13,17
Tmem89,3,2,1,0,0,0
Tmem8b,2402,2561,2309,2038,1887,1732
Tmem8c,9,7,4,1,0,0
Tmem9,1004,1189,1230,957,894,806
Tmem90a,1037,1513,1255,195,247,231
Tmem90b,768,655,843,188,217,223
Tmem91,347,487,401,100,99,82
Tmem92,0,0,0,0,0,0
Tmem93,683,664,547,587,536,594
Tmem97,218,251,245,192,211,171
Tmem98,251,282,222,244,170,208
Tmem9b,1731,1691,1415,568,605,627
Tmf1,1055,996,884,794,657,781
Tmhs,67,84,75,58,55,70
Tmie,135,151,107,21,28,16
Tmigd1,0,0,0,0,0,0
Tmlhe,0,0,0,0,0,0
Tmod1,749,759,733,5,4,4
Tmod2,15467,13025,13098,9901,9273,11665
Tmod3,604,594,508,1443,1385,1390
Tmod4,5,2,1,14,12,14
Tmpo,513,514,509,2836,1935,2552
Tmprss11a,14,8,10,0,0,0
Tmprss11b,0,0,0,1,0,0
Tmprss11c,0,0,0,0,0,0
Tmprss11d,0,0,0,0,0,0
Tmprss11e,0,0,0,0,0,2
Tmprss11f,0,0,0,0,0,0
Tmprss12,0,0,1,0,0,0
Tmprss13,0,1,1,1,2,0
Tmprss2,0,2,0,1,1,0
Tmprss3,2,2,1,0,0,0
Tmprss4,7,10,7,1,0,1
Tmprss5,14,25,18,15,25,23
Tmprss6,18,8,20,6,10,3
Tmprss7,39,25,51,18,22,19
Tmprss8,6,11,8,0,2,2
Tmprss9,19,19,18,14,7,8
Tmsb10,1724,1986,1113,8949,8758,7555
Tmsb15a,0,0,0,0,0,0
Tmsb15b1,17,17,18,49,35,64
Tmsb15b1-Tmsb15b2,12,10,7,38,36,8
Tmsb15b2,11,12,26,64,76,58
Tmsb4x,8418,8070,8579,18106,19108,17712
Tmtc1,2410,2170,2261,1239,1197,1351
Tmtc2,264,289,269,398,318,424
Tmtc3,325,249,260,352,293,442
Tmtc4,259,260,238,634,541,661
Tmub1,293,372,279,267,270,249
Tmub2,1141,1321,1204,854,862,817
Tmx1,857,971,975,1444,1258,1335
Tmx2,3110,3091,2858,1148,1241,1254
Tmx3,1466,1220,1170,831,707,1052
Tmx4,6519,6483,5688,3190,3033,3618
Tnc,141,297,132,7395,7040,7627
Tnf,0,1,1,1,0,0
Tnfaip1,1061,1159,1088,1748,1706,1681
Tnfaip2,46,34,40,4,5,6
Tnfaip3,107,167,120,98,83,104
Tnfaip6,165,166,165,31,18,27
Tnfaip8,155,164,139,101,100,106
Tnfaip8l1,90,115,88,122,111,128
Tnfaip8l2,38,41,39,10,11,11
Tnfaip8l3,372,308,266,27,37,36
Tnfrsf10b,25,17,14,18,17,19
Tnfrsf11a,173,164,177,26,30,21
Tnfrsf11b,55,37,32,15,4,9
Tnfrsf12a,63,92,56,10,14,15
Tnfrsf13b,31,36,31,7,1,11
Tnfrsf13c,11,4,2,3,11,5
Tnfrsf14,9,14,12,1,2,1
Tnfrsf17,1,4,6,0,1,1
Tnfrsf18,68,88,96,112,111,97
Tnfrsf19,1277,1665,1319,932,962,944
Tnfrsf1a,152,202,160,118,115,89
Tnfrsf1b,110,124,101,54,52,42
Tnfrsf21,1968,2003,1677,1460,1351,1389
Tnfrsf22,21,32,24,62,57,68
Tnfrsf23,20,30,22,34,33,48
Tnfrsf25,65,173,97,26,21,18
Tnfrsf26,1,0,2,2,2,3
Tnfrsf4,13,13,12,32,22,14
Tnfrsf8,28,33,27,6,12,3
Tnfrsf9,14,9,10,0,2,1
Tnfsf10,46,46,61,2,3,3
Tnfsf11,0,1,0,3,2,0
Tnfsf12,105,90,79,22,22,24
Tnfsf12-Tnfsf13,18,14,14,1,4,3
Tnfsf13,15,11,9,6,5,2
Tnfsf13b,20,37,35,7,3,8
Tnfsf14,1,0,2,0,0,0
Tnfsf15,0,1,0,0,0,1
Tnfsf18,1,1,0,0,0,0
Tnfsf4,0,0,0,0,0,0
Tnfsf8,2,0,0,0,0,0
Tnfsf9,9,15,9,82,79,54
Tnik,5750,5277,5385,7655,6710,7440
Tnip1,694,703,659,227,274,222
Tnip2,351,327,365,119,129,121
Tnip3,1,0,0,0,0,0
Tnk1,1,1,0,4,3,7
Tnk2,5638,6593,5972,2218,2076,1979
Tnks,2195,2076,1990,4232,3252,4178
Tnks1bp1,2372,2796,2412,1563,1540,1307
Tnks2,2608,2668,2472,3127,2434,3209
Tnmd,8,9,8,0,2,0
Tnn,8,13,14,8,8,10
Tnnc1,167,296,232,14,17,10
Tnnc2,0,1,0,0,0,1
Tnni1,82,94,80,2,0,1
Tnni2,1,9,5,0,1,0
Tnni3,19,21,18,20,13,11
Tnni3k,6,6,2,1,0,1
Tnnt1,210,183,118,6,4,4
Tnnt2,91,112,163,1,0,1
Tnnt3,1,3,3,1,2,4
Tnp1,0,0,0,0,0,0
Tnp2,0,0,1,0,0,0
Tnpo1,1806,1451,1706,4379,3576,4448
Tnpo2,3820,4052,4313,4850,4739,4096
Tnpo3,1886,1862,1858,3497,3356,3200
Tnr,1803,1927,1930,969,879,952
Tnrc18,1628,1939,1366,6693,4963,5432
Tnrc6a,2043,1983,2124,3403,2954,3131
Tnrc6b,3252,3101,3056,4369,3279,3944
Tnrc6c,2559,2758,2854,6043,4983,5096
Tns1,766,690,814,305,219,212
Tns3,1917,2030,1852,838,592,670
Tns4,10,15,8,0,2,0
Tnxb,183,134,154,21,28,25
Tob1,839,838,657,602,449,528
Tob2,875,810,684,572,419,419
Toe1,148,171,181,277,299,256
Tollip,3610,3297,3468,2160,2033,2075
Tom1,1221,1290,1045,241,273,281
Tom1l1,517,506,470,235,217,250
Tom1l2,7059,7348,7164,2474,2318,2302
Tomm20,1059,1136,1127,768,778,819
Tomm20l,3,0,1,3,6,5
Tomm22,812,720,667,738,768,885
Tomm34,1394,1388,1522,666,688,692
Tomm40,1321,1591,1414,1149,1129,897
Tomm40l,436,537,460,228,209,205
Tomm5,412,438,363,272,310,303
Tomm6,84,75,92,70,63,82
Tomm7,753,938,823,781,768,630
Tomm70a,6107,5220,4933,3350,3637,4076
Tomt,5,2,4,15,10,13
Top1,2153,2030,1874,4746,4295,4560
Top1mt,286,359,306,190,280,187
Top2a,39,93,48,3728,2577,2963
Top2b,3054,2940,2459,10506,8685,11579
Top3a,176,138,169,389,350,312
Top3b,830,858,1032,1304,1180,1224
Topbp1,463,490,489,1581,1259,1560
Topors,605,642,536,1045,806,1022
Tor1a,585,617,608,749,692,620
Tor1aip1,581,529,468,337,263,305
Tor1aip2,390,323,388,372,251,298
Tor1b,779,843,808,940,954,884
Tor2a,345,332,312,372,387,395
Tor3a,214,197,198,55,53,50
Tox,549,493,496,1175,957,1126
Tox2,857,801,636,391,435,373
Tox3,352,316,309,1069,876,1030
Tox4,1400,1408,1480,1647,1594,1523
Tpbg,366,384,365,138,105,121
Tpbpa,0,0,0,0,0,0
Tpbpb,0,0,0,0,0,0
Tpcn1,1115,1351,1064,950,840,840
Tpcn2,56,38,60,45,46,39
Tpd52,1193,1189,1017,335,399,434
Tpd52l1,461,515,429,84,69,107
Tpd52l2,872,1040,986,1080,1022,1073
Tph1,1,4,9,4,4,3
Tph2,24,24,30,4,8,5
Tpi-rs8,0,0,0,0,0,0
Tpi1,9800,10065,9888,2367,2468,1979
Tpk1,37,56,37,41,59,56
Tpm1,4348,4766,4393,1536,1696,1552
Tpm2,217,288,234,77,70,40
Tpm3,3344,3456,3147,4671,5167,4206
Tpm3-rs2,0,0,0,0,0,0
Tpm4,473,484,422,1558,1332,1461
Tpmt,82,62,66,64,62,74
Tpo,9,7,11,4,2,8
Tpp1,1277,1194,1289,347,276,344
Tpp2,1354,1165,1162,1451,1305,1755
Tppp,13193,15542,14043,518,653,538
Tppp2,0,0,0,0,0,1
Tppp3,1038,939,954,157,197,116
Tpr,3360,3383,3130,4981,4643,5322
Tpra1,458,516,476,360,361,320
Tprg,0,0,0,2,0,0
Tprgl,2956,3006,2707,1352,1305,1311
Tprkb,1096,1131,1064,532,642,663
Tprn,482,525,425,250,248,218
Tpsab1,1,0,1,0,0,0
Tpsb2,5,1,4,0,0,0
Tpsg1,1,0,2,6,11,1
Tpst1,533,603,557,428,408,449
Tpst2,553,581,541,269,223,239
Tpt1,3480,4097,4534,11868,11426,11323
Tpt1p,7494,8255,8213,23145,22181,22055
Tpte,2,0,4,0,3,0
Tpx2,62,75,64,1189,786,834
Tra2a,1023,1093,1325,2504,2313,2130
Tra2b,1308,1219,995,3042,2718,3152
Tradd,133,148,115,177,186,175
Traf1,19,33,18,6,8,4
Traf2,193,217,229,342,287,248
Traf3,1529,2250,1438,1475,1184,1290
Traf3ip1,519,572,558,595,561,512
Traf3ip2,158,147,149,398,368,387
Traf3ip3,18,10,16,6,5,13
Traf4,175,242,192,2209,1954,1807
Traf5,40,53,41,20,15,16
Traf6,471,484,465,786,720,801
Traf7,783,908,979,2305,2201,1945
Trafd1,1371,1548,1612,2882,2671,2440
Traip,167,238,232,262,272,243
Trak1,4660,5590,4575,5080,4659,4697
Trak2,5297,5792,4755,2011,1711,2051
Tram1,637,528,478,534,511,545
Tram1l1,599,672,545,512,456,427
Tram2,48,51,38,131,124,114
Trank1,7609,6936,10011,2432,2881,2577
Trap1,1496,1441,1515,1057,1010,980
Trap1a,0,0,0,0,0,0
Trappc1,464,503,420,638,666,561
Trappc10,2537,2522,2715,2096,1905,2083
Trappc2,648,532,514,228,248,280
Trappc2l,588,570,592,504,559,470
Trappc3,1338,1381,1435,1736,1827,1481
Trappc4,703,899,742,1563,1533,1384
Trappc5,735,841,800,1056,1208,1087
Trappc6a,100,109,90,63,67,73
Trappc6b,1225,1203,1089,722,813,728
Trappc9,1721,1789,1717,1284,1170,1123
Trat1,14,7,16,9,2,8
Trcg1,2,3,2,1,2,2
Trdmt1,96,134,101,173,183,223
Trdn,4,3,4,0,0,0
Treh,1,2,1,0,0,0
Trem1,0,0,0,0,0,0
Trem2,266,287,311,54,44,34
Trem3,2,1,1,0,1,1
Treml1,3,4,1,0,0,3
Treml2,6,7,7,1,5,0
Treml4,0,2,1,0,0,1
Trerf1,845,935,937,672,549,553
Trex1,0,0,0,0,0,0
Trex2,0,0,1,1,1,0
Trf,5463,7869,6076,182,143,140
Trfr2,112,127,109,47,67,60
Trh,147,185,102,8,11,16
Trhde,727,713,665,128,104,111
Trhr,103,113,84,35,54,67
Trhr2,45,46,72,2,3,4
Triap1,225,263,228,315,328,277
Trib1,499,658,381,284,253,228
Trib2,1081,1243,890,2734,2467,2556
Trib3,6,4,15,7,4,11
Trim10,4,1,1,1,2,1
Trim11,534,613,512,628,508,555
Trim12,93,72,79,28,25,23
Trim13,151,157,111,421,456,442
Trim14,12,8,14,3,2,2
Trim15,8,13,5,5,8,8
Trim16,38,48,37,82,76,92
Trim17,125,103,138,85,61,87
Trim2,8780,7238,7742,10310,8199,10641
Trim21,58,44,67,10,10,8
Trim23,1640,1301,1232,1046,797,1272
Trim24,701,711,630,1828,1780,1916
Trim25,221,235,186,133,116,113
Trim26,541,581,496,607,576,545
Trim27,488,589,471,1116,1061,1076
Trim28,2299,2474,2314,8287,7772,7195
Trim29,7,6,4,0,0,0
Trim3,2607,2883,2827,2121,2215,1988
Trim30,72,50,67,5,6,13
Trim31,0,0,1,0,0,1
Trim32,4390,4416,4575,3293,3226,3394
Trim33,1864,1695,1641,2974,2389,3243
Trim34,33,37,42,3,9,10
Trim35,3030,3634,3372,6229,5401,5612
Trim36,151,211,126,514,408,449
Trim37,9963,9925,9864,4483,4259,4774
Trim38,2,6,1,2,0,1
Trim39,587,549,588,964,846,823
Trim40,4,6,3,1,0,0
Trim41,1730,1894,1803,1521,1505,1264
Trim42,0,1,0,0,1,2
Trim43c,18,25,24,13,15,14
Trim44,9329,9463,8776,7738,7926,8041
Trim45,206,272,263,497,468,385
Trim46,1674,2005,1818,2686,2824,2482
Trim47,95,91,57,59,66,65
Trim5,33,30,22,6,9,12
Trim50,0,0,0,0,0,0
Trim52,0,0,0,0,0,0
Trim54,15,16,3,0,0,0
Trim55,0,0,0,0,0,0
Trim56,345,331,308,224,163,190
Trim58,0,0,1,0,0,0
Trim59,323,461,262,693,495,744
Trim6,9,0,6,4,3,3
Trim60,0,0,0,1,0,0
Trim61,1,3,0,0,0,0
Trim62,578,648,469,521,493,573
Trim63,2,3,3,0,2,0
Trim65,135,165,129,82,59,77
Trim66,920,899,1007,55,56,64
Trim67,137,174,87,6876,6722,6981
Trim68,84,82,118,78,79,70
Trim69,0,1,2,0,0,0
Trim7,45,49,51,48,59,57
Trim71,8,19,20,7,2,5
Trim72,36,23,39,10,11,16
Trim75,3,6,3,1,0,0
Trim79,33,32,32,3,0,3
Trim8,1708,1903,1495,1717,1578,1456
Trim9,6080,6686,6552,2070,1757,1835
Triml1,0,0,0,0,0,0
Trio,5121,5419,5175,8130,6154,7875
Triobp,268,348,258,3497,2969,2869
Trip10,161,148,165,140,134,100
Trip11,941,912,782,733,550,771
Trip12,4759,4169,3927,6042,5165,6652
Trip13,10,11,16,232,197,217
Trip4,813,659,717,485,494,542
Trip6,90,125,84,278,213,178
Trit1,299,277,345,668,634,580
Trmt1,1206,1275,1356,1261,1274,1212
Trmt11,124,82,97,135,130,174
Trmt112,598,794,752,1131,1101,761
Trmt12,222,227,262,165,158,167
Trmt2a,263,290,318,574,563,493
Trmt2b,282,237,236,97,84,100
Trmt5,182,170,196,152,146,134
Trmt6,587,502,633,693,654,662
Trmt61a,423,491,426,381,382,307
Trmt61b,106,116,88,108,111,81
Trmu,299,338,394,552,553,535
Trnau1ap,248,329,289,635,629,527
Trnp1,2324,2272,2478,270,283,276
Trnt1,844,823,796,771,772,832
Tro,4561,5199,5354,5741,5764,5893
Troap,2,5,4,160,100,98
Trove2,1562,1354,1247,2506,1702,2742
Trp53,311,276,312,1085,917,879
Trp53bp1,2665,2830,2634,7099,6328,6453
Trp53bp2,998,895,972,1657,1305,1425
Trp53i11,1819,1868,1829,5450,4586,4070
Trp53i13,114,157,98,116,98,98
Trp53inp1,445,325,310,1445,981,1414
Trp53inp2,4639,6024,4396,3194,2962,3065
Trp53rk,224,270,207,332,336,280
Trp53tg5,4,7,12,3,8,9
Trp63,7,21,10,4,10,6
Trp73,42,49,58,267,265,268
Trpa1,3,5,5,1,6,6
Trpc1,715,692,734,267,256,301
Trpc2,415,456,528,1242,1153,1068
Trpc3,479,556,497,176,164,176
Trpc4,517,524,503,530,496,548
Trpc4ap,3644,3878,3552,3827,3774,3712
Trpc5,299,284,224,152,171,217
Trpc6,187,157,199,4,5,12
Trpc7,68,91,73,99,87,95
Trpd52l3,0,0,0,0,0,0
Trpm1,4,4,7,3,6,2
Trpm2,1068,1139,1245,201,205,220
Trpm3,1910,1588,1631,600,587,706
Trpm4,280,274,323,183,209,174
Trpm5,4,4,7,0,1,2
Trpm6,32,36,20,12,16,16
Trpm7,1252,943,1071,1512,1279,1891
Trpm8,1,3,1,4,1,5
Trps1,320,316,294,254,206,232
Trpt1,156,134,131,142,126,106
Trpv1,4,4,2,1,1,1
Trpv2,335,416,357,333,359,317
Trpv3,23,29,29,4,7,8
Trpv4,104,101,83,6,6,10
Trpv5,0,0,0,0,0,0
Trpv6,143,194,160,116,137,143
Trrap,4470,4907,4998,7923,5697,7092
Trub1,425,396,429,494,473,482
Trub2,523,465,582,756,647,682
Try10,0,0,0,0,0,0
Try4,0,0,0,0,0,0
Try5,0,0,0,0,0,0
Tsc1,2029,2166,2450,3525,3274,3226
Tsc2,2667,2930,3058,3490,3213,3130
Tsc22d1,8207,7837,8412,13338,12359,12573
Tsc22d2,1106,983,880,1133,921,1265
Tsc22d3,2488,1607,2072,752,758,726
Tsc22d4,1681,1626,1542,454,403,388
Tsen15,262,230,287,168,162,184
Tsen2,251,269,270,498,541,470
Tsen34,721,842,659,1087,1096,1006
Tsen54,168,200,165,368,382,320
Tsfm,247,298,258,304,264,259
Tsg101,824,822,719,1792,1696,1677
Tsga10,404,411,393,603,547,664
Tsga10ip,2,0,1,0,0,0
Tsga13,4,0,2,3,2,4
Tsga14,138,151,117,233,202,239
Tsga8,0,0,0,0,0,0
Tshb,9,7,6,3,3,5
Tshr,11,16,10,30,68,57
Tshz1,959,966,921,1551,1158,1247
Tshz2,332,297,226,134,136,114
Tshz3,785,721,713,2355,2314,2325
Tsix,5,4,3,6,5,7
Tsks,26,31,26,5,1,2
Tsku,61,59,61,249,244,254
Tslp,0,3,3,0,2,1
Tsn,1507,1378,1336,3405,3192,3331
Tsnax,4321,3990,5251,2154,2027,1911
Tsnaxip1,6,22,12,21,19,18
Tspan1,2,5,7,5,6,10
Tspan10,0,1,1,0,0,0
Tspan11,147,142,155,418,326,318
Tspan12,336,363,343,246,237,281
Tspan13,2885,2389,2169,2287,2186,2435
Tspan14,795,1081,929,1919,1641,1546
Tspan15,290,528,297,121,99,81
Tspan17,497,661,678,189,210,154
Tspan18,177,199,162,1335,1131,1075
Tspan2,3261,4362,2415,240,186,254
Tspan3,5619,6327,6171,3321,3149,3074
Tspan31,419,512,484,494,458,450
Tspan32,7,2,2,3,5,5
Tspan33,631,595,567,82,61,53
Tspan4,167,175,177,130,146,134
Tspan5,4217,3847,4246,2578,2935,2556
Tspan6,246,267,179,1239,1213,1452
Tspan7,18238,20034,21118,3081,2698,2811
Tspan8,8,5,4,0,1,0
Tspan9,1071,1573,1173,1096,1063,1022
Tspo,61,44,44,17,10,15
Tspyl1,4243,4109,3545,1929,1865,1949
Tspyl2,2679,3048,2857,1698,1686,1549
Tspyl3,646,747,708,701,752,690
Tspyl4,10949,11124,10204,3912,4092,4407
Tspyl5,394,366,308,172,162,163
Tsr1,758,800,860,951,1039,1007
Tsr2,1601,1595,1660,767,792,793
Tssc1,850,972,893,743,720,567
Tssc4,626,787,721,838,885,765
Tssk1,4,1,2,0,6,3
Tssk2,2,5,1,3,6,9
Tssk3,3,3,5,4,5,0
Tssk4,6,1,11,21,15,17
Tssk5,0,0,1,0,1,2
Tssk6,21,42,25,60,58,44
Tst,286,444,267,151,123,115
Tsta3,378,425,456,716,652,579
Tstd2,203,238,243,566,508,564
Tsx,0,0,3,10,4,9
Ttbk1,2492,3016,2534,1662,1422,1381
Ttbk2,2262,1963,1749,2061,1749,2370
Ttc1,857,768,793,589,661,586
Ttc12,51,56,50,15,28,21
Ttc13,766,798,687,1262,1125,1311
Ttc14,3165,2500,3188,2735,2364,3145
Ttc15,1377,1523,1411,956,816,852
Ttc16,28,23,29,19,27,23
Ttc17,955,924,907,858,864,808
Ttc18,27,33,37,16,10,13
Ttc19,2203,2071,2147,932,918,1139
Ttc21a,73,64,62,5,6,7
Ttc21b,338,306,228,512,512,636
Ttc22,26,41,29,13,10,10
Ttc23,67,62,75,121,79,95
Ttc23l,0,0,0,0,0,0
Ttc24,1,1,0,0,0,0
Ttc25,51,50,59,26,19,23
Ttc26,218,234,216,325,298,359
Ttc27,377,398,417,392,439,414
Ttc28,532,650,449,16758,12102,14578
Ttc29,7,8,10,1,0,1
Ttc3,21623,20693,19631,24164,22594,24520
Ttc30a1,124,118,127,166,148,229
Ttc30a2,86,76,80,112,92,121
Ttc30b,304,251,276,271,229,290
Ttc32,41,32,27,32,34,31
Ttc33,916,907,875,586,623,591
Ttc34,52,71,48,27,16,18
Ttc35,673,605,574,285,313,340
Ttc36,3,7,5,7,3,4
Ttc37,503,487,524,779,675,880
Ttc38,189,181,228,144,116,116
Ttc39a,60,79,74,12,17,19
Ttc39b,1801,1488,1453,526,334,474
Ttc39c,429,383,382,298,275,267
Ttc39d,2,2,2,1,2,3
Ttc4,858,885,947,1441,1560,1553
Ttc5,472,474,460,899,855,802
Ttc7,229,208,238,93,94,91
Ttc7b,4354,4133,4407,821,818,767
Ttc8,396,392,470,386,284,347
Ttc9,708,878,649,839,647,769
Ttc9b,1984,2788,2433,1159,1277,1019
Ttc9c,670,586,577,1248,990,1138
Ttf1,261,278,342,531,459,520
Ttf2,57,61,40,248,182,179
Ttk,8,7,4,186,164,168
Ttl,2030,2246,2332,2121,2275,2095
Ttll1,911,1115,1047,1853,1824,1589
Ttll10,3,3,4,0,0,1
Ttll11,787,733,841,144,123,115
Ttll12,383,479,331,1428,1303,1340
Ttll13,21,20,29,17,10,6
Ttll2,1,0,0,1,4,1
Ttll3,117,135,121,117,116,115
Ttll4,455,464,526,1891,1597,1844
Ttll5,830,873,787,557,492,495
Ttll6,6,10,10,4,0,0
Ttll7,7524,6804,5779,686,604,801
Ttll8,46,36,49,8,9,14
Ttll9,26,19,17,35,29,12
Ttn,51,37,57,56,46,60
Ttpa,86,80,56,22,15,22
Ttpal,1474,1372,1271,902,893,1054
Ttr,14263,14852,11719,5,4,8
Ttrap,331,290,273,433,379,477
Ttyh1,11764,11579,11177,1743,1504,1529
Ttyh2,924,1290,985,429,344,366
Ttyh3,7144,7693,6552,13286,11185,10887
Tub,4764,5246,5259,7785,7156,7482
Tuba1a,20485,27112,21861,176129,187982,173678
Tuba1b,15584,19593,18598,79912,83181,72942
Tuba1c,12928,15679,13451,80025,79634,72589
Tuba3a,5,0,3,0,0,0
Tuba3b,1,0,0,3,3,3
Tuba4a,7297,8035,8344,165,211,180
Tuba8,180,176,227,0,1,1
Tubal3,0,1,0,0,1,1
Tubb1,2,2,4,3,2,4
Tubb2a,12237,18049,15234,66080,73977,63113
Tubb2b,7710,12214,10023,118713,132458,112437
Tubb2c,4564,6139,5686,3203,3257,2785
Tubb3,7672,10029,7613,41737,42677,38308
Tubb4,19381,24840,22392,8422,8811,7670
Tubb5,8881,11914,10252,77332,72924,67162
Tubb6,65,98,88,161,119,133
Tubd1,114,95,138,109,116,110
Tube1,42,40,40,171,126,136
Tubg1,972,1145,1122,1251,1114,1001
Tubg2,1185,1365,1166,584,656,629
Tubgcp2,732,935,787,1524,1682,1638
Tubgcp3,938,849,772,1073,878,986
Tubgcp4,371,370,363,640,502,626
Tubgcp5,641,576,670,606,475,686
Tubgcp6,990,1093,1050,1389,1144,1123
Tufm,734,868,988,1162,1242,1002
Tuft1,59,41,76,83,91,85
Tug1,2612,2195,2167,3438,3564,4616
Tulp1,1,1,4,8,4,6
Tulp2,12,3,4,4,7,5
Tulp3,395,388,409,546,450,523
Tulp4,6199,6085,5910,14617,12148,13727
Tusc1,97,117,68,90,74,83
Tusc2,492,584,703,417,406,264
Tusc3,2879,2744,2683,1452,1574,1590
Tusc5,15,17,18,19,15,12
Tut1,482,542,596,755,650,645
Twf1,981,968,983,1241,1121,1210
Twf2,622,671,677,404,407,330
Twist1,13,16,11,2,3,1
Twist2,13,21,18,0,0,2
Twistnb,80,96,113,112,85,137
Twsg1,808,774,703,1469,1080,1338
Txk,0,7,4,0,1,0
Txlna,1080,1311,1145,2236,1925,1788
Txlnb,58,35,34,7,2,10
Txn1,653,626,548,968,1005,890
Txn2,1875,2104,2173,1731,1743,1507
Txndc11,573,698,615,659,579,657
Txndc12,531,499,435,608,634,547
Txndc15,1228,1252,1059,862,918,927
Txndc16,2013,1889,1814,1322,1324,1442
Txndc17,347,425,334,549,562,535
Txndc2,5,1,2,1,1,2
Txndc3,1,0,3,0,1,1
Txndc5,1322,1437,1235,801,895,820
Txndc8,0,0,0,0,0,0
Txndc9,755,701,568,842,806,862
Txnip,576,417,440,823,781,725
Txnl1,1418,1250,1100,1080,1068,1150
Txnl4a,321,358,283,571,487,545
Txnl4b,325,321,300,170,167,157
Txnrd1,1310,1627,1328,4598,3923,3856
Txnrd2,246,271,282,203,251,193
Txnrd3,95,131,78,286,268,281
Tyk2,376,412,398,479,472,495
Tymp,86,131,90,62,75,72
Tyms,29,34,23,314,242,249
Tyr,0,1,1,0,0,2
Tyro3,4597,4900,5058,903,859,789
Tyrobp,188,187,206,20,25,15
Tyrp1,7,2,4,2,2,2
Tysnd1,357,506,374,482,521,428
Tyw1,396,377,427,603,563,513
Tyw3,309,268,260,307,255,305
U1,368,242,1021,543,337,284
U11,0,1,0,3,0,0
U12,0,0,0,0,0,1
U2,19,37,42,55,23,56
U2af1,459,590,545,1034,1205,837
U2af1l4,21,12,10,4,13,6
U2af2,2482,3265,2983,5049,4784,4374
U3,25,21,28,41,16,33
U4,14,16,28,29,19,24
U46068,3,0,0,1,3,2
U4atac,0,0,0,2,1,2
U5,1,0,1,1,0,0
U6,274,182,241,257,239,342
U6atac,6,6,9,13,8,16
U7,5,2,0,4,2,4
U8,1,1,0,3,2,1
U90926,0,0,1,0,0,0
Uaca,295,441,321,733,599,481
Uap1,1134,1056,1103,787,761,746
Uap1l1,329,330,379,30,34,23
Uba1,8366,9091,8862,19064,18795,17432
Uba2,2046,1830,1977,2789,2508,2559
Uba3,1049,1053,1141,1311,1186,1386
Uba5,909,989,993,1105,1082,1307
Uba52,420,626,513,530,521,365
Uba6,476,459,385,694,524,810
Uba7,44,41,55,4,8,7
Ubac1,668,657,620,922,930,763
Ubac2,672,680,674,482,467,461
Ubap1,914,1039,836,870,777,769
Ubap2,1168,1281,1193,2988,2474,2599
Ubap2l,2009,2161,2040,3715,3277,3386
Ubash3a,1,1,2,0,1,0
Ubash3b,823,797,921,670,786,834
Ubb,53959,58694,56903,57720,53648,51079
Ubc,91978,111426,113041,87796,83124,80841
Ubd,0,0,1,1,0,0
Ube1y1,0,0,0,0,0,0
Ube2a,659,588,497,348,346,432
Ube2b,2870,2671,2378,1753,1727,1942
Ube2c,3,10,1,296,186,196
Ube2cbp,36,29,26,36,34,44
Ube2d1,894,707,667,2049,1914,2224
Ube2d2,789,600,507,788,754,996
Ube2d3,2488,2239,2076,2499,2254,2455
Ube2dnl,0,0,0,0,0,0
Ube2e1,688,833,780,771,691,702
Ube2e2,1440,1339,1290,746,696,755
Ube2e3,1088,1093,1026,2055,1949,2243
Ube2f,17,14,26,11,17,21
Ube2g1,1257,1135,922,1657,1475,2048
Ube2g2,546,562,616,688,666,554
Ube2h,3017,2968,2854,3170,3038,2737
Ube2i,2996,2869,2702,4263,4070,3734
Ube2j1,2563,2209,1884,1166,1114,1363
Ube2j2,550,628,545,860,881,842
Ube2k,3466,3389,3124,3042,3262,3279
Ube2l3,1983,1683,1602,1529,1494,1552
Ube2l6,88,67,54,77,44,51
Ube2m,2610,3286,2575,2161,2086,1816
Ube2n,3329,2750,2760,2555,2576,3185
Ube2o,4417,5308,4731,4268,3950,3627
Ube2q1,1935,2072,2006,2169,2062,1930
Ube2q2,1103,1022,940,601,587,630
Ube2ql1,3245,3657,3250,4281,4207,4080
Ube2r2,1648,1659,1617,2647,2466,2256
Ube2s,829,890,696,1506,1501,1295
Ube2t,10,9,22,110,63,83
Ube2u,3,4,0,3,3,4
Ube2v1,24,20,15,33,18,21
Ube2v2,2020,1834,1686,1692,1627,1923
Ube2w,1178,983,1081,702,650,881
Ube2z,2045,2260,1918,2119,2194,1919
Ube3a,2134,1777,1608,1988,1317,2404
Ube3b,2475,2644,2475,2143,1753,1966
Ube3c,2165,1906,1896,2069,1867,2235
Ube4a,1775,1500,1512,2372,2389,2698
Ube4b,2939,2934,2777,4360,4146,4218
Ubfd1,1102,1289,1015,1934,1822,1890
Ubiad1,155,188,201,225,221,232
Ubl3,3525,3620,3369,905,777,876
Ubl4,1171,1390,1436,869,800,796
Ubl4b,0,2,1,0,0,0
Ubl5,1222,1187,1186,1233,1282,994
Ubl7,1071,1006,978,802,756,721
Ublcp1,642,597,659,434,393,508
Ubn1,1294,1306,1333,1494,1374,1361
Ubn2,1697,1467,1540,2716,1935,2683
Ubox5,257,259,308,260,239,283
Ubp1,109,126,153,161,180,197
Ubqln1,4961,4918,5002,4331,4560,4242
Ubqln2,4952,5188,4406,4694,3885,4605
Ubqln3,0,0,0,0,0,0
Ubqln4,2951,3121,3076,2845,2721,2537
Ubqlnl,0,0,1,0,0,0
Ubr1,1499,1328,1376,1612,1346,1829
Ubr2,2084,1922,2200,2547,2102,2376
Ubr3,6146,4873,5075,3215,2621,3614
Ubr4,6135,7043,7184,9381,7852,8267
Ubr5,4597,4407,4715,8432,6622,7836
Ubr7,844,772,766,1011,1033,1015
Ubtd1,160,220,185,115,111,88
Ubtd2,323,393,332,651,587,592
Ubtf,3391,3996,3682,4887,4644,3978
Ubtfl1,0,0,1,0,0,0
Ubxn1,1494,1610,1319,2031,2027,1562
Ubxn10,47,72,52,22,20,15
Ubxn11,372,353,541,245,249,188
Ubxn2a,1123,893,847,404,338,465
Ubxn2b,1629,1391,1464,1196,1015,1168
Ubxn4,1630,1814,1432,1993,1932,1936
Ubxn6,1672,1915,1761,1592,1676,1428
Ubxn7,365,327,294,697,526,766
Ubxn8,398,361,315,97,98,141
Uchl1,10907,12238,9534,9637,10318,9083
Uchl3,195,200,171,346,360,406
Uchl4,276,281,224,535,555,625
Uchl5,919,839,771,332,425,425
Uck1,607,688,597,756,743,709
Uck2,268,336,242,760,713,722
Uckl1,381,465,497,621,613,646
Ucma,17,30,14,1,3,0
Ucn,2,17,3,2,0,0
Ucn2,0,1,0,1,1,1
Ucn3,6,8,1,1,2,1
Ucp1,0,1,3,8,6,6
Ucp2,831,626,763,263,215,202
Ucp3,86,80,96,1,1,1
Uevld,281,248,253,334,252,327
Ufc1,945,876,962,749,759,711
Ufd1l,1277,1070,1117,1197,1252,1275
Ufm1,1257,1259,1237,1237,1292,1345
Ufsp1,158,187,150,45,52,40
Ufsp2,770,710,776,368,395,420
Ugcg,1955,1896,1753,1509,1466,1588
Ugdh,586,564,515,1204,1054,1093
Uggt1,1255,1297,1296,2090,1847,2030
Uggt2,647,540,597,725,701,880
Ugp2,1338,1301,1103,588,600,658
Ugt1a1,0,0,1,0,1,0
Ugt1a10,0,0,0,0,0,0
Ugt1a2,0,0,0,1,1,1
Ugt1a5,0,2,0,0,0,0
Ugt1a6a,26,17,24,4,4,1
Ugt1a6b,4,7,6,2,1,0
Ugt1a7c,13,10,11,1,2,4
Ugt1a8,0,0,0,0,0,0
Ugt1a9,0,0,0,0,0,0
Ugt2a1,0,0,0,0,0,0
Ugt2a3,0,0,0,0,0,0
Ugt2b1,0,0,0,0,0,0
Ugt2b34,0,0,0,0,0,0
Ugt2b35,0,0,0,0,0,0
Ugt2b36,0,0,1,0,0,0
Ugt2b37,0,0,1,0,0,0
Ugt2b38,0,0,0,0,0,0
Ugt2b5,0,0,0,0,0,0
Ugt3a1,0,0,0,0,0,0
Ugt3a2,0,0,0,0,0,0
Ugt8a,861,2192,857,69,35,40
Uhmk1,8719,7936,7641,1746,1579,1981
Uhrf1,19,43,27,958,591,651
Uhrf1bp1,663,749,688,1068,884,914
Uhrf1bp1l,2021,1771,1894,1248,960,1234
Uhrf2,1161,1140,1009,2024,1922,2102
Uimc1,375,359,405,728,745,792
Ulbp1,0,0,0,0,0,0
Ulk1,1922,2083,2039,4189,3639,3719
Ulk2,2669,2747,2687,4201,3741,4538
Ulk3,368,422,475,604,510,535
Ulk4,150,108,163,100,82,99
Umod,0,0,0,0,0,0
Umodl1,10,12,16,2,0,2
Umps,354,404,365,707,639,621
Unc119,386,541,383,746,729,638
Unc119b,753,887,675,1091,805,796
Unc13a,6185,7797,7963,4386,4097,3971
Unc13b,1415,1394,1729,2427,2132,2251
Unc13c,1889,1592,1395,185,155,217
Unc13d,34,23,39,5,12,8
Unc45a,803,1096,898,1534,1417,1249
Unc45b,43,27,31,39,33,32
Unc50,546,577,626,552,535,482
Unc5a,2392,2575,2342,1327,1306,1239
Unc5b,702,1369,593,448,381,372
Unc5c,877,820,761,680,636,822
Unc5cl,5,5,3,2,2,1
Unc5d,422,415,385,1248,693,1027
Unc79,1536,1635,1826,2222,1916,2140
Unc80,8713,7876,8854,430,311,512
Unc84a,2625,2098,2838,2127,1775,1953
Unc84b,1476,1176,1395,2062,1811,1791
Unc93a,0,2,0,3,2,6
Unc93b1,275,363,310,67,48,51
Uncx,6,4,1,10,8,6
Ung,73,48,54,180,141,133
Unk,570,624,553,1401,1197,1174
Unkl,911,1010,825,558,476,558
Uox,19,7,12,0,1,0
Upb1,12,13,14,3,2,3
Upf1,1820,2025,1900,2299,2134,2095
Upf2,1884,1692,1750,1292,1355,1362
Upf3a,986,1175,1033,987,1008,838
Upf3b,577,617,559,1206,1167,1232
Upk1a,4,9,9,14,14,13
Upk1b,10,19,13,0,1,0
Upk2,0,1,1,0,1,0
Upk3a,0,2,0,0,2,1
Upk3b,0,0,0,0,0,0
Upp1,18,34,41,4,10,8
Upp2,501,466,521,121,126,118
Uprt,176,205,159,279,175,228
Uqcc,926,860,920,583,625,570
Uqcr,1113,1474,1379,563,558,588
Uqcr10,1613,2168,1909,827,968,781
Uqcrb,937,781,690,424,501,495
Uqcrc1,4053,4847,4449,2545,2486,2455
Uqcrc2,3406,3169,3179,2305,2287,2430
Uqcrfs1,1732,1738,1551,1242,1212,1351
Uqcrh,1365,1444,1490,968,1009,994
Uqcrq,1816,2329,1751,1052,1068,982
Urb1,347,339,366,647,552,658
Urb2,291,351,312,624,587,649
Urgcp,1426,1593,1413,753,722,696
Urm1,796,873,765,618,646,510
Uroc1,0,0,0,0,0,0
Urod,694,825,879,539,535,460
Uros,413,421,449,457,489,512
Use1,916,1085,977,1105,1170,1006
Usf1,767,846,767,1846,1793,1587
Usf2,847,850,709,675,652,636
Ush1c,6,3,4,17,15,17
Ush1g,16,22,14,1,1,1
Ush2a,7,0,5,7,2,5
Ushbp1,98,156,103,82,81,81
Usmg5,833,733,697,360,438,394
Uso1,2138,2184,1831,1616,1432,1560
Usp-ps,0,0,0,0,0,0
Usp1,515,369,461,883,690,961
Usp10,1268,1340,1280,2512,2293,2262
Usp11,3069,3630,3545,2825,2884,2602
Usp12,1817,1821,1732,1448,1470,1409
Usp13,827,945,894,445,441,423
Usp14,2372,2072,1923,1234,1223,1565
Usp15,1450,1426,1448,1572,1533,1740
Usp16,823,812,781,1156,1105,1225
Usp17l5,0,0,0,0,0,0
Usp18,36,31,26,1,5,3
Usp19,2683,2751,3023,3605,3223,3173
Usp2,1771,1331,1793,105,106,118
Usp20,2036,2286,2075,1288,1361,1172
Usp21,699,819,685,1285,1228,1071
Usp22,5720,6109,5279,15692,14049,15699
Usp24,2260,2215,2170,2748,2458,2978
Usp25,889,779,740,400,283,419
Usp26,1,0,1,0,0,0
Usp27x,429,475,434,406,409,487
Usp28,611,638,727,813,754,837
Usp29,1424,1530,1128,1602,1471,1688
Usp3,611,468,617,1944,1663,1888
Usp30,897,1016,925,854,725,730
Usp31,453,367,363,191,148,174
Usp32,4483,4179,4210,2446,2141,2622
Usp33,3523,3178,3219,2893,2911,3225
Usp34,4015,3525,3230,4983,4065,5853
Usp35,73,86,58,61,40,37
Usp36,868,1058,917,1143,967,977
Usp37,358,307,289,535,487,576
Usp38,485,466,437,547,454,613
Usp39,557,565,553,805,741,776
Usp4,2160,2471,2441,4070,4022,3528
Usp40,360,373,470,917,773,895
Usp42,623,630,556,1554,1350,1547
Usp43,118,105,110,474,545,494
Usp44,0,1,0,3,1,5
Usp45,686,496,562,242,226,346
Usp46,2545,2536,2286,1066,970,1228
Usp47,2747,2625,2772,6459,6419,6394
Usp48,2693,2610,3059,4610,4289,4684
Usp49,212,234,193,899,826,919
Usp5,4337,4748,4356,3867,3589,3390
Usp50,324,418,366,315,309,305
Usp51,22,32,17,19,20,32
Usp53,560,402,476,208,147,196
Usp54,2242,1790,1945,962,863,948
Usp6nl,752,885,726,986,981,1055
Usp7,3741,3389,3797,4996,4759,5474
Usp8,1747,1870,1662,1164,1009,1059
Usp9x,7766,6774,6539,8972,6766,10373
Usp9y,0,0,0,0,1,0
Uspl1,785,849,746,1064,1062,1077
Ust,750,720,649,290,292,292
Utf1,1,1,1,0,0,0
Utp11l,375,388,371,619,557,557
Utp14a,277,299,267,629,711,625
Utp14b,264,336,240,241,164,192
Utp15,561,521,493,784,709,835
Utp18,394,443,351,599,645,687
Utp20,586,487,544,858,819,912
Utp23,175,174,162,260,236,291
Utp3,580,634,567,746,695,685
Utp6,1180,965,883,1447,1461,1469
Utrn,2162,2115,2031,544,468,510
Uts2,3,0,5,0,0,0
Uts2d,0,1,1,0,0,0
Uts2r,1,3,3,0,0,1
Uty,0,1,0,1,0,1
Uvrag,918,777,798,528,526,512
Uxs1,879,734,880,363,400,375
Uxt,32,26,40,38,38,30
V1ra8,0,0,0,0,0,0
V1rb10,0,0,0,0,0,0
V1rd1,0,0,0,0,0,0
V1rd18,0,0,0,0,0,0
V1rg10,0,0,0,0,0,0
V1rh1,0,0,0,0,0,0
V1rh10,0,0,0,0,0,0
V1rh11,0,0,0,0,0,0
V1rh12,0,0,0,0,0,0
V1rh13,0,0,0,0,0,0
V1rh14,0,0,0,0,0,0
V1rh15,0,0,0,0,0,0
V1rh16,0,0,0,0,0,0
V1rh17,0,0,0,0,0,0
V1rh18,0,0,0,0,0,0
V1rh19,0,0,0,0,0,0
V1rh2,0,0,0,0,0,0
V1rh20,0,1,0,0,0,0
V1rh21,0,0,0,0,0,0
V1rh3,1,0,0,0,0,1
V1rh4,0,0,0,0,0,0
V1rh5,0,0,0,0,0,0
V1rh6,0,0,0,0,0,0
V1rh7,1,1,2,0,0,0
V1rh8,1,0,0,0,0,0
V1rh9,0,0,0,0,0,0
V1ri1,0,0,0,0,0,0
V1ri10,0,0,0,0,0,0
V1ri2,0,0,0,0,0,0
V1ri3,0,0,0,0,0,0
V1ri4,0,0,0,0,0,0
V1ri5,0,0,0,0,0,0
V1ri6,0,0,0,0,0,0
V1ri7,0,0,0,0,0,0
V1ri8,0,0,0,0,0,0
V1ri9,0,0,0,0,0,0
Vac14,411,503,428,803,821,784
Vamp1,3605,3740,4082,236,212,209
Vamp2,21944,22335,21065,4817,5376,4773
Vamp3,516,591,528,658,587,633
Vamp4,1812,1673,1799,774,719,862
Vamp5,8,10,15,5,4,1
Vamp7,0,0,0,0,0,0
Vamp8,203,178,189,34,31,30
Vangl1,144,133,117,62,57,73
Vangl2,365,529,421,4220,3473,3065
Vapa,2604,2477,2170,1840,1891,1891
Vapb,4130,4401,4405,2576,2524,2600
Vars,805,1095,921,2912,2490,2334
Vars2,424,551,470,633,663,570
Vash1,563,840,485,2674,2443,2327
Vash2,113,95,84,2766,2827,2964
Vasn,273,271,268,198,179,199
Vasp,251,253,187,733,653,601
Vat1,1002,1396,940,2651,2489,2202
Vat1l,1950,2348,1708,1008,1168,1067
Vault,2,0,3,2,0,0
Vav1,92,90,124,17,14,12
Vav2,365,412,426,2328,2222,1927
Vav3,295,218,196,199,196,214
Vax1,12,13,17,79,39,56
Vax2,1,1,0,0,3,2
Vbp1,1173,1050,978,1429,1366,1637
Vcam1,606,586,539,383,287,346
Vcan,658,616,694,7995,5990,8594
Vcl,571,615,461,310,224,284
Vcp,4087,4881,5007,6872,6728,6625
Vcp-rs,5356,6414,6479,9151,8663,8333
Vcpip1,2216,1807,1795,1499,1101,1720
Vdac1,9206,9235,9292,5106,5242,4763
Vdac2,2699,2526,2460,1656,1664,1605
Vdac3,1472,1472,1407,1592,1782,1766
Vdr,9,10,10,2,0,0
Vegfa,1807,2006,2087,2179,2015,1753
Vegfb,1141,1196,859,607,617,551
Vegfc,60,67,56,50,47,83
Veph1,0,4,2,358,282,304
Vezf1,982,906,959,2571,1995,2375
Vezt,1692,1600,1478,2782,2647,3137
Vgf,7899,9320,6891,267,318,237
Vgll1,0,0,0,0,0,0
Vgll2,2,2,3,0,0,0
Vgll4,583,719,608,929,787,804
Vhl,882,948,887,1292,1242,1238
Vil1,12,20,17,7,6,6
Vill,152,152,146,17,19,19
Vim,797,723,694,5360,4058,4141
Vip,739,479,758,0,0,0
Vipar,919,863,956,1435,1382,1375
Vipr1,239,298,297,28,26,19
Vipr2,47,44,25,21,24,15
Vit,73,74,59,307,202,213
Vkorc1,149,159,159,153,180,143
Vkorc1l1,366,432,255,242,229,243
Vldlr,873,1048,1040,1297,996,1179
Vmac,189,186,202,277,298,271
Vmn1r10,0,0,0,0,0,0
Vmn1r11,0,1,0,0,0,0
Vmn1r13,0,0,0,0,0,0
Vmn1r132,0,0,0,0,0,0
Vmn1r14,0,0,0,0,0,0
Vmn1r148,0,0,0,0,0,0
Vmn1r15,0,0,0,0,0,0
Vmn1r16,0,0,0,0,0,0
Vmn1r17,0,0,0,0,0,0
Vmn1r171,0,0,0,0,0,0
Vmn1r172,0,0,0,0,0,0
Vmn1r174,0,0,0,0,0,0
Vmn1r177,0,0,0,1,0,0
Vmn1r178,0,0,0,0,0,0
Vmn1r179,0,0,0,0,0,0
Vmn1r18,0,0,0,0,0,0
Vmn1r180,0,0,0,0,0,0
Vmn1r181,0,0,0,0,0,0
Vmn1r183,0,0,0,0,0,0
Vmn1r185,0,0,0,0,0,0
Vmn1r19,0,0,0,0,0,0
Vmn1r21,0,0,1,1,0,1
Vmn1r22,0,0,0,0,0,0
Vmn1r225,0,0,0,0,0,0
Vmn1r226,0,0,0,0,0,0
Vmn1r228,0,0,0,0,0,0
Vmn1r229,0,0,0,0,0,0
Vmn1r23,0,0,0,0,0,0
Vmn1r230,0,0,0,0,0,0
Vmn1r231,0,0,0,0,0,0
Vmn1r232,0,0,0,0,0,0
Vmn1r233,0,0,0,0,0,0
Vmn1r234,0,0,0,0,0,0
Vmn1r235,0,0,0,0,0,0
Vmn1r236,0,0,0,0,0,0
Vmn1r237,0,0,0,0,0,0
Vmn1r24,0,0,0,0,0,0
Vmn1r25,0,0,0,0,0,0
Vmn1r26,0,0,0,0,0,0
Vmn1r27,0,0,0,0,0,0
Vmn1r28,0,0,0,0,0,0
Vmn1r29,0,0,0,0,0,0
Vmn1r30,0,0,0,0,0,0
Vmn1r32,2,1,1,1,2,2
Vmn1r33,0,0,0,0,0,0
Vmn1r35,0,1,0,0,0,0
Vmn1r36,0,0,0,0,0,0
Vmn1r37,0,0,0,0,0,0
Vmn1r38,0,0,0,0,0,0
Vmn1r4,1,0,0,0,0,0
Vmn1r40,0,0,0,0,0,0
Vmn1r41,0,0,0,0,0,0
Vmn1r42,0,0,0,0,0,0
Vmn1r43,0,0,0,0,0,0
Vmn1r44,0,0,0,0,0,0
Vmn1r45,0,0,0,0,0,1
Vmn1r46,0,0,0,0,0,0
Vmn1r47,0,0,0,0,0,0
Vmn1r48,0,0,0,0,0,0
Vmn1r49,0,0,0,0,0,0
Vmn1r50,0,0,0,0,0,0
Vmn1r51,0,0,0,0,0,0
Vmn1r52,0,0,0,0,0,0
Vmn1r53,0,0,0,0,0,0
Vmn1r54,0,0,0,0,0,0
Vmn1r56,0,0,0,0,0,0
Vmn1r58,0,0,0,0,0,1
Vmn1r59,0,0,0,0,0,0
Vmn1r6,0,0,1,0,0,0
Vmn1r62,0,0,0,0,0,0
Vmn1r64,0,0,0,0,0,0
Vmn1r65,0,1,0,0,0,0
Vmn1r66,0,0,0,0,0,0
Vmn1r67,0,0,0,0,0,0
Vmn1r69,0,0,0,0,0,0
Vmn1r7,0,0,0,0,0,0
Vmn1r70,0,0,0,0,0,0
Vmn1r71,0,0,0,0,0,0
Vmn1r72,0,0,0,0,0,0
Vmn1r73,0,0,0,0,0,0
Vmn1r74,0,0,0,0,0,0
Vmn1r75,0,0,0,0,0,0
Vmn1r76,0,0,0,0,0,0
Vmn1r78,0,0,0,0,0,0
Vmn1r8,0,0,0,0,0,0
Vmn1r80,0,0,0,0,0,0
Vmn1r81,0,0,0,0,0,0
Vmn1r82,0,0,0,0,0,0
Vmn1r83,0,0,0,0,0,0
Vmn1r84,0,0,0,0,0,0
Vmn1r85,0,0,0,0,0,0
Vmn1r87,0,0,0,0,0,0
Vmn1r89,0,0,0,0,0,0
Vmn1r90,6,23,13,47,56,63
Vmn1r93,0,0,0,0,0,0
Vmn2r-ps11,0,0,0,0,0,0
Vmn2r-ps110,0,0,0,0,0,0
Vmn2r-ps111,0,0,0,0,0,0
Vmn2r-ps112,22,26,32,34,27,32
Vmn2r-ps14,428,357,329,497,363,516
Vmn2r-ps2,0,0,0,0,0,0
Vmn2r-ps60,0,0,0,0,0,0
Vmn2r-ps94,0,0,0,0,0,0
Vmn2r1,6,3,17,18,19,25
Vmn2r104,0,0,0,0,0,0
Vmn2r111,0,0,0,0,0,0
Vmn2r112,0,0,0,0,0,0
Vmn2r121,0,0,0,0,0,0
Vmn2r25,0,0,1,0,0,0
Vmn2r26,0,0,0,0,0,0
Vmn2r28,0,0,0,0,0,1
Vmn2r29,23,24,18,9,9,17
Vmn2r30,0,0,2,0,1,2
Vmn2r32,1,0,0,0,0,0
Vmn2r37,1,0,2,2,1,2
Vmn2r42,1,0,0,0,0,0
Vmn2r43,3,0,4,0,2,3
Vmn2r49,1,0,0,0,0,0
Vmn2r57,26,15,24,6,6,13
Vmn2r60,0,0,0,0,0,0
Vmn2r65,0,0,0,0,0,0
Vmn2r66,0,0,0,0,0,0
Vmn2r7,1,0,0,0,0,3
Vmn2r81,0,0,0,0,0,0
Vmn2r84,38,39,41,8,11,10
Vmn2r88,1,1,1,0,0,0
Vmn2r89,0,0,0,0,0,0
Vmo1,0,0,1,1,0,0
Vnn1,5,5,4,4,1,5
Vnn3,0,0,0,0,0,0
Vopp1,2288,2696,2670,4260,4583,4404
Vprbp,1125,1287,1244,2939,2760,2893
Vpreb1,3,3,4,1,6,3
Vpreb2,0,0,0,0,1,0
Vpreb3,6,1,0,1,0,3
Vps11,1511,1441,1552,1257,1156,1167
Vps13a,1580,1405,1424,559,484,667
Vps13b,1396,1339,1493,830,611,846
Vps13c,1998,1777,1934,1204,917,1154
Vps13d,3444,3358,3273,2514,2162,2649
Vps16,973,1103,1087,1696,1701,1586
Vps18,1495,1652,1483,1009,884,897
Vps24,1681,1652,1679,1099,1262,1272
Vps25,472,509,396,354,327,341
Vps26a,1258,1106,979,779,830,895
Vps26b,2727,3004,2700,3493,3188,3235
Vps28,1316,1478,1650,1483,1485,1311
Vps29,1964,1706,1665,1147,1166,1226
Vps33a,2447,2321,2634,1835,1832,1794
Vps33b,287,335,321,854,852,851
Vps35,3319,3027,2856,2530,2342,3044
Vps36,623,681,613,1410,1332,1394
Vps37a,1815,1529,1568,1137,1058,1323
Vps37b,796,1180,764,1817,1460,1413
Vps37c,389,530,410,647,545,481
Vps37d,342,436,257,614,628,510
Vps39,1821,1943,2051,2407,2284,2364
Vps41,3905,3747,3645,2617,2917,2994
Vps45,773,706,708,635,757,732
Vps4a,1900,2100,2108,2319,2484,2169
Vps4b,1112,955,942,820,766,806
Vps52,1706,1796,1541,1435,1364,1283
Vps53,1614,1553,1465,1266,1297,1220
Vps54,903,677,810,870,862,1038
Vps72,432,462,453,1587,1495,1401
Vps8,1222,1274,1207,1391,1393,1379
Vrk1,277,250,272,894,741,758
Vrk2,22,18,26,37,25,38
Vrk3,438,418,405,358,349,334
Vsig1,0,0,1,0,0,0
Vsig10,46,54,42,32,25,29
Vsig10l,41,35,30,80,70,66
Vsig2,215,223,225,31,35,39
Vsig4,0,0,0,0,0,0
Vsig8,9,7,6,3,2,0
Vsnl1,11926,10410,10432,499,594,586
Vstm2a,2226,2078,1930,766,602,868
Vstm2b,668,717,545,346,468,448
Vstm2l,1523,2085,1381,522,490,507
Vsx1,11,4,2,0,0,0
Vsx2,4,9,3,1,1,0
Vta1,574,625,629,911,868,870
Vtcn1,2,1,3,0,0,0
Vti1a,1372,1312,1396,826,792,748
Vti1b,3591,4117,4183,1901,2298,1880
Vtn,1313,1339,1290,236,219,200
Vwa1,543,833,585,425,387,372
Vwa2,0,2,0,15,10,5
Vwa3a,145,170,148,28,27,30
Vwa3b,10,7,2,3,0,2
Vwa5a,266,286,249,94,66,81
Vwa5b1,205,293,181,41,9,16
Vwa5b2,1016,1187,1279,473,516,437
Vwc2,113,116,86,48,47,34
Vwc2l,300,300,188,125,161,140
Vwce,7,10,6,24,27,24
Vwde,0,0,0,3,0,2
Vwf,759,449,875,430,337,365
WI1-2389C6.2,52,5,32,137,139,206
Wac,1919,1878,1854,2238,2181,2557
Wap,0,0,1,0,0,0
Wapal,1576,1335,1472,1895,1475,1936
Wars,2012,2311,2247,2055,2038,1925
Wars2,167,152,169,234,210,196
Was,24,31,30,5,2,4
Wasf1,5363,5453,5726,3055,3207,2943
Wasf2,748,680,651,706,566,621
Wasf3,3033,3112,2818,1186,1193,1217
Wasl,3678,2881,2970,1197,985,1250
Wbp1,541,601,491,1760,1416,1420
Wbp11,2278,2250,2081,2081,1841,1808
Wbp2,6339,5866,6315,2274,2164,2023
Wbp2nl,0,0,1,2,3,1
Wbp4,1334,1254,1202,1006,890,976
Wbp5,953,948,871,1492,1303,1333
Wbp7,1451,1626,1559,3788,2959,3107
Wbscr16,285,283,244,335,407,310
Wbscr17,2246,2080,2041,1530,1622,1466
Wbscr22,454,482,442,523,486,460
Wbscr25,7,8,8,7,8,7
Wbscr27,152,158,156,103,87,85
Wbscr28,2,0,0,0,0,0
Wdfy1,1558,1556,1317,1995,1743,2118
Wdfy2,144,192,158,257,182,200
Wdfy3,4803,4921,4503,5556,3605,4890
Wdfy4,81,81,83,5,10,12
Wdhd1,144,143,162,503,402,429
Wdr1,2777,3314,3145,2392,2372,2568
Wdr12,340,412,383,326,338,337
Wdr13,5759,6238,6374,5896,6169,5961
Wdr16,32,67,39,14,7,6
Wdr17,707,679,711,446,464,558
Wdr18,961,1097,802,780,698,723
Wdr19,488,488,563,503,394,484
Wdr20a,380,422,398,632,455,545
Wdr20b,37,48,34,48,36,48
Wdr24,663,703,779,885,944,835
Wdr25,87,105,116,74,74,58
Wdr26,3554,3299,3340,4905,4040,4915
Wdr27,14,10,28,5,8,9
Wdr3,416,378,378,950,892,983
Wdr31,117,109,161,172,167,180
Wdr33,1162,1288,1126,1605,1436,1572
Wdr34,458,567,645,1026,946,837
Wdr35,1184,1148,1167,926,890,933
Wdr36,471,473,449,610,523,634
Wdr37,1547,1444,1491,1494,1199,1436
Wdr38,12,9,10,5,3,1
Wdr4,322,423,413,751,705,666
Wdr41,685,774,758,696,777,710
Wdr43,474,484,500,906,932,1097
Wdr44,458,358,368,339,290,443
Wdr45,742,827,953,503,473,429
Wdr45l,955,1024,1063,885,891,880
Wdr46,243,246,195,750,734,632
Wdr47,2988,3074,3058,4406,4038,4800
Wdr48,1367,1291,1320,1911,1764,1888
Wdr5,556,643,551,1389,1285,1302
Wdr51b,139,125,129,720,626,624
Wdr52,120,140,150,91,53,52
Wdr53,172,170,186,138,156,126
Wdr54,503,518,549,232,228,200
Wdr55,217,243,242,461,444,386
Wdr59,738,808,785,985,974,1020
Wdr5b,73,108,80,160,177,166
Wdr6,3440,4402,3135,6880,6463,6064
Wdr60,564,595,628,550,501,537
Wdr61,545,573,663,623,670,698
Wdr62,22,43,23,191,151,137
Wdr63,14,11,20,2,1,2
Wdr64,1,1,2,0,1,0
Wdr65,38,34,32,13,23,17
Wdr66,190,230,231,72,92,73
Wdr67,173,149,175,388,328,350
Wdr69,12,13,5,5,5,5
Wdr7,5319,5207,5165,2672,2160,2788
Wdr70,221,182,247,444,379,404
Wdr72,19,9,21,0,0,0
Wdr73,522,548,620,779,846,748
Wdr74,392,424,370,489,492,464
Wdr75,578,537,504,803,777,962
Wdr76,183,167,223,383,321,375
Wdr77,977,997,899,1479,1342,1481
Wdr78,258,253,254,190,182,198
Wdr8,439,474,485,685,628,585
Wdr81,788,847,781,918,785,776
Wdr82,3097,3113,3167,5110,4839,5317
Wdr83,463,519,533,818,736,652
Wdr85,385,390,455,528,485,579
Wdr86,101,67,93,32,34,37
Wdr89,1887,2171,1943,3916,3880,3164
Wdr90,361,423,500,865,697,697
Wdr91,554,742,604,600,489,475
Wdr92,183,180,157,161,181,149
Wdr93,4,12,14,1,0,3
Wdsub1,230,247,178,87,57,67
Wdtc1,1861,2212,1902,1765,1498,1478
Wdyhv1,262,259,245,122,118,173
Wee1,482,405,436,280,184,229
Wee2,0,0,1,3,2,3
Wfdc1,112,128,110,13,15,11
Wfdc10,0,1,1,0,0,0
Wfdc11,0,0,0,0,0,0
Wfdc12,0,0,0,0,0,0
Wfdc13,0,0,0,0,0,0
Wfdc15a,0,1,1,0,0,0
Wfdc15b,0,0,0,0,0,0
Wfdc16,0,0,0,0,0,0
Wfdc2,17,17,12,3,6,0
Wfdc3,13,15,16,0,1,1
Wfdc5,0,0,0,0,0,0
Wfdc6a,0,1,0,0,0,0
Wfdc6b,0,0,0,0,0,0
Wfdc8,0,0,0,0,0,0
Wfdc9,0,1,0,0,0,0
Wfikkn1,2,2,1,6,5,2
Wfikkn2,87,45,65,12,9,10
Wfs1,3725,3593,3833,222,225,207
Whamm,360,357,421,361,324,331
Whrn,1062,1337,1021,704,454,474
Whsc1,2427,2571,2326,8563,6792,8462
Whsc1l1,2515,2616,2562,3593,2983,3330
Whsc2,415,443,469,775,721,729
Wibg,415,477,426,628,736,665
Wif1,30,21,19,6,2,5
Wipf1,350,369,355,98,80,89
Wipf2,2656,2610,2523,1092,996,981
Wipf3,7166,3990,7861,691,703,618
Wipi1,515,620,501,216,194,174
Wipi2,2857,2952,3007,1868,1770,1694
Wisp1,61,83,50,16,5,20
Wisp2,6,8,7,1,3,3
Wiz,1056,1269,963,3244,2747,2724
Wls,869,797,713,249,205,244
Wnk2,4766,4413,4475,6918,5533,5870
Wnk3,1115,928,995,1914,1385,2159
Wnk4,43,54,60,56,44,29
Wnt1,19,29,26,1,1,2
Wnt10a,108,127,101,0,0,2
Wnt10b,18,16,20,0,0,0
Wnt11,8,5,10,6,1,4
Wnt16,52,29,23,4,1,7
Wnt2,92,76,90,3,6,4
Wnt2b,122,174,132,95,93,100
Wnt3,144,132,85,54,55,46
Wnt3a,0,0,0,0,1,0
Wnt4,267,313,242,44,40,32
Wnt5a,353,253,281,390,308,366
Wnt5b,63,54,42,54,69,65
Wnt6,29,22,20,0,0,1
Wnt7a,220,416,231,829,765,655
Wnt7b,856,878,688,3799,3351,3034
Wnt8a,1,0,0,0,0,1
Wnt8b,1,1,3,0,0,3
Wnt9a,518,460,496,24,25,18
Wnt9b,40,53,25,0,1,1
Wrap53,187,195,222,279,227,245
Wrb,908,1132,1105,1450,1463,1499
Wrn,220,180,156,215,180,229
Wrnip1,1073,1250,1137,1030,976,985
Wsb1,1722,1650,1721,7096,5879,7248
Wsb2,4140,4392,4456,3108,3219,2912
Wscd1,1579,2373,1684,1437,1430,1179
Wscd2,0,0,0,0,0,0
Wt1,2,0,3,3,0,0
Wtap,977,1022,935,2059,1934,2169
Wtip,94,118,99,294,292,285
Wwc1,2995,3612,3114,3202,3101,2787
Wwc2,1375,1474,1260,564,433,527
Wwox,531,530,538,202,231,241
Wwp1,1089,910,941,576,503,731
Wwp2,600,666,639,899,762,746
Wwtr1,461,448,406,812,433,621
X.165403154-166679264.1,2,0,0,0,0,1
X.36189677-37393805.1,0,0,0,0,0,0
X99384,267,328,281,544,523,474
Xab2,939,1069,1074,1593,1458,1379
Xaf1,45,34,51,3,8,3
Xbp1,1184,1324,1005,816,868,753
Xcl1,0,2,0,0,0,0
Xcr1,5,1,2,0,0,0
Xdh,403,69,414,2,1,2
Xiap,2420,2150,1922,1564,1150,1814
Xirp1,2,3,5,1,0,0
Xirp2,25,17,20,2,1,6
Xist,18272,15859,18404,47479,44127,52323
Xk,519,447,400,257,199,287
Xkr4,1091,1107,767,1129,822,1365
Xkr5,2,2,1,27,12,17
Xkr6,35,50,42,58,40,41
Xkr7,62,96,66,494,395,427
Xkr8,126,154,121,118,131,102
Xkr9,0,0,0,0,0,1
Xkrx,29,33,42,9,5,8
Xlr,9,9,6,1,1,3
Xlr3a,10,26,14,27,14,15
Xlr3b,10,37,23,65,31,25
Xlr3c,6,15,13,22,13,11
Xlr3d-ps,1,6,0,3,1,2
Xlr3e-ps,0,0,0,0,0,0
Xlr4a,2,1,4,13,9,1
Xlr4b,1,6,5,8,8,0
Xlr4c,1,4,4,10,10,1
Xlr4d,0,1,1,0,1,0
Xlr4e-ps,1,1,0,2,2,0
Xlr5a,0,1,0,0,0,0
Xlr5b,0,1,0,0,0,0
Xlr5c,0,1,1,0,0,0
Xlr5d-ps,0,0,0,0,0,0
Xlr5e-ps,0,0,0,0,0,0
Xpa,191,165,183,406,356,358
Xpc,492,501,484,723,646,618
Xpnpep1,928,905,907,1344,1219,1135
Xpnpep2,7,5,2,0,2,0
Xpnpep3,187,175,205,160,145,203
Xpo1,2171,1832,1706,4342,3828,4958
Xpo4,237,233,232,449,340,463
Xpo5,1252,1350,1255,2198,1826,2017
Xpo6,1921,1979,2074,2666,2490,2571
Xpo7,2254,2225,2231,2953,2673,3181
Xpot,1680,1625,1469,1258,1123,1331
Xpr1,3501,3086,2861,11133,9082,11625
Xrcc1,556,588,534,830,835,683
Xrcc2,108,103,108,211,180,177
Xrcc3,222,321,276,415,313,296
Xrcc4,138,123,120,129,106,142
Xrcc5,393,299,307,378,335,333
Xrcc6,325,360,334,684,649,673
Xrcc6bp1,47,58,39,49,39,30
Xrn1,473,404,406,777,563,821
Xrn2,967,922,995,2644,2582,2882
Xrra1,22,39,33,16,12,14
Xylb,158,167,165,128,100,115
Xylt1,569,603,521,292,227,265
Xylt2,736,887,732,445,382,383
Y_RNA,7,6,40,18,14,18
Yaf2,1666,1680,1420,604,575,675
Yap1,746,664,751,453,312,331
Yars,1980,1983,1993,2124,2124,1955
Yars2,330,338,297,229,228,255
Ybx1,2056,2597,2209,15683,15415,13454
Ybx2,91,79,89,265,288,228
Ydjc,210,236,195,327,358,326
Yeats2,754,806,855,2148,1675,1928
Yeats4,637,673,607,1364,1297,1258
Yes1,336,289,277,475,358,521
Yif1a,223,279,244,238,248,228
Yif1b,330,426,277,229,198,184
Yipf1,551,565,524,406,439,419
Yipf2,248,327,277,253,209,248
Yipf3,984,1087,1016,772,713,650
Yipf4,907,648,614,360,321,411
Yipf5,698,622,653,560,481,582
Yipf6,1246,1053,1020,791,817,972
Yipf7,1,0,0,1,0,1
Yjefn3,166,205,201,66,79,53
Ykt6,1672,2024,2047,3651,3858,3479
Ylpm1,3446,3587,3469,5492,4670,5242
Yme1l1,1798,1484,1480,1744,1649,1984
Yod1,274,242,236,242,160,278
Ypel1,518,682,460,1838,1780,1879
Ypel2,1750,1714,1746,413,282,360
Ypel3,2933,3275,2826,1230,1220,1026
Ypel4,1275,1179,1291,545,524,473
Ypel5,2124,1826,1885,1196,1235,1397
Yrdc,347,288,262,374,335,362
Ysk4,10,5,6,0,0,0
Ythdc1,1779,1901,1757,2797,2825,3113
Ythdc2,818,658,688,694,578,826
Ythdf1,1098,1197,1243,1321,1088,1178
Ythdf2,832,701,696,1660,1477,1876
Ythdf3,1622,1556,1448,2068,1327,2232
Ywhab,10458,10240,11103,7661,7926,7838
Ywhae,20240,20801,21037,29427,32501,28861
Ywhag,31376,35722,29807,25005,24654,25180
Ywhah,23669,24235,23534,5793,6331,6762
Ywhaq,5444,6040,4797,7080,6872,7355
Ywhaz,22475,21540,22388,15540,16397,15940
Yy1,1049,1147,818,1105,920,1117
Zadh2,598,686,651,306,254,261
Zan,16,14,15,12,10,10
Zap70,46,62,46,31,22,21
Zar1,1,7,5,4,4,4
Zar1l,7,5,5,0,0,1
Zbbx,9,18,6,5,2,3
Zbed3,238,242,212,453,385,414
Zbed4,306,338,327,1478,1164,1438
Zbp1,3,2,3,2,2,2
Zbtb1,505,470,493,468,359,445
Zbtb10,270,323,286,921,767,1056
Zbtb11,711,774,592,385,375,464
Zbtb12,119,137,117,2109,2052,1961
Zbtb16,1703,1055,1621,235,286,267
Zbtb17,852,1006,992,1665,1509,1359
Zbtb2,253,262,197,457,413,406
Zbtb20,4591,2973,3271,6326,4645,6192
Zbtb22,834,733,810,764,738,695
Zbtb24,286,293,260,367,312,345
Zbtb25,160,166,168,219,195,216
Zbtb26,198,181,144,340,244,363
Zbtb3,85,68,42,94,95,97
Zbtb32,29,40,52,15,15,10
Zbtb33,604,570,508,1214,941,1410
Zbtb34,579,522,525,1291,1287,1390
Zbtb37,146,152,142,423,289,401
Zbtb38,1722,1476,1557,1398,1409,1566
Zbtb39,334,329,314,920,714,793
Zbtb4,3381,3733,3094,618,525,605
Zbtb40,284,346,303,553,447,412
Zbtb41,690,644,551,1760,1255,1954
Zbtb42,4,6,9,3,6,5
Zbtb43,676,802,770,1045,930,942
Zbtb44,307,285,287,419,358,480
Zbtb45,498,544,453,589,504,546
Zbtb46,246,284,239,296,264,252
Zbtb48,221,248,220,365,366,341
Zbtb5,287,292,273,1376,1165,1257
Zbtb6,447,357,312,861,705,997
Zbtb7a,3956,3837,3035,551,454,469
Zbtb7b,687,595,582,47,46,50
Zbtb7c,144,141,146,164,168,149
Zbtb8a,88,115,112,252,247,226
Zbtb8b,112,114,100,144,177,150
Zbtb8os,156,165,180,153,143,137
Zbtb9,0,0,1,0,0,2
Zc3h10,345,404,364,476,443,358
Zc3h11a,1931,1835,2022,3141,2690,3160
Zc3h12a,25,12,20,6,6,8
Zc3h12b,708,530,611,190,142,239
Zc3h12c,238,239,230,437,279,407
Zc3h12d,4,2,0,2,2,4
Zc3h13,2861,3117,3055,3943,3726,3495
Zc3h14,1032,1038,1027,1449,1151,1420
Zc3h15,1736,1775,1808,1969,2014,1958
Zc3h18,1215,1279,1152,1761,1661,1442
Zc3h3,329,334,314,540,477,431
Zc3h4,1832,2190,2039,4366,3581,3650
Zc3h6,427,280,360,360,269,412
Zc3h7a,873,801,922,1441,1246,1447
Zc3h7b,6069,6921,6235,8734,7974,7410
Zc3h8,133,157,156,226,248,221
Zc3hav1,162,123,152,20,15,27
Zc3hav1l,140,162,149,874,705,881
Zc3hc1,374,314,340,634,667,605
Zc4h2,301,285,290,927,830,994
Zcchc10,124,124,120,101,95,103
Zcchc11,855,784,783,2495,2032,2602
Zcchc12,1369,1691,1181,1764,1656,1593
Zcchc13,1,1,2,3,3,2
Zcchc14,2243,2503,2079,6758,5604,6416
Zcchc16,56,50,49,14,11,15
Zcchc17,1120,1219,1193,786,815,716
Zcchc18,5545,5333,5136,3275,3626,3346
Zcchc2,738,811,807,396,418,428
Zcchc3,238,252,193,325,291,314
Zcchc4,219,197,213,428,397,420
Zcchc5,20,4,19,5,2,8
Zcchc6,1376,1451,1428,2012,1843,1954
Zcchc7,962,783,1120,1135,1172,1244
Zcchc8,606,605,613,1408,1410,1285
Zcchc9,249,263,186,393,303,334
Zcrb1,860,906,796,1032,1017,1055
Zcwpw1,89,129,122,121,117,101
Zcwpw2,13,9,15,8,7,14
Zdbf2,815,1089,740,1483,847,1462
Zdhhc1,636,634,610,417,421,387
Zdhhc11,0,0,0,0,0,0
Zdhhc12,104,115,90,102,107,100
Zdhhc13,339,294,294,566,500,659
Zdhhc14,768,866,720,208,208,191
Zdhhc15,256,240,194,146,120,160
Zdhhc16,358,493,455,798,708,655
Zdhhc17,2228,2133,2296,1889,1701,2066
Zdhhc18,771,923,784,789,768,720
Zdhhc19,0,0,2,2,2,3
Zdhhc2,1020,1117,1002,649,713,822
Zdhhc20,1200,1081,1090,1237,964,1386
Zdhhc21,1311,1266,1322,1335,1075,1458
Zdhhc22,471,543,365,54,47,40
Zdhhc23,919,836,804,367,474,458
Zdhhc24,434,448,448,355,341,331
Zdhhc25,0,0,0,0,0,0
Zdhhc3,1907,1872,1824,1566,1719,1672
Zdhhc4,389,412,412,527,457,514
Zdhhc5,1265,1259,1207,1023,915,860
Zdhhc6,347,386,373,384,381,381
Zdhhc7,755,922,847,612,566,558
Zdhhc8,2374,2649,2479,1314,1089,1151
Zdhhc9,1040,1361,880,1263,1378,1328
Zeb1,1892,2103,2031,1988,1531,1739
Zeb2,3723,3540,3340,10643,9068,11853
Zer1,4413,4601,4577,2355,2208,2240
Zfa,51,59,45,111,77,122
Zfand1,340,312,335,243,272,302
Zfand2a,1095,1199,1226,798,857,805
Zfand2b,267,307,320,294,315,240
Zfand3,1586,1936,1747,1941,1785,1685
Zfand5,3245,2416,2657,2283,1963,2689
Zfand6,795,678,705,901,906,1085
Zfat,134,161,178,191,193,229
Zfc3h1,1527,1165,1457,1826,1551,2033
Zfhx2,1774,2158,1737,3383,2873,2804
Zfhx3,686,710,492,1037,495,612
Zfhx4,566,457,407,1090,587,895
Zfml,2503,2300,2131,3853,3569,4632
Zfp1,400,309,334,452,412,473
Zfp101,145,155,161,306,275,323
Zfp105,83,90,72,285,204,204
Zfp106,8342,7811,8268,4829,4280,4573
Zfp108,156,141,148,120,125,127
Zfp109,204,160,165,120,112,128
Zfp11,182,156,189,293,198,275
Zfp110,312,293,336,584,503,586
Zfp111,110,143,106,141,113,151
Zfp112,247,234,261,213,200,195
Zfp113,161,196,181,770,649,693
Zfp114,80,87,81,147,125,142
Zfp119,81,42,64,97,96,122
Zfp12,712,713,736,1309,1186,1208
Zfp120,354,265,304,289,248,323
Zfp125,36,35,25,150,119,169
Zfp128,190,174,176,304,306,360
Zfp13,339,473,388,629,613,573
Zfp131,0,0,0,0,0,0
Zfp133,77,60,52,44,51,55
Zfp14,187,191,194,253,221,240
Zfp142,721,812,780,1007,845,889
Zfp143,205,187,240,566,512,505
Zfp146,713,760,702,2157,1900,2016
Zfp148,1905,1692,1654,2145,1619,2293
Zfp157,548,536,593,1692,1592,1904
Zfp160,328,273,293,645,521,773
Zfp161,701,617,654,1048,876,933
Zfp167,51,46,35,93,86,88
Zfp169,278,305,217,308,271,318
Zfp174,192,154,167,228,207,220
Zfp180,1433,1355,1601,1369,1229,1224
Zfp182,247,179,190,325,312,362
Zfp184,46,68,31,484,405,502
Zfp185,60,44,38,7,5,8
Zfp187,1300,1290,1427,845,849,1008
Zfp189,285,190,256,269,233,306
Zfp191,953,797,779,1047,882,1080
Zfp192,593,524,529,796,546,839
Zfp2,412,438,423,835,833,986
Zfp202,82,81,92,341,305,352
Zfp207,2328,2006,2241,5026,4359,5231
Zfp212,353,314,355,591,544,523
Zfp213,166,190,162,249,213,208
Zfp217,126,128,114,418,290,307
Zfp219,729,886,612,1452,1008,1053
Zfp229,43,40,36,225,160,256
Zfp235,327,321,323,386,360,393
Zfp236,488,569,529,681,551,704
Zfp238,7618,6840,7122,22156,19458,23715
Zfp239,884,833,791,343,302,362
Zfp248,243,252,227,321,275,392
Zfp251,1194,1217,1066,1415,1304,1311
Zfp259,706,719,793,990,1034,948
Zfp26,370,280,290,801,650,981
Zfp260,1412,1134,1159,1548,1334,1771
Zfp263,544,487,497,966,908,944
Zfp27,395,411,401,654,598,611
Zfp273,129,88,105,141,189,224
Zfp275,723,760,711,1037,725,954
Zfp276,503,620,489,744,621,647
Zfp277,244,233,193,247,236,251
Zfp28,170,183,213,684,646,704
Zfp280b,507,514,471,414,362,326
Zfp280c,426,421,432,861,563,957
Zfp280d,911,846,900,1472,1167,1543
Zfp281,1122,953,933,1233,777,1226
Zfp282,465,599,443,1719,1636,1497
Zfp286,330,248,327,593,523,585
Zfp287,429,499,464,814,689,786
Zfp292,1207,944,1082,3764,2946,4141
Zfp295,479,524,460,570,482,590
Zfp296,29,23,38,9,12,9
Zfp3,314,264,278,251,236,231
Zfp30,353,364,312,638,606,590
Zfp300,55,51,44,49,54,68
Zfp316,805,911,873,1976,1776,1632
Zfp317,534,555,534,1110,1036,1275
Zfp318,1385,1253,1423,2173,1950,2342
Zfp319,448,509,442,1268,1051,1136
Zfp322a,790,701,609,1009,929,1250
Zfp324,222,242,213,566,479,486
Zfp326,702,726,770,1562,1407,1558
Zfp329,792,802,791,1527,1255,1733
Zfp330,309,410,417,663,737,736
Zfp334,731,799,764,1746,1469,1550
Zfp335,563,640,651,966,804,855
Zfp341,252,241,278,502,518,443
Zfp345,1,3,0,0,1,4
Zfp346,727,738,808,818,684,740
Zfp35,363,434,364,509,487,597
Zfp352,0,0,0,0,0,0
Zfp353,0,0,0,0,0,1
Zfp354a,209,150,193,227,220,275
Zfp354b,108,90,106,106,112,129
Zfp354c,1095,990,959,2543,2236,2838
Zfp358,516,528,414,953,909,936
Zfp36,76,82,57,83,61,66
Zfp362,685,684,547,1882,1542,1605
Zfp365,12949,11842,11190,206,209,232
Zfp366,80,109,68,77,66,61
Zfp367,547,438,467,219,129,186
Zfp369,387,441,399,652,607,673
Zfp36l1,674,907,550,700,531,657
Zfp36l2,555,643,488,282,250,327
Zfp36l3,1,2,0,0,0,0
Zfp37,404,415,422,632,495,586
Zfp382,219,207,167,238,218,235
Zfp384,652,706,696,1352,1113,1321
Zfp385a,1678,1969,1452,769,761,651
Zfp385b,713,665,700,133,179,162
Zfp385c,19,7,11,0,3,1
Zfp386,314,273,278,546,507,622
Zfp389,8,10,4,1,5,4
Zfp39,227,191,220,425,368,362
Zfp395,151,155,112,146,116,104
Zfp397,920,846,760,1919,1492,2094
Zfp397os,41,55,50,141,107,156
Zfp398,297,307,270,480,410,506
Zfp40,497,375,342,776,683,950
Zfp407,473,488,464,754,579,720
Zfp408,218,298,295,745,725,644
Zfp41,132,158,136,1590,1421,1338
Zfp410,400,336,340,731,675,720
Zfp414,432,514,396,722,668,655
Zfp418,97,66,79,124,95,142
Zfp42,0,0,0,0,0,0
Zfp420,367,388,339,617,573,693
Zfp422,504,454,448,1783,1428,1590
Zfp422-rs1,246,185,192,373,279,455
Zfp423,639,666,504,896,713,686
Zfp426,496,502,416,956,919,1039
Zfp428,487,635,458,1205,1123,1012
Zfp429,37,32,36,25,33,43
Zfp438,105,124,111,87,104,108
Zfp442,112,79,63,141,104,172
Zfp444,522,635,557,912,820,732
Zfp445,2489,2244,2412,3991,3456,4461
Zfp446,187,190,200,260,241,298
Zfp449,107,95,74,182,133,197
Zfp451,1658,1493,1553,3818,3254,4283
Zfp454,92,91,81,254,211,229
Zfp455,54,36,45,47,45,76
Zfp456,37,40,35,28,35,38
Zfp457,13,10,5,5,6,9
Zfp458,119,87,88,115,124,155
Zfp459,86,50,56,26,35,32
Zfp46,1251,1308,1343,2608,2435,2499
Zfp462,1628,1814,1659,12031,9564,10272
Zfp467,426,593,421,636,556,571
Zfp472,64,47,70,141,105,145
Zfp473,13,15,6,41,35,50
Zfp474,5,21,9,0,1,1
Zfp488,89,130,82,16,17,15
Zfp498,257,273,252,301,293,268
Zfp503,161,194,147,235,134,169
Zfp507,547,460,573,1008,760,963
Zfp509,165,215,238,424,339,383
Zfp51,82,62,57,106,86,113
Zfp511,147,158,152,260,267,231
Zfp512,1117,1245,1181,3016,3070,2828
Zfp513,513,602,507,622,587,551
Zfp516,334,383,339,603,355,383
Zfp518,247,211,185,285,179,349
Zfp518b,488,453,349,2249,1980,2217
Zfp52,112,106,87,62,69,70
Zfp521,285,377,306,947,535,650
Zfp523,2124,2448,2241,1548,1390,1377
Zfp524,84,103,69,69,53,56
Zfp526,286,300,313,331,249,234
Zfp53,94,81,85,159,151,169
Zfp532,1361,1408,1190,3440,2825,3209
Zfp536,430,388,336,437,276,347
Zfp54,21,19,24,35,35,39
Zfp541,5,12,13,5,5,5
Zfp551,113,113,88,225,192,211
Zfp553,539,570,523,1099,1048,1016
Zfp560,157,139,149,370,345,449
Zfp563,337,377,362,840,860,977
Zfp566,79,66,88,260,239,249
Zfp568,106,118,120,305,194,246
Zfp57,170,185,174,5891,6127,5923
Zfp574,734,914,721,831,666,659
Zfp575,165,212,156,206,201,187
Zfp579,330,448,345,1087,1046,962
Zfp58,89,122,99,133,92,146
Zfp580,251,312,200,395,347,342
Zfp583,113,105,88,167,212,228
Zfp59,209,191,185,325,310,362
Zfp592,581,667,633,884,740,797
Zfp593,49,46,46,46,58,42
Zfp595,79,75,55,55,50,71
Zfp597,559,514,470,539,473,639
Zfp598,757,999,823,1304,1201,1197
Zfp599,104,81,98,252,257,284
Zfp60,918,785,890,2430,2131,2904
Zfp600,3,1,2,5,6,5
Zfp605,384,319,303,576,636,621
Zfp606,340,299,302,1019,827,1203
Zfp607,54,60,50,103,91,90
Zfp608,622,739,600,2842,2063,2307
Zfp609,1545,1688,1633,4511,3721,3910
Zfp61,370,319,344,657,675,570
Zfp612,699,704,664,405,317,415
Zfp616,0,0,2,0,0,0
Zfp617,708,513,584,519,499,578
Zfp618,179,233,178,1180,838,930
Zfp619,101,85,86,183,123,236
Zfp62,818,728,701,1165,910,1348
Zfp622,923,1103,1116,943,948,807
Zfp623,260,274,336,522,538,494
Zfp628,338,378,346,479,425,396
Zfp629,730,771,764,1451,1385,1382
Zfp637,464,473,493,884,930,787
Zfp639,467,522,515,708,739,815
Zfp64,360,397,295,462,388,403
Zfp640,0,0,0,0,0,0
Zfp641,263,315,374,323,368,382
Zfp644,1477,1407,1301,1943,1448,2256
Zfp646,770,812,844,1976,1589,1555
Zfp647,48,56,59,476,380,399
Zfp652,1741,1760,1726,3391,3002,3236
Zfp653,395,394,398,612,615,582
Zfp654,245,257,202,212,186,252
Zfp655,704,701,595,628,471,695
Zfp658,126,176,159,588,532,580
Zfp661,159,158,208,320,285,370
Zfp663,1,0,2,260,213,225
Zfp664,2428,2626,2619,3130,2594,2904
Zfp667,410,361,369,300,301,298
Zfp668,427,484,362,874,807,901
Zfp672,535,607,545,551,542,578
Zfp677,46,39,23,48,54,62
Zfp68,630,613,631,2039,1783,2248
Zfp687,738,785,738,971,749,689
Zfp688,91,85,69,62,77,88
Zfp689,112,91,87,130,143,176
Zfp69,45,37,37,101,103,91
Zfp691,105,120,112,115,118,97
Zfp692,44,59,54,72,97,70
Zfp697,536,507,448,831,838,842
Zfp7,174,164,144,361,303,345
Zfp704,1229,1451,1212,4154,3026,4202
Zfp706,616,609,486,506,466,551
Zfp707,201,199,194,267,263,228
Zfp708,74,78,69,147,137,189
Zfp709,141,112,108,176,177,205
Zfp71-rs1,207,199,209,395,362,472
Zfp710,572,671,517,815,734,735
Zfp711,328,275,282,1080,892,1381
Zfp712,0,0,0,0,0,0
Zfp715,560,550,509,619,515,738
Zfp719,257,334,283,316,302,379
Zfp72,79,53,39,61,39,77
Zfp735,0,0,0,0,0,0
Zfp738,400,358,321,498,388,559
Zfp74,328,297,284,635,593,679
Zfp740,1616,1514,1773,3687,3133,3027
Zfp746,611,642,592,984,936,973
Zfp747,145,121,100,184,191,169
Zfp748,267,220,207,344,269,446
Zfp750,11,9,4,2,7,6
Zfp758,249,163,161,111,86,122
Zfp759,143,128,125,137,116,176
Zfp760,172,189,176,569,474,659
Zfp763,384,305,383,709,541,740
Zfp764,77,72,82,121,91,89
Zfp768,249,276,232,548,509,485
Zfp770,606,520,433,526,429,681
Zfp771,624,895,712,482,472,367
Zfp772,271,249,315,253,269,264
Zfp773,54,32,48,329,379,338
Zfp775,176,209,229,535,456,412
Zfp777,729,808,798,869,823,712
Zfp78,52,86,60,85,91,112
Zfp780b,359,333,339,580,503,640
Zfp781,142,117,129,275,220,310
Zfp783,74,64,65,54,44,62
Zfp784,7,2,1,4,5,3
Zfp786,80,71,87,273,268,299
Zfp787,354,417,337,294,290,258
Zfp788,696,566,573,730,646,816
Zfp790,373,365,334,686,651,697
Zfp791,122,115,108,111,152,114
Zfp799,526,464,495,914,698,950
Zfp800,283,229,214,195,147,215
Zfp804a,515,557,455,519,430,601
Zfp808,32,30,22,53,33,43
Zfp809,246,227,263,145,162,128
Zfp81,666,442,566,1674,1550,2138
Zfp810,423,367,432,741,684,957
Zfp811,114,104,90,592,501,615
Zfp819,0,0,1,3,3,2
Zfp82,79,91,96,313,314,296
Zfp820,17,29,17,55,18,68
Zfp821,641,685,665,2132,2062,1828
Zfp825,93,63,91,96,67,98
Zfp826,496,435,586,274,282,313
Zfp827,1355,1431,1340,2015,1619,1785
Zfp828,852,842,869,1677,1659,1718
Zfp830,231,255,229,307,298,257
Zfp831,746,703,777,4,0,3
Zfp839,208,217,188,133,123,126
Zfp84,383,382,381,878,796,837
Zfp846,195,194,191,597,585,761
Zfp85-rs1,80,76,85,126,124,173
Zfp850,2,4,7,10,7,11
Zfp866,651,702,687,1859,1749,1928
Zfp867,227,193,232,379,338,385
Zfp868,308,300,304,511,364,526
Zfp869,592,597,600,786,693,803
Zfp87,247,239,216,374,389,425
Zfp870,267,240,241,329,297,319
Zfp871,671,576,532,1027,748,1155
Zfp872,2,2,1,2,1,1
Zfp873,80,62,56,177,166,188
Zfp874,337,267,253,175,158,233
Zfp879,53,47,61,74,67,85
Zfp882,117,145,127,432,318,504
Zfp9,567,496,478,534,520,631
Zfp90,225,275,228,1304,1281,1257
Zfp91,2524,1958,2059,1463,1296,1460
Zfp92,79,118,57,31,40,45
Zfp93,218,236,244,251,231,216
Zfp94,189,187,208,334,318,334
Zfp97,158,94,158,76,76,120
Zfpl1,420,444,442,580,587,484
Zfpm1,790,859,736,147,130,132
Zfpm2,405,332,320,742,471,712
Zfr,8093,8068,7868,3975,3398,4310
Zfr2,1302,1525,1533,977,933,967
Zfx,538,488,487,962,751,1039
Zfy1,0,0,0,0,0,0
Zfy2,0,0,0,0,0,0
Zfyve1,1032,1251,1189,1563,1524,1253
Zfyve16,421,461,425,797,634,933
Zfyve19,273,293,260,422,388,356
Zfyve20,1409,1388,1392,1535,1396,1499
Zfyve21,276,298,313,165,132,142
Zfyve26,502,500,565,684,528,663
Zfyve27,1774,1885,1998,2051,1971,1893
Zfyve28,1096,1150,1298,264,247,245
Zfyve9,2478,2332,2262,1439,1460,1633
Zg16,0,0,0,0,0,0
Zglp1,67,111,58,40,41,41
Zgpat,1142,1264,1450,2179,2082,1986
Zhx1,2052,1656,1590,1186,1074,1378
Zhx2,509,581,512,958,841,752
Zhx3,2159,1980,2325,1794,1682,1838
Zic1,1198,1184,804,1872,555,1174
Zic2,520,528,349,491,295,298
Zic3,135,119,93,354,152,258
Zic4,88,95,117,437,76,197
Zic5,147,130,99,183,71,86
Zik1,314,302,297,1247,901,1400
Zim1,69,93,57,172,175,177
Zkscan1,1793,1505,1517,3035,2601,3410
Zkscan14,194,210,198,171,180,129
Zkscan16,980,848,836,95,84,107
Zkscan17,278,305,284,770,670,645
Zkscan2,354,339,365,907,706,929
Zkscan3,788,930,890,1991,1684,1957
Zkscan4,89,95,109,199,184,218
Zkscan5,391,364,342,570,574,553
Zkscan6,255,247,248,416,400,358
Zmat1,336,320,305,170,175,238
Zmat2,3258,3539,3941,2076,2169,1782
Zmat3,2883,3141,2854,1112,901,1105
Zmat4,1230,1229,1014,69,48,70
Zmat5,183,182,164,193,181,160
Zmiz1,2487,2722,2624,7527,5553,6066
Zmiz2,5731,6878,6082,8591,7673,7379
Zmpste24,755,774,652,509,431,487
Zmym1,239,223,167,225,214,259
Zmym2,1879,1740,1707,3122,2441,3394
Zmym3,2419,2603,2756,3600,3414,3359
Zmym4,1397,1361,1363,3169,2789,3240
Zmym5,667,591,671,982,759,983
Zmym6,892,874,857,1118,1087,1270
Zmynd10,58,56,59,26,41,31
Zmynd11,5454,5121,5229,6730,6836,6538
Zmynd12,2,5,3,2,0,2
Zmynd15,11,9,13,65,75,74
Zmynd17,8,11,8,39,25,33
Zmynd19,455,510,506,967,1058,1099
Zmynd8,3794,3891,3805,4554,3984,4185
Znf512b,1519,1577,1951,4634,4434,4280
Znfx1,2033,2032,2184,1014,820,892
Znhit1,753,822,623,628,652,539
Znhit2,206,235,146,85,77,76
Znhit3,341,333,376,194,219,200
Znhit6,403,389,421,617,726,592
Znrd1,215,212,198,237,258,238
Znrf1,1897,2079,1854,3310,2910,2979
Znrf2,588,573,490,4378,3711,4644
Znrf3,435,388,395,272,221,273
Znrf4,0,0,0,1,0,0
Zp1,0,0,1,3,1,2
Zp2,1,1,2,0,2,0
Zp3,0,1,1,0,0,0
Zp3r,3,1,4,4,1,1
Zpbp,26,30,21,11,8,10
Zpbp2,1,1,0,0,0,2
Zpld1,4,2,4,0,0,1
Zranb1,1400,1211,1414,2321,2245,2461
Zranb2,3766,2917,3249,2576,2435,2864
Zranb3,238,224,227,225,208,249
Zrsr1,1648,1578,1558,381,415,333
Zrsr2,952,1017,979,899,861,887
Zscan10,1,5,4,1,0,0
Zscan12,147,119,107,308,264,272
Zscan2,173,207,148,694,658,623
Zscan20,162,176,170,325,256,282
Zscan21,318,376,317,1493,1191,1292
Zscan22,203,218,215,274,255,246
Zscan29,242,241,223,427,370,428
Zscan4c,0,0,0,0,0,0
Zscan4f,0,0,0,0,0,0
Zscan5b,0,0,1,0,0,0
Zswim1,479,562,450,361,353,344
Zswim2,0,0,0,0,0,0
Zswim3,157,184,175,190,168,173
Zswim4,355,455,335,1604,1171,1237
Zswim5,390,484,494,1730,1275,1378
Zswim6,593,662,712,1741,1276,1603
Zswim7,89,131,158,58,35,45
Zufsp,152,149,133,201,175,234
Zw10,346,351,372,578,601,589
Zwilch,59,60,53,159,160,156
Zwint,10732,11332,11129,3269,3388,3547
Zxda,486,473,338,287,174,266
Zxdb,734,653,523,402,279,428
Zxdc,566,593,495,760,608,784
Zyg11a,0,1,0,0,0,0
Zyg11b,5541,5230,4696,5951,5569,6952
Zyx,799,1001,826,570,440,459
Zzef1,1660,1676,1796,2363,2009,2407
Zzz3,1187,1312,1374,1824,1569,1892
a,1,2,0,0,0,0
l7Rn6,552,433,464,459,433,477
mmu-let-7a-1,0,0,0,1,0,0
mmu-let-7a-2,0,1,0,3,0,0
mmu-let-7b,12,16,5,30,22,20
mmu-let-7c-1,1,0,0,0,1,0
mmu-let-7c-2,6,3,4,12,2,6
mmu-let-7d,8,7,3,3,3,3
mmu-let-7e,6,1,1,5,6,2
mmu-let-7f-1,0,1,1,1,0,0
mmu-let-7f-2,0,0,0,0,0,0
mmu-let-7g,1,0,0,0,1,1
mmu-let-7i,0,3,2,2,3,2
mmu-mir-1-1,0,0,0,0,0,0
mmu-mir-1-2,0,0,0,3,0,3
mmu-mir-100,0,0,1,1,0,1
mmu-mir-101a,0,0,0,0,0,0
mmu-mir-101b,0,0,0,0,0,0
mmu-mir-103-1,0,0,0,0,0,0
mmu-mir-103-2,0,0,2,0,1,0
mmu-mir-105,0,0,0,0,0,0
mmu-mir-106a,0,0,0,0,0,0
mmu-mir-106b,1,1,1,2,1,1
mmu-mir-107,0,0,0,0,0,0
mmu-mir-10a,0,0,0,0,0,0
mmu-mir-10b,0,0,0,0,0,0
mmu-mir-1186,0,0,0,0,0,0
mmu-mir-1187,0,0,0,0,0,0
mmu-mir-1188,15,8,16,6,7,8
mmu-mir-1190,0,0,0,1,1,0
mmu-mir-1191,6,13,3,5,10,15
mmu-mir-1192,2,1,1,0,0,0
mmu-mir-1193,0,0,1,0,2,0
mmu-mir-1194,1,3,1,0,0,1
mmu-mir-1195,0,0,0,0,0,1
mmu-mir-1196,0,0,0,0,0,0
mmu-mir-1197,0,1,0,0,1,1
mmu-mir-1198,2,3,1,1,1,3
mmu-mir-1199,3,1,1,0,0,0
mmu-mir-122,0,0,0,0,0,0
mmu-mir-1224,0,0,0,0,0,0
mmu-mir-124-1,2,9,6,14,14,9
mmu-mir-124-2,14,3,7,10,13,29
mmu-mir-124-3,9,3,4,1,0,1
mmu-mir-125a,5,1,1,2,4,1
mmu-mir-125b-1,0,0,0,11,9,5
mmu-mir-125b-2,0,1,2,1,0,2
mmu-mir-126,0,0,0,0,0,0
mmu-mir-127,0,0,0,0,0,0
mmu-mir-1274a,0,0,0,0,0,0
mmu-mir-128-1,2,1,1,0,0,0
mmu-mir-128-2,0,0,0,1,0,0
mmu-mir-129-1,1,1,3,0,0,0
mmu-mir-129-2,0,1,0,0,0,0
mmu-mir-1306,0,0,0,0,0,0
mmu-mir-130a,0,0,0,0,0,0
mmu-mir-130b,0,0,0,0,0,0
mmu-mir-132,2,10,7,0,1,0
mmu-mir-133a-1,0,0,0,0,1,2
mmu-mir-133a-2,0,0,0,0,0,0
mmu-mir-133b,0,0,0,0,0,0
mmu-mir-134,4,4,5,3,1,0
mmu-mir-135a-1,0,0,0,0,0,0
mmu-mir-135a-2,0,0,0,0,0,0
mmu-mir-135b,0,0,0,1,1,0
mmu-mir-136,0,0,0,0,0,0
mmu-mir-137,0,4,0,2,0,5
mmu-mir-138-1,0,1,2,1,2,2
mmu-mir-138-2,3,9,11,3,3,4
mmu-mir-139,0,0,0,0,0,0
mmu-mir-140,1,0,3,1,1,1
mmu-mir-141,0,0,0,0,0,0
mmu-mir-142,1,1,0,0,0,0
mmu-mir-143,0,0,0,1,0,0
mmu-mir-144,0,0,0,0,0,0
mmu-mir-145,0,0,1,1,0,1
mmu-mir-146a,0,0,0,0,0,0
mmu-mir-146b,0,0,1,1,0,0
mmu-mir-147,0,0,0,0,0,0
mmu-mir-148a,0,0,0,0,0,0
mmu-mir-148b,0,0,0,1,0,0
mmu-mir-149,0,2,1,3,6,5
mmu-mir-150,0,0,0,0,0,0
mmu-mir-151,1,2,0,0,0,1
mmu-mir-152,0,0,0,0,0,0
mmu-mir-153,0,0,0,0,0,0
mmu-mir-154,2,2,2,2,1,1
mmu-mir-155,0,1,0,0,0,0
mmu-mir-15a,0,0,0,0,0,1
mmu-mir-15b,0,0,0,0,0,0
mmu-mir-16-1,0,0,0,4,1,1
mmu-mir-16-2,0,0,0,0,0,0
mmu-mir-17,0,0,0,0,0,0
mmu-mir-181a-1,0,0,0,0,1,0
mmu-mir-181a-2,0,0,0,0,0,0
mmu-mir-181b-1,0,0,0,5,4,4
mmu-mir-181b-2,0,0,1,1,1,1
mmu-mir-181c,1,0,0,2,4,3
mmu-mir-181d,0,0,2,0,2,1
mmu-mir-182,0,0,0,0,0,0
mmu-mir-183,0,0,0,0,0,0
mmu-mir-184,0,0,0,0,0,0
mmu-mir-185,1,0,1,1,1,1
mmu-mir-186,8,4,4,5,4,8
mmu-mir-187,0,0,0,0,0,0
mmu-mir-188,0,0,0,0,0,0
mmu-mir-1893,0,0,0,0,0,0
mmu-mir-1894,0,0,0,0,0,0
mmu-mir-1895,0,0,0,0,0,0
mmu-mir-1896,0,0,0,0,0,0
mmu-mir-1897,38,82,53,125,85,85
mmu-mir-1898,1,0,3,10,4,6
mmu-mir-1899,0,0,0,0,0,0
mmu-mir-18a,0,0,0,0,0,0
mmu-mir-18b,0,0,0,0,0,0
mmu-mir-190,0,0,0,1,0,0
mmu-mir-1900,41,65,41,0,3,2
mmu-mir-1901,0,0,0,0,0,0
mmu-mir-1902,0,0,0,0,0,0
mmu-mir-1903,3,1,6,14,9,9
mmu-mir-1904,0,0,0,0,0,0
mmu-mir-1905,0,0,0,0,0,0
mmu-mir-1906,316,253,363,210,210,229
mmu-mir-1907,1,0,0,0,0,0
mmu-mir-190b,0,0,0,0,0,0
mmu-mir-191,2,0,4,0,1,2
mmu-mir-192,0,0,0,0,1,0
mmu-mir-1927,0,0,2,0,1,1
mmu-mir-1928,0,0,0,0,0,0
mmu-mir-1929,0,0,1,0,3,0
mmu-mir-193,0,0,0,0,0,0
mmu-mir-1930,1,1,0,1,1,1
mmu-mir-1931,0,1,3,3,1,0
mmu-mir-1932,0,0,1,0,0,0
mmu-mir-1933,0,0,1,0,0,0
mmu-mir-1934,0,0,1,1,0,0
mmu-mir-1935,0,0,0,0,0,0
mmu-mir-1936,0,0,0,0,0,0
mmu-mir-1937a,0,0,0,0,0,0
mmu-mir-1937b,0,0,0,0,0,0
mmu-mir-1937c,0,0,0,0,0,0
mmu-mir-1938,0,0,0,0,0,0
mmu-mir-1939,0,0,0,0,0,0
mmu-mir-193b,0,0,0,0,0,0
mmu-mir-194-1,0,0,5,1,2,1
mmu-mir-194-2,0,0,0,0,0,0
mmu-mir-1941,0,0,0,0,0,0
mmu-mir-1942,0,2,1,0,0,0
mmu-mir-1943,2,2,5,5,7,1
mmu-mir-1945,0,1,1,1,1,0
mmu-mir-1946a,1,0,0,0,0,0
mmu-mir-1946b,1,1,0,0,0,0
mmu-mir-1947,3,0,4,2,1,0
mmu-mir-1948,0,0,0,0,0,1
mmu-mir-195,0,0,0,0,1,0
mmu-mir-1950,0,0,0,0,1,0
mmu-mir-1951,0,0,0,0,0,0
mmu-mir-1952,0,0,0,0,0,0
mmu-mir-1953,1,0,0,0,1,1
mmu-mir-1954,0,0,0,0,0,0
mmu-mir-1955,0,1,2,1,0,2
mmu-mir-1956,0,0,0,0,0,0
mmu-mir-1957,1,1,1,3,0,0
mmu-mir-1958,0,0,0,0,0,0
mmu-mir-1959,0,0,0,0,0,0
mmu-mir-1960,1,0,0,0,1,1
mmu-mir-1961,0,0,0,0,0,0
mmu-mir-1962,0,0,0,0,0,0
mmu-mir-1963,0,0,1,5,2,1
mmu-mir-1964,0,0,0,1,0,1
mmu-mir-1965,0,0,0,0,0,0
mmu-mir-1966,1,3,6,1,3,0
mmu-mir-1967,0,0,0,0,0,0
mmu-mir-1968,1,0,2,5,2,9
mmu-mir-1969,1,0,1,3,6,4
mmu-mir-196a-1,0,0,0,0,0,0
mmu-mir-196a-2,0,0,0,0,0,0
mmu-mir-196b,0,0,0,0,0,0
mmu-mir-1970,3,9,9,6,9,6
mmu-mir-1971,0,0,0,0,0,0
mmu-mir-1981,0,0,0,0,0,0
mmu-mir-1982,0,0,0,0,0,0
mmu-mir-1983,1,0,1,0,1,0
mmu-mir-199a-1,0,3,5,2,2,5
mmu-mir-199a-2,0,0,0,0,0,0
mmu-mir-199b,1,0,4,0,0,0
mmu-mir-19a,0,0,0,0,0,0
mmu-mir-19b-1,0,0,0,0,0,0
mmu-mir-19b-2,0,0,0,0,0,0
mmu-mir-200a,0,0,0,0,0,0
mmu-mir-200b,0,0,0,0,0,0
mmu-mir-200c,0,0,0,0,0,0
mmu-mir-201,0,0,0,0,0,0
mmu-mir-202,0,0,0,0,0,0
mmu-mir-203,0,0,0,0,0,0
mmu-mir-204,0,0,0,0,0,0
mmu-mir-205,0,0,0,0,0,0
mmu-mir-206,0,0,0,0,0,0
mmu-mir-207,1,0,2,0,0,0
mmu-mir-208a,0,2,3,0,1,0
mmu-mir-208b,0,3,4,0,0,0
mmu-mir-20a,0,0,0,0,0,0
mmu-mir-20b,0,0,0,0,0,0
mmu-mir-21,0,0,0,0,0,0
mmu-mir-210,0,0,1,0,1,0
mmu-mir-211,0,0,0,0,0,0
mmu-mir-212,17,17,14,3,2,2
mmu-mir-2132,0,1,0,0,0,0
mmu-mir-2133-1,5458,1592,854,525,225,208
mmu-mir-2133-2,18424,5998,4549,2078,1170,1076
mmu-mir-2134-1,2262,2572,2378,1393,779,607
mmu-mir-2134-2,49,37,40,23,16,6
mmu-mir-2134-3,0,0,0,0,0,1
mmu-mir-2134-4,9243,10295,9736,5617,3177,2358
mmu-mir-2135-1,7139,4286,4930,3717,2159,1376
mmu-mir-2135-2,13761,7823,8206,5641,3531,2378
mmu-mir-2135-3,13761,7823,8206,5641,3531,2378
mmu-mir-2135-4,8193,4394,4412,2807,1868,1297
mmu-mir-2135-5,6401,3803,4342,3171,1844,1240
mmu-mir-2136,0,0,0,0,0,0
mmu-mir-2137,0,0,0,0,0,0
mmu-mir-2138,398,242,334,224,130,113
mmu-mir-2139,0,0,0,0,0,0
mmu-mir-214,0,0,0,0,0,0
mmu-mir-2141,0,0,1,0,1,1
mmu-mir-2143-1,0,1,0,0,0,0
mmu-mir-2143-2,466,284,203,134,125,94
mmu-mir-2143-3,17,9,11,13,5,3
mmu-mir-2144,2017,1263,912,683,433,245
mmu-mir-2145-1,0,0,0,0,0,0
mmu-mir-2145-2,0,0,0,0,0,0
mmu-mir-215,2,0,3,0,1,2
mmu-mir-216a,0,0,0,0,0,0
mmu-mir-216b,0,0,0,0,0,0
mmu-mir-217,0,0,0,0,0,0
mmu-mir-218-1,2,0,0,1,0,1
mmu-mir-218-2,0,0,0,0,0,0
mmu-mir-219-1,0,0,0,0,0,0
mmu-mir-219-2,7,20,8,1,0,0
mmu-mir-22,0,0,0,0,0,0
mmu-mir-220,0,0,0,1,3,4
mmu-mir-221,1,1,1,0,1,0
mmu-mir-222,0,0,1,0,0,0
mmu-mir-223,0,0,0,0,0,0
mmu-mir-224,0,0,1,0,0,0
mmu-mir-23a,0,1,0,1,0,1
mmu-mir-23b,7,7,12,3,1,3
mmu-mir-24-1,6,7,6,1,3,2
mmu-mir-24-2,0,0,0,0,0,0
mmu-mir-25,0,0,0,0,0,0
mmu-mir-26a-1,3,3,1,1,2,3
mmu-mir-26a-2,0,0,0,0,0,0
mmu-mir-26b,1,0,1,1,0,2
mmu-mir-27a,1,0,1,2,1,1
mmu-mir-27b,5,7,9,4,7,1
mmu-mir-28,0,0,0,0,0,0
mmu-mir-290,0,0,0,0,0,0
mmu-mir-291a,0,0,0,0,0,0
mmu-mir-291b,0,0,0,0,0,0
mmu-mir-292,0,0,0,0,0,0
mmu-mir-293,0,0,0,0,0,0
mmu-mir-294,0,0,0,0,0,0
mmu-mir-295,0,0,0,0,0,0
mmu-mir-296,0,0,0,3,0,1
mmu-mir-297a-1,0,0,0,0,0,0
mmu-mir-297a-2,0,0,0,2,0,2
mmu-mir-297a-3,0,0,0,0,0,0
mmu-mir-297a-4,1,0,0,0,0,2
mmu-mir-297a-5,0,0,0,0,0,0
mmu-mir-297a-6,0,0,0,0,0,0
mmu-mir-297b,0,0,0,0,0,0
mmu-mir-297c,0,0,0,0,0,0
mmu-mir-298,0,0,0,1,0,0
mmu-mir-299,3,0,0,0,1,2
mmu-mir-29a,0,0,0,0,0,0
mmu-mir-29b-1,0,0,0,0,0,0
mmu-mir-29b-2,18,20,18,9,19,10
mmu-mir-29c,61,57,62,12,24,20
mmu-mir-300,0,0,0,0,0,0
mmu-mir-301a,0,0,0,0,2,1
mmu-mir-301b,0,0,0,0,0,0
mmu-mir-302a,0,0,0,0,0,0
mmu-mir-302b,0,0,0,0,0,0
mmu-mir-302c,1,0,0,0,1,0
mmu-mir-302d,0,0,0,0,0,0
mmu-mir-30a,0,0,0,0,0,0
mmu-mir-30b,1,0,0,1,0,2
mmu-mir-30c-1,0,0,1,0,0,0
mmu-mir-30c-2,0,0,2,0,0,0
mmu-mir-30d,0,1,0,0,0,3
mmu-mir-30e,0,0,0,0,0,0
mmu-mir-31,2,0,0,0,0,1
mmu-mir-32,0,0,0,0,0,0
mmu-mir-320,0,3,0,1,0,0
mmu-mir-322,0,0,0,0,0,0
mmu-mir-323,0,0,0,1,0,0
mmu-mir-324,0,0,0,0,0,0
mmu-mir-325,0,0,0,0,0,0
mmu-mir-326,0,0,0,0,0,0
mmu-mir-328,0,0,0,1,0,0
mmu-mir-329,0,0,0,0,0,0
mmu-mir-33,0,0,0,0,0,0
mmu-mir-330,0,0,1,0,0,0
mmu-mir-331,0,0,0,0,0,0
mmu-mir-335,3,0,0,1,0,0
mmu-mir-337,4,6,4,3,6,8
mmu-mir-338,0,1,2,0,0,1
mmu-mir-339,0,0,1,1,0,1
mmu-mir-340,1,0,0,0,0,0
mmu-mir-341,16,9,5,1,8,6
mmu-mir-342,0,0,1,0,1,1
mmu-mir-343,2,4,5,11,5,7
mmu-mir-344-1,0,0,1,1,1,0
mmu-mir-344-2,4,2,2,10,6,11
mmu-mir-345,0,2,2,4,5,8
mmu-mir-346,0,0,0,0,0,0
mmu-mir-34a,0,1,0,0,0,0
mmu-mir-34b,0,0,0,0,0,0
mmu-mir-34c,0,0,0,0,0,0
mmu-mir-350,0,0,0,0,0,0
mmu-mir-351,0,0,0,1,1,2
mmu-mir-361,0,0,0,0,0,0
mmu-mir-362,0,0,0,0,0,0
mmu-mir-363,0,0,0,0,0,0
mmu-mir-365-1,1,0,0,0,0,0
mmu-mir-365-2,0,0,0,0,0,0
mmu-mir-367,0,0,0,0,0,0
mmu-mir-369,1,1,1,0,1,0
mmu-mir-370,2,3,3,1,0,2
mmu-mir-374,22,16,15,2,7,5
mmu-mir-375,0,0,0,0,0,0
mmu-mir-376a,0,0,0,0,0,1
mmu-mir-376b,0,1,0,0,0,1
mmu-mir-377,6,4,1,1,3,5
mmu-mir-378,3,1,1,0,0,0
mmu-mir-379,0,0,0,3,0,0
mmu-mir-380,1,1,0,0,0,0
mmu-mir-381,1,0,0,0,0,1
mmu-mir-382,0,2,4,0,1,1
mmu-mir-383,0,0,0,0,0,0
mmu-mir-384,3,2,2,2,1,3
mmu-mir-409,2,5,1,0,0,0
mmu-mir-410,23,24,12,10,9,13
mmu-mir-411,0,0,1,0,0,1
mmu-mir-412,5,8,4,3,1,0
mmu-mir-421,16,17,17,1,6,11
mmu-mir-423,0,0,0,0,0,1
mmu-mir-425,8,9,20,8,5,10
mmu-mir-429,0,0,0,0,0,0
mmu-mir-431,0,0,0,0,0,0
mmu-mir-432,0,0,0,0,0,0
mmu-mir-433,0,0,0,0,0,0
mmu-mir-434,0,0,0,0,0,0
mmu-mir-448,0,0,0,0,0,0
mmu-mir-449a,0,0,0,0,0,0
mmu-mir-449b,0,0,0,0,0,0
mmu-mir-449c,0,0,0,0,0,0
mmu-mir-450a-1,0,0,0,0,0,0
mmu-mir-450a-2,0,0,0,0,0,0
mmu-mir-450b,0,0,0,0,0,0
mmu-mir-451,0,0,0,0,0,0
mmu-mir-452,0,1,0,0,0,0
mmu-mir-453,2,2,1,7,0,2
mmu-mir-455,0,0,1,0,0,0
mmu-mir-463,0,0,0,0,0,0
mmu-mir-465a,0,0,0,0,0,0
mmu-mir-465b-2,0,0,0,0,0,0
mmu-mir-465c-1,0,0,0,0,0,0
mmu-mir-466a,0,0,0,0,0,0
mmu-mir-466b-1,0,0,0,0,0,0
mmu-mir-466b-2,0,0,0,0,0,0
mmu-mir-466b-3,0,0,0,0,0,0
mmu-mir-466c,0,0,0,0,0,0
mmu-mir-466d,0,0,0,0,0,0
mmu-mir-466e,0,0,0,0,0,0
mmu-mir-466f-1,0,0,0,0,0,0
mmu-mir-466f-2,0,0,0,0,0,0
mmu-mir-466f-3,0,0,0,0,0,0
mmu-mir-466f-4,0,0,0,0,0,0
mmu-mir-466g,0,0,0,2,0,0
mmu-mir-466h,0,0,0,0,0,0
mmu-mir-466i,0,2,0,7,3,9
mmu-mir-466j,0,0,0,0,0,0
mmu-mir-466k,0,0,0,0,0,0
mmu-mir-466l,0,0,0,0,0,0
mmu-mir-467a,0,0,0,0,0,0
mmu-mir-467b,0,0,0,0,0,0
mmu-mir-467c,0,0,0,0,0,0
mmu-mir-467d,0,0,0,0,0,0
mmu-mir-467e,0,0,0,0,0,0
mmu-mir-467f,2,0,0,2,2,5
mmu-mir-467g,0,0,1,0,0,0
mmu-mir-467h,0,0,0,0,0,0
mmu-mir-469,0,0,0,1,0,0
mmu-mir-470,0,0,0,0,0,0
mmu-mir-471,0,0,0,0,0,0
mmu-mir-483,0,1,0,0,0,0
mmu-mir-484,0,0,0,0,0,0
mmu-mir-485,6,1,5,3,3,1
mmu-mir-486,0,1,2,3,4,6
mmu-mir-487b,1,0,0,0,0,0
mmu-mir-488,0,0,0,0,0,0
mmu-mir-489,0,0,0,0,0,0
mmu-mir-490,0,0,0,0,0,0
mmu-mir-491,3,1,2,0,0,4
mmu-mir-493,1,0,6,5,3,3
mmu-mir-494,2,0,0,0,1,1
mmu-mir-495,0,0,0,0,0,0
mmu-mir-496,0,5,0,0,1,1
mmu-mir-497,0,0,0,0,0,0
mmu-mir-499,0,0,0,0,0,0
mmu-mir-500,0,0,0,0,0,0
mmu-mir-501,0,0,0,0,0,0
mmu-mir-503,0,0,0,0,0,0
mmu-mir-504,1,0,0,0,0,0
mmu-mir-505,0,0,0,1,1,0
mmu-mir-511,0,0,0,0,0,0
mmu-mir-532,0,0,0,0,0,0
mmu-mir-539,2,0,0,0,0,0
mmu-mir-540,0,2,1,1,3,0
mmu-mir-541,2,3,0,3,1,4
mmu-mir-542,0,0,0,0,0,0
mmu-mir-543,0,1,0,0,0,0
mmu-mir-544,2,0,2,1,0,0
mmu-mir-546,0,0,0,0,0,0
mmu-mir-547,0,0,0,0,0,0
mmu-mir-551b,0,0,0,0,0,0
mmu-mir-568,0,0,0,0,0,0
mmu-mir-574,0,0,0,0,0,0
mmu-mir-582,0,0,0,0,0,0
mmu-mir-592,0,0,0,0,0,0
mmu-mir-598,0,0,0,0,0,0
mmu-mir-599,0,0,0,0,0,0
mmu-mir-615,0,0,0,0,0,0
mmu-mir-652,0,0,0,0,0,0
mmu-mir-653,0,0,0,0,0,0
mmu-mir-654,1,0,2,0,0,1
mmu-mir-665,4,0,3,1,2,4
mmu-mir-666,3,1,0,1,0,0
mmu-mir-667,0,0,0,0,0,0
mmu-mir-668,1,3,4,0,2,3
mmu-mir-669a-1,0,0,0,0,0,0
mmu-mir-669a-2,0,0,0,0,0,0
mmu-mir-669a-3,0,0,0,0,0,0
mmu-mir-669b,0,0,0,0,0,0
mmu-mir-669c,0,0,0,0,0,0
mmu-mir-669d,0,0,0,0,0,0
mmu-mir-669e,0,0,1,0,0,0
mmu-mir-669f,0,0,0,0,0,0
mmu-mir-669g,0,0,0,0,0,0
mmu-mir-669h,0,0,0,0,0,0
mmu-mir-669i,0,0,0,0,0,0
mmu-mir-669j,1,0,0,0,0,0
mmu-mir-669k,0,0,0,0,0,0
mmu-mir-669l,0,0,0,0,0,0
mmu-mir-669m-1,0,0,0,0,0,0
mmu-mir-669m-2,0,0,0,0,0,0
mmu-mir-669n,1,0,0,1,0,0
mmu-mir-669o,0,0,0,0,0,0
mmu-mir-670,1,0,1,0,0,1
mmu-mir-671,0,0,0,0,0,0
mmu-mir-672,0,1,0,0,0,0
mmu-mir-673,0,0,0,0,0,0
mmu-mir-674,0,0,0,0,0,0
mmu-mir-675,0,0,0,0,0,0
mmu-mir-676,0,0,0,0,0,0
mmu-mir-677,2,3,2,5,5,9
mmu-mir-678,0,0,0,0,0,0
mmu-mir-679,0,1,0,2,0,1
mmu-mir-680-1,0,0,0,0,0,0
mmu-mir-680-2,0,0,0,0,0,0
mmu-mir-680-3,0,0,0,0,0,0
mmu-mir-681,0,3,0,0,1,0
mmu-mir-682,0,0,0,0,0,0
mmu-mir-683-1,0,0,0,0,0,0
mmu-mir-683-2,0,0,0,0,0,0
mmu-mir-685,8,4,11,9,6,3
mmu-mir-686,0,0,0,0,0,0
mmu-mir-687,0,0,0,0,0,1
mmu-mir-688,0,2,1,0,1,1
mmu-mir-689-1,11,5,7,0,1,0
mmu-mir-689-2,2402,1743,775,428,267,159
mmu-mir-690,0,0,0,0,0,0
mmu-mir-692-1,1,0,0,1,2,1
mmu-mir-692-2,37,23,20,59,67,64
mmu-mir-693,0,0,0,1,0,0
mmu-mir-694,0,0,0,1,0,0
mmu-mir-695,0,1,1,2,0,0
mmu-mir-697,0,3,1,5,3,3
mmu-mir-698,0,0,0,0,0,0
mmu-mir-700,0,0,0,4,3,3
mmu-mir-701,0,0,0,1,0,2
mmu-mir-702,0,0,0,0,0,1
mmu-mir-703,0,0,0,0,0,0
mmu-mir-704,0,2,1,5,2,1
mmu-mir-705,0,0,0,0,0,0
mmu-mir-706,0,0,0,0,0,0
mmu-mir-707,0,0,0,0,0,0
mmu-mir-708,0,1,1,1,1,1
mmu-mir-709,1,2,1,2,4,5
mmu-mir-710,0,0,0,0,0,0
mmu-mir-711,0,0,0,0,0,0
mmu-mir-713,0,0,0,0,0,2
mmu-mir-715,288,424,447,262,220,370
mmu-mir-717,0,0,0,0,0,0
mmu-mir-718,0,0,0,0,0,0
mmu-mir-719,11,3,3,4,3,11
mmu-mir-720,0,0,0,0,0,0
mmu-mir-741,0,0,0,0,0,0
mmu-mir-742,0,0,0,0,0,0
mmu-mir-743a,0,0,0,0,0,0
mmu-mir-743b,0,0,0,0,0,0
mmu-mir-744,3,2,1,2,2,2
mmu-mir-758,0,1,0,0,0,1
mmu-mir-759,0,0,0,0,0,0
mmu-mir-760,4,2,2,3,1,0
mmu-mir-761,0,0,1,0,0,0
mmu-mir-762,0,0,0,0,0,0
mmu-mir-763,0,0,0,0,0,0
mmu-mir-764,1,0,0,0,0,0
mmu-mir-767,0,0,0,0,0,0
mmu-mir-770,0,0,0,0,0,0
mmu-mir-7a-1,8,3,4,13,7,14
mmu-mir-7a-2,0,0,0,0,0,1
mmu-mir-7b,2,0,1,3,0,0
mmu-mir-802,0,0,0,0,0,0
mmu-mir-804,0,0,0,0,0,0
mmu-mir-805,0,0,0,0,0,0
mmu-mir-871,0,0,0,0,0,0
mmu-mir-872,0,0,0,0,0,0
mmu-mir-873,0,0,0,0,0,0
mmu-mir-874,0,0,1,1,0,0
mmu-mir-875,0,0,0,0,0,0
mmu-mir-876,0,0,0,0,1,0
mmu-mir-877,0,0,0,0,0,0
mmu-mir-878,0,0,0,0,0,0
mmu-mir-879,0,0,0,0,0,0
mmu-mir-880,0,0,0,0,0,0
mmu-mir-881,0,0,0,0,0,0
mmu-mir-882,0,0,0,0,0,0
mmu-mir-883a,0,0,0,0,0,0
mmu-mir-883b,0,0,0,0,0,0
mmu-mir-9-1,8,2,7,30,26,22
mmu-mir-9-2,0,0,0,0,0,0
mmu-mir-9-3,1,0,1,1,0,2
mmu-mir-92a-1,0,0,0,0,0,0
mmu-mir-92a-2,0,0,0,0,0,0
mmu-mir-92b,0,0,0,1,2,0
mmu-mir-93,0,0,0,0,0,0
mmu-mir-96,0,0,0,0,0,0
mmu-mir-98,0,0,0,0,0,0
mmu-mir-99a,1,0,5,5,4,6
mmu-mir-99b,5,2,3,2,4,5
mt-Atp6,0,0,0,0,0,0
mt-Atp8,0,0,0,0,0,0
mt-Co1,0,0,0,0,0,0
mt-Co2,0,0,0,0,0,0
mt-Co3,0,0,0,0,0,0
mt-Cytb,0,0,0,0,0,0
mt-Nd1,0,0,0,0,0,0
mt-Nd2,0,0,0,0,0,0
mt-Nd3,0,0,0,0,0,0
mt-Nd4,0,0,0,0,0,0
mt-Nd4l,0,0,0,0,0,0
mt-Nd5,0,0,0,0,0,0
mt-Nd6,0,0,0,0,0,0
rp9,527,710,506,636,693,581
snR39B,0,0,0,0,0,0
snR78,8,6,6,40,16,12
snoCD11,0,0,0,0,0,0
snoMBII-202,0,0,0,0,0,0
snoMe18S-Um1356,0,0,0,0,0,0
snoMe28S-Cm3227,0,0,0,0,0,0
snoR38,0,1,0,4,2,1
snoR9_plant,0,0,0,0,0,1
snoU105B,3,2,1,5,8,8
snoU109,14,10,11,22,20,25
snoU13,4,6,5,7,4,4
snoU2-25,150,214,217,143,135,96
snoU2-30,3,8,10,33,31,35
snoU2_19,15,7,27,57,57,69
snoU54,0,0,0,0,0,0
snoU6-53,2,1,0,1,2,6
snoU6-77,5,4,3,12,10,15
snoU61,0,0,0,0,0,0
snoU83B,2,4,5,17,30,19
snoU85,2,4,1,1,6,7
snoU89,3,4,5,8,4,13
snoU90,290,239,228,167,246,230
snoU97,0,1,0,0,3,6
snoZ159,0,0,0,0,0,0
snoZ17,12,8,11,12,9,8
snoZ178,0,0,0,0,0,0
snoZ30,8,7,9,10,7,9
snoZ39,3,4,1,2,4,7
snoZ40,4,4,6,19,17,24
snosnR60_Z15,0,0,0,0,0,0
z,2298,2415,2666,5295,5403,4630
no_feature,6830072,5986438,6849722,7961964,7339204,8137965
ambiguous,383592,411756,382588,369599,351040,349872
